ISO-10303-21;
HEADER;
FILE_DESCRIPTION(('Open CASCADE Model'),'2;1');
FILE_NAME('Open CASCADE Shape Model','2026-10-02T20:15:33',('Author'),(
    'Open CASCADE'),'Open CASCADE STEP processor 7.9','Open CASCADE 7.9'
  ,'Unknown');
FILE_SCHEMA(('AUTOMOTIVE_DESIGN { 1 0 10303 214 1 1 1 1 }'));
ENDSEC;
DATA;
#1 = APPLICATION_PROTOCOL_DEFINITION('international standard',
  'automotive_design',2000,#2);
#2 = APPLICATION_CONTEXT(
  'core data for automotive mechanical design processes');
#3 = SHAPE_DEFINITION_REPRESENTATION(#4,#10);
#4 = PRODUCT_DEFINITION_SHAPE('','',#5);
#5 = PRODUCT_DEFINITION('design','',#6,#9);
#6 = PRODUCT_DEFINITION_FORMATION('','',#7);
#7 = PRODUCT('Open CASCADE STEP translator 7.9 1',
  'Open CASCADE STEP translator 7.9 1','',(#8));
#8 = PRODUCT_CONTEXT('',#2,'mechanical');
#9 = PRODUCT_DEFINITION_CONTEXT('part definition',#2,'design');
#10 = ADVANCED_BREP_SHAPE_REPRESENTATION('',(#11,#15),#18700);
#11 = AXIS2_PLACEMENT_3D('',#12,#13,#14);
#12 = CARTESIAN_POINT('',(0.,0.,0.));
#13 = DIRECTION('',(0.,0.,1.));
#14 = DIRECTION('',(1.,0.,-0.));
#15 = MANIFOLD_SOLID_BREP('',#16);
#16 = CLOSED_SHELL('',(#17,#841,#983,#1060,#1226,#1359,#1413,#1575,#1629
    ,#1683,#1737,#1791,#1845,#1899,#1953,#1985,#2059,#2106,#2153,#2178,
    #2247,#2294,#2341,#2366,#2435,#2482,#2529,#2554,#2623,#2670,#2717,
    #2742,#3379,#3488,#3592,#3648,#4350,#4409,#4463,#4762,#4816,#4868,
    #5429,#5537,#5585,#5659,#5738,#5788,#5950,#6004,#6081,#6155,#6229,
    #6306,#6383,#6457,#6531,#6603,#7161,#7335,#7433,#7480,#7527,#7594,
    #7660,#7685,#7713,#7767,#7821,#7875,#7929,#8172,#8244,#8313,#8360,
    #8407,#8432,#8501,#8548,#8595,#8620,#8627,#8677,#8683,#8689,#8715,
    #8741,#8768,#8793,#8848,#8944,#8975,#9028,#9054,#9151,#9198,#9229,
    #9258,#9285,#9335,#9385,#9440,#9514,#9605,#9630,#9706,#9755,#9804,
    #9831,#9907,#9956,#10005,#10032,#10039,#10137,#10184,#10231,#10298,
    #10373,#10402,#10456,#10483,#10552,#10599,#10646,#10671,#10740,
    #10787,#10834,#10859,#10886,#10911,#11002,#11009,#11056,#11132,
    #11181,#11230,#11257,#11309,#11334,#11341,#11366,#11391,#11416,
    #11423,#11448,#11455,#11480,#11505,#11512,#11566,#11616,#11749,
    #11796,#12745,#12794,#12890,#12897,#12924,#13507,#13574,#13621,
    #13688,#13735,#14166,#14422,#14472,#14851,#14901,#14948,#14955,
    #14982,#15007,#15014,#15021,#15345,#15392,#15399,#15424,#15449,
    #15476,#15483,#15532,#15581,#15608,#15657,#15706,#15733,#15782,
    #15831,#15858,#15907,#15956,#16580,#16629,#16678,#16705,#16754,
    #16803,#16830,#16879,#16906,#16955,#17004,#17031,#17058,#17083,
    #17090,#17115,#17122,#17147,#17172,#17179,#17204,#17261,#17289,
    #17297,#17304,#17311,#17318,#17365,#17392,#17419,#17426,#17473,
    #17500,#17527,#17534,#17581,#17608,#17635,#17642,#17689,#17716,
    #17743,#17750,#17777,#17804,#17811,#17887,#17936,#17985,#18012,
    #18088,#18137,#18186,#18213,#18289,#18338,#18387,#18414,#18490,
    #18539,#18588,#18615,#18622,#18651,#18658,#18665,#18672,#18679,
    #18686,#18693));
#17 = ADVANCED_FACE('',(#18,#417,#523,#629,#735),#32,.F.);
#18 = FACE_BOUND('',#19,.F.);
#19 = EDGE_LOOP('',(#20,#55,#83,#111,#139,#167,#195,#223,#251,#279,#307,
    #335,#363,#391));
#20 = ORIENTED_EDGE('',*,*,#21,.T.);
#21 = EDGE_CURVE('',#22,#24,#26,.T.);
#22 = VERTEX_POINT('',#23);
#23 = CARTESIAN_POINT('',(50.1,-153.,-6.8));
#24 = VERTEX_POINT('',#25);
#25 = CARTESIAN_POINT('',(50.1,-153.,1.6));
#26 = SURFACE_CURVE('',#27,(#31,#43),.PCURVE_S1.);
#27 = LINE('',#28,#29);
#28 = CARTESIAN_POINT('',(50.1,-153.,-7.6));
#29 = VECTOR('',#30,1.);
#30 = DIRECTION('',(0.,0.,1.));
#31 = PCURVE('',#32,#37);
#32 = PLANE('',#33);
#33 = AXIS2_PLACEMENT_3D('',#34,#35,#36);
#34 = CARTESIAN_POINT('',(47.,-153.,-7.6));
#35 = DIRECTION('',(0.,1.,0.));
#36 = DIRECTION('',(1.,0.,0.));
#37 = DEFINITIONAL_REPRESENTATION('',(#38),#42);
#38 = LINE('',#39,#40);
#39 = CARTESIAN_POINT('',(3.1,0.));
#40 = VECTOR('',#41,1.);
#41 = DIRECTION('',(0.,-1.));
#42 = ( GEOMETRIC_REPRESENTATION_CONTEXT(2) 
PARAMETRIC_REPRESENTATION_CONTEXT() REPRESENTATION_CONTEXT('2D SPACE',''
  ) );
#43 = PCURVE('',#44,#49);
#44 = CYLINDRICAL_SURFACE('',#45,3.1);
#45 = AXIS2_PLACEMENT_3D('',#46,#47,#48);
#46 = CARTESIAN_POINT('',(50.1,-149.9,-7.6));
#47 = DIRECTION('',(0.,0.,1.));
#48 = DIRECTION('',(0.,-1.,0.));
#49 = DEFINITIONAL_REPRESENTATION('',(#50),#54);
#50 = LINE('',#51,#52);
#51 = CARTESIAN_POINT('',(-0.,0.));
#52 = VECTOR('',#53,1.);
#53 = DIRECTION('',(-0.,1.));
#54 = ( GEOMETRIC_REPRESENTATION_CONTEXT(2) 
PARAMETRIC_REPRESENTATION_CONTEXT() REPRESENTATION_CONTEXT('2D SPACE',''
  ) );
#55 = ORIENTED_EDGE('',*,*,#56,.T.);
#56 = EDGE_CURVE('',#24,#57,#59,.T.);
#57 = VERTEX_POINT('',#58);
#58 = CARTESIAN_POINT('',(57.,-153.,1.6));
#59 = SURFACE_CURVE('',#60,(#64,#71),.PCURVE_S1.);
#60 = LINE('',#61,#62);
#61 = CARTESIAN_POINT('',(47.,-153.,1.6));
#62 = VECTOR('',#63,1.);
#63 = DIRECTION('',(1.,0.,0.));
#64 = PCURVE('',#32,#65);
#65 = DEFINITIONAL_REPRESENTATION('',(#66),#70);
#66 = LINE('',#67,#68);
#67 = CARTESIAN_POINT('',(0.,-9.2));
#68 = VECTOR('',#69,1.);
#69 = DIRECTION('',(1.,0.));
#70 = ( GEOMETRIC_REPRESENTATION_CONTEXT(2) 
PARAMETRIC_REPRESENTATION_CONTEXT() REPRESENTATION_CONTEXT('2D SPACE',''
  ) );
#71 = PCURVE('',#72,#77);
#72 = PLANE('',#73);
#73 = AXIS2_PLACEMENT_3D('',#74,#75,#76);
#74 = CARTESIAN_POINT('',(100.,-100.,1.6));
#75 = DIRECTION('',(0.,0.,1.));
#76 = DIRECTION('',(1.,0.,-0.));
#77 = DEFINITIONAL_REPRESENTATION('',(#78),#82);
#78 = LINE('',#79,#80);
#79 = CARTESIAN_POINT('',(-53.,-53.));
#80 = VECTOR('',#81,1.);
#81 = DIRECTION('',(1.,0.));
#82 = ( GEOMETRIC_REPRESENTATION_CONTEXT(2) 
PARAMETRIC_REPRESENTATION_CONTEXT() REPRESENTATION_CONTEXT('2D SPACE',''
  ) );
#83 = ORIENTED_EDGE('',*,*,#84,.T.);
#84 = EDGE_CURVE('',#57,#85,#87,.T.);
#85 = VERTEX_POINT('',#86);
#86 = CARTESIAN_POINT('',(68.7,-153.,1.6));
#87 = SURFACE_CURVE('',#88,(#92,#99),.PCURVE_S1.);
#88 = LINE('',#89,#90);
#89 = CARTESIAN_POINT('',(47.,-153.,1.6));
#90 = VECTOR('',#91,1.);
#91 = DIRECTION('',(1.,0.,0.));
#92 = PCURVE('',#32,#93);
#93 = DEFINITIONAL_REPRESENTATION('',(#94),#98);
#94 = LINE('',#95,#96);
#95 = CARTESIAN_POINT('',(0.,-9.2));
#96 = VECTOR('',#97,1.);
#97 = DIRECTION('',(1.,0.));
#98 = ( GEOMETRIC_REPRESENTATION_CONTEXT(2) 
PARAMETRIC_REPRESENTATION_CONTEXT() REPRESENTATION_CONTEXT('2D SPACE',''
  ) );
#99 = PCURVE('',#100,#105);
#100 = PLANE('',#101);
#101 = AXIS2_PLACEMENT_3D('',#102,#103,#104);
#102 = CARTESIAN_POINT('',(100.,-100.,1.6));
#103 = DIRECTION('',(0.,0.,1.));
#104 = DIRECTION('',(1.,0.,-0.));
#105 = DEFINITIONAL_REPRESENTATION('',(#106),#110);
#106 = LINE('',#107,#108);
#107 = CARTESIAN_POINT('',(-53.,-53.));
#108 = VECTOR('',#109,1.);
#109 = DIRECTION('',(1.,0.));
#110 = ( GEOMETRIC_REPRESENTATION_CONTEXT(2) 
PARAMETRIC_REPRESENTATION_CONTEXT() REPRESENTATION_CONTEXT('2D SPACE',''
  ) );
#111 = ORIENTED_EDGE('',*,*,#112,.T.);
#112 = EDGE_CURVE('',#85,#113,#115,.T.);
#113 = VERTEX_POINT('',#114);
#114 = CARTESIAN_POINT('',(74.,-153.,1.6));
#115 = SURFACE_CURVE('',#116,(#120,#127),.PCURVE_S1.);
#116 = LINE('',#117,#118);
#117 = CARTESIAN_POINT('',(47.,-153.,1.6));
#118 = VECTOR('',#119,1.);
#119 = DIRECTION('',(1.,0.,0.));
#120 = PCURVE('',#32,#121);
#121 = DEFINITIONAL_REPRESENTATION('',(#122),#126);
#122 = LINE('',#123,#124);
#123 = CARTESIAN_POINT('',(0.,-9.2));
#124 = VECTOR('',#125,1.);
#125 = DIRECTION('',(1.,0.));
#126 = ( GEOMETRIC_REPRESENTATION_CONTEXT(2) 
PARAMETRIC_REPRESENTATION_CONTEXT() REPRESENTATION_CONTEXT('2D SPACE',''
  ) );
#127 = PCURVE('',#128,#133);
#128 = PLANE('',#129);
#129 = AXIS2_PLACEMENT_3D('',#130,#131,#132);
#130 = CARTESIAN_POINT('',(100.,-100.,1.6));
#131 = DIRECTION('',(0.,0.,1.));
#132 = DIRECTION('',(1.,0.,-0.));
#133 = DEFINITIONAL_REPRESENTATION('',(#134),#138);
#134 = LINE('',#135,#136);
#135 = CARTESIAN_POINT('',(-53.,-53.));
#136 = VECTOR('',#137,1.);
#137 = DIRECTION('',(1.,0.));
#138 = ( GEOMETRIC_REPRESENTATION_CONTEXT(2) 
PARAMETRIC_REPRESENTATION_CONTEXT() REPRESENTATION_CONTEXT('2D SPACE',''
  ) );
#139 = ORIENTED_EDGE('',*,*,#140,.T.);
#140 = EDGE_CURVE('',#113,#141,#143,.T.);
#141 = VERTEX_POINT('',#142);
#142 = CARTESIAN_POINT('',(85.7,-153.,1.6));
#143 = SURFACE_CURVE('',#144,(#148,#155),.PCURVE_S1.);
#144 = LINE('',#145,#146);
#145 = CARTESIAN_POINT('',(47.,-153.,1.6));
#146 = VECTOR('',#147,1.);
#147 = DIRECTION('',(1.,0.,0.));
#148 = PCURVE('',#32,#149);
#149 = DEFINITIONAL_REPRESENTATION('',(#150),#154);
#150 = LINE('',#151,#152);
#151 = CARTESIAN_POINT('',(0.,-9.2));
#152 = VECTOR('',#153,1.);
#153 = DIRECTION('',(1.,0.));
#154 = ( GEOMETRIC_REPRESENTATION_CONTEXT(2) 
PARAMETRIC_REPRESENTATION_CONTEXT() REPRESENTATION_CONTEXT('2D SPACE',''
  ) );
#155 = PCURVE('',#156,#161);
#156 = PLANE('',#157);
#157 = AXIS2_PLACEMENT_3D('',#158,#159,#160);
#158 = CARTESIAN_POINT('',(100.,-100.,1.6));
#159 = DIRECTION('',(0.,0.,1.));
#160 = DIRECTION('',(1.,0.,-0.));
#161 = DEFINITIONAL_REPRESENTATION('',(#162),#166);
#162 = LINE('',#163,#164);
#163 = CARTESIAN_POINT('',(-53.,-53.));
#164 = VECTOR('',#165,1.);
#165 = DIRECTION('',(1.,0.));
#166 = ( GEOMETRIC_REPRESENTATION_CONTEXT(2) 
PARAMETRIC_REPRESENTATION_CONTEXT() REPRESENTATION_CONTEXT('2D SPACE',''
  ) );
#167 = ORIENTED_EDGE('',*,*,#168,.T.);
#168 = EDGE_CURVE('',#141,#169,#171,.T.);
#169 = VERTEX_POINT('',#170);
#170 = CARTESIAN_POINT('',(91.,-153.,1.6));
#171 = SURFACE_CURVE('',#172,(#176,#183),.PCURVE_S1.);
#172 = LINE('',#173,#174);
#173 = CARTESIAN_POINT('',(47.,-153.,1.6));
#174 = VECTOR('',#175,1.);
#175 = DIRECTION('',(1.,0.,0.));
#176 = PCURVE('',#32,#177);
#177 = DEFINITIONAL_REPRESENTATION('',(#178),#182);
#178 = LINE('',#179,#180);
#179 = CARTESIAN_POINT('',(0.,-9.2));
#180 = VECTOR('',#181,1.);
#181 = DIRECTION('',(1.,0.));
#182 = ( GEOMETRIC_REPRESENTATION_CONTEXT(2) 
PARAMETRIC_REPRESENTATION_CONTEXT() REPRESENTATION_CONTEXT('2D SPACE',''
  ) );
#183 = PCURVE('',#184,#189);
#184 = PLANE('',#185);
#185 = AXIS2_PLACEMENT_3D('',#186,#187,#188);
#186 = CARTESIAN_POINT('',(100.,-100.,1.6));
#187 = DIRECTION('',(0.,0.,1.));
#188 = DIRECTION('',(1.,0.,-0.));
#189 = DEFINITIONAL_REPRESENTATION('',(#190),#194);
#190 = LINE('',#191,#192);
#191 = CARTESIAN_POINT('',(-53.,-53.));
#192 = VECTOR('',#193,1.);
#193 = DIRECTION('',(1.,0.));
#194 = ( GEOMETRIC_REPRESENTATION_CONTEXT(2) 
PARAMETRIC_REPRESENTATION_CONTEXT() REPRESENTATION_CONTEXT('2D SPACE',''
  ) );
#195 = ORIENTED_EDGE('',*,*,#196,.T.);
#196 = EDGE_CURVE('',#169,#197,#199,.T.);
#197 = VERTEX_POINT('',#198);
#198 = CARTESIAN_POINT('',(102.7,-153.,1.6));
#199 = SURFACE_CURVE('',#200,(#204,#211),.PCURVE_S1.);
#200 = LINE('',#201,#202);
#201 = CARTESIAN_POINT('',(47.,-153.,1.6));
#202 = VECTOR('',#203,1.);
#203 = DIRECTION('',(1.,0.,0.));
#204 = PCURVE('',#32,#205);
#205 = DEFINITIONAL_REPRESENTATION('',(#206),#210);
#206 = LINE('',#207,#208);
#207 = CARTESIAN_POINT('',(0.,-9.2));
#208 = VECTOR('',#209,1.);
#209 = DIRECTION('',(1.,0.));
#210 = ( GEOMETRIC_REPRESENTATION_CONTEXT(2) 
PARAMETRIC_REPRESENTATION_CONTEXT() REPRESENTATION_CONTEXT('2D SPACE',''
  ) );
#211 = PCURVE('',#212,#217);
#212 = PLANE('',#213);
#213 = AXIS2_PLACEMENT_3D('',#214,#215,#216);
#214 = CARTESIAN_POINT('',(100.,-100.,1.6));
#215 = DIRECTION('',(0.,0.,1.));
#216 = DIRECTION('',(1.,0.,-0.));
#217 = DEFINITIONAL_REPRESENTATION('',(#218),#222);
#218 = LINE('',#219,#220);
#219 = CARTESIAN_POINT('',(-53.,-53.));
#220 = VECTOR('',#221,1.);
#221 = DIRECTION('',(1.,0.));
#222 = ( GEOMETRIC_REPRESENTATION_CONTEXT(2) 
PARAMETRIC_REPRESENTATION_CONTEXT() REPRESENTATION_CONTEXT('2D SPACE',''
  ) );
#223 = ORIENTED_EDGE('',*,*,#224,.T.);
#224 = EDGE_CURVE('',#197,#225,#227,.T.);
#225 = VERTEX_POINT('',#226);
#226 = CARTESIAN_POINT('',(106.3,-153.,1.6));
#227 = SURFACE_CURVE('',#228,(#232,#239),.PCURVE_S1.);
#228 = LINE('',#229,#230);
#229 = CARTESIAN_POINT('',(47.,-153.,1.6));
#230 = VECTOR('',#231,1.);
#231 = DIRECTION('',(1.,0.,0.));
#232 = PCURVE('',#32,#233);
#233 = DEFINITIONAL_REPRESENTATION('',(#234),#238);
#234 = LINE('',#235,#236);
#235 = CARTESIAN_POINT('',(0.,-9.2));
#236 = VECTOR('',#237,1.);
#237 = DIRECTION('',(1.,0.));
#238 = ( GEOMETRIC_REPRESENTATION_CONTEXT(2) 
PARAMETRIC_REPRESENTATION_CONTEXT() REPRESENTATION_CONTEXT('2D SPACE',''
  ) );
#239 = PCURVE('',#240,#245);
#240 = PLANE('',#241);
#241 = AXIS2_PLACEMENT_3D('',#242,#243,#244);
#242 = CARTESIAN_POINT('',(100.,-100.,1.6));
#243 = DIRECTION('',(0.,0.,1.));
#244 = DIRECTION('',(1.,0.,-0.));
#245 = DEFINITIONAL_REPRESENTATION('',(#246),#250);
#246 = LINE('',#247,#248);
#247 = CARTESIAN_POINT('',(-53.,-53.));
#248 = VECTOR('',#249,1.);
#249 = DIRECTION('',(1.,0.));
#250 = ( GEOMETRIC_REPRESENTATION_CONTEXT(2) 
PARAMETRIC_REPRESENTATION_CONTEXT() REPRESENTATION_CONTEXT('2D SPACE',''
  ) );
#251 = ORIENTED_EDGE('',*,*,#252,.T.);
#252 = EDGE_CURVE('',#225,#253,#255,.T.);
#253 = VERTEX_POINT('',#254);
#254 = CARTESIAN_POINT('',(121.8,-153.,1.6));
#255 = SURFACE_CURVE('',#256,(#260,#267),.PCURVE_S1.);
#256 = LINE('',#257,#258);
#257 = CARTESIAN_POINT('',(47.,-153.,1.6));
#258 = VECTOR('',#259,1.);
#259 = DIRECTION('',(1.,0.,0.));
#260 = PCURVE('',#32,#261);
#261 = DEFINITIONAL_REPRESENTATION('',(#262),#266);
#262 = LINE('',#263,#264);
#263 = CARTESIAN_POINT('',(0.,-9.2));
#264 = VECTOR('',#265,1.);
#265 = DIRECTION('',(1.,0.));
#266 = ( GEOMETRIC_REPRESENTATION_CONTEXT(2) 
PARAMETRIC_REPRESENTATION_CONTEXT() REPRESENTATION_CONTEXT('2D SPACE',''
  ) );
#267 = PCURVE('',#268,#273);
#268 = PLANE('',#269);
#269 = AXIS2_PLACEMENT_3D('',#270,#271,#272);
#270 = CARTESIAN_POINT('',(100.,-100.,1.6));
#271 = DIRECTION('',(0.,0.,1.));
#272 = DIRECTION('',(1.,0.,-0.));
#273 = DEFINITIONAL_REPRESENTATION('',(#274),#278);
#274 = LINE('',#275,#276);
#275 = CARTESIAN_POINT('',(-53.,-53.));
#276 = VECTOR('',#277,1.);
#277 = DIRECTION('',(1.,0.));
#278 = ( GEOMETRIC_REPRESENTATION_CONTEXT(2) 
PARAMETRIC_REPRESENTATION_CONTEXT() REPRESENTATION_CONTEXT('2D SPACE',''
  ) );
#279 = ORIENTED_EDGE('',*,*,#280,.T.);
#280 = EDGE_CURVE('',#253,#281,#283,.T.);
#281 = VERTEX_POINT('',#282);
#282 = CARTESIAN_POINT('',(126.3,-153.,1.6));
#283 = SURFACE_CURVE('',#284,(#288,#295),.PCURVE_S1.);
#284 = LINE('',#285,#286);
#285 = CARTESIAN_POINT('',(47.,-153.,1.6));
#286 = VECTOR('',#287,1.);
#287 = DIRECTION('',(1.,0.,0.));
#288 = PCURVE('',#32,#289);
#289 = DEFINITIONAL_REPRESENTATION('',(#290),#294);
#290 = LINE('',#291,#292);
#291 = CARTESIAN_POINT('',(0.,-9.2));
#292 = VECTOR('',#293,1.);
#293 = DIRECTION('',(1.,0.));
#294 = ( GEOMETRIC_REPRESENTATION_CONTEXT(2) 
PARAMETRIC_REPRESENTATION_CONTEXT() REPRESENTATION_CONTEXT('2D SPACE',''
  ) );
#295 = PCURVE('',#296,#301);
#296 = PLANE('',#297);
#297 = AXIS2_PLACEMENT_3D('',#298,#299,#300);
#298 = CARTESIAN_POINT('',(100.,-100.,1.6));
#299 = DIRECTION('',(0.,0.,1.));
#300 = DIRECTION('',(1.,0.,-0.));
#301 = DEFINITIONAL_REPRESENTATION('',(#302),#306);
#302 = LINE('',#303,#304);
#303 = CARTESIAN_POINT('',(-53.,-53.));
#304 = VECTOR('',#305,1.);
#305 = DIRECTION('',(1.,0.));
#306 = ( GEOMETRIC_REPRESENTATION_CONTEXT(2) 
PARAMETRIC_REPRESENTATION_CONTEXT() REPRESENTATION_CONTEXT('2D SPACE',''
  ) );
#307 = ORIENTED_EDGE('',*,*,#308,.T.);
#308 = EDGE_CURVE('',#281,#309,#311,.T.);
#309 = VERTEX_POINT('',#310);
#310 = CARTESIAN_POINT('',(141.8,-153.,1.6));
#311 = SURFACE_CURVE('',#312,(#316,#323),.PCURVE_S1.);
#312 = LINE('',#313,#314);
#313 = CARTESIAN_POINT('',(47.,-153.,1.6));
#314 = VECTOR('',#315,1.);
#315 = DIRECTION('',(1.,0.,0.));
#316 = PCURVE('',#32,#317);
#317 = DEFINITIONAL_REPRESENTATION('',(#318),#322);
#318 = LINE('',#319,#320);
#319 = CARTESIAN_POINT('',(0.,-9.2));
#320 = VECTOR('',#321,1.);
#321 = DIRECTION('',(1.,0.));
#322 = ( GEOMETRIC_REPRESENTATION_CONTEXT(2) 
PARAMETRIC_REPRESENTATION_CONTEXT() REPRESENTATION_CONTEXT('2D SPACE',''
  ) );
#323 = PCURVE('',#324,#329);
#324 = PLANE('',#325);
#325 = AXIS2_PLACEMENT_3D('',#326,#327,#328);
#326 = CARTESIAN_POINT('',(100.,-100.,1.6));
#327 = DIRECTION('',(0.,0.,1.));
#328 = DIRECTION('',(1.,0.,-0.));
#329 = DEFINITIONAL_REPRESENTATION('',(#330),#334);
#330 = LINE('',#331,#332);
#331 = CARTESIAN_POINT('',(-53.,-53.));
#332 = VECTOR('',#333,1.);
#333 = DIRECTION('',(1.,0.));
#334 = ( GEOMETRIC_REPRESENTATION_CONTEXT(2) 
PARAMETRIC_REPRESENTATION_CONTEXT() REPRESENTATION_CONTEXT('2D SPACE',''
  ) );
#335 = ORIENTED_EDGE('',*,*,#336,.T.);
#336 = EDGE_CURVE('',#309,#337,#339,.T.);
#337 = VERTEX_POINT('',#338);
#338 = CARTESIAN_POINT('',(149.9,-153.,1.6));
#339 = SURFACE_CURVE('',#340,(#344,#351),.PCURVE_S1.);
#340 = LINE('',#341,#342);
#341 = CARTESIAN_POINT('',(47.,-153.,1.6));
#342 = VECTOR('',#343,1.);
#343 = DIRECTION('',(1.,0.,0.));
#344 = PCURVE('',#32,#345);
#345 = DEFINITIONAL_REPRESENTATION('',(#346),#350);
#346 = LINE('',#347,#348);
#347 = CARTESIAN_POINT('',(0.,-9.2));
#348 = VECTOR('',#349,1.);
#349 = DIRECTION('',(1.,0.));
#350 = ( GEOMETRIC_REPRESENTATION_CONTEXT(2) 
PARAMETRIC_REPRESENTATION_CONTEXT() REPRESENTATION_CONTEXT('2D SPACE',''
  ) );
#351 = PCURVE('',#352,#357);
#352 = PLANE('',#353);
#353 = AXIS2_PLACEMENT_3D('',#354,#355,#356);
#354 = CARTESIAN_POINT('',(100.,-100.,1.6));
#355 = DIRECTION('',(0.,0.,1.));
#356 = DIRECTION('',(1.,0.,-0.));
#357 = DEFINITIONAL_REPRESENTATION('',(#358),#362);
#358 = LINE('',#359,#360);
#359 = CARTESIAN_POINT('',(-53.,-53.));
#360 = VECTOR('',#361,1.);
#361 = DIRECTION('',(1.,0.));
#362 = ( GEOMETRIC_REPRESENTATION_CONTEXT(2) 
PARAMETRIC_REPRESENTATION_CONTEXT() REPRESENTATION_CONTEXT('2D SPACE',''
  ) );
#363 = ORIENTED_EDGE('',*,*,#364,.F.);
#364 = EDGE_CURVE('',#365,#337,#367,.T.);
#365 = VERTEX_POINT('',#366);
#366 = CARTESIAN_POINT('',(149.9,-153.,-6.8));
#367 = SURFACE_CURVE('',#368,(#372,#379),.PCURVE_S1.);
#368 = LINE('',#369,#370);
#369 = CARTESIAN_POINT('',(149.9,-153.,-7.6));
#370 = VECTOR('',#371,1.);
#371 = DIRECTION('',(0.,0.,1.));
#372 = PCURVE('',#32,#373);
#373 = DEFINITIONAL_REPRESENTATION('',(#374),#378);
#374 = LINE('',#375,#376);
#375 = CARTESIAN_POINT('',(102.9,0.));
#376 = VECTOR('',#377,1.);
#377 = DIRECTION('',(0.,-1.));
#378 = ( GEOMETRIC_REPRESENTATION_CONTEXT(2) 
PARAMETRIC_REPRESENTATION_CONTEXT() REPRESENTATION_CONTEXT('2D SPACE',''
  ) );
#379 = PCURVE('',#380,#385);
#380 = CYLINDRICAL_SURFACE('',#381,3.1);
#381 = AXIS2_PLACEMENT_3D('',#382,#383,#384);
#382 = CARTESIAN_POINT('',(149.9,-149.9,-7.6));
#383 = DIRECTION('',(0.,0.,1.));
#384 = DIRECTION('',(0.,-1.,0.));
#385 = DEFINITIONAL_REPRESENTATION('',(#386),#390);
#386 = LINE('',#387,#388);
#387 = CARTESIAN_POINT('',(0.,0.));
#388 = VECTOR('',#389,1.);
#389 = DIRECTION('',(0.,1.));
#390 = ( GEOMETRIC_REPRESENTATION_CONTEXT(2) 
PARAMETRIC_REPRESENTATION_CONTEXT() REPRESENTATION_CONTEXT('2D SPACE',''
  ) );
#391 = ORIENTED_EDGE('',*,*,#392,.F.);
#392 = EDGE_CURVE('',#22,#365,#393,.T.);
#393 = SURFACE_CURVE('',#394,(#398,#405),.PCURVE_S1.);
#394 = LINE('',#395,#396);
#395 = CARTESIAN_POINT('',(50.1,-153.,-6.8));
#396 = VECTOR('',#397,1.);
#397 = DIRECTION('',(1.,0.,0.));
#398 = PCURVE('',#32,#399);
#399 = DEFINITIONAL_REPRESENTATION('',(#400),#404);
#400 = LINE('',#401,#402);
#401 = CARTESIAN_POINT('',(3.1,-0.8));
#402 = VECTOR('',#403,1.);
#403 = DIRECTION('',(1.,0.));
#404 = ( GEOMETRIC_REPRESENTATION_CONTEXT(2) 
PARAMETRIC_REPRESENTATION_CONTEXT() REPRESENTATION_CONTEXT('2D SPACE',''
  ) );
#405 = PCURVE('',#406,#411);
#406 = PLANE('',#407);
#407 = AXIS2_PLACEMENT_3D('',#408,#409,#410);
#408 = CARTESIAN_POINT('',(50.1,-152.6,-7.2));
#409 = DIRECTION('',(0.,-0.707106781187,-0.707106781187));
#410 = DIRECTION('',(-1.,-0.,-0.));
#411 = DEFINITIONAL_REPRESENTATION('',(#412),#416);
#412 = LINE('',#413,#414);
#413 = CARTESIAN_POINT('',(-0.,-0.565685424949));
#414 = VECTOR('',#415,1.);
#415 = DIRECTION('',(-1.,0.));
#416 = ( GEOMETRIC_REPRESENTATION_CONTEXT(2) 
PARAMETRIC_REPRESENTATION_CONTEXT() REPRESENTATION_CONTEXT('2D SPACE',''
  ) );
#417 = FACE_BOUND('',#418,.F.);
#418 = EDGE_LOOP('',(#419,#447,#473,#499));
#419 = ORIENTED_EDGE('',*,*,#420,.F.);
#420 = EDGE_CURVE('',#421,#423,#425,.T.);
#421 = VERTEX_POINT('',#422);
#422 = CARTESIAN_POINT('',(67.,-153.,-1.));
#423 = VERTEX_POINT('',#424);
#424 = CARTESIAN_POINT('',(77.,-153.,-1.));
#425 = SURFACE_CURVE('',#426,(#430,#436),.PCURVE_S1.);
#426 = LINE('',#427,#428);
#427 = CARTESIAN_POINT('',(57.,-153.,-1.));
#428 = VECTOR('',#429,1.);
#429 = DIRECTION('',(1.,0.,0.));
#430 = PCURVE('',#32,#431);
#431 = DEFINITIONAL_REPRESENTATION('',(#432),#435);
#432 = B_SPLINE_CURVE_WITH_KNOTS('',1,(#433,#434),.UNSPECIFIED.,.F.,.F.,
  (2,2),(10.,20.),.PIECEWISE_BEZIER_KNOTS.);
#433 = CARTESIAN_POINT('',(20.,-6.6));
#434 = CARTESIAN_POINT('',(30.,-6.6));
#435 = ( GEOMETRIC_REPRESENTATION_CONTEXT(2) 
PARAMETRIC_REPRESENTATION_CONTEXT() REPRESENTATION_CONTEXT('2D SPACE',''
  ) );
#436 = PCURVE('',#437,#442);
#437 = PLANE('',#438);
#438 = AXIS2_PLACEMENT_3D('',#439,#440,#441);
#439 = CARTESIAN_POINT('',(67.,-154.,-1.));
#440 = DIRECTION('',(0.,0.,1.));
#441 = DIRECTION('',(1.,0.,0.));
#442 = DEFINITIONAL_REPRESENTATION('',(#443),#446);
#443 = B_SPLINE_CURVE_WITH_KNOTS('',1,(#444,#445),.UNSPECIFIED.,.F.,.F.,
  (2,2),(10.,20.),.PIECEWISE_BEZIER_KNOTS.);
#444 = CARTESIAN_POINT('',(0.,1.));
#445 = CARTESIAN_POINT('',(10.,1.));
#446 = ( GEOMETRIC_REPRESENTATION_CONTEXT(2) 
PARAMETRIC_REPRESENTATION_CONTEXT() REPRESENTATION_CONTEXT('2D SPACE',''
  ) );
#447 = ORIENTED_EDGE('',*,*,#448,.T.);
#448 = EDGE_CURVE('',#421,#449,#451,.T.);
#449 = VERTEX_POINT('',#450);
#450 = CARTESIAN_POINT('',(67.,-153.,-4.4));
#451 = SURFACE_CURVE('',#452,(#456,#462),.PCURVE_S1.);
#452 = LINE('',#453,#454);
#453 = CARTESIAN_POINT('',(67.,-153.,-6.));
#454 = VECTOR('',#455,1.);
#455 = DIRECTION('',(0.,0.,-1.));
#456 = PCURVE('',#32,#457);
#457 = DEFINITIONAL_REPRESENTATION('',(#458),#461);
#458 = B_SPLINE_CURVE_WITH_KNOTS('',1,(#459,#460),.UNSPECIFIED.,.F.,.F.,
  (2,2),(-5.,-1.6),.PIECEWISE_BEZIER_KNOTS.);
#459 = CARTESIAN_POINT('',(20.,-6.6));
#460 = CARTESIAN_POINT('',(20.,-3.2));
#461 = ( GEOMETRIC_REPRESENTATION_CONTEXT(2) 
PARAMETRIC_REPRESENTATION_CONTEXT() REPRESENTATION_CONTEXT('2D SPACE',''
  ) );
#462 = PCURVE('',#463,#468);
#463 = PLANE('',#464);
#464 = AXIS2_PLACEMENT_3D('',#465,#466,#467);
#465 = CARTESIAN_POINT('',(67.,-154.,-4.4));
#466 = DIRECTION('',(1.,0.,0.));
#467 = DIRECTION('',(0.,0.,1.));
#468 = DEFINITIONAL_REPRESENTATION('',(#469),#472);
#469 = B_SPLINE_CURVE_WITH_KNOTS('',1,(#470,#471),.UNSPECIFIED.,.F.,.F.,
  (2,2),(-5.,-1.6),.PIECEWISE_BEZIER_KNOTS.);
#470 = CARTESIAN_POINT('',(3.4,-1.));
#471 = CARTESIAN_POINT('',(0.,-1.));
#472 = ( GEOMETRIC_REPRESENTATION_CONTEXT(2) 
PARAMETRIC_REPRESENTATION_CONTEXT() REPRESENTATION_CONTEXT('2D SPACE',''
  ) );
#473 = ORIENTED_EDGE('',*,*,#474,.T.);
#474 = EDGE_CURVE('',#449,#475,#477,.T.);
#475 = VERTEX_POINT('',#476);
#476 = CARTESIAN_POINT('',(77.,-153.,-4.4));
#477 = SURFACE_CURVE('',#478,(#482,#488),.PCURVE_S1.);
#478 = LINE('',#479,#480);
#479 = CARTESIAN_POINT('',(57.,-153.,-4.4));
#480 = VECTOR('',#481,1.);
#481 = DIRECTION('',(1.,0.,0.));
#482 = PCURVE('',#32,#483);
#483 = DEFINITIONAL_REPRESENTATION('',(#484),#487);
#484 = B_SPLINE_CURVE_WITH_KNOTS('',1,(#485,#486),.UNSPECIFIED.,.F.,.F.,
  (2,2),(10.,20.),.PIECEWISE_BEZIER_KNOTS.);
#485 = CARTESIAN_POINT('',(20.,-3.2));
#486 = CARTESIAN_POINT('',(30.,-3.2));
#487 = ( GEOMETRIC_REPRESENTATION_CONTEXT(2) 
PARAMETRIC_REPRESENTATION_CONTEXT() REPRESENTATION_CONTEXT('2D SPACE',''
  ) );
#488 = PCURVE('',#489,#494);
#489 = PLANE('',#490);
#490 = AXIS2_PLACEMENT_3D('',#491,#492,#493);
#491 = CARTESIAN_POINT('',(67.,-154.,-4.4));
#492 = DIRECTION('',(0.,0.,1.));
#493 = DIRECTION('',(1.,0.,0.));
#494 = DEFINITIONAL_REPRESENTATION('',(#495),#498);
#495 = B_SPLINE_CURVE_WITH_KNOTS('',1,(#496,#497),.UNSPECIFIED.,.F.,.F.,
  (2,2),(10.,20.),.PIECEWISE_BEZIER_KNOTS.);
#496 = CARTESIAN_POINT('',(0.,1.));
#497 = CARTESIAN_POINT('',(10.,1.));
#498 = ( GEOMETRIC_REPRESENTATION_CONTEXT(2) 
PARAMETRIC_REPRESENTATION_CONTEXT() REPRESENTATION_CONTEXT('2D SPACE',''
  ) );
#499 = ORIENTED_EDGE('',*,*,#500,.F.);
#500 = EDGE_CURVE('',#423,#475,#501,.T.);
#501 = SURFACE_CURVE('',#502,(#506,#512),.PCURVE_S1.);
#502 = LINE('',#503,#504);
#503 = CARTESIAN_POINT('',(77.,-153.,-6.));
#504 = VECTOR('',#505,1.);
#505 = DIRECTION('',(0.,0.,-1.));
#506 = PCURVE('',#32,#507);
#507 = DEFINITIONAL_REPRESENTATION('',(#508),#511);
#508 = B_SPLINE_CURVE_WITH_KNOTS('',1,(#509,#510),.UNSPECIFIED.,.F.,.F.,
  (2,2),(-5.,-1.6),.PIECEWISE_BEZIER_KNOTS.);
#509 = CARTESIAN_POINT('',(30.,-6.6));
#510 = CARTESIAN_POINT('',(30.,-3.2));
#511 = ( GEOMETRIC_REPRESENTATION_CONTEXT(2) 
PARAMETRIC_REPRESENTATION_CONTEXT() REPRESENTATION_CONTEXT('2D SPACE',''
  ) );
#512 = PCURVE('',#513,#518);
#513 = PLANE('',#514);
#514 = AXIS2_PLACEMENT_3D('',#515,#516,#517);
#515 = CARTESIAN_POINT('',(77.,-154.,-4.4));
#516 = DIRECTION('',(1.,0.,0.));
#517 = DIRECTION('',(0.,0.,1.));
#518 = DEFINITIONAL_REPRESENTATION('',(#519),#522);
#519 = B_SPLINE_CURVE_WITH_KNOTS('',1,(#520,#521),.UNSPECIFIED.,.F.,.F.,
  (2,2),(-5.,-1.6),.PIECEWISE_BEZIER_KNOTS.);
#520 = CARTESIAN_POINT('',(3.4,-1.));
#521 = CARTESIAN_POINT('',(0.,-1.));
#522 = ( GEOMETRIC_REPRESENTATION_CONTEXT(2) 
PARAMETRIC_REPRESENTATION_CONTEXT() REPRESENTATION_CONTEXT('2D SPACE',''
  ) );
#523 = FACE_BOUND('',#524,.F.);
#524 = EDGE_LOOP('',(#525,#553,#579,#605));
#525 = ORIENTED_EDGE('',*,*,#526,.F.);
#526 = EDGE_CURVE('',#527,#529,#531,.T.);
#527 = VERTEX_POINT('',#528);
#528 = CARTESIAN_POINT('',(83.,-153.,-1.));
#529 = VERTEX_POINT('',#530);
#530 = CARTESIAN_POINT('',(93.,-153.,-1.));
#531 = SURFACE_CURVE('',#532,(#536,#542),.PCURVE_S1.);
#532 = LINE('',#533,#534);
#533 = CARTESIAN_POINT('',(65.,-153.,-1.));
#534 = VECTOR('',#535,1.);
#535 = DIRECTION('',(1.,0.,0.));
#536 = PCURVE('',#32,#537);
#537 = DEFINITIONAL_REPRESENTATION('',(#538),#541);
#538 = B_SPLINE_CURVE_WITH_KNOTS('',1,(#539,#540),.UNSPECIFIED.,.F.,.F.,
  (2,2),(18.,28.),.PIECEWISE_BEZIER_KNOTS.);
#539 = CARTESIAN_POINT('',(36.,-6.6));
#540 = CARTESIAN_POINT('',(46.,-6.6));
#541 = ( GEOMETRIC_REPRESENTATION_CONTEXT(2) 
PARAMETRIC_REPRESENTATION_CONTEXT() REPRESENTATION_CONTEXT('2D SPACE',''
  ) );
#542 = PCURVE('',#543,#548);
#543 = PLANE('',#544);
#544 = AXIS2_PLACEMENT_3D('',#545,#546,#547);
#545 = CARTESIAN_POINT('',(83.,-154.,-1.));
#546 = DIRECTION('',(0.,0.,1.));
#547 = DIRECTION('',(1.,0.,0.));
#548 = DEFINITIONAL_REPRESENTATION('',(#549),#552);
#549 = B_SPLINE_CURVE_WITH_KNOTS('',1,(#550,#551),.UNSPECIFIED.,.F.,.F.,
  (2,2),(18.,28.),.PIECEWISE_BEZIER_KNOTS.);
#550 = CARTESIAN_POINT('',(0.,1.));
#551 = CARTESIAN_POINT('',(10.,1.));
#552 = ( GEOMETRIC_REPRESENTATION_CONTEXT(2) 
PARAMETRIC_REPRESENTATION_CONTEXT() REPRESENTATION_CONTEXT('2D SPACE',''
  ) );
#553 = ORIENTED_EDGE('',*,*,#554,.T.);
#554 = EDGE_CURVE('',#527,#555,#557,.T.);
#555 = VERTEX_POINT('',#556);
#556 = CARTESIAN_POINT('',(83.,-153.,-4.4));
#557 = SURFACE_CURVE('',#558,(#562,#568),.PCURVE_S1.);
#558 = LINE('',#559,#560);
#559 = CARTESIAN_POINT('',(83.,-153.,-6.));
#560 = VECTOR('',#561,1.);
#561 = DIRECTION('',(0.,0.,-1.));
#562 = PCURVE('',#32,#563);
#563 = DEFINITIONAL_REPRESENTATION('',(#564),#567);
#564 = B_SPLINE_CURVE_WITH_KNOTS('',1,(#565,#566),.UNSPECIFIED.,.F.,.F.,
  (2,2),(-5.,-1.6),.PIECEWISE_BEZIER_KNOTS.);
#565 = CARTESIAN_POINT('',(36.,-6.6));
#566 = CARTESIAN_POINT('',(36.,-3.2));
#567 = ( GEOMETRIC_REPRESENTATION_CONTEXT(2) 
PARAMETRIC_REPRESENTATION_CONTEXT() REPRESENTATION_CONTEXT('2D SPACE',''
  ) );
#568 = PCURVE('',#569,#574);
#569 = PLANE('',#570);
#570 = AXIS2_PLACEMENT_3D('',#571,#572,#573);
#571 = CARTESIAN_POINT('',(83.,-154.,-4.4));
#572 = DIRECTION('',(1.,0.,0.));
#573 = DIRECTION('',(0.,0.,1.));
#574 = DEFINITIONAL_REPRESENTATION('',(#575),#578);
#575 = B_SPLINE_CURVE_WITH_KNOTS('',1,(#576,#577),.UNSPECIFIED.,.F.,.F.,
  (2,2),(-5.,-1.6),.PIECEWISE_BEZIER_KNOTS.);
#576 = CARTESIAN_POINT('',(3.4,-1.));
#577 = CARTESIAN_POINT('',(0.,-1.));
#578 = ( GEOMETRIC_REPRESENTATION_CONTEXT(2) 
PARAMETRIC_REPRESENTATION_CONTEXT() REPRESENTATION_CONTEXT('2D SPACE',''
  ) );
#579 = ORIENTED_EDGE('',*,*,#580,.T.);
#580 = EDGE_CURVE('',#555,#581,#583,.T.);
#581 = VERTEX_POINT('',#582);
#582 = CARTESIAN_POINT('',(93.,-153.,-4.4));
#583 = SURFACE_CURVE('',#584,(#588,#594),.PCURVE_S1.);
#584 = LINE('',#585,#586);
#585 = CARTESIAN_POINT('',(65.,-153.,-4.4));
#586 = VECTOR('',#587,1.);
#587 = DIRECTION('',(1.,0.,0.));
#588 = PCURVE('',#32,#589);
#589 = DEFINITIONAL_REPRESENTATION('',(#590),#593);
#590 = B_SPLINE_CURVE_WITH_KNOTS('',1,(#591,#592),.UNSPECIFIED.,.F.,.F.,
  (2,2),(18.,28.),.PIECEWISE_BEZIER_KNOTS.);
#591 = CARTESIAN_POINT('',(36.,-3.2));
#592 = CARTESIAN_POINT('',(46.,-3.2));
#593 = ( GEOMETRIC_REPRESENTATION_CONTEXT(2) 
PARAMETRIC_REPRESENTATION_CONTEXT() REPRESENTATION_CONTEXT('2D SPACE',''
  ) );
#594 = PCURVE('',#595,#600);
#595 = PLANE('',#596);
#596 = AXIS2_PLACEMENT_3D('',#597,#598,#599);
#597 = CARTESIAN_POINT('',(83.,-154.,-4.4));
#598 = DIRECTION('',(0.,0.,1.));
#599 = DIRECTION('',(1.,0.,0.));
#600 = DEFINITIONAL_REPRESENTATION('',(#601),#604);
#601 = B_SPLINE_CURVE_WITH_KNOTS('',1,(#602,#603),.UNSPECIFIED.,.F.,.F.,
  (2,2),(18.,28.),.PIECEWISE_BEZIER_KNOTS.);
#602 = CARTESIAN_POINT('',(0.,1.));
#603 = CARTESIAN_POINT('',(10.,1.));
#604 = ( GEOMETRIC_REPRESENTATION_CONTEXT(2) 
PARAMETRIC_REPRESENTATION_CONTEXT() REPRESENTATION_CONTEXT('2D SPACE',''
  ) );
#605 = ORIENTED_EDGE('',*,*,#606,.F.);
#606 = EDGE_CURVE('',#529,#581,#607,.T.);
#607 = SURFACE_CURVE('',#608,(#612,#618),.PCURVE_S1.);
#608 = LINE('',#609,#610);
#609 = CARTESIAN_POINT('',(93.,-153.,-6.));
#610 = VECTOR('',#611,1.);
#611 = DIRECTION('',(0.,0.,-1.));
#612 = PCURVE('',#32,#613);
#613 = DEFINITIONAL_REPRESENTATION('',(#614),#617);
#614 = B_SPLINE_CURVE_WITH_KNOTS('',1,(#615,#616),.UNSPECIFIED.,.F.,.F.,
  (2,2),(-5.,-1.6),.PIECEWISE_BEZIER_KNOTS.);
#615 = CARTESIAN_POINT('',(46.,-6.6));
#616 = CARTESIAN_POINT('',(46.,-3.2));
#617 = ( GEOMETRIC_REPRESENTATION_CONTEXT(2) 
PARAMETRIC_REPRESENTATION_CONTEXT() REPRESENTATION_CONTEXT('2D SPACE',''
  ) );
#618 = PCURVE('',#619,#624);
#619 = PLANE('',#620);
#620 = AXIS2_PLACEMENT_3D('',#621,#622,#623);
#621 = CARTESIAN_POINT('',(93.,-154.,-4.4));
#622 = DIRECTION('',(1.,0.,0.));
#623 = DIRECTION('',(0.,0.,1.));
#624 = DEFINITIONAL_REPRESENTATION('',(#625),#628);
#625 = B_SPLINE_CURVE_WITH_KNOTS('',1,(#626,#627),.UNSPECIFIED.,.F.,.F.,
  (2,2),(-5.,-1.6),.PIECEWISE_BEZIER_KNOTS.);
#626 = CARTESIAN_POINT('',(3.4,-1.));
#627 = CARTESIAN_POINT('',(0.,-1.));
#628 = ( GEOMETRIC_REPRESENTATION_CONTEXT(2) 
PARAMETRIC_REPRESENTATION_CONTEXT() REPRESENTATION_CONTEXT('2D SPACE',''
  ) );
#629 = FACE_BOUND('',#630,.F.);
#630 = EDGE_LOOP('',(#631,#659,#685,#711));
#631 = ORIENTED_EDGE('',*,*,#632,.F.);
#632 = EDGE_CURVE('',#633,#635,#637,.T.);
#633 = VERTEX_POINT('',#634);
#634 = CARTESIAN_POINT('',(99.,-153.,-1.));
#635 = VERTEX_POINT('',#636);
#636 = CARTESIAN_POINT('',(109.,-153.,-1.));
#637 = SURFACE_CURVE('',#638,(#642,#648),.PCURVE_S1.);
#638 = LINE('',#639,#640);
#639 = CARTESIAN_POINT('',(73.,-153.,-1.));
#640 = VECTOR('',#641,1.);
#641 = DIRECTION('',(1.,0.,0.));
#642 = PCURVE('',#32,#643);
#643 = DEFINITIONAL_REPRESENTATION('',(#644),#647);
#644 = B_SPLINE_CURVE_WITH_KNOTS('',1,(#645,#646),.UNSPECIFIED.,.F.,.F.,
  (2,2),(26.,36.),.PIECEWISE_BEZIER_KNOTS.);
#645 = CARTESIAN_POINT('',(52.,-6.6));
#646 = CARTESIAN_POINT('',(62.,-6.6));
#647 = ( GEOMETRIC_REPRESENTATION_CONTEXT(2) 
PARAMETRIC_REPRESENTATION_CONTEXT() REPRESENTATION_CONTEXT('2D SPACE',''
  ) );
#648 = PCURVE('',#649,#654);
#649 = PLANE('',#650);
#650 = AXIS2_PLACEMENT_3D('',#651,#652,#653);
#651 = CARTESIAN_POINT('',(99.,-154.,-1.));
#652 = DIRECTION('',(0.,0.,1.));
#653 = DIRECTION('',(1.,0.,0.));
#654 = DEFINITIONAL_REPRESENTATION('',(#655),#658);
#655 = B_SPLINE_CURVE_WITH_KNOTS('',1,(#656,#657),.UNSPECIFIED.,.F.,.F.,
  (2,2),(26.,36.),.PIECEWISE_BEZIER_KNOTS.);
#656 = CARTESIAN_POINT('',(0.,1.));
#657 = CARTESIAN_POINT('',(10.,1.));
#658 = ( GEOMETRIC_REPRESENTATION_CONTEXT(2) 
PARAMETRIC_REPRESENTATION_CONTEXT() REPRESENTATION_CONTEXT('2D SPACE',''
  ) );
#659 = ORIENTED_EDGE('',*,*,#660,.T.);
#660 = EDGE_CURVE('',#633,#661,#663,.T.);
#661 = VERTEX_POINT('',#662);
#662 = CARTESIAN_POINT('',(99.,-153.,-4.4));
#663 = SURFACE_CURVE('',#664,(#668,#674),.PCURVE_S1.);
#664 = LINE('',#665,#666);
#665 = CARTESIAN_POINT('',(99.,-153.,-6.));
#666 = VECTOR('',#667,1.);
#667 = DIRECTION('',(0.,0.,-1.));
#668 = PCURVE('',#32,#669);
#669 = DEFINITIONAL_REPRESENTATION('',(#670),#673);
#670 = B_SPLINE_CURVE_WITH_KNOTS('',1,(#671,#672),.UNSPECIFIED.,.F.,.F.,
  (2,2),(-5.,-1.6),.PIECEWISE_BEZIER_KNOTS.);
#671 = CARTESIAN_POINT('',(52.,-6.6));
#672 = CARTESIAN_POINT('',(52.,-3.2));
#673 = ( GEOMETRIC_REPRESENTATION_CONTEXT(2) 
PARAMETRIC_REPRESENTATION_CONTEXT() REPRESENTATION_CONTEXT('2D SPACE',''
  ) );
#674 = PCURVE('',#675,#680);
#675 = PLANE('',#676);
#676 = AXIS2_PLACEMENT_3D('',#677,#678,#679);
#677 = CARTESIAN_POINT('',(99.,-154.,-4.4));
#678 = DIRECTION('',(1.,0.,0.));
#679 = DIRECTION('',(0.,0.,1.));
#680 = DEFINITIONAL_REPRESENTATION('',(#681),#684);
#681 = B_SPLINE_CURVE_WITH_KNOTS('',1,(#682,#683),.UNSPECIFIED.,.F.,.F.,
  (2,2),(-5.,-1.6),.PIECEWISE_BEZIER_KNOTS.);
#682 = CARTESIAN_POINT('',(3.4,-1.));
#683 = CARTESIAN_POINT('',(0.,-1.));
#684 = ( GEOMETRIC_REPRESENTATION_CONTEXT(2) 
PARAMETRIC_REPRESENTATION_CONTEXT() REPRESENTATION_CONTEXT('2D SPACE',''
  ) );
#685 = ORIENTED_EDGE('',*,*,#686,.T.);
#686 = EDGE_CURVE('',#661,#687,#689,.T.);
#687 = VERTEX_POINT('',#688);
#688 = CARTESIAN_POINT('',(109.,-153.,-4.4));
#689 = SURFACE_CURVE('',#690,(#694,#700),.PCURVE_S1.);
#690 = LINE('',#691,#692);
#691 = CARTESIAN_POINT('',(73.,-153.,-4.4));
#692 = VECTOR('',#693,1.);
#693 = DIRECTION('',(1.,0.,0.));
#694 = PCURVE('',#32,#695);
#695 = DEFINITIONAL_REPRESENTATION('',(#696),#699);
#696 = B_SPLINE_CURVE_WITH_KNOTS('',1,(#697,#698),.UNSPECIFIED.,.F.,.F.,
  (2,2),(26.,36.),.PIECEWISE_BEZIER_KNOTS.);
#697 = CARTESIAN_POINT('',(52.,-3.2));
#698 = CARTESIAN_POINT('',(62.,-3.2));
#699 = ( GEOMETRIC_REPRESENTATION_CONTEXT(2) 
PARAMETRIC_REPRESENTATION_CONTEXT() REPRESENTATION_CONTEXT('2D SPACE',''
  ) );
#700 = PCURVE('',#701,#706);
#701 = PLANE('',#702);
#702 = AXIS2_PLACEMENT_3D('',#703,#704,#705);
#703 = CARTESIAN_POINT('',(99.,-154.,-4.4));
#704 = DIRECTION('',(0.,0.,1.));
#705 = DIRECTION('',(1.,0.,0.));
#706 = DEFINITIONAL_REPRESENTATION('',(#707),#710);
#707 = B_SPLINE_CURVE_WITH_KNOTS('',1,(#708,#709),.UNSPECIFIED.,.F.,.F.,
  (2,2),(26.,36.),.PIECEWISE_BEZIER_KNOTS.);
#708 = CARTESIAN_POINT('',(0.,1.));
#709 = CARTESIAN_POINT('',(10.,1.));
#710 = ( GEOMETRIC_REPRESENTATION_CONTEXT(2) 
PARAMETRIC_REPRESENTATION_CONTEXT() REPRESENTATION_CONTEXT('2D SPACE',''
  ) );
#711 = ORIENTED_EDGE('',*,*,#712,.F.);
#712 = EDGE_CURVE('',#635,#687,#713,.T.);
#713 = SURFACE_CURVE('',#714,(#718,#724),.PCURVE_S1.);
#714 = LINE('',#715,#716);
#715 = CARTESIAN_POINT('',(109.,-153.,-6.));
#716 = VECTOR('',#717,1.);
#717 = DIRECTION('',(0.,0.,-1.));
#718 = PCURVE('',#32,#719);
#719 = DEFINITIONAL_REPRESENTATION('',(#720),#723);
#720 = B_SPLINE_CURVE_WITH_KNOTS('',1,(#721,#722),.UNSPECIFIED.,.F.,.F.,
  (2,2),(-5.,-1.6),.PIECEWISE_BEZIER_KNOTS.);
#721 = CARTESIAN_POINT('',(62.,-6.6));
#722 = CARTESIAN_POINT('',(62.,-3.2));
#723 = ( GEOMETRIC_REPRESENTATION_CONTEXT(2) 
PARAMETRIC_REPRESENTATION_CONTEXT() REPRESENTATION_CONTEXT('2D SPACE',''
  ) );
#724 = PCURVE('',#725,#730);
#725 = PLANE('',#726);
#726 = AXIS2_PLACEMENT_3D('',#727,#728,#729);
#727 = CARTESIAN_POINT('',(109.,-154.,-4.4));
#728 = DIRECTION('',(1.,0.,0.));
#729 = DIRECTION('',(0.,0.,1.));
#730 = DEFINITIONAL_REPRESENTATION('',(#731),#734);
#731 = B_SPLINE_CURVE_WITH_KNOTS('',1,(#732,#733),.UNSPECIFIED.,.F.,.F.,
  (2,2),(-5.,-1.6),.PIECEWISE_BEZIER_KNOTS.);
#732 = CARTESIAN_POINT('',(3.4,-1.));
#733 = CARTESIAN_POINT('',(0.,-1.));
#734 = ( GEOMETRIC_REPRESENTATION_CONTEXT(2) 
PARAMETRIC_REPRESENTATION_CONTEXT() REPRESENTATION_CONTEXT('2D SPACE',''
  ) );
#735 = FACE_BOUND('',#736,.F.);
#736 = EDGE_LOOP('',(#737,#765,#791,#817));
#737 = ORIENTED_EDGE('',*,*,#738,.F.);
#738 = EDGE_CURVE('',#739,#741,#743,.T.);
#739 = VERTEX_POINT('',#740);
#740 = CARTESIAN_POINT('',(119.,-153.,-1.));
#741 = VERTEX_POINT('',#742);
#742 = CARTESIAN_POINT('',(129.,-153.,-1.));
#743 = SURFACE_CURVE('',#744,(#748,#754),.PCURVE_S1.);
#744 = LINE('',#745,#746);
#745 = CARTESIAN_POINT('',(83.,-153.,-1.));
#746 = VECTOR('',#747,1.);
#747 = DIRECTION('',(1.,0.,0.));
#748 = PCURVE('',#32,#749);
#749 = DEFINITIONAL_REPRESENTATION('',(#750),#753);
#750 = B_SPLINE_CURVE_WITH_KNOTS('',1,(#751,#752),.UNSPECIFIED.,.F.,.F.,
  (2,2),(36.,46.),.PIECEWISE_BEZIER_KNOTS.);
#751 = CARTESIAN_POINT('',(72.,-6.6));
#752 = CARTESIAN_POINT('',(82.,-6.6));
#753 = ( GEOMETRIC_REPRESENTATION_CONTEXT(2) 
PARAMETRIC_REPRESENTATION_CONTEXT() REPRESENTATION_CONTEXT('2D SPACE',''
  ) );
#754 = PCURVE('',#755,#760);
#755 = PLANE('',#756);
#756 = AXIS2_PLACEMENT_3D('',#757,#758,#759);
#757 = CARTESIAN_POINT('',(119.,-154.,-1.));
#758 = DIRECTION('',(0.,0.,1.));
#759 = DIRECTION('',(1.,0.,0.));
#760 = DEFINITIONAL_REPRESENTATION('',(#761),#764);
#761 = B_SPLINE_CURVE_WITH_KNOTS('',1,(#762,#763),.UNSPECIFIED.,.F.,.F.,
  (2,2),(36.,46.),.PIECEWISE_BEZIER_KNOTS.);
#762 = CARTESIAN_POINT('',(0.,1.));
#763 = CARTESIAN_POINT('',(10.,1.));
#764 = ( GEOMETRIC_REPRESENTATION_CONTEXT(2) 
PARAMETRIC_REPRESENTATION_CONTEXT() REPRESENTATION_CONTEXT('2D SPACE',''
  ) );
#765 = ORIENTED_EDGE('',*,*,#766,.T.);
#766 = EDGE_CURVE('',#739,#767,#769,.T.);
#767 = VERTEX_POINT('',#768);
#768 = CARTESIAN_POINT('',(119.,-153.,-4.4));
#769 = SURFACE_CURVE('',#770,(#774,#780),.PCURVE_S1.);
#770 = LINE('',#771,#772);
#771 = CARTESIAN_POINT('',(119.,-153.,-6.));
#772 = VECTOR('',#773,1.);
#773 = DIRECTION('',(0.,0.,-1.));
#774 = PCURVE('',#32,#775);
#775 = DEFINITIONAL_REPRESENTATION('',(#776),#779);
#776 = B_SPLINE_CURVE_WITH_KNOTS('',1,(#777,#778),.UNSPECIFIED.,.F.,.F.,
  (2,2),(-5.,-1.6),.PIECEWISE_BEZIER_KNOTS.);
#777 = CARTESIAN_POINT('',(72.,-6.6));
#778 = CARTESIAN_POINT('',(72.,-3.2));
#779 = ( GEOMETRIC_REPRESENTATION_CONTEXT(2) 
PARAMETRIC_REPRESENTATION_CONTEXT() REPRESENTATION_CONTEXT('2D SPACE',''
  ) );
#780 = PCURVE('',#781,#786);
#781 = PLANE('',#782);
#782 = AXIS2_PLACEMENT_3D('',#783,#784,#785);
#783 = CARTESIAN_POINT('',(119.,-154.,-4.4));
#784 = DIRECTION('',(1.,0.,0.));
#785 = DIRECTION('',(0.,0.,1.));
#786 = DEFINITIONAL_REPRESENTATION('',(#787),#790);
#787 = B_SPLINE_CURVE_WITH_KNOTS('',1,(#788,#789),.UNSPECIFIED.,.F.,.F.,
  (2,2),(-5.,-1.6),.PIECEWISE_BEZIER_KNOTS.);
#788 = CARTESIAN_POINT('',(3.4,-1.));
#789 = CARTESIAN_POINT('',(0.,-1.));
#790 = ( GEOMETRIC_REPRESENTATION_CONTEXT(2) 
PARAMETRIC_REPRESENTATION_CONTEXT() REPRESENTATION_CONTEXT('2D SPACE',''
  ) );
#791 = ORIENTED_EDGE('',*,*,#792,.T.);
#792 = EDGE_CURVE('',#767,#793,#795,.T.);
#793 = VERTEX_POINT('',#794);
#794 = CARTESIAN_POINT('',(129.,-153.,-4.4));
#795 = SURFACE_CURVE('',#796,(#800,#806),.PCURVE_S1.);
#796 = LINE('',#797,#798);
#797 = CARTESIAN_POINT('',(83.,-153.,-4.4));
#798 = VECTOR('',#799,1.);
#799 = DIRECTION('',(1.,0.,0.));
#800 = PCURVE('',#32,#801);
#801 = DEFINITIONAL_REPRESENTATION('',(#802),#805);
#802 = B_SPLINE_CURVE_WITH_KNOTS('',1,(#803,#804),.UNSPECIFIED.,.F.,.F.,
  (2,2),(36.,46.),.PIECEWISE_BEZIER_KNOTS.);
#803 = CARTESIAN_POINT('',(72.,-3.2));
#804 = CARTESIAN_POINT('',(82.,-3.2));
#805 = ( GEOMETRIC_REPRESENTATION_CONTEXT(2) 
PARAMETRIC_REPRESENTATION_CONTEXT() REPRESENTATION_CONTEXT('2D SPACE',''
  ) );
#806 = PCURVE('',#807,#812);
#807 = PLANE('',#808);
#808 = AXIS2_PLACEMENT_3D('',#809,#810,#811);
#809 = CARTESIAN_POINT('',(119.,-154.,-4.4));
#810 = DIRECTION('',(0.,0.,1.));
#811 = DIRECTION('',(1.,0.,0.));
#812 = DEFINITIONAL_REPRESENTATION('',(#813),#816);
#813 = B_SPLINE_CURVE_WITH_KNOTS('',1,(#814,#815),.UNSPECIFIED.,.F.,.F.,
  (2,2),(36.,46.),.PIECEWISE_BEZIER_KNOTS.);
#814 = CARTESIAN_POINT('',(0.,1.));
#815 = CARTESIAN_POINT('',(10.,1.));
#816 = ( GEOMETRIC_REPRESENTATION_CONTEXT(2) 
PARAMETRIC_REPRESENTATION_CONTEXT() REPRESENTATION_CONTEXT('2D SPACE',''
  ) );
#817 = ORIENTED_EDGE('',*,*,#818,.F.);
#818 = EDGE_CURVE('',#741,#793,#819,.T.);
#819 = SURFACE_CURVE('',#820,(#824,#830),.PCURVE_S1.);
#820 = LINE('',#821,#822);
#821 = CARTESIAN_POINT('',(129.,-153.,-6.));
#822 = VECTOR('',#823,1.);
#823 = DIRECTION('',(0.,0.,-1.));
#824 = PCURVE('',#32,#825);
#825 = DEFINITIONAL_REPRESENTATION('',(#826),#829);
#826 = B_SPLINE_CURVE_WITH_KNOTS('',1,(#827,#828),.UNSPECIFIED.,.F.,.F.,
  (2,2),(-5.,-1.6),.PIECEWISE_BEZIER_KNOTS.);
#827 = CARTESIAN_POINT('',(82.,-6.6));
#828 = CARTESIAN_POINT('',(82.,-3.2));
#829 = ( GEOMETRIC_REPRESENTATION_CONTEXT(2) 
PARAMETRIC_REPRESENTATION_CONTEXT() REPRESENTATION_CONTEXT('2D SPACE',''
  ) );
#830 = PCURVE('',#831,#836);
#831 = PLANE('',#832);
#832 = AXIS2_PLACEMENT_3D('',#833,#834,#835);
#833 = CARTESIAN_POINT('',(129.,-154.,-4.4));
#834 = DIRECTION('',(1.,0.,0.));
#835 = DIRECTION('',(0.,0.,1.));
#836 = DEFINITIONAL_REPRESENTATION('',(#837),#840);
#837 = B_SPLINE_CURVE_WITH_KNOTS('',1,(#838,#839),.UNSPECIFIED.,.F.,.F.,
  (2,2),(-5.,-1.6),.PIECEWISE_BEZIER_KNOTS.);
#838 = CARTESIAN_POINT('',(3.4,-1.));
#839 = CARTESIAN_POINT('',(0.,-1.));
#840 = ( GEOMETRIC_REPRESENTATION_CONTEXT(2) 
PARAMETRIC_REPRESENTATION_CONTEXT() REPRESENTATION_CONTEXT('2D SPACE',''
  ) );
#841 = ADVANCED_FACE('',(#842),#44,.T.);
#842 = FACE_BOUND('',#843,.F.);
#843 = EDGE_LOOP('',(#844,#845,#874,#900,#929,#957));
#844 = ORIENTED_EDGE('',*,*,#21,.F.);
#845 = ORIENTED_EDGE('',*,*,#846,.F.);
#846 = EDGE_CURVE('',#847,#22,#849,.T.);
#847 = VERTEX_POINT('',#848);
#848 = CARTESIAN_POINT('',(47.819649149802,-152.,-6.8));
#849 = SURFACE_CURVE('',#850,(#855,#862),.PCURVE_S1.);
#850 = CIRCLE('',#851,3.1);
#851 = AXIS2_PLACEMENT_3D('',#852,#853,#854);
#852 = CARTESIAN_POINT('',(50.1,-149.9,-6.8));
#853 = DIRECTION('',(0.,0.,1.));
#854 = DIRECTION('',(-1.,0.,0.));
#855 = PCURVE('',#44,#856);
#856 = DEFINITIONAL_REPRESENTATION('',(#857),#861);
#857 = LINE('',#858,#859);
#858 = CARTESIAN_POINT('',(-1.570796326795,0.8));
#859 = VECTOR('',#860,1.);
#860 = DIRECTION('',(1.,-0.));
#861 = ( GEOMETRIC_REPRESENTATION_CONTEXT(2) 
PARAMETRIC_REPRESENTATION_CONTEXT() REPRESENTATION_CONTEXT('2D SPACE',''
  ) );
#862 = PCURVE('',#863,#868);
#863 = CONICAL_SURFACE('',#864,3.1,0.785398163397);
#864 = AXIS2_PLACEMENT_3D('',#865,#866,#867);
#865 = CARTESIAN_POINT('',(50.1,-149.9,-6.8));
#866 = DIRECTION('',(0.,0.,1.));
#867 = DIRECTION('',(-1.,0.,0.));
#868 = DEFINITIONAL_REPRESENTATION('',(#869),#873);
#869 = LINE('',#870,#871);
#870 = CARTESIAN_POINT('',(0.,-0.));
#871 = VECTOR('',#872,1.);
#872 = DIRECTION('',(1.,-0.));
#873 = ( GEOMETRIC_REPRESENTATION_CONTEXT(2) 
PARAMETRIC_REPRESENTATION_CONTEXT() REPRESENTATION_CONTEXT('2D SPACE',''
  ) );
#874 = ORIENTED_EDGE('',*,*,#875,.T.);
#875 = EDGE_CURVE('',#847,#876,#878,.T.);
#876 = VERTEX_POINT('',#877);
#877 = CARTESIAN_POINT('',(47.819649149803,-152.,-4.));
#878 = SURFACE_CURVE('',#879,(#883,#889),.PCURVE_S1.);
#879 = LINE('',#880,#881);
#880 = CARTESIAN_POINT('',(47.819649149802,-152.,-7.6));
#881 = VECTOR('',#882,1.);
#882 = DIRECTION('',(0.,0.,1.));
#883 = PCURVE('',#44,#884);
#884 = DEFINITIONAL_REPRESENTATION('',(#885),#888);
#885 = B_SPLINE_CURVE_WITH_KNOTS('',1,(#886,#887),.UNSPECIFIED.,.F.,.F.,
  (2,2),(0.7999994,3.96),.PIECEWISE_BEZIER_KNOTS.);
#886 = CARTESIAN_POINT('',(-0.826547616989,0.7999994));
#887 = CARTESIAN_POINT('',(-0.826547616989,3.96));
#888 = ( GEOMETRIC_REPRESENTATION_CONTEXT(2) 
PARAMETRIC_REPRESENTATION_CONTEXT() REPRESENTATION_CONTEXT('2D SPACE',''
  ) );
#889 = PCURVE('',#890,#895);
#890 = PLANE('',#891);
#891 = AXIS2_PLACEMENT_3D('',#892,#893,#894);
#892 = CARTESIAN_POINT('',(40.,-152.,-7.6));
#893 = DIRECTION('',(0.,1.,0.));
#894 = DIRECTION('',(0.,0.,1.));
#895 = DEFINITIONAL_REPRESENTATION('',(#896),#899);
#896 = B_SPLINE_CURVE_WITH_KNOTS('',1,(#897,#898),.UNSPECIFIED.,.F.,.F.,
  (2,2),(0.7999994,3.96),.PIECEWISE_BEZIER_KNOTS.);
#897 = CARTESIAN_POINT('',(0.7999994,7.819649149802));
#898 = CARTESIAN_POINT('',(3.96,7.819649149802));
#899 = ( GEOMETRIC_REPRESENTATION_CONTEXT(2) 
PARAMETRIC_REPRESENTATION_CONTEXT() REPRESENTATION_CONTEXT('2D SPACE',''
  ) );
#900 = ORIENTED_EDGE('',*,*,#901,.F.);
#901 = EDGE_CURVE('',#902,#876,#904,.T.);
#902 = VERTEX_POINT('',#903);
#903 = CARTESIAN_POINT('',(47.,-149.9,-4.));
#904 = SURFACE_CURVE('',#905,(#910,#917),.PCURVE_S1.);
#905 = CIRCLE('',#906,3.1);
#906 = AXIS2_PLACEMENT_3D('',#907,#908,#909);
#907 = CARTESIAN_POINT('',(50.1,-149.9,-4.));
#908 = DIRECTION('',(0.,0.,1.));
#909 = DIRECTION('',(0.,-1.,0.));
#910 = PCURVE('',#44,#911);
#911 = DEFINITIONAL_REPRESENTATION('',(#912),#916);
#912 = LINE('',#913,#914);
#913 = CARTESIAN_POINT('',(-6.28318530718,3.6));
#914 = VECTOR('',#915,1.);
#915 = DIRECTION('',(1.,-0.));
#916 = ( GEOMETRIC_REPRESENTATION_CONTEXT(2) 
PARAMETRIC_REPRESENTATION_CONTEXT() REPRESENTATION_CONTEXT('2D SPACE',''
  ) );
#917 = PCURVE('',#918,#923);
#918 = PLANE('',#919);
#919 = AXIS2_PLACEMENT_3D('',#920,#921,#922);
#920 = CARTESIAN_POINT('',(40.,-152.,-4.));
#921 = DIRECTION('',(0.,0.,1.));
#922 = DIRECTION('',(1.,0.,0.));
#923 = DEFINITIONAL_REPRESENTATION('',(#924),#928);
#924 = CIRCLE('',#925,3.1);
#925 = AXIS2_PLACEMENT_2D('',#926,#927);
#926 = CARTESIAN_POINT('',(10.1,2.1));
#927 = DIRECTION('',(0.,-1.));
#928 = ( GEOMETRIC_REPRESENTATION_CONTEXT(2) 
PARAMETRIC_REPRESENTATION_CONTEXT() REPRESENTATION_CONTEXT('2D SPACE',''
  ) );
#929 = ORIENTED_EDGE('',*,*,#930,.T.);
#930 = EDGE_CURVE('',#902,#931,#933,.T.);
#931 = VERTEX_POINT('',#932);
#932 = CARTESIAN_POINT('',(47.,-149.9,1.6));
#933 = SURFACE_CURVE('',#934,(#938,#945),.PCURVE_S1.);
#934 = LINE('',#935,#936);
#935 = CARTESIAN_POINT('',(47.,-149.9,-7.6));
#936 = VECTOR('',#937,1.);
#937 = DIRECTION('',(0.,0.,1.));
#938 = PCURVE('',#44,#939);
#939 = DEFINITIONAL_REPRESENTATION('',(#940),#944);
#940 = LINE('',#941,#942);
#941 = CARTESIAN_POINT('',(-1.570796326795,0.));
#942 = VECTOR('',#943,1.);
#943 = DIRECTION('',(-0.,1.));
#944 = ( GEOMETRIC_REPRESENTATION_CONTEXT(2) 
PARAMETRIC_REPRESENTATION_CONTEXT() REPRESENTATION_CONTEXT('2D SPACE',''
  ) );
#945 = PCURVE('',#946,#951);
#946 = PLANE('',#947);
#947 = AXIS2_PLACEMENT_3D('',#948,#949,#950);
#948 = CARTESIAN_POINT('',(47.,-47.,-7.6));
#949 = DIRECTION('',(1.,0.,-0.));
#950 = DIRECTION('',(0.,-1.,0.));
#951 = DEFINITIONAL_REPRESENTATION('',(#952),#956);
#952 = LINE('',#953,#954);
#953 = CARTESIAN_POINT('',(102.9,0.));
#954 = VECTOR('',#955,1.);
#955 = DIRECTION('',(0.,-1.));
#956 = ( GEOMETRIC_REPRESENTATION_CONTEXT(2) 
PARAMETRIC_REPRESENTATION_CONTEXT() REPRESENTATION_CONTEXT('2D SPACE',''
  ) );
#957 = ORIENTED_EDGE('',*,*,#958,.F.);
#958 = EDGE_CURVE('',#24,#931,#959,.T.);
#959 = SURFACE_CURVE('',#960,(#965,#972),.PCURVE_S1.);
#960 = CIRCLE('',#961,3.1);
#961 = AXIS2_PLACEMENT_3D('',#962,#963,#964);
#962 = CARTESIAN_POINT('',(50.1,-149.9,1.6));
#963 = DIRECTION('',(-0.,-0.,-1.));
#964 = DIRECTION('',(0.,-1.,0.));
#965 = PCURVE('',#44,#966);
#966 = DEFINITIONAL_REPRESENTATION('',(#967),#971);
#967 = LINE('',#968,#969);
#968 = CARTESIAN_POINT('',(-0.,9.2));
#969 = VECTOR('',#970,1.);
#970 = DIRECTION('',(-1.,0.));
#971 = ( GEOMETRIC_REPRESENTATION_CONTEXT(2) 
PARAMETRIC_REPRESENTATION_CONTEXT() REPRESENTATION_CONTEXT('2D SPACE',''
  ) );
#972 = PCURVE('',#72,#973);
#973 = DEFINITIONAL_REPRESENTATION('',(#974),#982);
#974 = ( BOUNDED_CURVE() B_SPLINE_CURVE(2,(#975,#976,#977,#978,#979,#980
,#981),.UNSPECIFIED.,.T.,.F.) B_SPLINE_CURVE_WITH_KNOTS((1,2,2,2,2,1),(
    -2.094395102393,0.,2.094395102393,4.188790204786,6.28318530718,
8.377580409573),.UNSPECIFIED.) CURVE() GEOMETRIC_REPRESENTATION_ITEM() 
RATIONAL_B_SPLINE_CURVE((1.,0.5,1.,0.5,1.,0.5,1.)) REPRESENTATION_ITEM(
  '') );
#975 = CARTESIAN_POINT('',(-49.9,-53.));
#976 = CARTESIAN_POINT('',(-55.26935750346,-53.));
#977 = CARTESIAN_POINT('',(-52.58467875173,-48.35));
#978 = CARTESIAN_POINT('',(-49.9,-43.7));
#979 = CARTESIAN_POINT('',(-47.21532124826,-48.35));
#980 = CARTESIAN_POINT('',(-44.53064249653,-53.));
#981 = CARTESIAN_POINT('',(-49.9,-53.));
#982 = ( GEOMETRIC_REPRESENTATION_CONTEXT(2) 
PARAMETRIC_REPRESENTATION_CONTEXT() REPRESENTATION_CONTEXT('2D SPACE',''
  ) );
#983 = ADVANCED_FACE('',(#984),#406,.T.);
#984 = FACE_BOUND('',#985,.F.);
#985 = EDGE_LOOP('',(#986,#1007,#1008,#1034));
#986 = ORIENTED_EDGE('',*,*,#987,.F.);
#987 = EDGE_CURVE('',#22,#988,#990,.T.);
#988 = VERTEX_POINT('',#989);
#989 = CARTESIAN_POINT('',(50.1,-152.2,-7.6));
#990 = SURFACE_CURVE('',#991,(#995,#1001),.PCURVE_S1.);
#991 = LINE('',#992,#993);
#992 = CARTESIAN_POINT('',(50.1,-152.6,-7.2));
#993 = VECTOR('',#994,1.);
#994 = DIRECTION('',(-0.,0.707106781187,-0.707106781187));
#995 = PCURVE('',#406,#996);
#996 = DEFINITIONAL_REPRESENTATION('',(#997),#1000);
#997 = B_SPLINE_CURVE_WITH_KNOTS('',1,(#998,#999),.UNSPECIFIED.,.F.,.F.,
  (2,2),(-0.565685424949,0.565685424949),.PIECEWISE_BEZIER_KNOTS.);
#998 = CARTESIAN_POINT('',(0.,-0.565685424949));
#999 = CARTESIAN_POINT('',(0.,0.565685424949));
#1000 = ( GEOMETRIC_REPRESENTATION_CONTEXT(2) 
PARAMETRIC_REPRESENTATION_CONTEXT() REPRESENTATION_CONTEXT('2D SPACE',''
  ) );
#1001 = PCURVE('',#863,#1002);
#1002 = DEFINITIONAL_REPRESENTATION('',(#1003),#1006);
#1003 = B_SPLINE_CURVE_WITH_KNOTS('',1,(#1004,#1005),.UNSPECIFIED.,.F.,
  .F.,(2,2),(-0.565685424949,0.565685424949),.PIECEWISE_BEZIER_KNOTS.);
#1004 = CARTESIAN_POINT('',(1.570796326795,0.));
#1005 = CARTESIAN_POINT('',(1.570796326795,-0.8));
#1006 = ( GEOMETRIC_REPRESENTATION_CONTEXT(2) 
PARAMETRIC_REPRESENTATION_CONTEXT() REPRESENTATION_CONTEXT('2D SPACE',''
  ) );
#1007 = ORIENTED_EDGE('',*,*,#392,.T.);
#1008 = ORIENTED_EDGE('',*,*,#1009,.T.);
#1009 = EDGE_CURVE('',#365,#1010,#1012,.T.);
#1010 = VERTEX_POINT('',#1011);
#1011 = CARTESIAN_POINT('',(149.9,-152.2,-7.6));
#1012 = SURFACE_CURVE('',#1013,(#1017,#1023),.PCURVE_S1.);
#1013 = LINE('',#1014,#1015);
#1014 = CARTESIAN_POINT('',(149.9,-152.6,-7.2));
#1015 = VECTOR('',#1016,1.);
#1016 = DIRECTION('',(-0.,0.707106781187,-0.707106781187));
#1017 = PCURVE('',#406,#1018);
#1018 = DEFINITIONAL_REPRESENTATION('',(#1019),#1022);
#1019 = B_SPLINE_CURVE_WITH_KNOTS('',1,(#1020,#1021),.UNSPECIFIED.,.F.,
  .F.,(2,2),(-0.565685424949,0.565685424949),.PIECEWISE_BEZIER_KNOTS.);
#1020 = CARTESIAN_POINT('',(-99.8,-0.565685424949));
#1021 = CARTESIAN_POINT('',(-99.8,0.565685424949));
#1022 = ( GEOMETRIC_REPRESENTATION_CONTEXT(2) 
PARAMETRIC_REPRESENTATION_CONTEXT() REPRESENTATION_CONTEXT('2D SPACE',''
  ) );
#1023 = PCURVE('',#1024,#1029);
#1024 = CONICAL_SURFACE('',#1025,3.1,0.785398163397);
#1025 = AXIS2_PLACEMENT_3D('',#1026,#1027,#1028);
#1026 = CARTESIAN_POINT('',(149.9,-149.9,-6.8));
#1027 = DIRECTION('',(0.,0.,1.));
#1028 = DIRECTION('',(0.,-1.,0.));
#1029 = DEFINITIONAL_REPRESENTATION('',(#1030),#1033);
#1030 = B_SPLINE_CURVE_WITH_KNOTS('',1,(#1031,#1032),.UNSPECIFIED.,.F.,
  .F.,(2,2),(-0.565685424949,0.565685424949),.PIECEWISE_BEZIER_KNOTS.);
#1031 = CARTESIAN_POINT('',(0.,0.));
#1032 = CARTESIAN_POINT('',(0.,-0.8));
#1033 = ( GEOMETRIC_REPRESENTATION_CONTEXT(2) 
PARAMETRIC_REPRESENTATION_CONTEXT() REPRESENTATION_CONTEXT('2D SPACE',''
  ) );
#1034 = ORIENTED_EDGE('',*,*,#1035,.F.);
#1035 = EDGE_CURVE('',#988,#1010,#1036,.T.);
#1036 = SURFACE_CURVE('',#1037,(#1041,#1048),.PCURVE_S1.);
#1037 = LINE('',#1038,#1039);
#1038 = CARTESIAN_POINT('',(50.1,-152.2,-7.6));
#1039 = VECTOR('',#1040,1.);
#1040 = DIRECTION('',(1.,0.,0.));
#1041 = PCURVE('',#406,#1042);
#1042 = DEFINITIONAL_REPRESENTATION('',(#1043),#1047);
#1043 = LINE('',#1044,#1045);
#1044 = CARTESIAN_POINT('',(-0.,0.565685424949));
#1045 = VECTOR('',#1046,1.);
#1046 = DIRECTION('',(-1.,0.));
#1047 = ( GEOMETRIC_REPRESENTATION_CONTEXT(2) 
PARAMETRIC_REPRESENTATION_CONTEXT() REPRESENTATION_CONTEXT('2D SPACE',''
  ) );
#1048 = PCURVE('',#1049,#1054);
#1049 = PLANE('',#1050);
#1050 = AXIS2_PLACEMENT_3D('',#1051,#1052,#1053);
#1051 = CARTESIAN_POINT('',(100.,-100.,-7.6));
#1052 = DIRECTION('',(0.,0.,1.));
#1053 = DIRECTION('',(1.,0.,-0.));
#1054 = DEFINITIONAL_REPRESENTATION('',(#1055),#1059);
#1055 = LINE('',#1056,#1057);
#1056 = CARTESIAN_POINT('',(-49.9,-52.2));
#1057 = VECTOR('',#1058,1.);
#1058 = DIRECTION('',(1.,0.));
#1059 = ( GEOMETRIC_REPRESENTATION_CONTEXT(2) 
PARAMETRIC_REPRESENTATION_CONTEXT() REPRESENTATION_CONTEXT('2D SPACE',''
  ) );
#1060 = ADVANCED_FACE('',(#1061),#72,.T.);
#1061 = FACE_BOUND('',#1062,.T.);
#1062 = EDGE_LOOP('',(#1063,#1064,#1065,#1088,#1116,#1149,#1177,#1205));
#1063 = ORIENTED_EDGE('',*,*,#958,.F.);
#1064 = ORIENTED_EDGE('',*,*,#56,.T.);
#1065 = ORIENTED_EDGE('',*,*,#1066,.T.);
#1066 = EDGE_CURVE('',#57,#1067,#1069,.T.);
#1067 = VERTEX_POINT('',#1068);
#1068 = CARTESIAN_POINT('',(57.,-151.6,1.6));
#1069 = SURFACE_CURVE('',#1070,(#1074,#1081),.PCURVE_S1.);
#1070 = LINE('',#1071,#1072);
#1071 = CARTESIAN_POINT('',(57.,-154.,1.6));
#1072 = VECTOR('',#1073,1.);
#1073 = DIRECTION('',(0.,1.,0.));
#1074 = PCURVE('',#72,#1075);
#1075 = DEFINITIONAL_REPRESENTATION('',(#1076),#1080);
#1076 = LINE('',#1077,#1078);
#1077 = CARTESIAN_POINT('',(-43.,-54.));
#1078 = VECTOR('',#1079,1.);
#1079 = DIRECTION('',(0.,1.));
#1080 = ( GEOMETRIC_REPRESENTATION_CONTEXT(2) 
PARAMETRIC_REPRESENTATION_CONTEXT() REPRESENTATION_CONTEXT('2D SPACE',''
  ) );
#1081 = PCURVE('',#100,#1082);
#1082 = DEFINITIONAL_REPRESENTATION('',(#1083),#1087);
#1083 = LINE('',#1084,#1085);
#1084 = CARTESIAN_POINT('',(-43.,-54.));
#1085 = VECTOR('',#1086,1.);
#1086 = DIRECTION('',(0.,1.));
#1087 = ( GEOMETRIC_REPRESENTATION_CONTEXT(2) 
PARAMETRIC_REPRESENTATION_CONTEXT() REPRESENTATION_CONTEXT('2D SPACE',''
  ) );
#1088 = ORIENTED_EDGE('',*,*,#1089,.F.);
#1089 = EDGE_CURVE('',#1090,#1067,#1092,.T.);
#1090 = VERTEX_POINT('',#1091);
#1091 = CARTESIAN_POINT('',(50.1,-151.6,1.6));
#1092 = SURFACE_CURVE('',#1093,(#1097,#1104),.PCURVE_S1.);
#1093 = LINE('',#1094,#1095);
#1094 = CARTESIAN_POINT('',(48.4,-151.6,1.6));
#1095 = VECTOR('',#1096,1.);
#1096 = DIRECTION('',(1.,0.,0.));
#1097 = PCURVE('',#72,#1098);
#1098 = DEFINITIONAL_REPRESENTATION('',(#1099),#1103);
#1099 = LINE('',#1100,#1101);
#1100 = CARTESIAN_POINT('',(-51.6,-51.6));
#1101 = VECTOR('',#1102,1.);
#1102 = DIRECTION('',(1.,0.));
#1103 = ( GEOMETRIC_REPRESENTATION_CONTEXT(2) 
PARAMETRIC_REPRESENTATION_CONTEXT() REPRESENTATION_CONTEXT('2D SPACE',''
  ) );
#1104 = PCURVE('',#1105,#1110);
#1105 = PLANE('',#1106);
#1106 = AXIS2_PLACEMENT_3D('',#1107,#1108,#1109);
#1107 = CARTESIAN_POINT('',(48.4,-151.6,1.6));
#1108 = DIRECTION('',(0.,1.,0.));
#1109 = DIRECTION('',(1.,0.,0.));
#1110 = DEFINITIONAL_REPRESENTATION('',(#1111),#1115);
#1111 = LINE('',#1112,#1113);
#1112 = CARTESIAN_POINT('',(0.,0.));
#1113 = VECTOR('',#1114,1.);
#1114 = DIRECTION('',(1.,0.));
#1115 = ( GEOMETRIC_REPRESENTATION_CONTEXT(2) 
PARAMETRIC_REPRESENTATION_CONTEXT() REPRESENTATION_CONTEXT('2D SPACE',''
  ) );
#1116 = ORIENTED_EDGE('',*,*,#1117,.T.);
#1117 = EDGE_CURVE('',#1090,#1118,#1120,.T.);
#1118 = VERTEX_POINT('',#1119);
#1119 = CARTESIAN_POINT('',(48.4,-149.9,1.6));
#1120 = SURFACE_CURVE('',#1121,(#1126,#1137),.PCURVE_S1.);
#1121 = CIRCLE('',#1122,1.7);
#1122 = AXIS2_PLACEMENT_3D('',#1123,#1124,#1125);
#1123 = CARTESIAN_POINT('',(50.1,-149.9,1.6));
#1124 = DIRECTION('',(-0.,-0.,-1.));
#1125 = DIRECTION('',(0.,-1.,0.));
#1126 = PCURVE('',#72,#1127);
#1127 = DEFINITIONAL_REPRESENTATION('',(#1128),#1136);
#1128 = ( BOUNDED_CURVE() B_SPLINE_CURVE(2,(#1129,#1130,#1131,#1132,
#1133,#1134,#1135),.UNSPECIFIED.,.T.,.F.) B_SPLINE_CURVE_WITH_KNOTS((1,2
    ,2,2,2,1),(-2.094395102393,0.,2.094395102393,4.188790204786,
6.28318530718,8.377580409573),.UNSPECIFIED.) CURVE() 
GEOMETRIC_REPRESENTATION_ITEM() RATIONAL_B_SPLINE_CURVE((1.,0.5,1.,0.5,
1.,0.5,1.)) REPRESENTATION_ITEM('') );
#1129 = CARTESIAN_POINT('',(-49.9,-51.6));
#1130 = CARTESIAN_POINT('',(-52.84448637286,-51.6));
#1131 = CARTESIAN_POINT('',(-51.37224318643,-49.05));
#1132 = CARTESIAN_POINT('',(-49.9,-46.5));
#1133 = CARTESIAN_POINT('',(-48.42775681356,-49.05));
#1134 = CARTESIAN_POINT('',(-46.95551362713,-51.6));
#1135 = CARTESIAN_POINT('',(-49.9,-51.6));
#1136 = ( GEOMETRIC_REPRESENTATION_CONTEXT(2) 
PARAMETRIC_REPRESENTATION_CONTEXT() REPRESENTATION_CONTEXT('2D SPACE',''
  ) );
#1137 = PCURVE('',#1138,#1143);
#1138 = CYLINDRICAL_SURFACE('',#1139,1.7);
#1139 = AXIS2_PLACEMENT_3D('',#1140,#1141,#1142);
#1140 = CARTESIAN_POINT('',(50.1,-149.9,1.6));
#1141 = DIRECTION('',(0.,0.,1.));
#1142 = DIRECTION('',(0.,-1.,0.));
#1143 = DEFINITIONAL_REPRESENTATION('',(#1144),#1148);
#1144 = LINE('',#1145,#1146);
#1145 = CARTESIAN_POINT('',(-0.,-2.22044604925E-16));
#1146 = VECTOR('',#1147,1.);
#1147 = DIRECTION('',(-1.,0.));
#1148 = ( GEOMETRIC_REPRESENTATION_CONTEXT(2) 
PARAMETRIC_REPRESENTATION_CONTEXT() REPRESENTATION_CONTEXT('2D SPACE',''
  ) );
#1149 = ORIENTED_EDGE('',*,*,#1150,.F.);
#1150 = EDGE_CURVE('',#1151,#1118,#1153,.T.);
#1151 = VERTEX_POINT('',#1152);
#1152 = CARTESIAN_POINT('',(48.4,-97.8,1.6));
#1153 = SURFACE_CURVE('',#1154,(#1158,#1165),.PCURVE_S1.);
#1154 = LINE('',#1155,#1156);
#1155 = CARTESIAN_POINT('',(48.4,-48.4,1.6));
#1156 = VECTOR('',#1157,1.);
#1157 = DIRECTION('',(0.,-1.,0.));
#1158 = PCURVE('',#72,#1159);
#1159 = DEFINITIONAL_REPRESENTATION('',(#1160),#1164);
#1160 = LINE('',#1161,#1162);
#1161 = CARTESIAN_POINT('',(-51.6,51.6));
#1162 = VECTOR('',#1163,1.);
#1163 = DIRECTION('',(0.,-1.));
#1164 = ( GEOMETRIC_REPRESENTATION_CONTEXT(2) 
PARAMETRIC_REPRESENTATION_CONTEXT() REPRESENTATION_CONTEXT('2D SPACE',''
  ) );
#1165 = PCURVE('',#1166,#1171);
#1166 = PLANE('',#1167);
#1167 = AXIS2_PLACEMENT_3D('',#1168,#1169,#1170);
#1168 = CARTESIAN_POINT('',(48.4,-48.4,1.6));
#1169 = DIRECTION('',(1.,0.,-0.));
#1170 = DIRECTION('',(0.,-1.,0.));
#1171 = DEFINITIONAL_REPRESENTATION('',(#1172),#1176);
#1172 = LINE('',#1173,#1174);
#1173 = CARTESIAN_POINT('',(0.,0.));
#1174 = VECTOR('',#1175,1.);
#1175 = DIRECTION('',(1.,0.));
#1176 = ( GEOMETRIC_REPRESENTATION_CONTEXT(2) 
PARAMETRIC_REPRESENTATION_CONTEXT() REPRESENTATION_CONTEXT('2D SPACE',''
  ) );
#1177 = ORIENTED_EDGE('',*,*,#1178,.F.);
#1178 = EDGE_CURVE('',#1179,#1151,#1181,.T.);
#1179 = VERTEX_POINT('',#1180);
#1180 = CARTESIAN_POINT('',(47.,-97.8,1.6));
#1181 = SURFACE_CURVE('',#1182,(#1186,#1193),.PCURVE_S1.);
#1182 = LINE('',#1183,#1184);
#1183 = CARTESIAN_POINT('',(46.,-97.8,1.6));
#1184 = VECTOR('',#1185,1.);
#1185 = DIRECTION('',(1.,0.,0.));
#1186 = PCURVE('',#72,#1187);
#1187 = DEFINITIONAL_REPRESENTATION('',(#1188),#1192);
#1188 = LINE('',#1189,#1190);
#1189 = CARTESIAN_POINT('',(-54.,2.2));
#1190 = VECTOR('',#1191,1.);
#1191 = DIRECTION('',(1.,0.));
#1192 = ( GEOMETRIC_REPRESENTATION_CONTEXT(2) 
PARAMETRIC_REPRESENTATION_CONTEXT() REPRESENTATION_CONTEXT('2D SPACE',''
  ) );
#1193 = PCURVE('',#1194,#1199);
#1194 = PLANE('',#1195);
#1195 = AXIS2_PLACEMENT_3D('',#1196,#1197,#1198);
#1196 = CARTESIAN_POINT('',(100.,-100.,1.6));
#1197 = DIRECTION('',(0.,0.,1.));
#1198 = DIRECTION('',(1.,0.,-0.));
#1199 = DEFINITIONAL_REPRESENTATION('',(#1200),#1204);
#1200 = LINE('',#1201,#1202);
#1201 = CARTESIAN_POINT('',(-54.,2.2));
#1202 = VECTOR('',#1203,1.);
#1203 = DIRECTION('',(1.,0.));
#1204 = ( GEOMETRIC_REPRESENTATION_CONTEXT(2) 
PARAMETRIC_REPRESENTATION_CONTEXT() REPRESENTATION_CONTEXT('2D SPACE',''
  ) );
#1205 = ORIENTED_EDGE('',*,*,#1206,.T.);
#1206 = EDGE_CURVE('',#1179,#931,#1207,.T.);
#1207 = SURFACE_CURVE('',#1208,(#1212,#1219),.PCURVE_S1.);
#1208 = LINE('',#1209,#1210);
#1209 = CARTESIAN_POINT('',(47.,-47.,1.6));
#1210 = VECTOR('',#1211,1.);
#1211 = DIRECTION('',(0.,-1.,0.));
#1212 = PCURVE('',#72,#1213);
#1213 = DEFINITIONAL_REPRESENTATION('',(#1214),#1218);
#1214 = LINE('',#1215,#1216);
#1215 = CARTESIAN_POINT('',(-53.,53.));
#1216 = VECTOR('',#1217,1.);
#1217 = DIRECTION('',(0.,-1.));
#1218 = ( GEOMETRIC_REPRESENTATION_CONTEXT(2) 
PARAMETRIC_REPRESENTATION_CONTEXT() REPRESENTATION_CONTEXT('2D SPACE',''
  ) );
#1219 = PCURVE('',#946,#1220);
#1220 = DEFINITIONAL_REPRESENTATION('',(#1221),#1225);
#1221 = LINE('',#1222,#1223);
#1222 = CARTESIAN_POINT('',(0.,-9.2));
#1223 = VECTOR('',#1224,1.);
#1224 = DIRECTION('',(1.,0.));
#1225 = ( GEOMETRIC_REPRESENTATION_CONTEXT(2) 
PARAMETRIC_REPRESENTATION_CONTEXT() REPRESENTATION_CONTEXT('2D SPACE',''
  ) );
#1226 = ADVANCED_FACE('',(#1227),#380,.T.);
#1227 = FACE_BOUND('',#1228,.T.);
#1228 = EDGE_LOOP('',(#1229,#1230,#1254,#1280,#1309,#1337));
#1229 = ORIENTED_EDGE('',*,*,#364,.F.);
#1230 = ORIENTED_EDGE('',*,*,#1231,.T.);
#1231 = EDGE_CURVE('',#365,#1232,#1234,.T.);
#1232 = VERTEX_POINT('',#1233);
#1233 = CARTESIAN_POINT('',(152.18035085019,-152.,-6.8));
#1234 = SURFACE_CURVE('',#1235,(#1240,#1247),.PCURVE_S1.);
#1235 = CIRCLE('',#1236,3.1);
#1236 = AXIS2_PLACEMENT_3D('',#1237,#1238,#1239);
#1237 = CARTESIAN_POINT('',(149.9,-149.9,-6.8));
#1238 = DIRECTION('',(0.,0.,1.));
#1239 = DIRECTION('',(0.,-1.,0.));
#1240 = PCURVE('',#380,#1241);
#1241 = DEFINITIONAL_REPRESENTATION('',(#1242),#1246);
#1242 = LINE('',#1243,#1244);
#1243 = CARTESIAN_POINT('',(0.,0.8));
#1244 = VECTOR('',#1245,1.);
#1245 = DIRECTION('',(1.,0.));
#1246 = ( GEOMETRIC_REPRESENTATION_CONTEXT(2) 
PARAMETRIC_REPRESENTATION_CONTEXT() REPRESENTATION_CONTEXT('2D SPACE',''
  ) );
#1247 = PCURVE('',#1024,#1248);
#1248 = DEFINITIONAL_REPRESENTATION('',(#1249),#1253);
#1249 = LINE('',#1250,#1251);
#1250 = CARTESIAN_POINT('',(0.,-0.));
#1251 = VECTOR('',#1252,1.);
#1252 = DIRECTION('',(1.,-0.));
#1253 = ( GEOMETRIC_REPRESENTATION_CONTEXT(2) 
PARAMETRIC_REPRESENTATION_CONTEXT() REPRESENTATION_CONTEXT('2D SPACE',''
  ) );
#1254 = ORIENTED_EDGE('',*,*,#1255,.T.);
#1255 = EDGE_CURVE('',#1232,#1256,#1258,.T.);
#1256 = VERTEX_POINT('',#1257);
#1257 = CARTESIAN_POINT('',(152.18035085019,-152.,-4.));
#1258 = SURFACE_CURVE('',#1259,(#1263,#1269),.PCURVE_S1.);
#1259 = LINE('',#1260,#1261);
#1260 = CARTESIAN_POINT('',(152.18035085019,-152.,-7.6));
#1261 = VECTOR('',#1262,1.);
#1262 = DIRECTION('',(0.,0.,1.));
#1263 = PCURVE('',#380,#1264);
#1264 = DEFINITIONAL_REPRESENTATION('',(#1265),#1268);
#1265 = B_SPLINE_CURVE_WITH_KNOTS('',1,(#1266,#1267),.UNSPECIFIED.,.F.,
  .F.,(2,2),(0.7999994,3.96),.PIECEWISE_BEZIER_KNOTS.);
#1266 = CARTESIAN_POINT('',(0.826547616989,0.7999994));
#1267 = CARTESIAN_POINT('',(0.826547616989,3.96));
#1268 = ( GEOMETRIC_REPRESENTATION_CONTEXT(2) 
PARAMETRIC_REPRESENTATION_CONTEXT() REPRESENTATION_CONTEXT('2D SPACE',''
  ) );
#1269 = PCURVE('',#1270,#1275);
#1270 = PLANE('',#1271);
#1271 = AXIS2_PLACEMENT_3D('',#1272,#1273,#1274);
#1272 = CARTESIAN_POINT('',(152.,-152.,-7.6));
#1273 = DIRECTION('',(0.,1.,0.));
#1274 = DIRECTION('',(0.,0.,1.));
#1275 = DEFINITIONAL_REPRESENTATION('',(#1276),#1279);
#1276 = B_SPLINE_CURVE_WITH_KNOTS('',1,(#1277,#1278),.UNSPECIFIED.,.F.,
  .F.,(2,2),(0.7999994,3.96),.PIECEWISE_BEZIER_KNOTS.);
#1277 = CARTESIAN_POINT('',(0.7999994,0.180350850198));
#1278 = CARTESIAN_POINT('',(3.96,0.180350850198));
#1279 = ( GEOMETRIC_REPRESENTATION_CONTEXT(2) 
PARAMETRIC_REPRESENTATION_CONTEXT() REPRESENTATION_CONTEXT('2D SPACE',''
  ) );
#1280 = ORIENTED_EDGE('',*,*,#1281,.T.);
#1281 = EDGE_CURVE('',#1256,#1282,#1284,.T.);
#1282 = VERTEX_POINT('',#1283);
#1283 = CARTESIAN_POINT('',(153.,-149.9,-4.));
#1284 = SURFACE_CURVE('',#1285,(#1290,#1297),.PCURVE_S1.);
#1285 = CIRCLE('',#1286,3.1);
#1286 = AXIS2_PLACEMENT_3D('',#1287,#1288,#1289);
#1287 = CARTESIAN_POINT('',(149.9,-149.9,-4.));
#1288 = DIRECTION('',(0.,0.,1.));
#1289 = DIRECTION('',(0.,-1.,0.));
#1290 = PCURVE('',#380,#1291);
#1291 = DEFINITIONAL_REPRESENTATION('',(#1292),#1296);
#1292 = LINE('',#1293,#1294);
#1293 = CARTESIAN_POINT('',(0.,3.6));
#1294 = VECTOR('',#1295,1.);
#1295 = DIRECTION('',(1.,0.));
#1296 = ( GEOMETRIC_REPRESENTATION_CONTEXT(2) 
PARAMETRIC_REPRESENTATION_CONTEXT() REPRESENTATION_CONTEXT('2D SPACE',''
  ) );
#1297 = PCURVE('',#1298,#1303);
#1298 = PLANE('',#1299);
#1299 = AXIS2_PLACEMENT_3D('',#1300,#1301,#1302);
#1300 = CARTESIAN_POINT('',(160.,-146.,-4.));
#1301 = DIRECTION('',(0.,0.,1.));
#1302 = DIRECTION('',(1.,0.,-0.));
#1303 = DEFINITIONAL_REPRESENTATION('',(#1304),#1308);
#1304 = CIRCLE('',#1305,3.1);
#1305 = AXIS2_PLACEMENT_2D('',#1306,#1307);
#1306 = CARTESIAN_POINT('',(-10.1,-3.9));
#1307 = DIRECTION('',(0.,-1.));
#1308 = ( GEOMETRIC_REPRESENTATION_CONTEXT(2) 
PARAMETRIC_REPRESENTATION_CONTEXT() REPRESENTATION_CONTEXT('2D SPACE',''
  ) );
#1309 = ORIENTED_EDGE('',*,*,#1310,.T.);
#1310 = EDGE_CURVE('',#1282,#1311,#1313,.T.);
#1311 = VERTEX_POINT('',#1312);
#1312 = CARTESIAN_POINT('',(153.,-149.9,1.6));
#1313 = SURFACE_CURVE('',#1314,(#1318,#1325),.PCURVE_S1.);
#1314 = LINE('',#1315,#1316);
#1315 = CARTESIAN_POINT('',(153.,-149.9,-7.6));
#1316 = VECTOR('',#1317,1.);
#1317 = DIRECTION('',(0.,0.,1.));
#1318 = PCURVE('',#380,#1319);
#1319 = DEFINITIONAL_REPRESENTATION('',(#1320),#1324);
#1320 = LINE('',#1321,#1322);
#1321 = CARTESIAN_POINT('',(1.570796326795,0.));
#1322 = VECTOR('',#1323,1.);
#1323 = DIRECTION('',(0.,1.));
#1324 = ( GEOMETRIC_REPRESENTATION_CONTEXT(2) 
PARAMETRIC_REPRESENTATION_CONTEXT() REPRESENTATION_CONTEXT('2D SPACE',''
  ) );
#1325 = PCURVE('',#1326,#1331);
#1326 = PLANE('',#1327);
#1327 = AXIS2_PLACEMENT_3D('',#1328,#1329,#1330);
#1328 = CARTESIAN_POINT('',(153.,-153.,-7.6));
#1329 = DIRECTION('',(-1.,0.,0.));
#1330 = DIRECTION('',(0.,1.,0.));
#1331 = DEFINITIONAL_REPRESENTATION('',(#1332),#1336);
#1332 = LINE('',#1333,#1334);
#1333 = CARTESIAN_POINT('',(3.1,0.));
#1334 = VECTOR('',#1335,1.);
#1335 = DIRECTION('',(0.,-1.));
#1336 = ( GEOMETRIC_REPRESENTATION_CONTEXT(2) 
PARAMETRIC_REPRESENTATION_CONTEXT() REPRESENTATION_CONTEXT('2D SPACE',''
  ) );
#1337 = ORIENTED_EDGE('',*,*,#1338,.F.);
#1338 = EDGE_CURVE('',#337,#1311,#1339,.T.);
#1339 = SURFACE_CURVE('',#1340,(#1345,#1352),.PCURVE_S1.);
#1340 = CIRCLE('',#1341,3.1);
#1341 = AXIS2_PLACEMENT_3D('',#1342,#1343,#1344);
#1342 = CARTESIAN_POINT('',(149.9,-149.9,1.6));
#1343 = DIRECTION('',(0.,0.,1.));
#1344 = DIRECTION('',(0.,-1.,0.));
#1345 = PCURVE('',#380,#1346);
#1346 = DEFINITIONAL_REPRESENTATION('',(#1347),#1351);
#1347 = LINE('',#1348,#1349);
#1348 = CARTESIAN_POINT('',(0.,9.2));
#1349 = VECTOR('',#1350,1.);
#1350 = DIRECTION('',(1.,0.));
#1351 = ( GEOMETRIC_REPRESENTATION_CONTEXT(2) 
PARAMETRIC_REPRESENTATION_CONTEXT() REPRESENTATION_CONTEXT('2D SPACE',''
  ) );
#1352 = PCURVE('',#352,#1353);
#1353 = DEFINITIONAL_REPRESENTATION('',(#1354),#1358);
#1354 = CIRCLE('',#1355,3.1);
#1355 = AXIS2_PLACEMENT_2D('',#1356,#1357);
#1356 = CARTESIAN_POINT('',(49.9,-49.9));
#1357 = DIRECTION('',(0.,-1.));
#1358 = ( GEOMETRIC_REPRESENTATION_CONTEXT(2) 
PARAMETRIC_REPRESENTATION_CONTEXT() REPRESENTATION_CONTEXT('2D SPACE',''
  ) );
#1359 = ADVANCED_FACE('',(#1360),#100,.T.);
#1360 = FACE_BOUND('',#1361,.T.);
#1361 = EDGE_LOOP('',(#1362,#1363,#1364,#1387));
#1362 = ORIENTED_EDGE('',*,*,#1066,.F.);
#1363 = ORIENTED_EDGE('',*,*,#84,.T.);
#1364 = ORIENTED_EDGE('',*,*,#1365,.T.);
#1365 = EDGE_CURVE('',#85,#1366,#1368,.T.);
#1366 = VERTEX_POINT('',#1367);
#1367 = CARTESIAN_POINT('',(68.7,-151.6,1.6));
#1368 = SURFACE_CURVE('',#1369,(#1373,#1380),.PCURVE_S1.);
#1369 = LINE('',#1370,#1371);
#1370 = CARTESIAN_POINT('',(68.7,-154.,1.6));
#1371 = VECTOR('',#1372,1.);
#1372 = DIRECTION('',(0.,1.,0.));
#1373 = PCURVE('',#100,#1374);
#1374 = DEFINITIONAL_REPRESENTATION('',(#1375),#1379);
#1375 = LINE('',#1376,#1377);
#1376 = CARTESIAN_POINT('',(-31.3,-54.));
#1377 = VECTOR('',#1378,1.);
#1378 = DIRECTION('',(0.,1.));
#1379 = ( GEOMETRIC_REPRESENTATION_CONTEXT(2) 
PARAMETRIC_REPRESENTATION_CONTEXT() REPRESENTATION_CONTEXT('2D SPACE',''
  ) );
#1380 = PCURVE('',#128,#1381);
#1381 = DEFINITIONAL_REPRESENTATION('',(#1382),#1386);
#1382 = LINE('',#1383,#1384);
#1383 = CARTESIAN_POINT('',(-31.3,-54.));
#1384 = VECTOR('',#1385,1.);
#1385 = DIRECTION('',(0.,1.));
#1386 = ( GEOMETRIC_REPRESENTATION_CONTEXT(2) 
PARAMETRIC_REPRESENTATION_CONTEXT() REPRESENTATION_CONTEXT('2D SPACE',''
  ) );
#1387 = ORIENTED_EDGE('',*,*,#1388,.F.);
#1388 = EDGE_CURVE('',#1067,#1366,#1389,.T.);
#1389 = SURFACE_CURVE('',#1390,(#1394,#1401),.PCURVE_S1.);
#1390 = LINE('',#1391,#1392);
#1391 = CARTESIAN_POINT('',(48.4,-151.6,1.6));
#1392 = VECTOR('',#1393,1.);
#1393 = DIRECTION('',(1.,0.,0.));
#1394 = PCURVE('',#100,#1395);
#1395 = DEFINITIONAL_REPRESENTATION('',(#1396),#1400);
#1396 = LINE('',#1397,#1398);
#1397 = CARTESIAN_POINT('',(-51.6,-51.6));
#1398 = VECTOR('',#1399,1.);
#1399 = DIRECTION('',(1.,0.));
#1400 = ( GEOMETRIC_REPRESENTATION_CONTEXT(2) 
PARAMETRIC_REPRESENTATION_CONTEXT() REPRESENTATION_CONTEXT('2D SPACE',''
  ) );
#1401 = PCURVE('',#1402,#1407);
#1402 = PLANE('',#1403);
#1403 = AXIS2_PLACEMENT_3D('',#1404,#1405,#1406);
#1404 = CARTESIAN_POINT('',(57.,-154.,1.6));
#1405 = DIRECTION('',(0.,0.,1.));
#1406 = DIRECTION('',(1.,0.,0.));
#1407 = DEFINITIONAL_REPRESENTATION('',(#1408),#1412);
#1408 = LINE('',#1409,#1410);
#1409 = CARTESIAN_POINT('',(-8.6,2.4));
#1410 = VECTOR('',#1411,1.);
#1411 = DIRECTION('',(1.,0.));
#1412 = ( GEOMETRIC_REPRESENTATION_CONTEXT(2) 
PARAMETRIC_REPRESENTATION_CONTEXT() REPRESENTATION_CONTEXT('2D SPACE',''
  ) );
#1413 = ADVANCED_FACE('',(#1414),#352,.T.);
#1414 = FACE_BOUND('',#1415,.T.);
#1415 = EDGE_LOOP('',(#1416,#1439,#1440,#1441,#1464,#1492,#1520,#1549));
#1416 = ORIENTED_EDGE('',*,*,#1417,.F.);
#1417 = EDGE_CURVE('',#309,#1418,#1420,.T.);
#1418 = VERTEX_POINT('',#1419);
#1419 = CARTESIAN_POINT('',(141.8,-151.6,1.6));
#1420 = SURFACE_CURVE('',#1421,(#1425,#1432),.PCURVE_S1.);
#1421 = LINE('',#1422,#1423);
#1422 = CARTESIAN_POINT('',(141.8,-154.,1.6));
#1423 = VECTOR('',#1424,1.);
#1424 = DIRECTION('',(0.,1.,0.));
#1425 = PCURVE('',#352,#1426);
#1426 = DEFINITIONAL_REPRESENTATION('',(#1427),#1431);
#1427 = LINE('',#1428,#1429);
#1428 = CARTESIAN_POINT('',(41.8,-54.));
#1429 = VECTOR('',#1430,1.);
#1430 = DIRECTION('',(0.,1.));
#1431 = ( GEOMETRIC_REPRESENTATION_CONTEXT(2) 
PARAMETRIC_REPRESENTATION_CONTEXT() REPRESENTATION_CONTEXT('2D SPACE',''
  ) );
#1432 = PCURVE('',#324,#1433);
#1433 = DEFINITIONAL_REPRESENTATION('',(#1434),#1438);
#1434 = LINE('',#1435,#1436);
#1435 = CARTESIAN_POINT('',(41.8,-54.));
#1436 = VECTOR('',#1437,1.);
#1437 = DIRECTION('',(0.,1.));
#1438 = ( GEOMETRIC_REPRESENTATION_CONTEXT(2) 
PARAMETRIC_REPRESENTATION_CONTEXT() REPRESENTATION_CONTEXT('2D SPACE',''
  ) );
#1439 = ORIENTED_EDGE('',*,*,#336,.T.);
#1440 = ORIENTED_EDGE('',*,*,#1338,.T.);
#1441 = ORIENTED_EDGE('',*,*,#1442,.T.);
#1442 = EDGE_CURVE('',#1311,#1443,#1445,.T.);
#1443 = VERTEX_POINT('',#1444);
#1444 = CARTESIAN_POINT('',(153.,-122.7,1.6));
#1445 = SURFACE_CURVE('',#1446,(#1450,#1457),.PCURVE_S1.);
#1446 = LINE('',#1447,#1448);
#1447 = CARTESIAN_POINT('',(153.,-153.,1.6));
#1448 = VECTOR('',#1449,1.);
#1449 = DIRECTION('',(0.,1.,0.));
#1450 = PCURVE('',#352,#1451);
#1451 = DEFINITIONAL_REPRESENTATION('',(#1452),#1456);
#1452 = LINE('',#1453,#1454);
#1453 = CARTESIAN_POINT('',(53.,-53.));
#1454 = VECTOR('',#1455,1.);
#1455 = DIRECTION('',(0.,1.));
#1456 = ( GEOMETRIC_REPRESENTATION_CONTEXT(2) 
PARAMETRIC_REPRESENTATION_CONTEXT() REPRESENTATION_CONTEXT('2D SPACE',''
  ) );
#1457 = PCURVE('',#1326,#1458);
#1458 = DEFINITIONAL_REPRESENTATION('',(#1459),#1463);
#1459 = LINE('',#1460,#1461);
#1460 = CARTESIAN_POINT('',(0.,-9.2));
#1461 = VECTOR('',#1462,1.);
#1462 = DIRECTION('',(1.,0.));
#1463 = ( GEOMETRIC_REPRESENTATION_CONTEXT(2) 
PARAMETRIC_REPRESENTATION_CONTEXT() REPRESENTATION_CONTEXT('2D SPACE',''
  ) );
#1464 = ORIENTED_EDGE('',*,*,#1465,.F.);
#1465 = EDGE_CURVE('',#1466,#1443,#1468,.T.);
#1466 = VERTEX_POINT('',#1467);
#1467 = CARTESIAN_POINT('',(151.6,-122.7,1.6));
#1468 = SURFACE_CURVE('',#1469,(#1473,#1480),.PCURVE_S1.);
#1469 = LINE('',#1470,#1471);
#1470 = CARTESIAN_POINT('',(150.35,-122.7,1.6));
#1471 = VECTOR('',#1472,1.);
#1472 = DIRECTION('',(1.,0.,0.));
#1473 = PCURVE('',#352,#1474);
#1474 = DEFINITIONAL_REPRESENTATION('',(#1475),#1479);
#1475 = LINE('',#1476,#1477);
#1476 = CARTESIAN_POINT('',(50.35,-22.7));
#1477 = VECTOR('',#1478,1.);
#1478 = DIRECTION('',(1.,0.));
#1479 = ( GEOMETRIC_REPRESENTATION_CONTEXT(2) 
PARAMETRIC_REPRESENTATION_CONTEXT() REPRESENTATION_CONTEXT('2D SPACE',''
  ) );
#1480 = PCURVE('',#1481,#1486);
#1481 = PLANE('',#1482);
#1482 = AXIS2_PLACEMENT_3D('',#1483,#1484,#1485);
#1483 = CARTESIAN_POINT('',(100.,-100.,1.6));
#1484 = DIRECTION('',(0.,0.,1.));
#1485 = DIRECTION('',(1.,0.,-0.));
#1486 = DEFINITIONAL_REPRESENTATION('',(#1487),#1491);
#1487 = LINE('',#1488,#1489);
#1488 = CARTESIAN_POINT('',(50.35,-22.7));
#1489 = VECTOR('',#1490,1.);
#1490 = DIRECTION('',(1.,0.));
#1491 = ( GEOMETRIC_REPRESENTATION_CONTEXT(2) 
PARAMETRIC_REPRESENTATION_CONTEXT() REPRESENTATION_CONTEXT('2D SPACE',''
  ) );
#1492 = ORIENTED_EDGE('',*,*,#1493,.F.);
#1493 = EDGE_CURVE('',#1494,#1466,#1496,.T.);
#1494 = VERTEX_POINT('',#1495);
#1495 = CARTESIAN_POINT('',(151.6,-149.9,1.6));
#1496 = SURFACE_CURVE('',#1497,(#1501,#1508),.PCURVE_S1.);
#1497 = LINE('',#1498,#1499);
#1498 = CARTESIAN_POINT('',(151.6,-151.6,1.6));
#1499 = VECTOR('',#1500,1.);
#1500 = DIRECTION('',(0.,1.,0.));
#1501 = PCURVE('',#352,#1502);
#1502 = DEFINITIONAL_REPRESENTATION('',(#1503),#1507);
#1503 = LINE('',#1504,#1505);
#1504 = CARTESIAN_POINT('',(51.6,-51.6));
#1505 = VECTOR('',#1506,1.);
#1506 = DIRECTION('',(0.,1.));
#1507 = ( GEOMETRIC_REPRESENTATION_CONTEXT(2) 
PARAMETRIC_REPRESENTATION_CONTEXT() REPRESENTATION_CONTEXT('2D SPACE',''
  ) );
#1508 = PCURVE('',#1509,#1514);
#1509 = PLANE('',#1510);
#1510 = AXIS2_PLACEMENT_3D('',#1511,#1512,#1513);
#1511 = CARTESIAN_POINT('',(151.6,-151.6,1.6));
#1512 = DIRECTION('',(-1.,0.,0.));
#1513 = DIRECTION('',(0.,1.,0.));
#1514 = DEFINITIONAL_REPRESENTATION('',(#1515),#1519);
#1515 = LINE('',#1516,#1517);
#1516 = CARTESIAN_POINT('',(0.,0.));
#1517 = VECTOR('',#1518,1.);
#1518 = DIRECTION('',(1.,0.));
#1519 = ( GEOMETRIC_REPRESENTATION_CONTEXT(2) 
PARAMETRIC_REPRESENTATION_CONTEXT() REPRESENTATION_CONTEXT('2D SPACE',''
  ) );
#1520 = ORIENTED_EDGE('',*,*,#1521,.F.);
#1521 = EDGE_CURVE('',#1522,#1494,#1524,.T.);
#1522 = VERTEX_POINT('',#1523);
#1523 = CARTESIAN_POINT('',(149.9,-151.6,1.6));
#1524 = SURFACE_CURVE('',#1525,(#1530,#1537),.PCURVE_S1.);
#1525 = CIRCLE('',#1526,1.7);
#1526 = AXIS2_PLACEMENT_3D('',#1527,#1528,#1529);
#1527 = CARTESIAN_POINT('',(149.9,-149.9,1.6));
#1528 = DIRECTION('',(0.,0.,1.));
#1529 = DIRECTION('',(0.,-1.,0.));
#1530 = PCURVE('',#352,#1531);
#1531 = DEFINITIONAL_REPRESENTATION('',(#1532),#1536);
#1532 = CIRCLE('',#1533,1.7);
#1533 = AXIS2_PLACEMENT_2D('',#1534,#1535);
#1534 = CARTESIAN_POINT('',(49.9,-49.9));
#1535 = DIRECTION('',(0.,-1.));
#1536 = ( GEOMETRIC_REPRESENTATION_CONTEXT(2) 
PARAMETRIC_REPRESENTATION_CONTEXT() REPRESENTATION_CONTEXT('2D SPACE',''
  ) );
#1537 = PCURVE('',#1538,#1543);
#1538 = CYLINDRICAL_SURFACE('',#1539,1.7);
#1539 = AXIS2_PLACEMENT_3D('',#1540,#1541,#1542);
#1540 = CARTESIAN_POINT('',(149.9,-149.9,1.6));
#1541 = DIRECTION('',(0.,0.,1.));
#1542 = DIRECTION('',(0.,-1.,0.));
#1543 = DEFINITIONAL_REPRESENTATION('',(#1544),#1548);
#1544 = LINE('',#1545,#1546);
#1545 = CARTESIAN_POINT('',(0.,-2.22044604925E-16));
#1546 = VECTOR('',#1547,1.);
#1547 = DIRECTION('',(1.,0.));
#1548 = ( GEOMETRIC_REPRESENTATION_CONTEXT(2) 
PARAMETRIC_REPRESENTATION_CONTEXT() REPRESENTATION_CONTEXT('2D SPACE',''
  ) );
#1549 = ORIENTED_EDGE('',*,*,#1550,.F.);
#1550 = EDGE_CURVE('',#1418,#1522,#1551,.T.);
#1551 = SURFACE_CURVE('',#1552,(#1556,#1563),.PCURVE_S1.);
#1552 = LINE('',#1553,#1554);
#1553 = CARTESIAN_POINT('',(48.4,-151.6,1.6));
#1554 = VECTOR('',#1555,1.);
#1555 = DIRECTION('',(1.,0.,0.));
#1556 = PCURVE('',#352,#1557);
#1557 = DEFINITIONAL_REPRESENTATION('',(#1558),#1562);
#1558 = LINE('',#1559,#1560);
#1559 = CARTESIAN_POINT('',(-51.6,-51.6));
#1560 = VECTOR('',#1561,1.);
#1561 = DIRECTION('',(1.,0.));
#1562 = ( GEOMETRIC_REPRESENTATION_CONTEXT(2) 
PARAMETRIC_REPRESENTATION_CONTEXT() REPRESENTATION_CONTEXT('2D SPACE',''
  ) );
#1563 = PCURVE('',#1564,#1569);
#1564 = PLANE('',#1565);
#1565 = AXIS2_PLACEMENT_3D('',#1566,#1567,#1568);
#1566 = CARTESIAN_POINT('',(48.4,-151.6,1.6));
#1567 = DIRECTION('',(0.,1.,0.));
#1568 = DIRECTION('',(1.,0.,0.));
#1569 = DEFINITIONAL_REPRESENTATION('',(#1570),#1574);
#1570 = LINE('',#1571,#1572);
#1571 = CARTESIAN_POINT('',(0.,0.));
#1572 = VECTOR('',#1573,1.);
#1573 = DIRECTION('',(1.,0.));
#1574 = ( GEOMETRIC_REPRESENTATION_CONTEXT(2) 
PARAMETRIC_REPRESENTATION_CONTEXT() REPRESENTATION_CONTEXT('2D SPACE',''
  ) );
#1575 = ADVANCED_FACE('',(#1576),#128,.T.);
#1576 = FACE_BOUND('',#1577,.T.);
#1577 = EDGE_LOOP('',(#1578,#1579,#1580,#1603));
#1578 = ORIENTED_EDGE('',*,*,#1365,.F.);
#1579 = ORIENTED_EDGE('',*,*,#112,.T.);
#1580 = ORIENTED_EDGE('',*,*,#1581,.T.);
#1581 = EDGE_CURVE('',#113,#1582,#1584,.T.);
#1582 = VERTEX_POINT('',#1583);
#1583 = CARTESIAN_POINT('',(74.,-151.6,1.6));
#1584 = SURFACE_CURVE('',#1585,(#1589,#1596),.PCURVE_S1.);
#1585 = LINE('',#1586,#1587);
#1586 = CARTESIAN_POINT('',(74.,-154.,1.6));
#1587 = VECTOR('',#1588,1.);
#1588 = DIRECTION('',(0.,1.,0.));
#1589 = PCURVE('',#128,#1590);
#1590 = DEFINITIONAL_REPRESENTATION('',(#1591),#1595);
#1591 = LINE('',#1592,#1593);
#1592 = CARTESIAN_POINT('',(-26.,-54.));
#1593 = VECTOR('',#1594,1.);
#1594 = DIRECTION('',(0.,1.));
#1595 = ( GEOMETRIC_REPRESENTATION_CONTEXT(2) 
PARAMETRIC_REPRESENTATION_CONTEXT() REPRESENTATION_CONTEXT('2D SPACE',''
  ) );
#1596 = PCURVE('',#156,#1597);
#1597 = DEFINITIONAL_REPRESENTATION('',(#1598),#1602);
#1598 = LINE('',#1599,#1600);
#1599 = CARTESIAN_POINT('',(-26.,-54.));
#1600 = VECTOR('',#1601,1.);
#1601 = DIRECTION('',(0.,1.));
#1602 = ( GEOMETRIC_REPRESENTATION_CONTEXT(2) 
PARAMETRIC_REPRESENTATION_CONTEXT() REPRESENTATION_CONTEXT('2D SPACE',''
  ) );
#1603 = ORIENTED_EDGE('',*,*,#1604,.F.);
#1604 = EDGE_CURVE('',#1366,#1582,#1605,.T.);
#1605 = SURFACE_CURVE('',#1606,(#1610,#1617),.PCURVE_S1.);
#1606 = LINE('',#1607,#1608);
#1607 = CARTESIAN_POINT('',(48.4,-151.6,1.6));
#1608 = VECTOR('',#1609,1.);
#1609 = DIRECTION('',(1.,0.,0.));
#1610 = PCURVE('',#128,#1611);
#1611 = DEFINITIONAL_REPRESENTATION('',(#1612),#1616);
#1612 = LINE('',#1613,#1614);
#1613 = CARTESIAN_POINT('',(-51.6,-51.6));
#1614 = VECTOR('',#1615,1.);
#1615 = DIRECTION('',(1.,0.));
#1616 = ( GEOMETRIC_REPRESENTATION_CONTEXT(2) 
PARAMETRIC_REPRESENTATION_CONTEXT() REPRESENTATION_CONTEXT('2D SPACE',''
  ) );
#1617 = PCURVE('',#1618,#1623);
#1618 = PLANE('',#1619);
#1619 = AXIS2_PLACEMENT_3D('',#1620,#1621,#1622);
#1620 = CARTESIAN_POINT('',(48.4,-151.6,1.6));
#1621 = DIRECTION('',(0.,1.,0.));
#1622 = DIRECTION('',(1.,0.,0.));
#1623 = DEFINITIONAL_REPRESENTATION('',(#1624),#1628);
#1624 = LINE('',#1625,#1626);
#1625 = CARTESIAN_POINT('',(0.,0.));
#1626 = VECTOR('',#1627,1.);
#1627 = DIRECTION('',(1.,0.));
#1628 = ( GEOMETRIC_REPRESENTATION_CONTEXT(2) 
PARAMETRIC_REPRESENTATION_CONTEXT() REPRESENTATION_CONTEXT('2D SPACE',''
  ) );
#1629 = ADVANCED_FACE('',(#1630),#324,.T.);
#1630 = FACE_BOUND('',#1631,.T.);
#1631 = EDGE_LOOP('',(#1632,#1655,#1656,#1657));
#1632 = ORIENTED_EDGE('',*,*,#1633,.F.);
#1633 = EDGE_CURVE('',#281,#1634,#1636,.T.);
#1634 = VERTEX_POINT('',#1635);
#1635 = CARTESIAN_POINT('',(126.3,-151.6,1.6));
#1636 = SURFACE_CURVE('',#1637,(#1641,#1648),.PCURVE_S1.);
#1637 = LINE('',#1638,#1639);
#1638 = CARTESIAN_POINT('',(126.3,-154.,1.6));
#1639 = VECTOR('',#1640,1.);
#1640 = DIRECTION('',(0.,1.,0.));
#1641 = PCURVE('',#324,#1642);
#1642 = DEFINITIONAL_REPRESENTATION('',(#1643),#1647);
#1643 = LINE('',#1644,#1645);
#1644 = CARTESIAN_POINT('',(26.3,-54.));
#1645 = VECTOR('',#1646,1.);
#1646 = DIRECTION('',(0.,1.));
#1647 = ( GEOMETRIC_REPRESENTATION_CONTEXT(2) 
PARAMETRIC_REPRESENTATION_CONTEXT() REPRESENTATION_CONTEXT('2D SPACE',''
  ) );
#1648 = PCURVE('',#296,#1649);
#1649 = DEFINITIONAL_REPRESENTATION('',(#1650),#1654);
#1650 = LINE('',#1651,#1652);
#1651 = CARTESIAN_POINT('',(26.3,-54.));
#1652 = VECTOR('',#1653,1.);
#1653 = DIRECTION('',(0.,1.));
#1654 = ( GEOMETRIC_REPRESENTATION_CONTEXT(2) 
PARAMETRIC_REPRESENTATION_CONTEXT() REPRESENTATION_CONTEXT('2D SPACE',''
  ) );
#1655 = ORIENTED_EDGE('',*,*,#308,.T.);
#1656 = ORIENTED_EDGE('',*,*,#1417,.T.);
#1657 = ORIENTED_EDGE('',*,*,#1658,.F.);
#1658 = EDGE_CURVE('',#1634,#1418,#1659,.T.);
#1659 = SURFACE_CURVE('',#1660,(#1664,#1671),.PCURVE_S1.);
#1660 = LINE('',#1661,#1662);
#1661 = CARTESIAN_POINT('',(48.4,-151.6,1.6));
#1662 = VECTOR('',#1663,1.);
#1663 = DIRECTION('',(1.,0.,0.));
#1664 = PCURVE('',#324,#1665);
#1665 = DEFINITIONAL_REPRESENTATION('',(#1666),#1670);
#1666 = LINE('',#1667,#1668);
#1667 = CARTESIAN_POINT('',(-51.6,-51.6));
#1668 = VECTOR('',#1669,1.);
#1669 = DIRECTION('',(1.,0.));
#1670 = ( GEOMETRIC_REPRESENTATION_CONTEXT(2) 
PARAMETRIC_REPRESENTATION_CONTEXT() REPRESENTATION_CONTEXT('2D SPACE',''
  ) );
#1671 = PCURVE('',#1672,#1677);
#1672 = PLANE('',#1673);
#1673 = AXIS2_PLACEMENT_3D('',#1674,#1675,#1676);
#1674 = CARTESIAN_POINT('',(126.3,-154.,1.6));
#1675 = DIRECTION('',(0.,0.,1.));
#1676 = DIRECTION('',(1.,0.,0.));
#1677 = DEFINITIONAL_REPRESENTATION('',(#1678),#1682);
#1678 = LINE('',#1679,#1680);
#1679 = CARTESIAN_POINT('',(-77.9,2.4));
#1680 = VECTOR('',#1681,1.);
#1681 = DIRECTION('',(1.,0.));
#1682 = ( GEOMETRIC_REPRESENTATION_CONTEXT(2) 
PARAMETRIC_REPRESENTATION_CONTEXT() REPRESENTATION_CONTEXT('2D SPACE',''
  ) );
#1683 = ADVANCED_FACE('',(#1684),#156,.T.);
#1684 = FACE_BOUND('',#1685,.T.);
#1685 = EDGE_LOOP('',(#1686,#1687,#1688,#1711));
#1686 = ORIENTED_EDGE('',*,*,#1581,.F.);
#1687 = ORIENTED_EDGE('',*,*,#140,.T.);
#1688 = ORIENTED_EDGE('',*,*,#1689,.T.);
#1689 = EDGE_CURVE('',#141,#1690,#1692,.T.);
#1690 = VERTEX_POINT('',#1691);
#1691 = CARTESIAN_POINT('',(85.7,-151.6,1.6));
#1692 = SURFACE_CURVE('',#1693,(#1697,#1704),.PCURVE_S1.);
#1693 = LINE('',#1694,#1695);
#1694 = CARTESIAN_POINT('',(85.7,-154.,1.6));
#1695 = VECTOR('',#1696,1.);
#1696 = DIRECTION('',(0.,1.,0.));
#1697 = PCURVE('',#156,#1698);
#1698 = DEFINITIONAL_REPRESENTATION('',(#1699),#1703);
#1699 = LINE('',#1700,#1701);
#1700 = CARTESIAN_POINT('',(-14.3,-54.));
#1701 = VECTOR('',#1702,1.);
#1702 = DIRECTION('',(0.,1.));
#1703 = ( GEOMETRIC_REPRESENTATION_CONTEXT(2) 
PARAMETRIC_REPRESENTATION_CONTEXT() REPRESENTATION_CONTEXT('2D SPACE',''
  ) );
#1704 = PCURVE('',#184,#1705);
#1705 = DEFINITIONAL_REPRESENTATION('',(#1706),#1710);
#1706 = LINE('',#1707,#1708);
#1707 = CARTESIAN_POINT('',(-14.3,-54.));
#1708 = VECTOR('',#1709,1.);
#1709 = DIRECTION('',(0.,1.));
#1710 = ( GEOMETRIC_REPRESENTATION_CONTEXT(2) 
PARAMETRIC_REPRESENTATION_CONTEXT() REPRESENTATION_CONTEXT('2D SPACE',''
  ) );
#1711 = ORIENTED_EDGE('',*,*,#1712,.F.);
#1712 = EDGE_CURVE('',#1582,#1690,#1713,.T.);
#1713 = SURFACE_CURVE('',#1714,(#1718,#1725),.PCURVE_S1.);
#1714 = LINE('',#1715,#1716);
#1715 = CARTESIAN_POINT('',(48.4,-151.6,1.6));
#1716 = VECTOR('',#1717,1.);
#1717 = DIRECTION('',(1.,0.,0.));
#1718 = PCURVE('',#156,#1719);
#1719 = DEFINITIONAL_REPRESENTATION('',(#1720),#1724);
#1720 = LINE('',#1721,#1722);
#1721 = CARTESIAN_POINT('',(-51.6,-51.6));
#1722 = VECTOR('',#1723,1.);
#1723 = DIRECTION('',(1.,0.));
#1724 = ( GEOMETRIC_REPRESENTATION_CONTEXT(2) 
PARAMETRIC_REPRESENTATION_CONTEXT() REPRESENTATION_CONTEXT('2D SPACE',''
  ) );
#1725 = PCURVE('',#1726,#1731);
#1726 = PLANE('',#1727);
#1727 = AXIS2_PLACEMENT_3D('',#1728,#1729,#1730);
#1728 = CARTESIAN_POINT('',(74.,-154.,1.6));
#1729 = DIRECTION('',(0.,0.,1.));
#1730 = DIRECTION('',(1.,0.,0.));
#1731 = DEFINITIONAL_REPRESENTATION('',(#1732),#1736);
#1732 = LINE('',#1733,#1734);
#1733 = CARTESIAN_POINT('',(-25.6,2.4));
#1734 = VECTOR('',#1735,1.);
#1735 = DIRECTION('',(1.,0.));
#1736 = ( GEOMETRIC_REPRESENTATION_CONTEXT(2) 
PARAMETRIC_REPRESENTATION_CONTEXT() REPRESENTATION_CONTEXT('2D SPACE',''
  ) );
#1737 = ADVANCED_FACE('',(#1738),#296,.T.);
#1738 = FACE_BOUND('',#1739,.T.);
#1739 = EDGE_LOOP('',(#1740,#1763,#1764,#1765));
#1740 = ORIENTED_EDGE('',*,*,#1741,.F.);
#1741 = EDGE_CURVE('',#253,#1742,#1744,.T.);
#1742 = VERTEX_POINT('',#1743);
#1743 = CARTESIAN_POINT('',(121.8,-151.6,1.6));
#1744 = SURFACE_CURVE('',#1745,(#1749,#1756),.PCURVE_S1.);
#1745 = LINE('',#1746,#1747);
#1746 = CARTESIAN_POINT('',(121.8,-154.,1.6));
#1747 = VECTOR('',#1748,1.);
#1748 = DIRECTION('',(0.,1.,0.));
#1749 = PCURVE('',#296,#1750);
#1750 = DEFINITIONAL_REPRESENTATION('',(#1751),#1755);
#1751 = LINE('',#1752,#1753);
#1752 = CARTESIAN_POINT('',(21.8,-54.));
#1753 = VECTOR('',#1754,1.);
#1754 = DIRECTION('',(0.,1.));
#1755 = ( GEOMETRIC_REPRESENTATION_CONTEXT(2) 
PARAMETRIC_REPRESENTATION_CONTEXT() REPRESENTATION_CONTEXT('2D SPACE',''
  ) );
#1756 = PCURVE('',#268,#1757);
#1757 = DEFINITIONAL_REPRESENTATION('',(#1758),#1762);
#1758 = LINE('',#1759,#1760);
#1759 = CARTESIAN_POINT('',(21.8,-54.));
#1760 = VECTOR('',#1761,1.);
#1761 = DIRECTION('',(0.,1.));
#1762 = ( GEOMETRIC_REPRESENTATION_CONTEXT(2) 
PARAMETRIC_REPRESENTATION_CONTEXT() REPRESENTATION_CONTEXT('2D SPACE',''
  ) );
#1763 = ORIENTED_EDGE('',*,*,#280,.T.);
#1764 = ORIENTED_EDGE('',*,*,#1633,.T.);
#1765 = ORIENTED_EDGE('',*,*,#1766,.F.);
#1766 = EDGE_CURVE('',#1742,#1634,#1767,.T.);
#1767 = SURFACE_CURVE('',#1768,(#1772,#1779),.PCURVE_S1.);
#1768 = LINE('',#1769,#1770);
#1769 = CARTESIAN_POINT('',(48.4,-151.6,1.6));
#1770 = VECTOR('',#1771,1.);
#1771 = DIRECTION('',(1.,0.,0.));
#1772 = PCURVE('',#296,#1773);
#1773 = DEFINITIONAL_REPRESENTATION('',(#1774),#1778);
#1774 = LINE('',#1775,#1776);
#1775 = CARTESIAN_POINT('',(-51.6,-51.6));
#1776 = VECTOR('',#1777,1.);
#1777 = DIRECTION('',(1.,0.));
#1778 = ( GEOMETRIC_REPRESENTATION_CONTEXT(2) 
PARAMETRIC_REPRESENTATION_CONTEXT() REPRESENTATION_CONTEXT('2D SPACE',''
  ) );
#1779 = PCURVE('',#1780,#1785);
#1780 = PLANE('',#1781);
#1781 = AXIS2_PLACEMENT_3D('',#1782,#1783,#1784);
#1782 = CARTESIAN_POINT('',(48.4,-151.6,1.6));
#1783 = DIRECTION('',(0.,1.,0.));
#1784 = DIRECTION('',(1.,0.,0.));
#1785 = DEFINITIONAL_REPRESENTATION('',(#1786),#1790);
#1786 = LINE('',#1787,#1788);
#1787 = CARTESIAN_POINT('',(0.,0.));
#1788 = VECTOR('',#1789,1.);
#1789 = DIRECTION('',(1.,0.));
#1790 = ( GEOMETRIC_REPRESENTATION_CONTEXT(2) 
PARAMETRIC_REPRESENTATION_CONTEXT() REPRESENTATION_CONTEXT('2D SPACE',''
  ) );
#1791 = ADVANCED_FACE('',(#1792),#184,.T.);
#1792 = FACE_BOUND('',#1793,.T.);
#1793 = EDGE_LOOP('',(#1794,#1795,#1796,#1819));
#1794 = ORIENTED_EDGE('',*,*,#1689,.F.);
#1795 = ORIENTED_EDGE('',*,*,#168,.T.);
#1796 = ORIENTED_EDGE('',*,*,#1797,.T.);
#1797 = EDGE_CURVE('',#169,#1798,#1800,.T.);
#1798 = VERTEX_POINT('',#1799);
#1799 = CARTESIAN_POINT('',(91.,-151.6,1.6));
#1800 = SURFACE_CURVE('',#1801,(#1805,#1812),.PCURVE_S1.);
#1801 = LINE('',#1802,#1803);
#1802 = CARTESIAN_POINT('',(91.,-154.,1.6));
#1803 = VECTOR('',#1804,1.);
#1804 = DIRECTION('',(0.,1.,0.));
#1805 = PCURVE('',#184,#1806);
#1806 = DEFINITIONAL_REPRESENTATION('',(#1807),#1811);
#1807 = LINE('',#1808,#1809);
#1808 = CARTESIAN_POINT('',(-9.,-54.));
#1809 = VECTOR('',#1810,1.);
#1810 = DIRECTION('',(0.,1.));
#1811 = ( GEOMETRIC_REPRESENTATION_CONTEXT(2) 
PARAMETRIC_REPRESENTATION_CONTEXT() REPRESENTATION_CONTEXT('2D SPACE',''
  ) );
#1812 = PCURVE('',#212,#1813);
#1813 = DEFINITIONAL_REPRESENTATION('',(#1814),#1818);
#1814 = LINE('',#1815,#1816);
#1815 = CARTESIAN_POINT('',(-9.,-54.));
#1816 = VECTOR('',#1817,1.);
#1817 = DIRECTION('',(0.,1.));
#1818 = ( GEOMETRIC_REPRESENTATION_CONTEXT(2) 
PARAMETRIC_REPRESENTATION_CONTEXT() REPRESENTATION_CONTEXT('2D SPACE',''
  ) );
#1819 = ORIENTED_EDGE('',*,*,#1820,.F.);
#1820 = EDGE_CURVE('',#1690,#1798,#1821,.T.);
#1821 = SURFACE_CURVE('',#1822,(#1826,#1833),.PCURVE_S1.);
#1822 = LINE('',#1823,#1824);
#1823 = CARTESIAN_POINT('',(48.4,-151.6,1.6));
#1824 = VECTOR('',#1825,1.);
#1825 = DIRECTION('',(1.,0.,0.));
#1826 = PCURVE('',#184,#1827);
#1827 = DEFINITIONAL_REPRESENTATION('',(#1828),#1832);
#1828 = LINE('',#1829,#1830);
#1829 = CARTESIAN_POINT('',(-51.6,-51.6));
#1830 = VECTOR('',#1831,1.);
#1831 = DIRECTION('',(1.,0.));
#1832 = ( GEOMETRIC_REPRESENTATION_CONTEXT(2) 
PARAMETRIC_REPRESENTATION_CONTEXT() REPRESENTATION_CONTEXT('2D SPACE',''
  ) );
#1833 = PCURVE('',#1834,#1839);
#1834 = PLANE('',#1835);
#1835 = AXIS2_PLACEMENT_3D('',#1836,#1837,#1838);
#1836 = CARTESIAN_POINT('',(48.4,-151.6,1.6));
#1837 = DIRECTION('',(0.,1.,0.));
#1838 = DIRECTION('',(1.,0.,0.));
#1839 = DEFINITIONAL_REPRESENTATION('',(#1840),#1844);
#1840 = LINE('',#1841,#1842);
#1841 = CARTESIAN_POINT('',(0.,0.));
#1842 = VECTOR('',#1843,1.);
#1843 = DIRECTION('',(1.,0.));
#1844 = ( GEOMETRIC_REPRESENTATION_CONTEXT(2) 
PARAMETRIC_REPRESENTATION_CONTEXT() REPRESENTATION_CONTEXT('2D SPACE',''
  ) );
#1845 = ADVANCED_FACE('',(#1846),#268,.T.);
#1846 = FACE_BOUND('',#1847,.T.);
#1847 = EDGE_LOOP('',(#1848,#1871,#1872,#1873));
#1848 = ORIENTED_EDGE('',*,*,#1849,.F.);
#1849 = EDGE_CURVE('',#225,#1850,#1852,.T.);
#1850 = VERTEX_POINT('',#1851);
#1851 = CARTESIAN_POINT('',(106.3,-151.6,1.6));
#1852 = SURFACE_CURVE('',#1853,(#1857,#1864),.PCURVE_S1.);
#1853 = LINE('',#1854,#1855);
#1854 = CARTESIAN_POINT('',(106.3,-154.,1.6));
#1855 = VECTOR('',#1856,1.);
#1856 = DIRECTION('',(0.,1.,0.));
#1857 = PCURVE('',#268,#1858);
#1858 = DEFINITIONAL_REPRESENTATION('',(#1859),#1863);
#1859 = LINE('',#1860,#1861);
#1860 = CARTESIAN_POINT('',(6.3,-54.));
#1861 = VECTOR('',#1862,1.);
#1862 = DIRECTION('',(0.,1.));
#1863 = ( GEOMETRIC_REPRESENTATION_CONTEXT(2) 
PARAMETRIC_REPRESENTATION_CONTEXT() REPRESENTATION_CONTEXT('2D SPACE',''
  ) );
#1864 = PCURVE('',#240,#1865);
#1865 = DEFINITIONAL_REPRESENTATION('',(#1866),#1870);
#1866 = LINE('',#1867,#1868);
#1867 = CARTESIAN_POINT('',(6.3,-54.));
#1868 = VECTOR('',#1869,1.);
#1869 = DIRECTION('',(0.,1.));
#1870 = ( GEOMETRIC_REPRESENTATION_CONTEXT(2) 
PARAMETRIC_REPRESENTATION_CONTEXT() REPRESENTATION_CONTEXT('2D SPACE',''
  ) );
#1871 = ORIENTED_EDGE('',*,*,#252,.T.);
#1872 = ORIENTED_EDGE('',*,*,#1741,.T.);
#1873 = ORIENTED_EDGE('',*,*,#1874,.F.);
#1874 = EDGE_CURVE('',#1850,#1742,#1875,.T.);
#1875 = SURFACE_CURVE('',#1876,(#1880,#1887),.PCURVE_S1.);
#1876 = LINE('',#1877,#1878);
#1877 = CARTESIAN_POINT('',(48.4,-151.6,1.6));
#1878 = VECTOR('',#1879,1.);
#1879 = DIRECTION('',(1.,0.,0.));
#1880 = PCURVE('',#268,#1881);
#1881 = DEFINITIONAL_REPRESENTATION('',(#1882),#1886);
#1882 = LINE('',#1883,#1884);
#1883 = CARTESIAN_POINT('',(-51.6,-51.6));
#1884 = VECTOR('',#1885,1.);
#1885 = DIRECTION('',(1.,0.));
#1886 = ( GEOMETRIC_REPRESENTATION_CONTEXT(2) 
PARAMETRIC_REPRESENTATION_CONTEXT() REPRESENTATION_CONTEXT('2D SPACE',''
  ) );
#1887 = PCURVE('',#1888,#1893);
#1888 = PLANE('',#1889);
#1889 = AXIS2_PLACEMENT_3D('',#1890,#1891,#1892);
#1890 = CARTESIAN_POINT('',(106.3,-154.,1.6));
#1891 = DIRECTION('',(0.,0.,1.));
#1892 = DIRECTION('',(1.,0.,0.));
#1893 = DEFINITIONAL_REPRESENTATION('',(#1894),#1898);
#1894 = LINE('',#1895,#1896);
#1895 = CARTESIAN_POINT('',(-57.9,2.4));
#1896 = VECTOR('',#1897,1.);
#1897 = DIRECTION('',(1.,0.));
#1898 = ( GEOMETRIC_REPRESENTATION_CONTEXT(2) 
PARAMETRIC_REPRESENTATION_CONTEXT() REPRESENTATION_CONTEXT('2D SPACE',''
  ) );
#1899 = ADVANCED_FACE('',(#1900),#212,.T.);
#1900 = FACE_BOUND('',#1901,.T.);
#1901 = EDGE_LOOP('',(#1902,#1903,#1904,#1927));
#1902 = ORIENTED_EDGE('',*,*,#1797,.F.);
#1903 = ORIENTED_EDGE('',*,*,#196,.T.);
#1904 = ORIENTED_EDGE('',*,*,#1905,.T.);
#1905 = EDGE_CURVE('',#197,#1906,#1908,.T.);
#1906 = VERTEX_POINT('',#1907);
#1907 = CARTESIAN_POINT('',(102.7,-151.6,1.6));
#1908 = SURFACE_CURVE('',#1909,(#1913,#1920),.PCURVE_S1.);
#1909 = LINE('',#1910,#1911);
#1910 = CARTESIAN_POINT('',(102.7,-154.,1.6));
#1911 = VECTOR('',#1912,1.);
#1912 = DIRECTION('',(0.,1.,0.));
#1913 = PCURVE('',#212,#1914);
#1914 = DEFINITIONAL_REPRESENTATION('',(#1915),#1919);
#1915 = LINE('',#1916,#1917);
#1916 = CARTESIAN_POINT('',(2.7,-54.));
#1917 = VECTOR('',#1918,1.);
#1918 = DIRECTION('',(0.,1.));
#1919 = ( GEOMETRIC_REPRESENTATION_CONTEXT(2) 
PARAMETRIC_REPRESENTATION_CONTEXT() REPRESENTATION_CONTEXT('2D SPACE',''
  ) );
#1920 = PCURVE('',#240,#1921);
#1921 = DEFINITIONAL_REPRESENTATION('',(#1922),#1926);
#1922 = LINE('',#1923,#1924);
#1923 = CARTESIAN_POINT('',(2.7,-54.));
#1924 = VECTOR('',#1925,1.);
#1925 = DIRECTION('',(0.,1.));
#1926 = ( GEOMETRIC_REPRESENTATION_CONTEXT(2) 
PARAMETRIC_REPRESENTATION_CONTEXT() REPRESENTATION_CONTEXT('2D SPACE',''
  ) );
#1927 = ORIENTED_EDGE('',*,*,#1928,.F.);
#1928 = EDGE_CURVE('',#1798,#1906,#1929,.T.);
#1929 = SURFACE_CURVE('',#1930,(#1934,#1941),.PCURVE_S1.);
#1930 = LINE('',#1931,#1932);
#1931 = CARTESIAN_POINT('',(48.4,-151.6,1.6));
#1932 = VECTOR('',#1933,1.);
#1933 = DIRECTION('',(1.,0.,0.));
#1934 = PCURVE('',#212,#1935);
#1935 = DEFINITIONAL_REPRESENTATION('',(#1936),#1940);
#1936 = LINE('',#1937,#1938);
#1937 = CARTESIAN_POINT('',(-51.6,-51.6));
#1938 = VECTOR('',#1939,1.);
#1939 = DIRECTION('',(1.,0.));
#1940 = ( GEOMETRIC_REPRESENTATION_CONTEXT(2) 
PARAMETRIC_REPRESENTATION_CONTEXT() REPRESENTATION_CONTEXT('2D SPACE',''
  ) );
#1941 = PCURVE('',#1942,#1947);
#1942 = PLANE('',#1943);
#1943 = AXIS2_PLACEMENT_3D('',#1944,#1945,#1946);
#1944 = CARTESIAN_POINT('',(91.,-154.,1.6));
#1945 = DIRECTION('',(0.,0.,1.));
#1946 = DIRECTION('',(1.,0.,0.));
#1947 = DEFINITIONAL_REPRESENTATION('',(#1948),#1952);
#1948 = LINE('',#1949,#1950);
#1949 = CARTESIAN_POINT('',(-42.6,2.4));
#1950 = VECTOR('',#1951,1.);
#1951 = DIRECTION('',(1.,0.));
#1952 = ( GEOMETRIC_REPRESENTATION_CONTEXT(2) 
PARAMETRIC_REPRESENTATION_CONTEXT() REPRESENTATION_CONTEXT('2D SPACE',''
  ) );
#1953 = ADVANCED_FACE('',(#1954),#240,.T.);
#1954 = FACE_BOUND('',#1955,.T.);
#1955 = EDGE_LOOP('',(#1956,#1957,#1958,#1959));
#1956 = ORIENTED_EDGE('',*,*,#1905,.F.);
#1957 = ORIENTED_EDGE('',*,*,#224,.T.);
#1958 = ORIENTED_EDGE('',*,*,#1849,.T.);
#1959 = ORIENTED_EDGE('',*,*,#1960,.F.);
#1960 = EDGE_CURVE('',#1906,#1850,#1961,.T.);
#1961 = SURFACE_CURVE('',#1962,(#1966,#1973),.PCURVE_S1.);
#1962 = LINE('',#1963,#1964);
#1963 = CARTESIAN_POINT('',(48.4,-151.6,1.6));
#1964 = VECTOR('',#1965,1.);
#1965 = DIRECTION('',(1.,0.,0.));
#1966 = PCURVE('',#240,#1967);
#1967 = DEFINITIONAL_REPRESENTATION('',(#1968),#1972);
#1968 = LINE('',#1969,#1970);
#1969 = CARTESIAN_POINT('',(-51.6,-51.6));
#1970 = VECTOR('',#1971,1.);
#1971 = DIRECTION('',(1.,0.));
#1972 = ( GEOMETRIC_REPRESENTATION_CONTEXT(2) 
PARAMETRIC_REPRESENTATION_CONTEXT() REPRESENTATION_CONTEXT('2D SPACE',''
  ) );
#1973 = PCURVE('',#1974,#1979);
#1974 = PLANE('',#1975);
#1975 = AXIS2_PLACEMENT_3D('',#1976,#1977,#1978);
#1976 = CARTESIAN_POINT('',(48.4,-151.6,1.6));
#1977 = DIRECTION('',(0.,1.,0.));
#1978 = DIRECTION('',(1.,0.,0.));
#1979 = DEFINITIONAL_REPRESENTATION('',(#1980),#1984);
#1980 = LINE('',#1981,#1982);
#1981 = CARTESIAN_POINT('',(0.,0.));
#1982 = VECTOR('',#1983,1.);
#1983 = DIRECTION('',(1.,0.));
#1984 = ( GEOMETRIC_REPRESENTATION_CONTEXT(2) 
PARAMETRIC_REPRESENTATION_CONTEXT() REPRESENTATION_CONTEXT('2D SPACE',''
  ) );
#1985 = ADVANCED_FACE('',(#1986),#437,.F.);
#1986 = FACE_BOUND('',#1987,.F.);
#1987 = EDGE_LOOP('',(#1988,#2011,#2012,#2035));
#1988 = ORIENTED_EDGE('',*,*,#1989,.F.);
#1989 = EDGE_CURVE('',#421,#1990,#1992,.T.);
#1990 = VERTEX_POINT('',#1991);
#1991 = CARTESIAN_POINT('',(67.,-150.4,-1.));
#1992 = SURFACE_CURVE('',#1993,(#1997,#2004),.PCURVE_S1.);
#1993 = LINE('',#1994,#1995);
#1994 = CARTESIAN_POINT('',(67.,-154.,-1.));
#1995 = VECTOR('',#1996,1.);
#1996 = DIRECTION('',(0.,1.,0.));
#1997 = PCURVE('',#437,#1998);
#1998 = DEFINITIONAL_REPRESENTATION('',(#1999),#2003);
#1999 = LINE('',#2000,#2001);
#2000 = CARTESIAN_POINT('',(0.,0.));
#2001 = VECTOR('',#2002,1.);
#2002 = DIRECTION('',(0.,1.));
#2003 = ( GEOMETRIC_REPRESENTATION_CONTEXT(2) 
PARAMETRIC_REPRESENTATION_CONTEXT() REPRESENTATION_CONTEXT('2D SPACE',''
  ) );
#2004 = PCURVE('',#463,#2005);
#2005 = DEFINITIONAL_REPRESENTATION('',(#2006),#2010);
#2006 = LINE('',#2007,#2008);
#2007 = CARTESIAN_POINT('',(3.4,0.));
#2008 = VECTOR('',#2009,1.);
#2009 = DIRECTION('',(0.,-1.));
#2010 = ( GEOMETRIC_REPRESENTATION_CONTEXT(2) 
PARAMETRIC_REPRESENTATION_CONTEXT() REPRESENTATION_CONTEXT('2D SPACE',''
  ) );
#2011 = ORIENTED_EDGE('',*,*,#420,.T.);
#2012 = ORIENTED_EDGE('',*,*,#2013,.T.);
#2013 = EDGE_CURVE('',#423,#2014,#2016,.T.);
#2014 = VERTEX_POINT('',#2015);
#2015 = CARTESIAN_POINT('',(77.,-150.4,-1.));
#2016 = SURFACE_CURVE('',#2017,(#2021,#2028),.PCURVE_S1.);
#2017 = LINE('',#2018,#2019);
#2018 = CARTESIAN_POINT('',(77.,-154.,-1.));
#2019 = VECTOR('',#2020,1.);
#2020 = DIRECTION('',(0.,1.,0.));
#2021 = PCURVE('',#437,#2022);
#2022 = DEFINITIONAL_REPRESENTATION('',(#2023),#2027);
#2023 = LINE('',#2024,#2025);
#2024 = CARTESIAN_POINT('',(10.,0.));
#2025 = VECTOR('',#2026,1.);
#2026 = DIRECTION('',(0.,1.));
#2027 = ( GEOMETRIC_REPRESENTATION_CONTEXT(2) 
PARAMETRIC_REPRESENTATION_CONTEXT() REPRESENTATION_CONTEXT('2D SPACE',''
  ) );
#2028 = PCURVE('',#513,#2029);
#2029 = DEFINITIONAL_REPRESENTATION('',(#2030),#2034);
#2030 = LINE('',#2031,#2032);
#2031 = CARTESIAN_POINT('',(3.4,0.));
#2032 = VECTOR('',#2033,1.);
#2033 = DIRECTION('',(0.,-1.));
#2034 = ( GEOMETRIC_REPRESENTATION_CONTEXT(2) 
PARAMETRIC_REPRESENTATION_CONTEXT() REPRESENTATION_CONTEXT('2D SPACE',''
  ) );
#2035 = ORIENTED_EDGE('',*,*,#2036,.F.);
#2036 = EDGE_CURVE('',#1990,#2014,#2037,.T.);
#2037 = SURFACE_CURVE('',#2038,(#2042,#2048),.PCURVE_S1.);
#2038 = LINE('',#2039,#2040);
#2039 = CARTESIAN_POINT('',(58.3,-150.4,-1.));
#2040 = VECTOR('',#2041,1.);
#2041 = DIRECTION('',(1.,0.,0.));
#2042 = PCURVE('',#437,#2043);
#2043 = DEFINITIONAL_REPRESENTATION('',(#2044),#2047);
#2044 = B_SPLINE_CURVE_WITH_KNOTS('',1,(#2045,#2046),.UNSPECIFIED.,.F.,
  .F.,(2,2),(8.7,18.7),.PIECEWISE_BEZIER_KNOTS.);
#2045 = CARTESIAN_POINT('',(0.,3.6));
#2046 = CARTESIAN_POINT('',(10.,3.6));
#2047 = ( GEOMETRIC_REPRESENTATION_CONTEXT(2) 
PARAMETRIC_REPRESENTATION_CONTEXT() REPRESENTATION_CONTEXT('2D SPACE',''
  ) );
#2048 = PCURVE('',#2049,#2054);
#2049 = PLANE('',#2050);
#2050 = AXIS2_PLACEMENT_3D('',#2051,#2052,#2053);
#2051 = CARTESIAN_POINT('',(49.6,-150.4,0.6));
#2052 = DIRECTION('',(0.,1.,0.));
#2053 = DIRECTION('',(1.,0.,0.));
#2054 = DEFINITIONAL_REPRESENTATION('',(#2055),#2058);
#2055 = B_SPLINE_CURVE_WITH_KNOTS('',1,(#2056,#2057),.UNSPECIFIED.,.F.,
  .F.,(2,2),(8.7,18.7),.PIECEWISE_BEZIER_KNOTS.);
#2056 = CARTESIAN_POINT('',(17.4,1.6));
#2057 = CARTESIAN_POINT('',(27.4,1.6));
#2058 = ( GEOMETRIC_REPRESENTATION_CONTEXT(2) 
PARAMETRIC_REPRESENTATION_CONTEXT() REPRESENTATION_CONTEXT('2D SPACE',''
  ) );
#2059 = ADVANCED_FACE('',(#2060),#513,.F.);
#2060 = FACE_BOUND('',#2061,.F.);
#2061 = EDGE_LOOP('',(#2062,#2063,#2064,#2087));
#2062 = ORIENTED_EDGE('',*,*,#2013,.F.);
#2063 = ORIENTED_EDGE('',*,*,#500,.T.);
#2064 = ORIENTED_EDGE('',*,*,#2065,.T.);
#2065 = EDGE_CURVE('',#475,#2066,#2068,.T.);
#2066 = VERTEX_POINT('',#2067);
#2067 = CARTESIAN_POINT('',(77.,-150.4,-4.4));
#2068 = SURFACE_CURVE('',#2069,(#2073,#2080),.PCURVE_S1.);
#2069 = LINE('',#2070,#2071);
#2070 = CARTESIAN_POINT('',(77.,-154.,-4.4));
#2071 = VECTOR('',#2072,1.);
#2072 = DIRECTION('',(0.,1.,0.));
#2073 = PCURVE('',#513,#2074);
#2074 = DEFINITIONAL_REPRESENTATION('',(#2075),#2079);
#2075 = LINE('',#2076,#2077);
#2076 = CARTESIAN_POINT('',(0.,0.));
#2077 = VECTOR('',#2078,1.);
#2078 = DIRECTION('',(0.,-1.));
#2079 = ( GEOMETRIC_REPRESENTATION_CONTEXT(2) 
PARAMETRIC_REPRESENTATION_CONTEXT() REPRESENTATION_CONTEXT('2D SPACE',''
  ) );
#2080 = PCURVE('',#489,#2081);
#2081 = DEFINITIONAL_REPRESENTATION('',(#2082),#2086);
#2082 = LINE('',#2083,#2084);
#2083 = CARTESIAN_POINT('',(10.,0.));
#2084 = VECTOR('',#2085,1.);
#2085 = DIRECTION('',(0.,1.));
#2086 = ( GEOMETRIC_REPRESENTATION_CONTEXT(2) 
PARAMETRIC_REPRESENTATION_CONTEXT() REPRESENTATION_CONTEXT('2D SPACE',''
  ) );
#2087 = ORIENTED_EDGE('',*,*,#2088,.F.);
#2088 = EDGE_CURVE('',#2014,#2066,#2089,.T.);
#2089 = SURFACE_CURVE('',#2090,(#2094,#2100),.PCURVE_S1.);
#2090 = LINE('',#2091,#2092);
#2091 = CARTESIAN_POINT('',(77.,-150.4,-1.9));
#2092 = VECTOR('',#2093,1.);
#2093 = DIRECTION('',(0.,0.,-1.));
#2094 = PCURVE('',#513,#2095);
#2095 = DEFINITIONAL_REPRESENTATION('',(#2096),#2099);
#2096 = B_SPLINE_CURVE_WITH_KNOTS('',1,(#2097,#2098),.UNSPECIFIED.,.F.,
  .F.,(2,2),(-0.9,2.5),.PIECEWISE_BEZIER_KNOTS.);
#2097 = CARTESIAN_POINT('',(3.4,-3.6));
#2098 = CARTESIAN_POINT('',(0.,-3.6));
#2099 = ( GEOMETRIC_REPRESENTATION_CONTEXT(2) 
PARAMETRIC_REPRESENTATION_CONTEXT() REPRESENTATION_CONTEXT('2D SPACE',''
  ) );
#2100 = PCURVE('',#2049,#2101);
#2101 = DEFINITIONAL_REPRESENTATION('',(#2102),#2105);
#2102 = B_SPLINE_CURVE_WITH_KNOTS('',1,(#2103,#2104),.UNSPECIFIED.,.F.,
  .F.,(2,2),(-0.9,2.5),.PIECEWISE_BEZIER_KNOTS.);
#2103 = CARTESIAN_POINT('',(27.4,1.6));
#2104 = CARTESIAN_POINT('',(27.4,5.));
#2105 = ( GEOMETRIC_REPRESENTATION_CONTEXT(2) 
PARAMETRIC_REPRESENTATION_CONTEXT() REPRESENTATION_CONTEXT('2D SPACE',''
  ) );
#2106 = ADVANCED_FACE('',(#2107),#489,.T.);
#2107 = FACE_BOUND('',#2108,.T.);
#2108 = EDGE_LOOP('',(#2109,#2132,#2133,#2134));
#2109 = ORIENTED_EDGE('',*,*,#2110,.F.);
#2110 = EDGE_CURVE('',#449,#2111,#2113,.T.);
#2111 = VERTEX_POINT('',#2112);
#2112 = CARTESIAN_POINT('',(67.,-150.4,-4.4));
#2113 = SURFACE_CURVE('',#2114,(#2118,#2125),.PCURVE_S1.);
#2114 = LINE('',#2115,#2116);
#2115 = CARTESIAN_POINT('',(67.,-154.,-4.4));
#2116 = VECTOR('',#2117,1.);
#2117 = DIRECTION('',(0.,1.,0.));
#2118 = PCURVE('',#489,#2119);
#2119 = DEFINITIONAL_REPRESENTATION('',(#2120),#2124);
#2120 = LINE('',#2121,#2122);
#2121 = CARTESIAN_POINT('',(0.,0.));
#2122 = VECTOR('',#2123,1.);
#2123 = DIRECTION('',(0.,1.));
#2124 = ( GEOMETRIC_REPRESENTATION_CONTEXT(2) 
PARAMETRIC_REPRESENTATION_CONTEXT() REPRESENTATION_CONTEXT('2D SPACE',''
  ) );
#2125 = PCURVE('',#463,#2126);
#2126 = DEFINITIONAL_REPRESENTATION('',(#2127),#2131);
#2127 = LINE('',#2128,#2129);
#2128 = CARTESIAN_POINT('',(0.,0.));
#2129 = VECTOR('',#2130,1.);
#2130 = DIRECTION('',(0.,-1.));
#2131 = ( GEOMETRIC_REPRESENTATION_CONTEXT(2) 
PARAMETRIC_REPRESENTATION_CONTEXT() REPRESENTATION_CONTEXT('2D SPACE',''
  ) );
#2132 = ORIENTED_EDGE('',*,*,#474,.T.);
#2133 = ORIENTED_EDGE('',*,*,#2065,.T.);
#2134 = ORIENTED_EDGE('',*,*,#2135,.F.);
#2135 = EDGE_CURVE('',#2111,#2066,#2136,.T.);
#2136 = SURFACE_CURVE('',#2137,(#2141,#2147),.PCURVE_S1.);
#2137 = LINE('',#2138,#2139);
#2138 = CARTESIAN_POINT('',(58.3,-150.4,-4.4));
#2139 = VECTOR('',#2140,1.);
#2140 = DIRECTION('',(1.,0.,0.));
#2141 = PCURVE('',#489,#2142);
#2142 = DEFINITIONAL_REPRESENTATION('',(#2143),#2146);
#2143 = B_SPLINE_CURVE_WITH_KNOTS('',1,(#2144,#2145),.UNSPECIFIED.,.F.,
  .F.,(2,2),(8.7,18.7),.PIECEWISE_BEZIER_KNOTS.);
#2144 = CARTESIAN_POINT('',(0.,3.6));
#2145 = CARTESIAN_POINT('',(10.,3.6));
#2146 = ( GEOMETRIC_REPRESENTATION_CONTEXT(2) 
PARAMETRIC_REPRESENTATION_CONTEXT() REPRESENTATION_CONTEXT('2D SPACE',''
  ) );
#2147 = PCURVE('',#2049,#2148);
#2148 = DEFINITIONAL_REPRESENTATION('',(#2149),#2152);
#2149 = B_SPLINE_CURVE_WITH_KNOTS('',1,(#2150,#2151),.UNSPECIFIED.,.F.,
  .F.,(2,2),(8.7,18.7),.PIECEWISE_BEZIER_KNOTS.);
#2150 = CARTESIAN_POINT('',(17.4,5.));
#2151 = CARTESIAN_POINT('',(27.4,5.));
#2152 = ( GEOMETRIC_REPRESENTATION_CONTEXT(2) 
PARAMETRIC_REPRESENTATION_CONTEXT() REPRESENTATION_CONTEXT('2D SPACE',''
  ) );
#2153 = ADVANCED_FACE('',(#2154),#463,.T.);
#2154 = FACE_BOUND('',#2155,.T.);
#2155 = EDGE_LOOP('',(#2156,#2157,#2158,#2159));
#2156 = ORIENTED_EDGE('',*,*,#1989,.F.);
#2157 = ORIENTED_EDGE('',*,*,#448,.T.);
#2158 = ORIENTED_EDGE('',*,*,#2110,.T.);
#2159 = ORIENTED_EDGE('',*,*,#2160,.F.);
#2160 = EDGE_CURVE('',#1990,#2111,#2161,.T.);
#2161 = SURFACE_CURVE('',#2162,(#2166,#2172),.PCURVE_S1.);
#2162 = LINE('',#2163,#2164);
#2163 = CARTESIAN_POINT('',(67.,-150.4,-1.9));
#2164 = VECTOR('',#2165,1.);
#2165 = DIRECTION('',(0.,0.,-1.));
#2166 = PCURVE('',#463,#2167);
#2167 = DEFINITIONAL_REPRESENTATION('',(#2168),#2171);
#2168 = B_SPLINE_CURVE_WITH_KNOTS('',1,(#2169,#2170),.UNSPECIFIED.,.F.,
  .F.,(2,2),(-0.9,2.5),.PIECEWISE_BEZIER_KNOTS.);
#2169 = CARTESIAN_POINT('',(3.4,-3.6));
#2170 = CARTESIAN_POINT('',(0.,-3.6));
#2171 = ( GEOMETRIC_REPRESENTATION_CONTEXT(2) 
PARAMETRIC_REPRESENTATION_CONTEXT() REPRESENTATION_CONTEXT('2D SPACE',''
  ) );
#2172 = PCURVE('',#2049,#2173);
#2173 = DEFINITIONAL_REPRESENTATION('',(#2174),#2177);
#2174 = B_SPLINE_CURVE_WITH_KNOTS('',1,(#2175,#2176),.UNSPECIFIED.,.F.,
  .F.,(2,2),(-0.9,2.5),.PIECEWISE_BEZIER_KNOTS.);
#2175 = CARTESIAN_POINT('',(17.4,1.6));
#2176 = CARTESIAN_POINT('',(17.4,5.));
#2177 = ( GEOMETRIC_REPRESENTATION_CONTEXT(2) 
PARAMETRIC_REPRESENTATION_CONTEXT() REPRESENTATION_CONTEXT('2D SPACE',''
  ) );
#2178 = ADVANCED_FACE('',(#2179),#543,.F.);
#2179 = FACE_BOUND('',#2180,.F.);
#2180 = EDGE_LOOP('',(#2181,#2204,#2205,#2228));
#2181 = ORIENTED_EDGE('',*,*,#2182,.F.);
#2182 = EDGE_CURVE('',#527,#2183,#2185,.T.);
#2183 = VERTEX_POINT('',#2184);
#2184 = CARTESIAN_POINT('',(83.,-150.4,-1.));
#2185 = SURFACE_CURVE('',#2186,(#2190,#2197),.PCURVE_S1.);
#2186 = LINE('',#2187,#2188);
#2187 = CARTESIAN_POINT('',(83.,-154.,-1.));
#2188 = VECTOR('',#2189,1.);
#2189 = DIRECTION('',(0.,1.,0.));
#2190 = PCURVE('',#543,#2191);
#2191 = DEFINITIONAL_REPRESENTATION('',(#2192),#2196);
#2192 = LINE('',#2193,#2194);
#2193 = CARTESIAN_POINT('',(0.,0.));
#2194 = VECTOR('',#2195,1.);
#2195 = DIRECTION('',(0.,1.));
#2196 = ( GEOMETRIC_REPRESENTATION_CONTEXT(2) 
PARAMETRIC_REPRESENTATION_CONTEXT() REPRESENTATION_CONTEXT('2D SPACE',''
  ) );
#2197 = PCURVE('',#569,#2198);
#2198 = DEFINITIONAL_REPRESENTATION('',(#2199),#2203);
#2199 = LINE('',#2200,#2201);
#2200 = CARTESIAN_POINT('',(3.4,0.));
#2201 = VECTOR('',#2202,1.);
#2202 = DIRECTION('',(0.,-1.));
#2203 = ( GEOMETRIC_REPRESENTATION_CONTEXT(2) 
PARAMETRIC_REPRESENTATION_CONTEXT() REPRESENTATION_CONTEXT('2D SPACE',''
  ) );
#2204 = ORIENTED_EDGE('',*,*,#526,.T.);
#2205 = ORIENTED_EDGE('',*,*,#2206,.T.);
#2206 = EDGE_CURVE('',#529,#2207,#2209,.T.);
#2207 = VERTEX_POINT('',#2208);
#2208 = CARTESIAN_POINT('',(93.,-150.4,-1.));
#2209 = SURFACE_CURVE('',#2210,(#2214,#2221),.PCURVE_S1.);
#2210 = LINE('',#2211,#2212);
#2211 = CARTESIAN_POINT('',(93.,-154.,-1.));
#2212 = VECTOR('',#2213,1.);
#2213 = DIRECTION('',(0.,1.,0.));
#2214 = PCURVE('',#543,#2215);
#2215 = DEFINITIONAL_REPRESENTATION('',(#2216),#2220);
#2216 = LINE('',#2217,#2218);
#2217 = CARTESIAN_POINT('',(10.,0.));
#2218 = VECTOR('',#2219,1.);
#2219 = DIRECTION('',(0.,1.));
#2220 = ( GEOMETRIC_REPRESENTATION_CONTEXT(2) 
PARAMETRIC_REPRESENTATION_CONTEXT() REPRESENTATION_CONTEXT('2D SPACE',''
  ) );
#2221 = PCURVE('',#619,#2222);
#2222 = DEFINITIONAL_REPRESENTATION('',(#2223),#2227);
#2223 = LINE('',#2224,#2225);
#2224 = CARTESIAN_POINT('',(3.4,0.));
#2225 = VECTOR('',#2226,1.);
#2226 = DIRECTION('',(0.,-1.));
#2227 = ( GEOMETRIC_REPRESENTATION_CONTEXT(2) 
PARAMETRIC_REPRESENTATION_CONTEXT() REPRESENTATION_CONTEXT('2D SPACE',''
  ) );
#2228 = ORIENTED_EDGE('',*,*,#2229,.F.);
#2229 = EDGE_CURVE('',#2183,#2207,#2230,.T.);
#2230 = SURFACE_CURVE('',#2231,(#2235,#2241),.PCURVE_S1.);
#2231 = LINE('',#2232,#2233);
#2232 = CARTESIAN_POINT('',(66.3,-150.4,-1.));
#2233 = VECTOR('',#2234,1.);
#2234 = DIRECTION('',(1.,0.,0.));
#2235 = PCURVE('',#543,#2236);
#2236 = DEFINITIONAL_REPRESENTATION('',(#2237),#2240);
#2237 = B_SPLINE_CURVE_WITH_KNOTS('',1,(#2238,#2239),.UNSPECIFIED.,.F.,
  .F.,(2,2),(16.7,26.7),.PIECEWISE_BEZIER_KNOTS.);
#2238 = CARTESIAN_POINT('',(0.,3.6));
#2239 = CARTESIAN_POINT('',(10.,3.6));
#2240 = ( GEOMETRIC_REPRESENTATION_CONTEXT(2) 
PARAMETRIC_REPRESENTATION_CONTEXT() REPRESENTATION_CONTEXT('2D SPACE',''
  ) );
#2241 = PCURVE('',#2049,#2242);
#2242 = DEFINITIONAL_REPRESENTATION('',(#2243),#2246);
#2243 = B_SPLINE_CURVE_WITH_KNOTS('',1,(#2244,#2245),.UNSPECIFIED.,.F.,
  .F.,(2,2),(16.7,26.7),.PIECEWISE_BEZIER_KNOTS.);
#2244 = CARTESIAN_POINT('',(33.4,1.6));
#2245 = CARTESIAN_POINT('',(43.4,1.6));
#2246 = ( GEOMETRIC_REPRESENTATION_CONTEXT(2) 
PARAMETRIC_REPRESENTATION_CONTEXT() REPRESENTATION_CONTEXT('2D SPACE',''
  ) );
#2247 = ADVANCED_FACE('',(#2248),#619,.F.);
#2248 = FACE_BOUND('',#2249,.F.);
#2249 = EDGE_LOOP('',(#2250,#2251,#2252,#2275));
#2250 = ORIENTED_EDGE('',*,*,#2206,.F.);
#2251 = ORIENTED_EDGE('',*,*,#606,.T.);
#2252 = ORIENTED_EDGE('',*,*,#2253,.T.);
#2253 = EDGE_CURVE('',#581,#2254,#2256,.T.);
#2254 = VERTEX_POINT('',#2255);
#2255 = CARTESIAN_POINT('',(93.,-150.4,-4.4));
#2256 = SURFACE_CURVE('',#2257,(#2261,#2268),.PCURVE_S1.);
#2257 = LINE('',#2258,#2259);
#2258 = CARTESIAN_POINT('',(93.,-154.,-4.4));
#2259 = VECTOR('',#2260,1.);
#2260 = DIRECTION('',(0.,1.,0.));
#2261 = PCURVE('',#619,#2262);
#2262 = DEFINITIONAL_REPRESENTATION('',(#2263),#2267);
#2263 = LINE('',#2264,#2265);
#2264 = CARTESIAN_POINT('',(0.,0.));
#2265 = VECTOR('',#2266,1.);
#2266 = DIRECTION('',(0.,-1.));
#2267 = ( GEOMETRIC_REPRESENTATION_CONTEXT(2) 
PARAMETRIC_REPRESENTATION_CONTEXT() REPRESENTATION_CONTEXT('2D SPACE',''
  ) );
#2268 = PCURVE('',#595,#2269);
#2269 = DEFINITIONAL_REPRESENTATION('',(#2270),#2274);
#2270 = LINE('',#2271,#2272);
#2271 = CARTESIAN_POINT('',(10.,0.));
#2272 = VECTOR('',#2273,1.);
#2273 = DIRECTION('',(0.,1.));
#2274 = ( GEOMETRIC_REPRESENTATION_CONTEXT(2) 
PARAMETRIC_REPRESENTATION_CONTEXT() REPRESENTATION_CONTEXT('2D SPACE',''
  ) );
#2275 = ORIENTED_EDGE('',*,*,#2276,.F.);
#2276 = EDGE_CURVE('',#2207,#2254,#2277,.T.);
#2277 = SURFACE_CURVE('',#2278,(#2282,#2288),.PCURVE_S1.);
#2278 = LINE('',#2279,#2280);
#2279 = CARTESIAN_POINT('',(93.,-150.4,-1.9));
#2280 = VECTOR('',#2281,1.);
#2281 = DIRECTION('',(0.,0.,-1.));
#2282 = PCURVE('',#619,#2283);
#2283 = DEFINITIONAL_REPRESENTATION('',(#2284),#2287);
#2284 = B_SPLINE_CURVE_WITH_KNOTS('',1,(#2285,#2286),.UNSPECIFIED.,.F.,
  .F.,(2,2),(-0.9,2.5),.PIECEWISE_BEZIER_KNOTS.);
#2285 = CARTESIAN_POINT('',(3.4,-3.6));
#2286 = CARTESIAN_POINT('',(0.,-3.6));
#2287 = ( GEOMETRIC_REPRESENTATION_CONTEXT(2) 
PARAMETRIC_REPRESENTATION_CONTEXT() REPRESENTATION_CONTEXT('2D SPACE',''
  ) );
#2288 = PCURVE('',#2049,#2289);
#2289 = DEFINITIONAL_REPRESENTATION('',(#2290),#2293);
#2290 = B_SPLINE_CURVE_WITH_KNOTS('',1,(#2291,#2292),.UNSPECIFIED.,.F.,
  .F.,(2,2),(-0.9,2.5),.PIECEWISE_BEZIER_KNOTS.);
#2291 = CARTESIAN_POINT('',(43.4,1.6));
#2292 = CARTESIAN_POINT('',(43.4,5.));
#2293 = ( GEOMETRIC_REPRESENTATION_CONTEXT(2) 
PARAMETRIC_REPRESENTATION_CONTEXT() REPRESENTATION_CONTEXT('2D SPACE',''
  ) );
#2294 = ADVANCED_FACE('',(#2295),#595,.T.);
#2295 = FACE_BOUND('',#2296,.T.);
#2296 = EDGE_LOOP('',(#2297,#2320,#2321,#2322));
#2297 = ORIENTED_EDGE('',*,*,#2298,.F.);
#2298 = EDGE_CURVE('',#555,#2299,#2301,.T.);
#2299 = VERTEX_POINT('',#2300);
#2300 = CARTESIAN_POINT('',(83.,-150.4,-4.4));
#2301 = SURFACE_CURVE('',#2302,(#2306,#2313),.PCURVE_S1.);
#2302 = LINE('',#2303,#2304);
#2303 = CARTESIAN_POINT('',(83.,-154.,-4.4));
#2304 = VECTOR('',#2305,1.);
#2305 = DIRECTION('',(0.,1.,0.));
#2306 = PCURVE('',#595,#2307);
#2307 = DEFINITIONAL_REPRESENTATION('',(#2308),#2312);
#2308 = LINE('',#2309,#2310);
#2309 = CARTESIAN_POINT('',(0.,0.));
#2310 = VECTOR('',#2311,1.);
#2311 = DIRECTION('',(0.,1.));
#2312 = ( GEOMETRIC_REPRESENTATION_CONTEXT(2) 
PARAMETRIC_REPRESENTATION_CONTEXT() REPRESENTATION_CONTEXT('2D SPACE',''
  ) );
#2313 = PCURVE('',#569,#2314);
#2314 = DEFINITIONAL_REPRESENTATION('',(#2315),#2319);
#2315 = LINE('',#2316,#2317);
#2316 = CARTESIAN_POINT('',(0.,0.));
#2317 = VECTOR('',#2318,1.);
#2318 = DIRECTION('',(0.,-1.));
#2319 = ( GEOMETRIC_REPRESENTATION_CONTEXT(2) 
PARAMETRIC_REPRESENTATION_CONTEXT() REPRESENTATION_CONTEXT('2D SPACE',''
  ) );
#2320 = ORIENTED_EDGE('',*,*,#580,.T.);
#2321 = ORIENTED_EDGE('',*,*,#2253,.T.);
#2322 = ORIENTED_EDGE('',*,*,#2323,.F.);
#2323 = EDGE_CURVE('',#2299,#2254,#2324,.T.);
#2324 = SURFACE_CURVE('',#2325,(#2329,#2335),.PCURVE_S1.);
#2325 = LINE('',#2326,#2327);
#2326 = CARTESIAN_POINT('',(66.3,-150.4,-4.4));
#2327 = VECTOR('',#2328,1.);
#2328 = DIRECTION('',(1.,0.,0.));
#2329 = PCURVE('',#595,#2330);
#2330 = DEFINITIONAL_REPRESENTATION('',(#2331),#2334);
#2331 = B_SPLINE_CURVE_WITH_KNOTS('',1,(#2332,#2333),.UNSPECIFIED.,.F.,
  .F.,(2,2),(16.7,26.7),.PIECEWISE_BEZIER_KNOTS.);
#2332 = CARTESIAN_POINT('',(0.,3.6));
#2333 = CARTESIAN_POINT('',(10.,3.6));
#2334 = ( GEOMETRIC_REPRESENTATION_CONTEXT(2) 
PARAMETRIC_REPRESENTATION_CONTEXT() REPRESENTATION_CONTEXT('2D SPACE',''
  ) );
#2335 = PCURVE('',#2049,#2336);
#2336 = DEFINITIONAL_REPRESENTATION('',(#2337),#2340);
#2337 = B_SPLINE_CURVE_WITH_KNOTS('',1,(#2338,#2339),.UNSPECIFIED.,.F.,
  .F.,(2,2),(16.7,26.7),.PIECEWISE_BEZIER_KNOTS.);
#2338 = CARTESIAN_POINT('',(33.4,5.));
#2339 = CARTESIAN_POINT('',(43.4,5.));
#2340 = ( GEOMETRIC_REPRESENTATION_CONTEXT(2) 
PARAMETRIC_REPRESENTATION_CONTEXT() REPRESENTATION_CONTEXT('2D SPACE',''
  ) );
#2341 = ADVANCED_FACE('',(#2342),#569,.T.);
#2342 = FACE_BOUND('',#2343,.T.);
#2343 = EDGE_LOOP('',(#2344,#2345,#2346,#2347));
#2344 = ORIENTED_EDGE('',*,*,#2182,.F.);
#2345 = ORIENTED_EDGE('',*,*,#554,.T.);
#2346 = ORIENTED_EDGE('',*,*,#2298,.T.);
#2347 = ORIENTED_EDGE('',*,*,#2348,.F.);
#2348 = EDGE_CURVE('',#2183,#2299,#2349,.T.);
#2349 = SURFACE_CURVE('',#2350,(#2354,#2360),.PCURVE_S1.);
#2350 = LINE('',#2351,#2352);
#2351 = CARTESIAN_POINT('',(83.,-150.4,-1.9));
#2352 = VECTOR('',#2353,1.);
#2353 = DIRECTION('',(0.,0.,-1.));
#2354 = PCURVE('',#569,#2355);
#2355 = DEFINITIONAL_REPRESENTATION('',(#2356),#2359);
#2356 = B_SPLINE_CURVE_WITH_KNOTS('',1,(#2357,#2358),.UNSPECIFIED.,.F.,
  .F.,(2,2),(-0.9,2.5),.PIECEWISE_BEZIER_KNOTS.);
#2357 = CARTESIAN_POINT('',(3.4,-3.6));
#2358 = CARTESIAN_POINT('',(0.,-3.6));
#2359 = ( GEOMETRIC_REPRESENTATION_CONTEXT(2) 
PARAMETRIC_REPRESENTATION_CONTEXT() REPRESENTATION_CONTEXT('2D SPACE',''
  ) );
#2360 = PCURVE('',#2049,#2361);
#2361 = DEFINITIONAL_REPRESENTATION('',(#2362),#2365);
#2362 = B_SPLINE_CURVE_WITH_KNOTS('',1,(#2363,#2364),.UNSPECIFIED.,.F.,
  .F.,(2,2),(-0.9,2.5),.PIECEWISE_BEZIER_KNOTS.);
#2363 = CARTESIAN_POINT('',(33.4,1.6));
#2364 = CARTESIAN_POINT('',(33.4,5.));
#2365 = ( GEOMETRIC_REPRESENTATION_CONTEXT(2) 
PARAMETRIC_REPRESENTATION_CONTEXT() REPRESENTATION_CONTEXT('2D SPACE',''
  ) );
#2366 = ADVANCED_FACE('',(#2367),#649,.F.);
#2367 = FACE_BOUND('',#2368,.F.);
#2368 = EDGE_LOOP('',(#2369,#2392,#2393,#2416));
#2369 = ORIENTED_EDGE('',*,*,#2370,.F.);
#2370 = EDGE_CURVE('',#633,#2371,#2373,.T.);
#2371 = VERTEX_POINT('',#2372);
#2372 = CARTESIAN_POINT('',(99.,-150.4,-1.));
#2373 = SURFACE_CURVE('',#2374,(#2378,#2385),.PCURVE_S1.);
#2374 = LINE('',#2375,#2376);
#2375 = CARTESIAN_POINT('',(99.,-154.,-1.));
#2376 = VECTOR('',#2377,1.);
#2377 = DIRECTION('',(0.,1.,0.));
#2378 = PCURVE('',#649,#2379);
#2379 = DEFINITIONAL_REPRESENTATION('',(#2380),#2384);
#2380 = LINE('',#2381,#2382);
#2381 = CARTESIAN_POINT('',(0.,0.));
#2382 = VECTOR('',#2383,1.);
#2383 = DIRECTION('',(0.,1.));
#2384 = ( GEOMETRIC_REPRESENTATION_CONTEXT(2) 
PARAMETRIC_REPRESENTATION_CONTEXT() REPRESENTATION_CONTEXT('2D SPACE',''
  ) );
#2385 = PCURVE('',#675,#2386);
#2386 = DEFINITIONAL_REPRESENTATION('',(#2387),#2391);
#2387 = LINE('',#2388,#2389);
#2388 = CARTESIAN_POINT('',(3.4,0.));
#2389 = VECTOR('',#2390,1.);
#2390 = DIRECTION('',(0.,-1.));
#2391 = ( GEOMETRIC_REPRESENTATION_CONTEXT(2) 
PARAMETRIC_REPRESENTATION_CONTEXT() REPRESENTATION_CONTEXT('2D SPACE',''
  ) );
#2392 = ORIENTED_EDGE('',*,*,#632,.T.);
#2393 = ORIENTED_EDGE('',*,*,#2394,.T.);
#2394 = EDGE_CURVE('',#635,#2395,#2397,.T.);
#2395 = VERTEX_POINT('',#2396);
#2396 = CARTESIAN_POINT('',(109.,-150.4,-1.));
#2397 = SURFACE_CURVE('',#2398,(#2402,#2409),.PCURVE_S1.);
#2398 = LINE('',#2399,#2400);
#2399 = CARTESIAN_POINT('',(109.,-154.,-1.));
#2400 = VECTOR('',#2401,1.);
#2401 = DIRECTION('',(0.,1.,0.));
#2402 = PCURVE('',#649,#2403);
#2403 = DEFINITIONAL_REPRESENTATION('',(#2404),#2408);
#2404 = LINE('',#2405,#2406);
#2405 = CARTESIAN_POINT('',(10.,0.));
#2406 = VECTOR('',#2407,1.);
#2407 = DIRECTION('',(0.,1.));
#2408 = ( GEOMETRIC_REPRESENTATION_CONTEXT(2) 
PARAMETRIC_REPRESENTATION_CONTEXT() REPRESENTATION_CONTEXT('2D SPACE',''
  ) );
#2409 = PCURVE('',#725,#2410);
#2410 = DEFINITIONAL_REPRESENTATION('',(#2411),#2415);
#2411 = LINE('',#2412,#2413);
#2412 = CARTESIAN_POINT('',(3.4,0.));
#2413 = VECTOR('',#2414,1.);
#2414 = DIRECTION('',(0.,-1.));
#2415 = ( GEOMETRIC_REPRESENTATION_CONTEXT(2) 
PARAMETRIC_REPRESENTATION_CONTEXT() REPRESENTATION_CONTEXT('2D SPACE',''
  ) );
#2416 = ORIENTED_EDGE('',*,*,#2417,.F.);
#2417 = EDGE_CURVE('',#2371,#2395,#2418,.T.);
#2418 = SURFACE_CURVE('',#2419,(#2423,#2429),.PCURVE_S1.);
#2419 = LINE('',#2420,#2421);
#2420 = CARTESIAN_POINT('',(74.3,-150.4,-1.));
#2421 = VECTOR('',#2422,1.);
#2422 = DIRECTION('',(1.,0.,0.));
#2423 = PCURVE('',#649,#2424);
#2424 = DEFINITIONAL_REPRESENTATION('',(#2425),#2428);
#2425 = B_SPLINE_CURVE_WITH_KNOTS('',1,(#2426,#2427),.UNSPECIFIED.,.F.,
  .F.,(2,2),(24.7,34.7),.PIECEWISE_BEZIER_KNOTS.);
#2426 = CARTESIAN_POINT('',(0.,3.6));
#2427 = CARTESIAN_POINT('',(10.,3.6));
#2428 = ( GEOMETRIC_REPRESENTATION_CONTEXT(2) 
PARAMETRIC_REPRESENTATION_CONTEXT() REPRESENTATION_CONTEXT('2D SPACE',''
  ) );
#2429 = PCURVE('',#2049,#2430);
#2430 = DEFINITIONAL_REPRESENTATION('',(#2431),#2434);
#2431 = B_SPLINE_CURVE_WITH_KNOTS('',1,(#2432,#2433),.UNSPECIFIED.,.F.,
  .F.,(2,2),(24.7,34.7),.PIECEWISE_BEZIER_KNOTS.);
#2432 = CARTESIAN_POINT('',(49.4,1.6));
#2433 = CARTESIAN_POINT('',(59.4,1.6));
#2434 = ( GEOMETRIC_REPRESENTATION_CONTEXT(2) 
PARAMETRIC_REPRESENTATION_CONTEXT() REPRESENTATION_CONTEXT('2D SPACE',''
  ) );
#2435 = ADVANCED_FACE('',(#2436),#725,.F.);
#2436 = FACE_BOUND('',#2437,.F.);
#2437 = EDGE_LOOP('',(#2438,#2439,#2440,#2463));
#2438 = ORIENTED_EDGE('',*,*,#2394,.F.);
#2439 = ORIENTED_EDGE('',*,*,#712,.T.);
#2440 = ORIENTED_EDGE('',*,*,#2441,.T.);
#2441 = EDGE_CURVE('',#687,#2442,#2444,.T.);
#2442 = VERTEX_POINT('',#2443);
#2443 = CARTESIAN_POINT('',(109.,-150.4,-4.4));
#2444 = SURFACE_CURVE('',#2445,(#2449,#2456),.PCURVE_S1.);
#2445 = LINE('',#2446,#2447);
#2446 = CARTESIAN_POINT('',(109.,-154.,-4.4));
#2447 = VECTOR('',#2448,1.);
#2448 = DIRECTION('',(0.,1.,0.));
#2449 = PCURVE('',#725,#2450);
#2450 = DEFINITIONAL_REPRESENTATION('',(#2451),#2455);
#2451 = LINE('',#2452,#2453);
#2452 = CARTESIAN_POINT('',(0.,0.));
#2453 = VECTOR('',#2454,1.);
#2454 = DIRECTION('',(0.,-1.));
#2455 = ( GEOMETRIC_REPRESENTATION_CONTEXT(2) 
PARAMETRIC_REPRESENTATION_CONTEXT() REPRESENTATION_CONTEXT('2D SPACE',''
  ) );
#2456 = PCURVE('',#701,#2457);
#2457 = DEFINITIONAL_REPRESENTATION('',(#2458),#2462);
#2458 = LINE('',#2459,#2460);
#2459 = CARTESIAN_POINT('',(10.,0.));
#2460 = VECTOR('',#2461,1.);
#2461 = DIRECTION('',(0.,1.));
#2462 = ( GEOMETRIC_REPRESENTATION_CONTEXT(2) 
PARAMETRIC_REPRESENTATION_CONTEXT() REPRESENTATION_CONTEXT('2D SPACE',''
  ) );
#2463 = ORIENTED_EDGE('',*,*,#2464,.F.);
#2464 = EDGE_CURVE('',#2395,#2442,#2465,.T.);
#2465 = SURFACE_CURVE('',#2466,(#2470,#2476),.PCURVE_S1.);
#2466 = LINE('',#2467,#2468);
#2467 = CARTESIAN_POINT('',(109.,-150.4,-1.9));
#2468 = VECTOR('',#2469,1.);
#2469 = DIRECTION('',(0.,0.,-1.));
#2470 = PCURVE('',#725,#2471);
#2471 = DEFINITIONAL_REPRESENTATION('',(#2472),#2475);
#2472 = B_SPLINE_CURVE_WITH_KNOTS('',1,(#2473,#2474),.UNSPECIFIED.,.F.,
  .F.,(2,2),(-0.9,2.5),.PIECEWISE_BEZIER_KNOTS.);
#2473 = CARTESIAN_POINT('',(3.4,-3.6));
#2474 = CARTESIAN_POINT('',(0.,-3.6));
#2475 = ( GEOMETRIC_REPRESENTATION_CONTEXT(2) 
PARAMETRIC_REPRESENTATION_CONTEXT() REPRESENTATION_CONTEXT('2D SPACE',''
  ) );
#2476 = PCURVE('',#2049,#2477);
#2477 = DEFINITIONAL_REPRESENTATION('',(#2478),#2481);
#2478 = B_SPLINE_CURVE_WITH_KNOTS('',1,(#2479,#2480),.UNSPECIFIED.,.F.,
  .F.,(2,2),(-0.9,2.5),.PIECEWISE_BEZIER_KNOTS.);
#2479 = CARTESIAN_POINT('',(59.4,1.6));
#2480 = CARTESIAN_POINT('',(59.4,5.));
#2481 = ( GEOMETRIC_REPRESENTATION_CONTEXT(2) 
PARAMETRIC_REPRESENTATION_CONTEXT() REPRESENTATION_CONTEXT('2D SPACE',''
  ) );
#2482 = ADVANCED_FACE('',(#2483),#701,.T.);
#2483 = FACE_BOUND('',#2484,.T.);
#2484 = EDGE_LOOP('',(#2485,#2508,#2509,#2510));
#2485 = ORIENTED_EDGE('',*,*,#2486,.F.);
#2486 = EDGE_CURVE('',#661,#2487,#2489,.T.);
#2487 = VERTEX_POINT('',#2488);
#2488 = CARTESIAN_POINT('',(99.,-150.4,-4.4));
#2489 = SURFACE_CURVE('',#2490,(#2494,#2501),.PCURVE_S1.);
#2490 = LINE('',#2491,#2492);
#2491 = CARTESIAN_POINT('',(99.,-154.,-4.4));
#2492 = VECTOR('',#2493,1.);
#2493 = DIRECTION('',(0.,1.,0.));
#2494 = PCURVE('',#701,#2495);
#2495 = DEFINITIONAL_REPRESENTATION('',(#2496),#2500);
#2496 = LINE('',#2497,#2498);
#2497 = CARTESIAN_POINT('',(0.,0.));
#2498 = VECTOR('',#2499,1.);
#2499 = DIRECTION('',(0.,1.));
#2500 = ( GEOMETRIC_REPRESENTATION_CONTEXT(2) 
PARAMETRIC_REPRESENTATION_CONTEXT() REPRESENTATION_CONTEXT('2D SPACE',''
  ) );
#2501 = PCURVE('',#675,#2502);
#2502 = DEFINITIONAL_REPRESENTATION('',(#2503),#2507);
#2503 = LINE('',#2504,#2505);
#2504 = CARTESIAN_POINT('',(0.,0.));
#2505 = VECTOR('',#2506,1.);
#2506 = DIRECTION('',(0.,-1.));
#2507 = ( GEOMETRIC_REPRESENTATION_CONTEXT(2) 
PARAMETRIC_REPRESENTATION_CONTEXT() REPRESENTATION_CONTEXT('2D SPACE',''
  ) );
#2508 = ORIENTED_EDGE('',*,*,#686,.T.);
#2509 = ORIENTED_EDGE('',*,*,#2441,.T.);
#2510 = ORIENTED_EDGE('',*,*,#2511,.F.);
#2511 = EDGE_CURVE('',#2487,#2442,#2512,.T.);
#2512 = SURFACE_CURVE('',#2513,(#2517,#2523),.PCURVE_S1.);
#2513 = LINE('',#2514,#2515);
#2514 = CARTESIAN_POINT('',(74.3,-150.4,-4.4));
#2515 = VECTOR('',#2516,1.);
#2516 = DIRECTION('',(1.,0.,0.));
#2517 = PCURVE('',#701,#2518);
#2518 = DEFINITIONAL_REPRESENTATION('',(#2519),#2522);
#2519 = B_SPLINE_CURVE_WITH_KNOTS('',1,(#2520,#2521),.UNSPECIFIED.,.F.,
  .F.,(2,2),(24.7,34.7),.PIECEWISE_BEZIER_KNOTS.);
#2520 = CARTESIAN_POINT('',(0.,3.6));
#2521 = CARTESIAN_POINT('',(10.,3.6));
#2522 = ( GEOMETRIC_REPRESENTATION_CONTEXT(2) 
PARAMETRIC_REPRESENTATION_CONTEXT() REPRESENTATION_CONTEXT('2D SPACE',''
  ) );
#2523 = PCURVE('',#2049,#2524);
#2524 = DEFINITIONAL_REPRESENTATION('',(#2525),#2528);
#2525 = B_SPLINE_CURVE_WITH_KNOTS('',1,(#2526,#2527),.UNSPECIFIED.,.F.,
  .F.,(2,2),(24.7,34.7),.PIECEWISE_BEZIER_KNOTS.);
#2526 = CARTESIAN_POINT('',(49.4,5.));
#2527 = CARTESIAN_POINT('',(59.4,5.));
#2528 = ( GEOMETRIC_REPRESENTATION_CONTEXT(2) 
PARAMETRIC_REPRESENTATION_CONTEXT() REPRESENTATION_CONTEXT('2D SPACE',''
  ) );
#2529 = ADVANCED_FACE('',(#2530),#675,.T.);
#2530 = FACE_BOUND('',#2531,.T.);
#2531 = EDGE_LOOP('',(#2532,#2533,#2534,#2535));
#2532 = ORIENTED_EDGE('',*,*,#2370,.F.);
#2533 = ORIENTED_EDGE('',*,*,#660,.T.);
#2534 = ORIENTED_EDGE('',*,*,#2486,.T.);
#2535 = ORIENTED_EDGE('',*,*,#2536,.F.);
#2536 = EDGE_CURVE('',#2371,#2487,#2537,.T.);
#2537 = SURFACE_CURVE('',#2538,(#2542,#2548),.PCURVE_S1.);
#2538 = LINE('',#2539,#2540);
#2539 = CARTESIAN_POINT('',(99.,-150.4,-1.9));
#2540 = VECTOR('',#2541,1.);
#2541 = DIRECTION('',(0.,0.,-1.));
#2542 = PCURVE('',#675,#2543);
#2543 = DEFINITIONAL_REPRESENTATION('',(#2544),#2547);
#2544 = B_SPLINE_CURVE_WITH_KNOTS('',1,(#2545,#2546),.UNSPECIFIED.,.F.,
  .F.,(2,2),(-0.9,2.5),.PIECEWISE_BEZIER_KNOTS.);
#2545 = CARTESIAN_POINT('',(3.4,-3.6));
#2546 = CARTESIAN_POINT('',(0.,-3.6));
#2547 = ( GEOMETRIC_REPRESENTATION_CONTEXT(2) 
PARAMETRIC_REPRESENTATION_CONTEXT() REPRESENTATION_CONTEXT('2D SPACE',''
  ) );
#2548 = PCURVE('',#2049,#2549);
#2549 = DEFINITIONAL_REPRESENTATION('',(#2550),#2553);
#2550 = B_SPLINE_CURVE_WITH_KNOTS('',1,(#2551,#2552),.UNSPECIFIED.,.F.,
  .F.,(2,2),(-0.9,2.5),.PIECEWISE_BEZIER_KNOTS.);
#2551 = CARTESIAN_POINT('',(49.4,1.6));
#2552 = CARTESIAN_POINT('',(49.4,5.));
#2553 = ( GEOMETRIC_REPRESENTATION_CONTEXT(2) 
PARAMETRIC_REPRESENTATION_CONTEXT() REPRESENTATION_CONTEXT('2D SPACE',''
  ) );
#2554 = ADVANCED_FACE('',(#2555),#755,.F.);
#2555 = FACE_BOUND('',#2556,.F.);
#2556 = EDGE_LOOP('',(#2557,#2580,#2581,#2604));
#2557 = ORIENTED_EDGE('',*,*,#2558,.F.);
#2558 = EDGE_CURVE('',#739,#2559,#2561,.T.);
#2559 = VERTEX_POINT('',#2560);
#2560 = CARTESIAN_POINT('',(119.,-150.4,-1.));
#2561 = SURFACE_CURVE('',#2562,(#2566,#2573),.PCURVE_S1.);
#2562 = LINE('',#2563,#2564);
#2563 = CARTESIAN_POINT('',(119.,-154.,-1.));
#2564 = VECTOR('',#2565,1.);
#2565 = DIRECTION('',(0.,1.,0.));
#2566 = PCURVE('',#755,#2567);
#2567 = DEFINITIONAL_REPRESENTATION('',(#2568),#2572);
#2568 = LINE('',#2569,#2570);
#2569 = CARTESIAN_POINT('',(0.,0.));
#2570 = VECTOR('',#2571,1.);
#2571 = DIRECTION('',(0.,1.));
#2572 = ( GEOMETRIC_REPRESENTATION_CONTEXT(2) 
PARAMETRIC_REPRESENTATION_CONTEXT() REPRESENTATION_CONTEXT('2D SPACE',''
  ) );
#2573 = PCURVE('',#781,#2574);
#2574 = DEFINITIONAL_REPRESENTATION('',(#2575),#2579);
#2575 = LINE('',#2576,#2577);
#2576 = CARTESIAN_POINT('',(3.4,0.));
#2577 = VECTOR('',#2578,1.);
#2578 = DIRECTION('',(0.,-1.));
#2579 = ( GEOMETRIC_REPRESENTATION_CONTEXT(2) 
PARAMETRIC_REPRESENTATION_CONTEXT() REPRESENTATION_CONTEXT('2D SPACE',''
  ) );
#2580 = ORIENTED_EDGE('',*,*,#738,.T.);
#2581 = ORIENTED_EDGE('',*,*,#2582,.T.);
#2582 = EDGE_CURVE('',#741,#2583,#2585,.T.);
#2583 = VERTEX_POINT('',#2584);
#2584 = CARTESIAN_POINT('',(129.,-150.4,-1.));
#2585 = SURFACE_CURVE('',#2586,(#2590,#2597),.PCURVE_S1.);
#2586 = LINE('',#2587,#2588);
#2587 = CARTESIAN_POINT('',(129.,-154.,-1.));
#2588 = VECTOR('',#2589,1.);
#2589 = DIRECTION('',(0.,1.,0.));
#2590 = PCURVE('',#755,#2591);
#2591 = DEFINITIONAL_REPRESENTATION('',(#2592),#2596);
#2592 = LINE('',#2593,#2594);
#2593 = CARTESIAN_POINT('',(10.,0.));
#2594 = VECTOR('',#2595,1.);
#2595 = DIRECTION('',(0.,1.));
#2596 = ( GEOMETRIC_REPRESENTATION_CONTEXT(2) 
PARAMETRIC_REPRESENTATION_CONTEXT() REPRESENTATION_CONTEXT('2D SPACE',''
  ) );
#2597 = PCURVE('',#831,#2598);
#2598 = DEFINITIONAL_REPRESENTATION('',(#2599),#2603);
#2599 = LINE('',#2600,#2601);
#2600 = CARTESIAN_POINT('',(3.4,0.));
#2601 = VECTOR('',#2602,1.);
#2602 = DIRECTION('',(0.,-1.));
#2603 = ( GEOMETRIC_REPRESENTATION_CONTEXT(2) 
PARAMETRIC_REPRESENTATION_CONTEXT() REPRESENTATION_CONTEXT('2D SPACE',''
  ) );
#2604 = ORIENTED_EDGE('',*,*,#2605,.F.);
#2605 = EDGE_CURVE('',#2559,#2583,#2606,.T.);
#2606 = SURFACE_CURVE('',#2607,(#2611,#2617),.PCURVE_S1.);
#2607 = LINE('',#2608,#2609);
#2608 = CARTESIAN_POINT('',(84.3,-150.4,-1.));
#2609 = VECTOR('',#2610,1.);
#2610 = DIRECTION('',(1.,0.,0.));
#2611 = PCURVE('',#755,#2612);
#2612 = DEFINITIONAL_REPRESENTATION('',(#2613),#2616);
#2613 = B_SPLINE_CURVE_WITH_KNOTS('',1,(#2614,#2615),.UNSPECIFIED.,.F.,
  .F.,(2,2),(34.7,44.7),.PIECEWISE_BEZIER_KNOTS.);
#2614 = CARTESIAN_POINT('',(0.,3.6));
#2615 = CARTESIAN_POINT('',(10.,3.6));
#2616 = ( GEOMETRIC_REPRESENTATION_CONTEXT(2) 
PARAMETRIC_REPRESENTATION_CONTEXT() REPRESENTATION_CONTEXT('2D SPACE',''
  ) );
#2617 = PCURVE('',#2049,#2618);
#2618 = DEFINITIONAL_REPRESENTATION('',(#2619),#2622);
#2619 = B_SPLINE_CURVE_WITH_KNOTS('',1,(#2620,#2621),.UNSPECIFIED.,.F.,
  .F.,(2,2),(34.7,44.7),.PIECEWISE_BEZIER_KNOTS.);
#2620 = CARTESIAN_POINT('',(69.4,1.6));
#2621 = CARTESIAN_POINT('',(79.4,1.6));
#2622 = ( GEOMETRIC_REPRESENTATION_CONTEXT(2) 
PARAMETRIC_REPRESENTATION_CONTEXT() REPRESENTATION_CONTEXT('2D SPACE',''
  ) );
#2623 = ADVANCED_FACE('',(#2624),#831,.F.);
#2624 = FACE_BOUND('',#2625,.F.);
#2625 = EDGE_LOOP('',(#2626,#2627,#2628,#2651));
#2626 = ORIENTED_EDGE('',*,*,#2582,.F.);
#2627 = ORIENTED_EDGE('',*,*,#818,.T.);
#2628 = ORIENTED_EDGE('',*,*,#2629,.T.);
#2629 = EDGE_CURVE('',#793,#2630,#2632,.T.);
#2630 = VERTEX_POINT('',#2631);
#2631 = CARTESIAN_POINT('',(129.,-150.4,-4.4));
#2632 = SURFACE_CURVE('',#2633,(#2637,#2644),.PCURVE_S1.);
#2633 = LINE('',#2634,#2635);
#2634 = CARTESIAN_POINT('',(129.,-154.,-4.4));
#2635 = VECTOR('',#2636,1.);
#2636 = DIRECTION('',(0.,1.,0.));
#2637 = PCURVE('',#831,#2638);
#2638 = DEFINITIONAL_REPRESENTATION('',(#2639),#2643);
#2639 = LINE('',#2640,#2641);
#2640 = CARTESIAN_POINT('',(0.,0.));
#2641 = VECTOR('',#2642,1.);
#2642 = DIRECTION('',(0.,-1.));
#2643 = ( GEOMETRIC_REPRESENTATION_CONTEXT(2) 
PARAMETRIC_REPRESENTATION_CONTEXT() REPRESENTATION_CONTEXT('2D SPACE',''
  ) );
#2644 = PCURVE('',#807,#2645);
#2645 = DEFINITIONAL_REPRESENTATION('',(#2646),#2650);
#2646 = LINE('',#2647,#2648);
#2647 = CARTESIAN_POINT('',(10.,0.));
#2648 = VECTOR('',#2649,1.);
#2649 = DIRECTION('',(0.,1.));
#2650 = ( GEOMETRIC_REPRESENTATION_CONTEXT(2) 
PARAMETRIC_REPRESENTATION_CONTEXT() REPRESENTATION_CONTEXT('2D SPACE',''
  ) );
#2651 = ORIENTED_EDGE('',*,*,#2652,.F.);
#2652 = EDGE_CURVE('',#2583,#2630,#2653,.T.);
#2653 = SURFACE_CURVE('',#2654,(#2658,#2664),.PCURVE_S1.);
#2654 = LINE('',#2655,#2656);
#2655 = CARTESIAN_POINT('',(129.,-150.4,-1.9));
#2656 = VECTOR('',#2657,1.);
#2657 = DIRECTION('',(0.,0.,-1.));
#2658 = PCURVE('',#831,#2659);
#2659 = DEFINITIONAL_REPRESENTATION('',(#2660),#2663);
#2660 = B_SPLINE_CURVE_WITH_KNOTS('',1,(#2661,#2662),.UNSPECIFIED.,.F.,
  .F.,(2,2),(-0.9,2.5),.PIECEWISE_BEZIER_KNOTS.);
#2661 = CARTESIAN_POINT('',(3.4,-3.6));
#2662 = CARTESIAN_POINT('',(0.,-3.6));
#2663 = ( GEOMETRIC_REPRESENTATION_CONTEXT(2) 
PARAMETRIC_REPRESENTATION_CONTEXT() REPRESENTATION_CONTEXT('2D SPACE',''
  ) );
#2664 = PCURVE('',#2049,#2665);
#2665 = DEFINITIONAL_REPRESENTATION('',(#2666),#2669);
#2666 = B_SPLINE_CURVE_WITH_KNOTS('',1,(#2667,#2668),.UNSPECIFIED.,.F.,
  .F.,(2,2),(-0.9,2.5),.PIECEWISE_BEZIER_KNOTS.);
#2667 = CARTESIAN_POINT('',(79.4,1.6));
#2668 = CARTESIAN_POINT('',(79.4,5.));
#2669 = ( GEOMETRIC_REPRESENTATION_CONTEXT(2) 
PARAMETRIC_REPRESENTATION_CONTEXT() REPRESENTATION_CONTEXT('2D SPACE',''
  ) );
#2670 = ADVANCED_FACE('',(#2671),#807,.T.);
#2671 = FACE_BOUND('',#2672,.T.);
#2672 = EDGE_LOOP('',(#2673,#2696,#2697,#2698));
#2673 = ORIENTED_EDGE('',*,*,#2674,.F.);
#2674 = EDGE_CURVE('',#767,#2675,#2677,.T.);
#2675 = VERTEX_POINT('',#2676);
#2676 = CARTESIAN_POINT('',(119.,-150.4,-4.4));
#2677 = SURFACE_CURVE('',#2678,(#2682,#2689),.PCURVE_S1.);
#2678 = LINE('',#2679,#2680);
#2679 = CARTESIAN_POINT('',(119.,-154.,-4.4));
#2680 = VECTOR('',#2681,1.);
#2681 = DIRECTION('',(0.,1.,0.));
#2682 = PCURVE('',#807,#2683);
#2683 = DEFINITIONAL_REPRESENTATION('',(#2684),#2688);
#2684 = LINE('',#2685,#2686);
#2685 = CARTESIAN_POINT('',(0.,0.));
#2686 = VECTOR('',#2687,1.);
#2687 = DIRECTION('',(0.,1.));
#2688 = ( GEOMETRIC_REPRESENTATION_CONTEXT(2) 
PARAMETRIC_REPRESENTATION_CONTEXT() REPRESENTATION_CONTEXT('2D SPACE',''
  ) );
#2689 = PCURVE('',#781,#2690);
#2690 = DEFINITIONAL_REPRESENTATION('',(#2691),#2695);
#2691 = LINE('',#2692,#2693);
#2692 = CARTESIAN_POINT('',(0.,0.));
#2693 = VECTOR('',#2694,1.);
#2694 = DIRECTION('',(0.,-1.));
#2695 = ( GEOMETRIC_REPRESENTATION_CONTEXT(2) 
PARAMETRIC_REPRESENTATION_CONTEXT() REPRESENTATION_CONTEXT('2D SPACE',''
  ) );
#2696 = ORIENTED_EDGE('',*,*,#792,.T.);
#2697 = ORIENTED_EDGE('',*,*,#2629,.T.);
#2698 = ORIENTED_EDGE('',*,*,#2699,.F.);
#2699 = EDGE_CURVE('',#2675,#2630,#2700,.T.);
#2700 = SURFACE_CURVE('',#2701,(#2705,#2711),.PCURVE_S1.);
#2701 = LINE('',#2702,#2703);
#2702 = CARTESIAN_POINT('',(84.3,-150.4,-4.4));
#2703 = VECTOR('',#2704,1.);
#2704 = DIRECTION('',(1.,0.,0.));
#2705 = PCURVE('',#807,#2706);
#2706 = DEFINITIONAL_REPRESENTATION('',(#2707),#2710);
#2707 = B_SPLINE_CURVE_WITH_KNOTS('',1,(#2708,#2709),.UNSPECIFIED.,.F.,
  .F.,(2,2),(34.7,44.7),.PIECEWISE_BEZIER_KNOTS.);
#2708 = CARTESIAN_POINT('',(0.,3.6));
#2709 = CARTESIAN_POINT('',(10.,3.6));
#2710 = ( GEOMETRIC_REPRESENTATION_CONTEXT(2) 
PARAMETRIC_REPRESENTATION_CONTEXT() REPRESENTATION_CONTEXT('2D SPACE',''
  ) );
#2711 = PCURVE('',#2049,#2712);
#2712 = DEFINITIONAL_REPRESENTATION('',(#2713),#2716);
#2713 = B_SPLINE_CURVE_WITH_KNOTS('',1,(#2714,#2715),.UNSPECIFIED.,.F.,
  .F.,(2,2),(34.7,44.7),.PIECEWISE_BEZIER_KNOTS.);
#2714 = CARTESIAN_POINT('',(69.4,5.));
#2715 = CARTESIAN_POINT('',(79.4,5.));
#2716 = ( GEOMETRIC_REPRESENTATION_CONTEXT(2) 
PARAMETRIC_REPRESENTATION_CONTEXT() REPRESENTATION_CONTEXT('2D SPACE',''
  ) );
#2717 = ADVANCED_FACE('',(#2718),#781,.T.);
#2718 = FACE_BOUND('',#2719,.T.);
#2719 = EDGE_LOOP('',(#2720,#2721,#2722,#2723));
#2720 = ORIENTED_EDGE('',*,*,#2558,.F.);
#2721 = ORIENTED_EDGE('',*,*,#766,.T.);
#2722 = ORIENTED_EDGE('',*,*,#2674,.T.);
#2723 = ORIENTED_EDGE('',*,*,#2724,.F.);
#2724 = EDGE_CURVE('',#2559,#2675,#2725,.T.);
#2725 = SURFACE_CURVE('',#2726,(#2730,#2736),.PCURVE_S1.);
#2726 = LINE('',#2727,#2728);
#2727 = CARTESIAN_POINT('',(119.,-150.4,-1.9));
#2728 = VECTOR('',#2729,1.);
#2729 = DIRECTION('',(0.,0.,-1.));
#2730 = PCURVE('',#781,#2731);
#2731 = DEFINITIONAL_REPRESENTATION('',(#2732),#2735);
#2732 = B_SPLINE_CURVE_WITH_KNOTS('',1,(#2733,#2734),.UNSPECIFIED.,.F.,
  .F.,(2,2),(-0.9,2.5),.PIECEWISE_BEZIER_KNOTS.);
#2733 = CARTESIAN_POINT('',(3.4,-3.6));
#2734 = CARTESIAN_POINT('',(0.,-3.6));
#2735 = ( GEOMETRIC_REPRESENTATION_CONTEXT(2) 
PARAMETRIC_REPRESENTATION_CONTEXT() REPRESENTATION_CONTEXT('2D SPACE',''
  ) );
#2736 = PCURVE('',#2049,#2737);
#2737 = DEFINITIONAL_REPRESENTATION('',(#2738),#2741);
#2738 = B_SPLINE_CURVE_WITH_KNOTS('',1,(#2739,#2740),.UNSPECIFIED.,.F.,
  .F.,(2,2),(-0.9,2.5),.PIECEWISE_BEZIER_KNOTS.);
#2739 = CARTESIAN_POINT('',(69.4,1.6));
#2740 = CARTESIAN_POINT('',(69.4,5.));
#2741 = ( GEOMETRIC_REPRESENTATION_CONTEXT(2) 
PARAMETRIC_REPRESENTATION_CONTEXT() REPRESENTATION_CONTEXT('2D SPACE',''
  ) );
#2742 = ADVANCED_FACE('',(#2743,#3167,#3273),#946,.F.);
#2743 = FACE_BOUND('',#2744,.F.);
#2744 = EDGE_LOOP('',(#2745,#2773,#2801,#2829,#2857,#2885,#2913,#2941,
    #2962,#2963,#2964,#2985,#3011,#3039,#3065,#3091,#3117,#3143));
#2745 = ORIENTED_EDGE('',*,*,#2746,.F.);
#2746 = EDGE_CURVE('',#2747,#2749,#2751,.T.);
#2747 = VERTEX_POINT('',#2748);
#2748 = CARTESIAN_POINT('',(47.,-50.1,-4.));
#2749 = VERTEX_POINT('',#2750);
#2750 = CARTESIAN_POINT('',(47.,-57.,-4.));
#2751 = SURFACE_CURVE('',#2752,(#2756,#2762),.PCURVE_S1.);
#2752 = LINE('',#2753,#2754);
#2753 = CARTESIAN_POINT('',(47.,-53.5,-4.));
#2754 = VECTOR('',#2755,1.);
#2755 = DIRECTION('',(0.,-1.,0.));
#2756 = PCURVE('',#946,#2757);
#2757 = DEFINITIONAL_REPRESENTATION('',(#2758),#2761);
#2758 = B_SPLINE_CURVE_WITH_KNOTS('',1,(#2759,#2760),.UNSPECIFIED.,.F.,
  .F.,(2,2),(-3.4,6.5),.PIECEWISE_BEZIER_KNOTS.);
#2759 = CARTESIAN_POINT('',(3.1,-3.6));
#2760 = CARTESIAN_POINT('',(13.,-3.6));
#2761 = ( GEOMETRIC_REPRESENTATION_CONTEXT(2) 
PARAMETRIC_REPRESENTATION_CONTEXT() REPRESENTATION_CONTEXT('2D SPACE',''
  ) );
#2762 = PCURVE('',#2763,#2768);
#2763 = PLANE('',#2764);
#2764 = AXIS2_PLACEMENT_3D('',#2765,#2766,#2767);
#2765 = CARTESIAN_POINT('',(40.,-60.,-4.));
#2766 = DIRECTION('',(0.,0.,1.));
#2767 = DIRECTION('',(1.,0.,0.));
#2768 = DEFINITIONAL_REPRESENTATION('',(#2769),#2772);
#2769 = B_SPLINE_CURVE_WITH_KNOTS('',1,(#2770,#2771),.UNSPECIFIED.,.F.,
  .F.,(2,2),(-3.4,6.5),.PIECEWISE_BEZIER_KNOTS.);
#2770 = CARTESIAN_POINT('',(7.,9.9));
#2771 = CARTESIAN_POINT('',(7.,0.));
#2772 = ( GEOMETRIC_REPRESENTATION_CONTEXT(2) 
PARAMETRIC_REPRESENTATION_CONTEXT() REPRESENTATION_CONTEXT('2D SPACE',''
  ) );
#2773 = ORIENTED_EDGE('',*,*,#2774,.T.);
#2774 = EDGE_CURVE('',#2747,#2775,#2777,.T.);
#2775 = VERTEX_POINT('',#2776);
#2776 = CARTESIAN_POINT('',(47.,-50.1,1.6));
#2777 = SURFACE_CURVE('',#2778,(#2782,#2789),.PCURVE_S1.);
#2778 = LINE('',#2779,#2780);
#2779 = CARTESIAN_POINT('',(47.,-50.1,-7.6));
#2780 = VECTOR('',#2781,1.);
#2781 = DIRECTION('',(0.,0.,1.));
#2782 = PCURVE('',#946,#2783);
#2783 = DEFINITIONAL_REPRESENTATION('',(#2784),#2788);
#2784 = LINE('',#2785,#2786);
#2785 = CARTESIAN_POINT('',(3.1,0.));
#2786 = VECTOR('',#2787,1.);
#2787 = DIRECTION('',(0.,-1.));
#2788 = ( GEOMETRIC_REPRESENTATION_CONTEXT(2) 
PARAMETRIC_REPRESENTATION_CONTEXT() REPRESENTATION_CONTEXT('2D SPACE',''
  ) );
#2789 = PCURVE('',#2790,#2795);
#2790 = CYLINDRICAL_SURFACE('',#2791,3.1);
#2791 = AXIS2_PLACEMENT_3D('',#2792,#2793,#2794);
#2792 = CARTESIAN_POINT('',(50.1,-50.1,-7.6));
#2793 = DIRECTION('',(0.,0.,1.));
#2794 = DIRECTION('',(-0.,1.,0.));
#2795 = DEFINITIONAL_REPRESENTATION('',(#2796),#2800);
#2796 = LINE('',#2797,#2798);
#2797 = CARTESIAN_POINT('',(1.570796326795,0.));
#2798 = VECTOR('',#2799,1.);
#2799 = DIRECTION('',(0.,1.));
#2800 = ( GEOMETRIC_REPRESENTATION_CONTEXT(2) 
PARAMETRIC_REPRESENTATION_CONTEXT() REPRESENTATION_CONTEXT('2D SPACE',''
  ) );
#2801 = ORIENTED_EDGE('',*,*,#2802,.T.);
#2802 = EDGE_CURVE('',#2775,#2803,#2805,.T.);
#2803 = VERTEX_POINT('',#2804);
#2804 = CARTESIAN_POINT('',(47.,-52.6,1.6));
#2805 = SURFACE_CURVE('',#2806,(#2810,#2817),.PCURVE_S1.);
#2806 = LINE('',#2807,#2808);
#2807 = CARTESIAN_POINT('',(47.,-47.,1.6));
#2808 = VECTOR('',#2809,1.);
#2809 = DIRECTION('',(0.,-1.,0.));
#2810 = PCURVE('',#946,#2811);
#2811 = DEFINITIONAL_REPRESENTATION('',(#2812),#2816);
#2812 = LINE('',#2813,#2814);
#2813 = CARTESIAN_POINT('',(0.,-9.2));
#2814 = VECTOR('',#2815,1.);
#2815 = DIRECTION('',(1.,0.));
#2816 = ( GEOMETRIC_REPRESENTATION_CONTEXT(2) 
PARAMETRIC_REPRESENTATION_CONTEXT() REPRESENTATION_CONTEXT('2D SPACE',''
  ) );
#2817 = PCURVE('',#2818,#2823);
#2818 = PLANE('',#2819);
#2819 = AXIS2_PLACEMENT_3D('',#2820,#2821,#2822);
#2820 = CARTESIAN_POINT('',(100.,-100.,1.6));
#2821 = DIRECTION('',(0.,0.,1.));
#2822 = DIRECTION('',(1.,0.,-0.));
#2823 = DEFINITIONAL_REPRESENTATION('',(#2824),#2828);
#2824 = LINE('',#2825,#2826);
#2825 = CARTESIAN_POINT('',(-53.,53.));
#2826 = VECTOR('',#2827,1.);
#2827 = DIRECTION('',(0.,-1.));
#2828 = ( GEOMETRIC_REPRESENTATION_CONTEXT(2) 
PARAMETRIC_REPRESENTATION_CONTEXT() REPRESENTATION_CONTEXT('2D SPACE',''
  ) );
#2829 = ORIENTED_EDGE('',*,*,#2830,.T.);
#2830 = EDGE_CURVE('',#2803,#2831,#2833,.T.);
#2831 = VERTEX_POINT('',#2832);
#2832 = CARTESIAN_POINT('',(47.,-70.2,1.6));
#2833 = SURFACE_CURVE('',#2834,(#2838,#2845),.PCURVE_S1.);
#2834 = LINE('',#2835,#2836);
#2835 = CARTESIAN_POINT('',(47.,-47.,1.6));
#2836 = VECTOR('',#2837,1.);
#2837 = DIRECTION('',(0.,-1.,0.));
#2838 = PCURVE('',#946,#2839);
#2839 = DEFINITIONAL_REPRESENTATION('',(#2840),#2844);
#2840 = LINE('',#2841,#2842);
#2841 = CARTESIAN_POINT('',(0.,-9.2));
#2842 = VECTOR('',#2843,1.);
#2843 = DIRECTION('',(1.,0.));
#2844 = ( GEOMETRIC_REPRESENTATION_CONTEXT(2) 
PARAMETRIC_REPRESENTATION_CONTEXT() REPRESENTATION_CONTEXT('2D SPACE',''
  ) );
#2845 = PCURVE('',#2846,#2851);
#2846 = PLANE('',#2847);
#2847 = AXIS2_PLACEMENT_3D('',#2848,#2849,#2850);
#2848 = CARTESIAN_POINT('',(100.,-100.,1.6));
#2849 = DIRECTION('',(0.,0.,1.));
#2850 = DIRECTION('',(1.,0.,-0.));
#2851 = DEFINITIONAL_REPRESENTATION('',(#2852),#2856);
#2852 = LINE('',#2853,#2854);
#2853 = CARTESIAN_POINT('',(-53.,53.));
#2854 = VECTOR('',#2855,1.);
#2855 = DIRECTION('',(0.,-1.));
#2856 = ( GEOMETRIC_REPRESENTATION_CONTEXT(2) 
PARAMETRIC_REPRESENTATION_CONTEXT() REPRESENTATION_CONTEXT('2D SPACE',''
  ) );
#2857 = ORIENTED_EDGE('',*,*,#2858,.T.);
#2858 = EDGE_CURVE('',#2831,#2859,#2861,.T.);
#2859 = VERTEX_POINT('',#2860);
#2860 = CARTESIAN_POINT('',(47.,-75.3,1.6));
#2861 = SURFACE_CURVE('',#2862,(#2866,#2873),.PCURVE_S1.);
#2862 = LINE('',#2863,#2864);
#2863 = CARTESIAN_POINT('',(47.,-47.,1.6));
#2864 = VECTOR('',#2865,1.);
#2865 = DIRECTION('',(0.,-1.,0.));
#2866 = PCURVE('',#946,#2867);
#2867 = DEFINITIONAL_REPRESENTATION('',(#2868),#2872);
#2868 = LINE('',#2869,#2870);
#2869 = CARTESIAN_POINT('',(0.,-9.2));
#2870 = VECTOR('',#2871,1.);
#2871 = DIRECTION('',(1.,0.));
#2872 = ( GEOMETRIC_REPRESENTATION_CONTEXT(2) 
PARAMETRIC_REPRESENTATION_CONTEXT() REPRESENTATION_CONTEXT('2D SPACE',''
  ) );
#2873 = PCURVE('',#2874,#2879);
#2874 = PLANE('',#2875);
#2875 = AXIS2_PLACEMENT_3D('',#2876,#2877,#2878);
#2876 = CARTESIAN_POINT('',(100.,-100.,1.6));
#2877 = DIRECTION('',(0.,0.,1.));
#2878 = DIRECTION('',(1.,0.,-0.));
#2879 = DEFINITIONAL_REPRESENTATION('',(#2880),#2884);
#2880 = LINE('',#2881,#2882);
#2881 = CARTESIAN_POINT('',(-53.,53.));
#2882 = VECTOR('',#2883,1.);
#2883 = DIRECTION('',(0.,-1.));
#2884 = ( GEOMETRIC_REPRESENTATION_CONTEXT(2) 
PARAMETRIC_REPRESENTATION_CONTEXT() REPRESENTATION_CONTEXT('2D SPACE',''
  ) );
#2885 = ORIENTED_EDGE('',*,*,#2886,.T.);
#2886 = EDGE_CURVE('',#2859,#2887,#2889,.T.);
#2887 = VERTEX_POINT('',#2888);
#2888 = CARTESIAN_POINT('',(47.,-83.8,1.6));
#2889 = SURFACE_CURVE('',#2890,(#2894,#2901),.PCURVE_S1.);
#2890 = LINE('',#2891,#2892);
#2891 = CARTESIAN_POINT('',(47.,-47.,1.6));
#2892 = VECTOR('',#2893,1.);
#2893 = DIRECTION('',(0.,-1.,0.));
#2894 = PCURVE('',#946,#2895);
#2895 = DEFINITIONAL_REPRESENTATION('',(#2896),#2900);
#2896 = LINE('',#2897,#2898);
#2897 = CARTESIAN_POINT('',(0.,-9.2));
#2898 = VECTOR('',#2899,1.);
#2899 = DIRECTION('',(1.,0.));
#2900 = ( GEOMETRIC_REPRESENTATION_CONTEXT(2) 
PARAMETRIC_REPRESENTATION_CONTEXT() REPRESENTATION_CONTEXT('2D SPACE',''
  ) );
#2901 = PCURVE('',#2902,#2907);
#2902 = PLANE('',#2903);
#2903 = AXIS2_PLACEMENT_3D('',#2904,#2905,#2906);
#2904 = CARTESIAN_POINT('',(100.,-100.,1.6));
#2905 = DIRECTION('',(0.,0.,1.));
#2906 = DIRECTION('',(1.,0.,-0.));
#2907 = DEFINITIONAL_REPRESENTATION('',(#2908),#2912);
#2908 = LINE('',#2909,#2910);
#2909 = CARTESIAN_POINT('',(-53.,53.));
#2910 = VECTOR('',#2911,1.);
#2911 = DIRECTION('',(0.,-1.));
#2912 = ( GEOMETRIC_REPRESENTATION_CONTEXT(2) 
PARAMETRIC_REPRESENTATION_CONTEXT() REPRESENTATION_CONTEXT('2D SPACE',''
  ) );
#2913 = ORIENTED_EDGE('',*,*,#2914,.T.);
#2914 = EDGE_CURVE('',#2887,#2915,#2917,.T.);
#2915 = VERTEX_POINT('',#2916);
#2916 = CARTESIAN_POINT('',(47.,-89.3,1.6));
#2917 = SURFACE_CURVE('',#2918,(#2922,#2929),.PCURVE_S1.);
#2918 = LINE('',#2919,#2920);
#2919 = CARTESIAN_POINT('',(47.,-47.,1.6));
#2920 = VECTOR('',#2921,1.);
#2921 = DIRECTION('',(0.,-1.,0.));
#2922 = PCURVE('',#946,#2923);
#2923 = DEFINITIONAL_REPRESENTATION('',(#2924),#2928);
#2924 = LINE('',#2925,#2926);
#2925 = CARTESIAN_POINT('',(0.,-9.2));
#2926 = VECTOR('',#2927,1.);
#2927 = DIRECTION('',(1.,0.));
#2928 = ( GEOMETRIC_REPRESENTATION_CONTEXT(2) 
PARAMETRIC_REPRESENTATION_CONTEXT() REPRESENTATION_CONTEXT('2D SPACE',''
  ) );
#2929 = PCURVE('',#2930,#2935);
#2930 = PLANE('',#2931);
#2931 = AXIS2_PLACEMENT_3D('',#2932,#2933,#2934);
#2932 = CARTESIAN_POINT('',(100.,-100.,1.6));
#2933 = DIRECTION('',(0.,0.,1.));
#2934 = DIRECTION('',(1.,0.,-0.));
#2935 = DEFINITIONAL_REPRESENTATION('',(#2936),#2940);
#2936 = LINE('',#2937,#2938);
#2937 = CARTESIAN_POINT('',(-53.,53.));
#2938 = VECTOR('',#2939,1.);
#2939 = DIRECTION('',(0.,-1.));
#2940 = ( GEOMETRIC_REPRESENTATION_CONTEXT(2) 
PARAMETRIC_REPRESENTATION_CONTEXT() REPRESENTATION_CONTEXT('2D SPACE',''
  ) );
#2941 = ORIENTED_EDGE('',*,*,#2942,.T.);
#2942 = EDGE_CURVE('',#2915,#1179,#2943,.T.);
#2943 = SURFACE_CURVE('',#2944,(#2948,#2955),.PCURVE_S1.);
#2944 = LINE('',#2945,#2946);
#2945 = CARTESIAN_POINT('',(47.,-47.,1.6));
#2946 = VECTOR('',#2947,1.);
#2947 = DIRECTION('',(0.,-1.,0.));
#2948 = PCURVE('',#946,#2949);
#2949 = DEFINITIONAL_REPRESENTATION('',(#2950),#2954);
#2950 = LINE('',#2951,#2952);
#2951 = CARTESIAN_POINT('',(0.,-9.2));
#2952 = VECTOR('',#2953,1.);
#2953 = DIRECTION('',(1.,0.));
#2954 = ( GEOMETRIC_REPRESENTATION_CONTEXT(2) 
PARAMETRIC_REPRESENTATION_CONTEXT() REPRESENTATION_CONTEXT('2D SPACE',''
  ) );
#2955 = PCURVE('',#1194,#2956);
#2956 = DEFINITIONAL_REPRESENTATION('',(#2957),#2961);
#2957 = LINE('',#2958,#2959);
#2958 = CARTESIAN_POINT('',(-53.,53.));
#2959 = VECTOR('',#2960,1.);
#2960 = DIRECTION('',(0.,-1.));
#2961 = ( GEOMETRIC_REPRESENTATION_CONTEXT(2) 
PARAMETRIC_REPRESENTATION_CONTEXT() REPRESENTATION_CONTEXT('2D SPACE',''
  ) );
#2962 = ORIENTED_EDGE('',*,*,#1206,.T.);
#2963 = ORIENTED_EDGE('',*,*,#930,.F.);
#2964 = ORIENTED_EDGE('',*,*,#2965,.F.);
#2965 = EDGE_CURVE('',#2966,#902,#2968,.T.);
#2966 = VERTEX_POINT('',#2967);
#2967 = CARTESIAN_POINT('',(47.,-140.,-4.));
#2968 = SURFACE_CURVE('',#2969,(#2973,#2979),.PCURVE_S1.);
#2969 = LINE('',#2970,#2971);
#2970 = CARTESIAN_POINT('',(47.,-99.5,-4.));
#2971 = VECTOR('',#2972,1.);
#2972 = DIRECTION('',(0.,-1.,0.));
#2973 = PCURVE('',#946,#2974);
#2974 = DEFINITIONAL_REPRESENTATION('',(#2975),#2978);
#2975 = B_SPLINE_CURVE_WITH_KNOTS('',1,(#2976,#2977),.UNSPECIFIED.,.F.,
  .F.,(2,2),(40.5,50.4),.PIECEWISE_BEZIER_KNOTS.);
#2976 = CARTESIAN_POINT('',(93.,-3.6));
#2977 = CARTESIAN_POINT('',(102.9,-3.6));
#2978 = ( GEOMETRIC_REPRESENTATION_CONTEXT(2) 
PARAMETRIC_REPRESENTATION_CONTEXT() REPRESENTATION_CONTEXT('2D SPACE',''
  ) );
#2979 = PCURVE('',#918,#2980);
#2980 = DEFINITIONAL_REPRESENTATION('',(#2981),#2984);
#2981 = B_SPLINE_CURVE_WITH_KNOTS('',1,(#2982,#2983),.UNSPECIFIED.,.F.,
  .F.,(2,2),(40.5,50.4),.PIECEWISE_BEZIER_KNOTS.);
#2982 = CARTESIAN_POINT('',(7.,12.));
#2983 = CARTESIAN_POINT('',(7.,2.1));
#2984 = ( GEOMETRIC_REPRESENTATION_CONTEXT(2) 
PARAMETRIC_REPRESENTATION_CONTEXT() REPRESENTATION_CONTEXT('2D SPACE',''
  ) );
#2985 = ORIENTED_EDGE('',*,*,#2986,.F.);
#2986 = EDGE_CURVE('',#2987,#2966,#2989,.T.);
#2987 = VERTEX_POINT('',#2988);
#2988 = CARTESIAN_POINT('',(47.,-140.,-6.8));
#2989 = SURFACE_CURVE('',#2990,(#2994,#3000),.PCURVE_S1.);
#2990 = LINE('',#2991,#2992);
#2991 = CARTESIAN_POINT('',(47.,-140.,-7.6));
#2992 = VECTOR('',#2993,1.);
#2993 = DIRECTION('',(0.,-0.,1.));
#2994 = PCURVE('',#946,#2995);
#2995 = DEFINITIONAL_REPRESENTATION('',(#2996),#2999);
#2996 = B_SPLINE_CURVE_WITH_KNOTS('',1,(#2997,#2998),.UNSPECIFIED.,.F.,
  .F.,(2,2),(0.8,3.6),.PIECEWISE_BEZIER_KNOTS.);
#2997 = CARTESIAN_POINT('',(93.,-0.8));
#2998 = CARTESIAN_POINT('',(93.,-3.6));
#2999 = ( GEOMETRIC_REPRESENTATION_CONTEXT(2) 
PARAMETRIC_REPRESENTATION_CONTEXT() REPRESENTATION_CONTEXT('2D SPACE',''
  ) );
#3000 = PCURVE('',#3001,#3006);
#3001 = PLANE('',#3002);
#3002 = AXIS2_PLACEMENT_3D('',#3003,#3004,#3005);
#3003 = CARTESIAN_POINT('',(40.,-140.,-7.6));
#3004 = DIRECTION('',(0.,1.,0.));
#3005 = DIRECTION('',(0.,0.,1.));
#3006 = DEFINITIONAL_REPRESENTATION('',(#3007),#3010);
#3007 = B_SPLINE_CURVE_WITH_KNOTS('',1,(#3008,#3009),.UNSPECIFIED.,.F.,
  .F.,(2,2),(0.8,3.6),.PIECEWISE_BEZIER_KNOTS.);
#3008 = CARTESIAN_POINT('',(0.8,7.));
#3009 = CARTESIAN_POINT('',(3.6,7.));
#3010 = ( GEOMETRIC_REPRESENTATION_CONTEXT(2) 
PARAMETRIC_REPRESENTATION_CONTEXT() REPRESENTATION_CONTEXT('2D SPACE',''
  ) );
#3011 = ORIENTED_EDGE('',*,*,#3012,.F.);
#3012 = EDGE_CURVE('',#3013,#2987,#3015,.T.);
#3013 = VERTEX_POINT('',#3014);
#3014 = CARTESIAN_POINT('',(47.,-60.,-6.8));
#3015 = SURFACE_CURVE('',#3016,(#3020,#3027),.PCURVE_S1.);
#3016 = LINE('',#3017,#3018);
#3017 = CARTESIAN_POINT('',(47.,-50.1,-6.8));
#3018 = VECTOR('',#3019,1.);
#3019 = DIRECTION('',(0.,-1.,0.));
#3020 = PCURVE('',#946,#3021);
#3021 = DEFINITIONAL_REPRESENTATION('',(#3022),#3026);
#3022 = LINE('',#3023,#3024);
#3023 = CARTESIAN_POINT('',(3.1,-0.8));
#3024 = VECTOR('',#3025,1.);
#3025 = DIRECTION('',(1.,0.));
#3026 = ( GEOMETRIC_REPRESENTATION_CONTEXT(2) 
PARAMETRIC_REPRESENTATION_CONTEXT() REPRESENTATION_CONTEXT('2D SPACE',''
  ) );
#3027 = PCURVE('',#3028,#3033);
#3028 = PLANE('',#3029);
#3029 = AXIS2_PLACEMENT_3D('',#3030,#3031,#3032);
#3030 = CARTESIAN_POINT('',(47.4,-50.1,-7.2));
#3031 = DIRECTION('',(-0.707106781187,6.983161618628E-18,-0.707106781187
    ));
#3032 = DIRECTION('',(4.937840934654E-18,1.,4.937840934654E-18));
#3033 = DEFINITIONAL_REPRESENTATION('',(#3034),#3038);
#3034 = LINE('',#3035,#3036);
#3035 = CARTESIAN_POINT('',(-0.,-0.565685424949));
#3036 = VECTOR('',#3037,1.);
#3037 = DIRECTION('',(-1.,0.));
#3038 = ( GEOMETRIC_REPRESENTATION_CONTEXT(2) 
PARAMETRIC_REPRESENTATION_CONTEXT() REPRESENTATION_CONTEXT('2D SPACE',''
  ) );
#3039 = ORIENTED_EDGE('',*,*,#3040,.T.);
#3040 = EDGE_CURVE('',#3013,#3041,#3043,.T.);
#3041 = VERTEX_POINT('',#3042);
#3042 = CARTESIAN_POINT('',(47.,-60.,-4.4));
#3043 = SURFACE_CURVE('',#3044,(#3048,#3054),.PCURVE_S1.);
#3044 = LINE('',#3045,#3046);
#3045 = CARTESIAN_POINT('',(47.,-60.,-7.6));
#3046 = VECTOR('',#3047,1.);
#3047 = DIRECTION('',(0.,-0.,1.));
#3048 = PCURVE('',#946,#3049);
#3049 = DEFINITIONAL_REPRESENTATION('',(#3050),#3053);
#3050 = B_SPLINE_CURVE_WITH_KNOTS('',1,(#3051,#3052),.UNSPECIFIED.,.F.,
  .F.,(2,2),(0.8,3.6),.PIECEWISE_BEZIER_KNOTS.);
#3051 = CARTESIAN_POINT('',(13.,-0.8));
#3052 = CARTESIAN_POINT('',(13.,-3.6));
#3053 = ( GEOMETRIC_REPRESENTATION_CONTEXT(2) 
PARAMETRIC_REPRESENTATION_CONTEXT() REPRESENTATION_CONTEXT('2D SPACE',''
  ) );
#3054 = PCURVE('',#3055,#3060);
#3055 = PLANE('',#3056);
#3056 = AXIS2_PLACEMENT_3D('',#3057,#3058,#3059);
#3057 = CARTESIAN_POINT('',(40.,-60.,-7.6));
#3058 = DIRECTION('',(0.,1.,0.));
#3059 = DIRECTION('',(0.,0.,1.));
#3060 = DEFINITIONAL_REPRESENTATION('',(#3061),#3064);
#3061 = B_SPLINE_CURVE_WITH_KNOTS('',1,(#3062,#3063),.UNSPECIFIED.,.F.,
  .F.,(2,2),(0.8,3.6),.PIECEWISE_BEZIER_KNOTS.);
#3062 = CARTESIAN_POINT('',(0.8,7.));
#3063 = CARTESIAN_POINT('',(3.6,7.));
#3064 = ( GEOMETRIC_REPRESENTATION_CONTEXT(2) 
PARAMETRIC_REPRESENTATION_CONTEXT() REPRESENTATION_CONTEXT('2D SPACE',''
  ) );
#3065 = ORIENTED_EDGE('',*,*,#3066,.T.);
#3066 = EDGE_CURVE('',#3041,#3067,#3069,.T.);
#3067 = VERTEX_POINT('',#3068);
#3068 = CARTESIAN_POINT('',(47.,-67.,-4.4));
#3069 = SURFACE_CURVE('',#3070,(#3074,#3080),.PCURVE_S1.);
#3070 = LINE('',#3071,#3072);
#3071 = CARTESIAN_POINT('',(47.,-57.,-4.4));
#3072 = VECTOR('',#3073,1.);
#3073 = DIRECTION('',(0.,-1.,0.));
#3074 = PCURVE('',#946,#3075);
#3075 = DEFINITIONAL_REPRESENTATION('',(#3076),#3079);
#3076 = B_SPLINE_CURVE_WITH_KNOTS('',1,(#3077,#3078),.UNSPECIFIED.,.F.,
  .F.,(2,2),(0.,10.),.PIECEWISE_BEZIER_KNOTS.);
#3077 = CARTESIAN_POINT('',(10.,-3.2));
#3078 = CARTESIAN_POINT('',(20.,-3.2));
#3079 = ( GEOMETRIC_REPRESENTATION_CONTEXT(2) 
PARAMETRIC_REPRESENTATION_CONTEXT() REPRESENTATION_CONTEXT('2D SPACE',''
  ) );
#3080 = PCURVE('',#3081,#3086);
#3081 = PLANE('',#3082);
#3082 = AXIS2_PLACEMENT_3D('',#3083,#3084,#3085);
#3083 = CARTESIAN_POINT('',(46.,-67.,-4.4));
#3084 = DIRECTION('',(0.,0.,1.));
#3085 = DIRECTION('',(1.,0.,0.));
#3086 = DEFINITIONAL_REPRESENTATION('',(#3087),#3090);
#3087 = B_SPLINE_CURVE_WITH_KNOTS('',1,(#3088,#3089),.UNSPECIFIED.,.F.,
  .F.,(2,2),(0.,10.),.PIECEWISE_BEZIER_KNOTS.);
#3088 = CARTESIAN_POINT('',(1.,10.));
#3089 = CARTESIAN_POINT('',(1.,0.));
#3090 = ( GEOMETRIC_REPRESENTATION_CONTEXT(2) 
PARAMETRIC_REPRESENTATION_CONTEXT() REPRESENTATION_CONTEXT('2D SPACE',''
  ) );
#3091 = ORIENTED_EDGE('',*,*,#3092,.T.);
#3092 = EDGE_CURVE('',#3067,#3093,#3095,.T.);
#3093 = VERTEX_POINT('',#3094);
#3094 = CARTESIAN_POINT('',(47.,-67.,-1.));
#3095 = SURFACE_CURVE('',#3096,(#3100,#3106),.PCURVE_S1.);
#3096 = LINE('',#3097,#3098);
#3097 = CARTESIAN_POINT('',(47.,-67.,-6.));
#3098 = VECTOR('',#3099,1.);
#3099 = DIRECTION('',(0.,-0.,1.));
#3100 = PCURVE('',#946,#3101);
#3101 = DEFINITIONAL_REPRESENTATION('',(#3102),#3105);
#3102 = B_SPLINE_CURVE_WITH_KNOTS('',1,(#3103,#3104),.UNSPECIFIED.,.F.,
  .F.,(2,2),(1.6,5.),.PIECEWISE_BEZIER_KNOTS.);
#3103 = CARTESIAN_POINT('',(20.,-3.2));
#3104 = CARTESIAN_POINT('',(20.,-6.6));
#3105 = ( GEOMETRIC_REPRESENTATION_CONTEXT(2) 
PARAMETRIC_REPRESENTATION_CONTEXT() REPRESENTATION_CONTEXT('2D SPACE',''
  ) );
#3106 = PCURVE('',#3107,#3112);
#3107 = PLANE('',#3108);
#3108 = AXIS2_PLACEMENT_3D('',#3109,#3110,#3111);
#3109 = CARTESIAN_POINT('',(46.,-67.,-4.4));
#3110 = DIRECTION('',(0.,1.,0.));
#3111 = DIRECTION('',(0.,0.,1.));
#3112 = DEFINITIONAL_REPRESENTATION('',(#3113),#3116);
#3113 = B_SPLINE_CURVE_WITH_KNOTS('',1,(#3114,#3115),.UNSPECIFIED.,.F.,
  .F.,(2,2),(1.6,5.),.PIECEWISE_BEZIER_KNOTS.);
#3114 = CARTESIAN_POINT('',(0.,1.));
#3115 = CARTESIAN_POINT('',(3.4,1.));
#3116 = ( GEOMETRIC_REPRESENTATION_CONTEXT(2) 
PARAMETRIC_REPRESENTATION_CONTEXT() REPRESENTATION_CONTEXT('2D SPACE',''
  ) );
#3117 = ORIENTED_EDGE('',*,*,#3118,.F.);
#3118 = EDGE_CURVE('',#3119,#3093,#3121,.T.);
#3119 = VERTEX_POINT('',#3120);
#3120 = CARTESIAN_POINT('',(47.,-57.,-1.));
#3121 = SURFACE_CURVE('',#3122,(#3126,#3132),.PCURVE_S1.);
#3122 = LINE('',#3123,#3124);
#3123 = CARTESIAN_POINT('',(47.,-57.,-1.));
#3124 = VECTOR('',#3125,1.);
#3125 = DIRECTION('',(0.,-1.,0.));
#3126 = PCURVE('',#946,#3127);
#3127 = DEFINITIONAL_REPRESENTATION('',(#3128),#3131);
#3128 = B_SPLINE_CURVE_WITH_KNOTS('',1,(#3129,#3130),.UNSPECIFIED.,.F.,
  .F.,(2,2),(0.,10.),.PIECEWISE_BEZIER_KNOTS.);
#3129 = CARTESIAN_POINT('',(10.,-6.6));
#3130 = CARTESIAN_POINT('',(20.,-6.6));
#3131 = ( GEOMETRIC_REPRESENTATION_CONTEXT(2) 
PARAMETRIC_REPRESENTATION_CONTEXT() REPRESENTATION_CONTEXT('2D SPACE',''
  ) );
#3132 = PCURVE('',#3133,#3138);
#3133 = PLANE('',#3134);
#3134 = AXIS2_PLACEMENT_3D('',#3135,#3136,#3137);
#3135 = CARTESIAN_POINT('',(46.,-67.,-1.));
#3136 = DIRECTION('',(0.,0.,1.));
#3137 = DIRECTION('',(1.,0.,0.));
#3138 = DEFINITIONAL_REPRESENTATION('',(#3139),#3142);
#3139 = B_SPLINE_CURVE_WITH_KNOTS('',1,(#3140,#3141),.UNSPECIFIED.,.F.,
  .F.,(2,2),(0.,10.),.PIECEWISE_BEZIER_KNOTS.);
#3140 = CARTESIAN_POINT('',(1.,10.));
#3141 = CARTESIAN_POINT('',(1.,0.));
#3142 = ( GEOMETRIC_REPRESENTATION_CONTEXT(2) 
PARAMETRIC_REPRESENTATION_CONTEXT() REPRESENTATION_CONTEXT('2D SPACE',''
  ) );
#3143 = ORIENTED_EDGE('',*,*,#3144,.F.);
#3144 = EDGE_CURVE('',#2749,#3119,#3145,.T.);
#3145 = SURFACE_CURVE('',#3146,(#3150,#3156),.PCURVE_S1.);
#3146 = LINE('',#3147,#3148);
#3147 = CARTESIAN_POINT('',(47.,-57.,-6.));
#3148 = VECTOR('',#3149,1.);
#3149 = DIRECTION('',(0.,-0.,1.));
#3150 = PCURVE('',#946,#3151);
#3151 = DEFINITIONAL_REPRESENTATION('',(#3152),#3155);
#3152 = B_SPLINE_CURVE_WITH_KNOTS('',1,(#3153,#3154),.UNSPECIFIED.,.F.,
  .F.,(2,2),(1.6,5.),.PIECEWISE_BEZIER_KNOTS.);
#3153 = CARTESIAN_POINT('',(10.,-3.2));
#3154 = CARTESIAN_POINT('',(10.,-6.6));
#3155 = ( GEOMETRIC_REPRESENTATION_CONTEXT(2) 
PARAMETRIC_REPRESENTATION_CONTEXT() REPRESENTATION_CONTEXT('2D SPACE',''
  ) );
#3156 = PCURVE('',#3157,#3162);
#3157 = PLANE('',#3158);
#3158 = AXIS2_PLACEMENT_3D('',#3159,#3160,#3161);
#3159 = CARTESIAN_POINT('',(46.,-57.,-4.4));
#3160 = DIRECTION('',(0.,1.,0.));
#3161 = DIRECTION('',(0.,0.,1.));
#3162 = DEFINITIONAL_REPRESENTATION('',(#3163),#3166);
#3163 = B_SPLINE_CURVE_WITH_KNOTS('',1,(#3164,#3165),.UNSPECIFIED.,.F.,
  .F.,(2,2),(1.6,5.),.PIECEWISE_BEZIER_KNOTS.);
#3164 = CARTESIAN_POINT('',(0.,1.));
#3165 = CARTESIAN_POINT('',(3.4,1.));
#3166 = ( GEOMETRIC_REPRESENTATION_CONTEXT(2) 
PARAMETRIC_REPRESENTATION_CONTEXT() REPRESENTATION_CONTEXT('2D SPACE',''
  ) );
#3167 = FACE_BOUND('',#3168,.F.);
#3168 = EDGE_LOOP('',(#3169,#3197,#3223,#3249));
#3169 = ORIENTED_EDGE('',*,*,#3170,.T.);
#3170 = EDGE_CURVE('',#3171,#3173,#3175,.T.);
#3171 = VERTEX_POINT('',#3172);
#3172 = CARTESIAN_POINT('',(47.,-87.,-4.4));
#3173 = VERTEX_POINT('',#3174);
#3174 = CARTESIAN_POINT('',(47.,-97.,-4.4));
#3175 = SURFACE_CURVE('',#3176,(#3180,#3186),.PCURVE_S1.);
#3176 = LINE('',#3177,#3178);
#3177 = CARTESIAN_POINT('',(47.,-72.,-4.4));
#3178 = VECTOR('',#3179,1.);
#3179 = DIRECTION('',(0.,-1.,0.));
#3180 = PCURVE('',#946,#3181);
#3181 = DEFINITIONAL_REPRESENTATION('',(#3182),#3185);
#3182 = B_SPLINE_CURVE_WITH_KNOTS('',1,(#3183,#3184),.UNSPECIFIED.,.F.,
  .F.,(2,2),(15.,25.),.PIECEWISE_BEZIER_KNOTS.);
#3183 = CARTESIAN_POINT('',(40.,-3.2));
#3184 = CARTESIAN_POINT('',(50.,-3.2));
#3185 = ( GEOMETRIC_REPRESENTATION_CONTEXT(2) 
PARAMETRIC_REPRESENTATION_CONTEXT() REPRESENTATION_CONTEXT('2D SPACE',''
  ) );
#3186 = PCURVE('',#3187,#3192);
#3187 = PLANE('',#3188);
#3188 = AXIS2_PLACEMENT_3D('',#3189,#3190,#3191);
#3189 = CARTESIAN_POINT('',(46.,-97.,-4.4));
#3190 = DIRECTION('',(0.,0.,1.));
#3191 = DIRECTION('',(1.,0.,0.));
#3192 = DEFINITIONAL_REPRESENTATION('',(#3193),#3196);
#3193 = B_SPLINE_CURVE_WITH_KNOTS('',1,(#3194,#3195),.UNSPECIFIED.,.F.,
  .F.,(2,2),(15.,25.),.PIECEWISE_BEZIER_KNOTS.);
#3194 = CARTESIAN_POINT('',(1.,10.));
#3195 = CARTESIAN_POINT('',(1.,0.));
#3196 = ( GEOMETRIC_REPRESENTATION_CONTEXT(2) 
PARAMETRIC_REPRESENTATION_CONTEXT() REPRESENTATION_CONTEXT('2D SPACE',''
  ) );
#3197 = ORIENTED_EDGE('',*,*,#3198,.T.);
#3198 = EDGE_CURVE('',#3173,#3199,#3201,.T.);
#3199 = VERTEX_POINT('',#3200);
#3200 = CARTESIAN_POINT('',(47.,-97.,-1.));
#3201 = SURFACE_CURVE('',#3202,(#3206,#3212),.PCURVE_S1.);
#3202 = LINE('',#3203,#3204);
#3203 = CARTESIAN_POINT('',(47.,-97.,-6.));
#3204 = VECTOR('',#3205,1.);
#3205 = DIRECTION('',(0.,-0.,1.));
#3206 = PCURVE('',#946,#3207);
#3207 = DEFINITIONAL_REPRESENTATION('',(#3208),#3211);
#3208 = B_SPLINE_CURVE_WITH_KNOTS('',1,(#3209,#3210),.UNSPECIFIED.,.F.,
  .F.,(2,2),(1.6,5.),.PIECEWISE_BEZIER_KNOTS.);
#3209 = CARTESIAN_POINT('',(50.,-3.2));
#3210 = CARTESIAN_POINT('',(50.,-6.6));
#3211 = ( GEOMETRIC_REPRESENTATION_CONTEXT(2) 
PARAMETRIC_REPRESENTATION_CONTEXT() REPRESENTATION_CONTEXT('2D SPACE',''
  ) );
#3212 = PCURVE('',#3213,#3218);
#3213 = PLANE('',#3214);
#3214 = AXIS2_PLACEMENT_3D('',#3215,#3216,#3217);
#3215 = CARTESIAN_POINT('',(46.,-97.,-4.4));
#3216 = DIRECTION('',(0.,1.,0.));
#3217 = DIRECTION('',(0.,0.,1.));
#3218 = DEFINITIONAL_REPRESENTATION('',(#3219),#3222);
#3219 = B_SPLINE_CURVE_WITH_KNOTS('',1,(#3220,#3221),.UNSPECIFIED.,.F.,
  .F.,(2,2),(1.6,5.),.PIECEWISE_BEZIER_KNOTS.);
#3220 = CARTESIAN_POINT('',(0.,1.));
#3221 = CARTESIAN_POINT('',(3.4,1.));
#3222 = ( GEOMETRIC_REPRESENTATION_CONTEXT(2) 
PARAMETRIC_REPRESENTATION_CONTEXT() REPRESENTATION_CONTEXT('2D SPACE',''
  ) );
#3223 = ORIENTED_EDGE('',*,*,#3224,.F.);
#3224 = EDGE_CURVE('',#3225,#3199,#3227,.T.);
#3225 = VERTEX_POINT('',#3226);
#3226 = CARTESIAN_POINT('',(47.,-87.,-1.));
#3227 = SURFACE_CURVE('',#3228,(#3232,#3238),.PCURVE_S1.);
#3228 = LINE('',#3229,#3230);
#3229 = CARTESIAN_POINT('',(47.,-72.,-1.));
#3230 = VECTOR('',#3231,1.);
#3231 = DIRECTION('',(0.,-1.,0.));
#3232 = PCURVE('',#946,#3233);
#3233 = DEFINITIONAL_REPRESENTATION('',(#3234),#3237);
#3234 = B_SPLINE_CURVE_WITH_KNOTS('',1,(#3235,#3236),.UNSPECIFIED.,.F.,
  .F.,(2,2),(15.,25.),.PIECEWISE_BEZIER_KNOTS.);
#3235 = CARTESIAN_POINT('',(40.,-6.6));
#3236 = CARTESIAN_POINT('',(50.,-6.6));
#3237 = ( GEOMETRIC_REPRESENTATION_CONTEXT(2) 
PARAMETRIC_REPRESENTATION_CONTEXT() REPRESENTATION_CONTEXT('2D SPACE',''
  ) );
#3238 = PCURVE('',#3239,#3244);
#3239 = PLANE('',#3240);
#3240 = AXIS2_PLACEMENT_3D('',#3241,#3242,#3243);
#3241 = CARTESIAN_POINT('',(46.,-97.,-1.));
#3242 = DIRECTION('',(0.,0.,1.));
#3243 = DIRECTION('',(1.,0.,0.));
#3244 = DEFINITIONAL_REPRESENTATION('',(#3245),#3248);
#3245 = B_SPLINE_CURVE_WITH_KNOTS('',1,(#3246,#3247),.UNSPECIFIED.,.F.,
  .F.,(2,2),(15.,25.),.PIECEWISE_BEZIER_KNOTS.);
#3246 = CARTESIAN_POINT('',(1.,10.));
#3247 = CARTESIAN_POINT('',(1.,0.));
#3248 = ( GEOMETRIC_REPRESENTATION_CONTEXT(2) 
PARAMETRIC_REPRESENTATION_CONTEXT() REPRESENTATION_CONTEXT('2D SPACE',''
  ) );
#3249 = ORIENTED_EDGE('',*,*,#3250,.F.);
#3250 = EDGE_CURVE('',#3171,#3225,#3251,.T.);
#3251 = SURFACE_CURVE('',#3252,(#3256,#3262),.PCURVE_S1.);
#3252 = LINE('',#3253,#3254);
#3253 = CARTESIAN_POINT('',(47.,-87.,-6.));
#3254 = VECTOR('',#3255,1.);
#3255 = DIRECTION('',(0.,-0.,1.));
#3256 = PCURVE('',#946,#3257);
#3257 = DEFINITIONAL_REPRESENTATION('',(#3258),#3261);
#3258 = B_SPLINE_CURVE_WITH_KNOTS('',1,(#3259,#3260),.UNSPECIFIED.,.F.,
  .F.,(2,2),(1.6,5.),.PIECEWISE_BEZIER_KNOTS.);
#3259 = CARTESIAN_POINT('',(40.,-3.2));
#3260 = CARTESIAN_POINT('',(40.,-6.6));
#3261 = ( GEOMETRIC_REPRESENTATION_CONTEXT(2) 
PARAMETRIC_REPRESENTATION_CONTEXT() REPRESENTATION_CONTEXT('2D SPACE',''
  ) );
#3262 = PCURVE('',#3263,#3268);
#3263 = PLANE('',#3264);
#3264 = AXIS2_PLACEMENT_3D('',#3265,#3266,#3267);
#3265 = CARTESIAN_POINT('',(46.,-87.,-4.4));
#3266 = DIRECTION('',(0.,1.,0.));
#3267 = DIRECTION('',(0.,0.,1.));
#3268 = DEFINITIONAL_REPRESENTATION('',(#3269),#3272);
#3269 = B_SPLINE_CURVE_WITH_KNOTS('',1,(#3270,#3271),.UNSPECIFIED.,.F.,
  .F.,(2,2),(1.6,5.),.PIECEWISE_BEZIER_KNOTS.);
#3270 = CARTESIAN_POINT('',(0.,1.));
#3271 = CARTESIAN_POINT('',(3.4,1.));
#3272 = ( GEOMETRIC_REPRESENTATION_CONTEXT(2) 
PARAMETRIC_REPRESENTATION_CONTEXT() REPRESENTATION_CONTEXT('2D SPACE',''
  ) );
#3273 = FACE_BOUND('',#3274,.F.);
#3274 = EDGE_LOOP('',(#3275,#3303,#3329,#3355));
#3275 = ORIENTED_EDGE('',*,*,#3276,.T.);
#3276 = EDGE_CURVE('',#3277,#3279,#3281,.T.);
#3277 = VERTEX_POINT('',#3278);
#3278 = CARTESIAN_POINT('',(47.,-121.,-4.4));
#3279 = VERTEX_POINT('',#3280);
#3280 = CARTESIAN_POINT('',(47.,-131.,-4.4));
#3281 = SURFACE_CURVE('',#3282,(#3286,#3292),.PCURVE_S1.);
#3282 = LINE('',#3283,#3284);
#3283 = CARTESIAN_POINT('',(47.,-89.,-4.4));
#3284 = VECTOR('',#3285,1.);
#3285 = DIRECTION('',(0.,-1.,0.));
#3286 = PCURVE('',#946,#3287);
#3287 = DEFINITIONAL_REPRESENTATION('',(#3288),#3291);
#3288 = B_SPLINE_CURVE_WITH_KNOTS('',1,(#3289,#3290),.UNSPECIFIED.,.F.,
  .F.,(2,2),(32.,42.),.PIECEWISE_BEZIER_KNOTS.);
#3289 = CARTESIAN_POINT('',(74.,-3.2));
#3290 = CARTESIAN_POINT('',(84.,-3.2));
#3291 = ( GEOMETRIC_REPRESENTATION_CONTEXT(2) 
PARAMETRIC_REPRESENTATION_CONTEXT() REPRESENTATION_CONTEXT('2D SPACE',''
  ) );
#3292 = PCURVE('',#3293,#3298);
#3293 = PLANE('',#3294);
#3294 = AXIS2_PLACEMENT_3D('',#3295,#3296,#3297);
#3295 = CARTESIAN_POINT('',(46.,-131.,-4.4));
#3296 = DIRECTION('',(0.,0.,1.));
#3297 = DIRECTION('',(1.,0.,0.));
#3298 = DEFINITIONAL_REPRESENTATION('',(#3299),#3302);
#3299 = B_SPLINE_CURVE_WITH_KNOTS('',1,(#3300,#3301),.UNSPECIFIED.,.F.,
  .F.,(2,2),(32.,42.),.PIECEWISE_BEZIER_KNOTS.);
#3300 = CARTESIAN_POINT('',(1.,10.));
#3301 = CARTESIAN_POINT('',(1.,0.));
#3302 = ( GEOMETRIC_REPRESENTATION_CONTEXT(2) 
PARAMETRIC_REPRESENTATION_CONTEXT() REPRESENTATION_CONTEXT('2D SPACE',''
  ) );
#3303 = ORIENTED_EDGE('',*,*,#3304,.T.);
#3304 = EDGE_CURVE('',#3279,#3305,#3307,.T.);
#3305 = VERTEX_POINT('',#3306);
#3306 = CARTESIAN_POINT('',(47.,-131.,-1.));
#3307 = SURFACE_CURVE('',#3308,(#3312,#3318),.PCURVE_S1.);
#3308 = LINE('',#3309,#3310);
#3309 = CARTESIAN_POINT('',(47.,-131.,-6.));
#3310 = VECTOR('',#3311,1.);
#3311 = DIRECTION('',(0.,-0.,1.));
#3312 = PCURVE('',#946,#3313);
#3313 = DEFINITIONAL_REPRESENTATION('',(#3314),#3317);
#3314 = B_SPLINE_CURVE_WITH_KNOTS('',1,(#3315,#3316),.UNSPECIFIED.,.F.,
  .F.,(2,2),(1.6,5.),.PIECEWISE_BEZIER_KNOTS.);
#3315 = CARTESIAN_POINT('',(84.,-3.2));
#3316 = CARTESIAN_POINT('',(84.,-6.6));
#3317 = ( GEOMETRIC_REPRESENTATION_CONTEXT(2) 
PARAMETRIC_REPRESENTATION_CONTEXT() REPRESENTATION_CONTEXT('2D SPACE',''
  ) );
#3318 = PCURVE('',#3319,#3324);
#3319 = PLANE('',#3320);
#3320 = AXIS2_PLACEMENT_3D('',#3321,#3322,#3323);
#3321 = CARTESIAN_POINT('',(46.,-131.,-4.4));
#3322 = DIRECTION('',(0.,1.,0.));
#3323 = DIRECTION('',(0.,0.,1.));
#3324 = DEFINITIONAL_REPRESENTATION('',(#3325),#3328);
#3325 = B_SPLINE_CURVE_WITH_KNOTS('',1,(#3326,#3327),.UNSPECIFIED.,.F.,
  .F.,(2,2),(1.6,5.),.PIECEWISE_BEZIER_KNOTS.);
#3326 = CARTESIAN_POINT('',(0.,1.));
#3327 = CARTESIAN_POINT('',(3.4,1.));
#3328 = ( GEOMETRIC_REPRESENTATION_CONTEXT(2) 
PARAMETRIC_REPRESENTATION_CONTEXT() REPRESENTATION_CONTEXT('2D SPACE',''
  ) );
#3329 = ORIENTED_EDGE('',*,*,#3330,.F.);
#3330 = EDGE_CURVE('',#3331,#3305,#3333,.T.);
#3331 = VERTEX_POINT('',#3332);
#3332 = CARTESIAN_POINT('',(47.,-121.,-1.));
#3333 = SURFACE_CURVE('',#3334,(#3338,#3344),.PCURVE_S1.);
#3334 = LINE('',#3335,#3336);
#3335 = CARTESIAN_POINT('',(47.,-89.,-1.));
#3336 = VECTOR('',#3337,1.);
#3337 = DIRECTION('',(0.,-1.,0.));
#3338 = PCURVE('',#946,#3339);
#3339 = DEFINITIONAL_REPRESENTATION('',(#3340),#3343);
#3340 = B_SPLINE_CURVE_WITH_KNOTS('',1,(#3341,#3342),.UNSPECIFIED.,.F.,
  .F.,(2,2),(32.,42.),.PIECEWISE_BEZIER_KNOTS.);
#3341 = CARTESIAN_POINT('',(74.,-6.6));
#3342 = CARTESIAN_POINT('',(84.,-6.6));
#3343 = ( GEOMETRIC_REPRESENTATION_CONTEXT(2) 
PARAMETRIC_REPRESENTATION_CONTEXT() REPRESENTATION_CONTEXT('2D SPACE',''
  ) );
#3344 = PCURVE('',#3345,#3350);
#3345 = PLANE('',#3346);
#3346 = AXIS2_PLACEMENT_3D('',#3347,#3348,#3349);
#3347 = CARTESIAN_POINT('',(46.,-131.,-1.));
#3348 = DIRECTION('',(0.,0.,1.));
#3349 = DIRECTION('',(1.,0.,0.));
#3350 = DEFINITIONAL_REPRESENTATION('',(#3351),#3354);
#3351 = B_SPLINE_CURVE_WITH_KNOTS('',1,(#3352,#3353),.UNSPECIFIED.,.F.,
  .F.,(2,2),(32.,42.),.PIECEWISE_BEZIER_KNOTS.);
#3352 = CARTESIAN_POINT('',(1.,10.));
#3353 = CARTESIAN_POINT('',(1.,0.));
#3354 = ( GEOMETRIC_REPRESENTATION_CONTEXT(2) 
PARAMETRIC_REPRESENTATION_CONTEXT() REPRESENTATION_CONTEXT('2D SPACE',''
  ) );
#3355 = ORIENTED_EDGE('',*,*,#3356,.F.);
#3356 = EDGE_CURVE('',#3277,#3331,#3357,.T.);
#3357 = SURFACE_CURVE('',#3358,(#3362,#3368),.PCURVE_S1.);
#3358 = LINE('',#3359,#3360);
#3359 = CARTESIAN_POINT('',(47.,-121.,-6.));
#3360 = VECTOR('',#3361,1.);
#3361 = DIRECTION('',(0.,-0.,1.));
#3362 = PCURVE('',#946,#3363);
#3363 = DEFINITIONAL_REPRESENTATION('',(#3364),#3367);
#3364 = B_SPLINE_CURVE_WITH_KNOTS('',1,(#3365,#3366),.UNSPECIFIED.,.F.,
  .F.,(2,2),(1.6,5.),.PIECEWISE_BEZIER_KNOTS.);
#3365 = CARTESIAN_POINT('',(74.,-3.2));
#3366 = CARTESIAN_POINT('',(74.,-6.6));
#3367 = ( GEOMETRIC_REPRESENTATION_CONTEXT(2) 
PARAMETRIC_REPRESENTATION_CONTEXT() REPRESENTATION_CONTEXT('2D SPACE',''
  ) );
#3368 = PCURVE('',#3369,#3374);
#3369 = PLANE('',#3370);
#3370 = AXIS2_PLACEMENT_3D('',#3371,#3372,#3373);
#3371 = CARTESIAN_POINT('',(46.,-121.,-4.4));
#3372 = DIRECTION('',(0.,1.,0.));
#3373 = DIRECTION('',(0.,0.,1.));
#3374 = DEFINITIONAL_REPRESENTATION('',(#3375),#3378);
#3375 = B_SPLINE_CURVE_WITH_KNOTS('',1,(#3376,#3377),.UNSPECIFIED.,.F.,
  .F.,(2,2),(1.6,5.),.PIECEWISE_BEZIER_KNOTS.);
#3376 = CARTESIAN_POINT('',(0.,1.));
#3377 = CARTESIAN_POINT('',(3.4,1.));
#3378 = ( GEOMETRIC_REPRESENTATION_CONTEXT(2) 
PARAMETRIC_REPRESENTATION_CONTEXT() REPRESENTATION_CONTEXT('2D SPACE',''
  ) );
#3379 = ADVANCED_FACE('',(#3380,#3457),#918,.T.);
#3380 = FACE_BOUND('',#3381,.T.);
#3381 = EDGE_LOOP('',(#3382,#3405,#3434,#3455,#3456));
#3382 = ORIENTED_EDGE('',*,*,#3383,.F.);
#3383 = EDGE_CURVE('',#3384,#2966,#3386,.T.);
#3384 = VERTEX_POINT('',#3385);
#3385 = CARTESIAN_POINT('',(40.,-140.,-4.));
#3386 = SURFACE_CURVE('',#3387,(#3391,#3398),.PCURVE_S1.);
#3387 = LINE('',#3388,#3389);
#3388 = CARTESIAN_POINT('',(40.,-140.,-4.));
#3389 = VECTOR('',#3390,1.);
#3390 = DIRECTION('',(1.,0.,0.));
#3391 = PCURVE('',#918,#3392);
#3392 = DEFINITIONAL_REPRESENTATION('',(#3393),#3397);
#3393 = LINE('',#3394,#3395);
#3394 = CARTESIAN_POINT('',(0.,12.));
#3395 = VECTOR('',#3396,1.);
#3396 = DIRECTION('',(1.,0.));
#3397 = ( GEOMETRIC_REPRESENTATION_CONTEXT(2) 
PARAMETRIC_REPRESENTATION_CONTEXT() REPRESENTATION_CONTEXT('2D SPACE',''
  ) );
#3398 = PCURVE('',#3001,#3399);
#3399 = DEFINITIONAL_REPRESENTATION('',(#3400),#3404);
#3400 = LINE('',#3401,#3402);
#3401 = CARTESIAN_POINT('',(3.6,0.));
#3402 = VECTOR('',#3403,1.);
#3403 = DIRECTION('',(0.,1.));
#3404 = ( GEOMETRIC_REPRESENTATION_CONTEXT(2) 
PARAMETRIC_REPRESENTATION_CONTEXT() REPRESENTATION_CONTEXT('2D SPACE',''
  ) );
#3405 = ORIENTED_EDGE('',*,*,#3406,.T.);
#3406 = EDGE_CURVE('',#3384,#3407,#3409,.T.);
#3407 = VERTEX_POINT('',#3408);
#3408 = CARTESIAN_POINT('',(40.,-152.,-4.));
#3409 = SURFACE_CURVE('',#3410,(#3415,#3422),.PCURVE_S1.);
#3410 = CIRCLE('',#3411,6.);
#3411 = AXIS2_PLACEMENT_3D('',#3412,#3413,#3414);
#3412 = CARTESIAN_POINT('',(40.,-146.,-4.));
#3413 = DIRECTION('',(0.,0.,1.));
#3414 = DIRECTION('',(1.,0.,0.));
#3415 = PCURVE('',#918,#3416);
#3416 = DEFINITIONAL_REPRESENTATION('',(#3417),#3421);
#3417 = CIRCLE('',#3418,6.);
#3418 = AXIS2_PLACEMENT_2D('',#3419,#3420);
#3419 = CARTESIAN_POINT('',(0.,6.));
#3420 = DIRECTION('',(1.,0.));
#3421 = ( GEOMETRIC_REPRESENTATION_CONTEXT(2) 
PARAMETRIC_REPRESENTATION_CONTEXT() REPRESENTATION_CONTEXT('2D SPACE',''
  ) );
#3422 = PCURVE('',#3423,#3428);
#3423 = CYLINDRICAL_SURFACE('',#3424,6.);
#3424 = AXIS2_PLACEMENT_3D('',#3425,#3426,#3427);
#3425 = CARTESIAN_POINT('',(40.,-146.,-7.6));
#3426 = DIRECTION('',(-0.,-0.,-1.));
#3427 = DIRECTION('',(1.,0.,0.));
#3428 = DEFINITIONAL_REPRESENTATION('',(#3429),#3433);
#3429 = LINE('',#3430,#3431);
#3430 = CARTESIAN_POINT('',(-0.,-3.6));
#3431 = VECTOR('',#3432,1.);
#3432 = DIRECTION('',(-1.,0.));
#3433 = ( GEOMETRIC_REPRESENTATION_CONTEXT(2) 
PARAMETRIC_REPRESENTATION_CONTEXT() REPRESENTATION_CONTEXT('2D SPACE',''
  ) );
#3434 = ORIENTED_EDGE('',*,*,#3435,.T.);
#3435 = EDGE_CURVE('',#3407,#876,#3436,.T.);
#3436 = SURFACE_CURVE('',#3437,(#3441,#3448),.PCURVE_S1.);
#3437 = LINE('',#3438,#3439);
#3438 = CARTESIAN_POINT('',(40.,-152.,-4.));
#3439 = VECTOR('',#3440,1.);
#3440 = DIRECTION('',(1.,0.,0.));
#3441 = PCURVE('',#918,#3442);
#3442 = DEFINITIONAL_REPRESENTATION('',(#3443),#3447);
#3443 = LINE('',#3444,#3445);
#3444 = CARTESIAN_POINT('',(0.,0.));
#3445 = VECTOR('',#3446,1.);
#3446 = DIRECTION('',(1.,0.));
#3447 = ( GEOMETRIC_REPRESENTATION_CONTEXT(2) 
PARAMETRIC_REPRESENTATION_CONTEXT() REPRESENTATION_CONTEXT('2D SPACE',''
  ) );
#3448 = PCURVE('',#890,#3449);
#3449 = DEFINITIONAL_REPRESENTATION('',(#3450),#3454);
#3450 = LINE('',#3451,#3452);
#3451 = CARTESIAN_POINT('',(3.6,0.));
#3452 = VECTOR('',#3453,1.);
#3453 = DIRECTION('',(0.,1.));
#3454 = ( GEOMETRIC_REPRESENTATION_CONTEXT(2) 
PARAMETRIC_REPRESENTATION_CONTEXT() REPRESENTATION_CONTEXT('2D SPACE',''
  ) );
#3455 = ORIENTED_EDGE('',*,*,#901,.F.);
#3456 = ORIENTED_EDGE('',*,*,#2965,.F.);
#3457 = FACE_BOUND('',#3458,.T.);
#3458 = EDGE_LOOP('',(#3459));
#3459 = ORIENTED_EDGE('',*,*,#3460,.F.);
#3460 = EDGE_CURVE('',#3461,#3461,#3463,.T.);
#3461 = VERTEX_POINT('',#3462);
#3462 = CARTESIAN_POINT('',(44.3,-146.,-4.));
#3463 = SURFACE_CURVE('',#3464,(#3469,#3476),.PCURVE_S1.);
#3464 = CIRCLE('',#3465,4.3);
#3465 = AXIS2_PLACEMENT_3D('',#3466,#3467,#3468);
#3466 = CARTESIAN_POINT('',(40.,-146.,-4.));
#3467 = DIRECTION('',(0.,0.,1.));
#3468 = DIRECTION('',(1.,0.,-0.));
#3469 = PCURVE('',#918,#3470);
#3470 = DEFINITIONAL_REPRESENTATION('',(#3471),#3475);
#3471 = CIRCLE('',#3472,4.3);
#3472 = AXIS2_PLACEMENT_2D('',#3473,#3474);
#3473 = CARTESIAN_POINT('',(0.,6.));
#3474 = DIRECTION('',(1.,0.));
#3475 = ( GEOMETRIC_REPRESENTATION_CONTEXT(2) 
PARAMETRIC_REPRESENTATION_CONTEXT() REPRESENTATION_CONTEXT('2D SPACE',''
  ) );
#3476 = PCURVE('',#3477,#3482);
#3477 = CONICAL_SURFACE('',#3478,2.25,0.785398163397);
#3478 = AXIS2_PLACEMENT_3D('',#3479,#3480,#3481);
#3479 = CARTESIAN_POINT('',(40.,-146.,-6.05));
#3480 = DIRECTION('',(0.,0.,1.));
#3481 = DIRECTION('',(1.,0.,-0.));
#3482 = DEFINITIONAL_REPRESENTATION('',(#3483),#3487);
#3483 = LINE('',#3484,#3485);
#3484 = CARTESIAN_POINT('',(0.,2.05));
#3485 = VECTOR('',#3486,1.);
#3486 = DIRECTION('',(1.,0.));
#3487 = ( GEOMETRIC_REPRESENTATION_CONTEXT(2) 
PARAMETRIC_REPRESENTATION_CONTEXT() REPRESENTATION_CONTEXT('2D SPACE',''
  ) );
#3488 = ADVANCED_FACE('',(#3489),#890,.F.);
#3489 = FACE_BOUND('',#3490,.F.);
#3490 = EDGE_LOOP('',(#3491,#3521,#3544,#3565,#3566,#3567));
#3491 = ORIENTED_EDGE('',*,*,#3492,.F.);
#3492 = EDGE_CURVE('',#3493,#3495,#3497,.T.);
#3493 = VERTEX_POINT('',#3494);
#3494 = CARTESIAN_POINT('',(48.,-152.,-7.6));
#3495 = VERTEX_POINT('',#3496);
#3496 = CARTESIAN_POINT('',(48.,-152.,-6.930151519017));
#3497 = SURFACE_CURVE('',#3498,(#3502,#3509),.PCURVE_S1.);
#3498 = LINE('',#3499,#3500);
#3499 = CARTESIAN_POINT('',(48.,-152.,-7.6));
#3500 = VECTOR('',#3501,1.);
#3501 = DIRECTION('',(0.,0.,1.));
#3502 = PCURVE('',#890,#3503);
#3503 = DEFINITIONAL_REPRESENTATION('',(#3504),#3508);
#3504 = LINE('',#3505,#3506);
#3505 = CARTESIAN_POINT('',(0.,8.));
#3506 = VECTOR('',#3507,1.);
#3507 = DIRECTION('',(1.,0.));
#3508 = ( GEOMETRIC_REPRESENTATION_CONTEXT(2) 
PARAMETRIC_REPRESENTATION_CONTEXT() REPRESENTATION_CONTEXT('2D SPACE',''
  ) );
#3509 = PCURVE('',#3510,#3515);
#3510 = PLANE('',#3511);
#3511 = AXIS2_PLACEMENT_3D('',#3512,#3513,#3514);
#3512 = CARTESIAN_POINT('',(48.,-152.,-7.6));
#3513 = DIRECTION('',(1.,0.,0.));
#3514 = DIRECTION('',(0.,0.,1.));
#3515 = DEFINITIONAL_REPRESENTATION('',(#3516),#3520);
#3516 = LINE('',#3517,#3518);
#3517 = CARTESIAN_POINT('',(0.,0.));
#3518 = VECTOR('',#3519,1.);
#3519 = DIRECTION('',(1.,0.));
#3520 = ( GEOMETRIC_REPRESENTATION_CONTEXT(2) 
PARAMETRIC_REPRESENTATION_CONTEXT() REPRESENTATION_CONTEXT('2D SPACE',''
  ) );
#3521 = ORIENTED_EDGE('',*,*,#3522,.F.);
#3522 = EDGE_CURVE('',#3523,#3493,#3525,.T.);
#3523 = VERTEX_POINT('',#3524);
#3524 = CARTESIAN_POINT('',(40.,-152.,-7.6));
#3525 = SURFACE_CURVE('',#3526,(#3530,#3537),.PCURVE_S1.);
#3526 = LINE('',#3527,#3528);
#3527 = CARTESIAN_POINT('',(40.,-152.,-7.6));
#3528 = VECTOR('',#3529,1.);
#3529 = DIRECTION('',(1.,0.,0.));
#3530 = PCURVE('',#890,#3531);
#3531 = DEFINITIONAL_REPRESENTATION('',(#3532),#3536);
#3532 = LINE('',#3533,#3534);
#3533 = CARTESIAN_POINT('',(0.,0.));
#3534 = VECTOR('',#3535,1.);
#3535 = DIRECTION('',(0.,1.));
#3536 = ( GEOMETRIC_REPRESENTATION_CONTEXT(2) 
PARAMETRIC_REPRESENTATION_CONTEXT() REPRESENTATION_CONTEXT('2D SPACE',''
  ) );
#3537 = PCURVE('',#1049,#3538);
#3538 = DEFINITIONAL_REPRESENTATION('',(#3539),#3543);
#3539 = LINE('',#3540,#3541);
#3540 = CARTESIAN_POINT('',(-60.,-52.));
#3541 = VECTOR('',#3542,1.);
#3542 = DIRECTION('',(1.,0.));
#3543 = ( GEOMETRIC_REPRESENTATION_CONTEXT(2) 
PARAMETRIC_REPRESENTATION_CONTEXT() REPRESENTATION_CONTEXT('2D SPACE',''
  ) );
#3544 = ORIENTED_EDGE('',*,*,#3545,.T.);
#3545 = EDGE_CURVE('',#3523,#3407,#3546,.T.);
#3546 = SURFACE_CURVE('',#3547,(#3551,#3558),.PCURVE_S1.);
#3547 = LINE('',#3548,#3549);
#3548 = CARTESIAN_POINT('',(40.,-152.,-7.6));
#3549 = VECTOR('',#3550,1.);
#3550 = DIRECTION('',(0.,0.,1.));
#3551 = PCURVE('',#890,#3552);
#3552 = DEFINITIONAL_REPRESENTATION('',(#3553),#3557);
#3553 = LINE('',#3554,#3555);
#3554 = CARTESIAN_POINT('',(0.,0.));
#3555 = VECTOR('',#3556,1.);
#3556 = DIRECTION('',(1.,0.));
#3557 = ( GEOMETRIC_REPRESENTATION_CONTEXT(2) 
PARAMETRIC_REPRESENTATION_CONTEXT() REPRESENTATION_CONTEXT('2D SPACE',''
  ) );
#3558 = PCURVE('',#3423,#3559);
#3559 = DEFINITIONAL_REPRESENTATION('',(#3560),#3564);
#3560 = LINE('',#3561,#3562);
#3561 = CARTESIAN_POINT('',(-4.712388980385,0.));
#3562 = VECTOR('',#3563,1.);
#3563 = DIRECTION('',(-0.,-1.));
#3564 = ( GEOMETRIC_REPRESENTATION_CONTEXT(2) 
PARAMETRIC_REPRESENTATION_CONTEXT() REPRESENTATION_CONTEXT('2D SPACE',''
  ) );
#3565 = ORIENTED_EDGE('',*,*,#3435,.T.);
#3566 = ORIENTED_EDGE('',*,*,#875,.F.);
#3567 = ORIENTED_EDGE('',*,*,#3568,.T.);
#3568 = EDGE_CURVE('',#847,#3495,#3569,.T.);
#3569 = SURFACE_CURVE('',#3570,(#3575,#3582),.PCURVE_S1.);
#3570 = HYPERBOLA('',#3571,2.1,2.1);
#3571 = AXIS2_PLACEMENT_3D('',#3572,#3573,#3574);
#3572 = CARTESIAN_POINT('',(50.1,-152.,-9.9));
#3573 = DIRECTION('',(0.,1.,0.));
#3574 = DIRECTION('',(0.,-0.,1.));
#3575 = PCURVE('',#890,#3576);
#3576 = DEFINITIONAL_REPRESENTATION('',(#3577),#3581);
#3577 = ( BOUNDED_CURVE() B_SPLINE_CURVE(2,(#3578,#3579,#3580),
.UNSPECIFIED.,.F.,.F.) B_SPLINE_CURVE_WITH_KNOTS((3,3),(-0.940816241109,
-0.585089328519),.PIECEWISE_BEZIER_KNOTS.) CURVE() 
GEOMETRIC_REPRESENTATION_ITEM() RATIONAL_B_SPLINE_CURVE((1.,
1.015859448503,1.)) REPRESENTATION_ITEM('') );
#3578 = CARTESIAN_POINT('',(0.8,7.819649149802));
#3579 = CARTESIAN_POINT('',(0.398632491728,8.365284167121));
#3580 = CARTESIAN_POINT('',(0.169817807046,8.8));
#3581 = ( GEOMETRIC_REPRESENTATION_CONTEXT(2) 
PARAMETRIC_REPRESENTATION_CONTEXT() REPRESENTATION_CONTEXT('2D SPACE',''
  ) );
#3582 = PCURVE('',#863,#3583);
#3583 = DEFINITIONAL_REPRESENTATION('',(#3584),#3591);
#3584 = B_SPLINE_CURVE_WITH_KNOTS('',5,(#3585,#3586,#3587,#3588,#3589,
    #3590),.UNSPECIFIED.,.F.,.F.,(6,6),(-0.940816241109,-0.585089328519)
  ,.PIECEWISE_BEZIER_KNOTS.);
#3585 = CARTESIAN_POINT('',(0.744248709806,2.22044604925E-16));
#3586 = CARTESIAN_POINT('',(0.792443968931,-0.162236433513));
#3587 = CARTESIAN_POINT('',(0.843791875476,-0.304859084755));
#3588 = CARTESIAN_POINT('',(0.898335324262,-0.429577626084));
#3589 = CARTESIAN_POINT('',(0.95599639149,-0.537693195681));
#3590 = CARTESIAN_POINT('',(1.016488830593,-0.630182192954));
#3591 = ( GEOMETRIC_REPRESENTATION_CONTEXT(2) 
PARAMETRIC_REPRESENTATION_CONTEXT() REPRESENTATION_CONTEXT('2D SPACE',''
  ) );
#3592 = ADVANCED_FACE('',(#3593),#863,.T.);
#3593 = FACE_BOUND('',#3594,.F.);
#3594 = EDGE_LOOP('',(#3595,#3596,#3597,#3598,#3622));
#3595 = ORIENTED_EDGE('',*,*,#3568,.F.);
#3596 = ORIENTED_EDGE('',*,*,#846,.T.);
#3597 = ORIENTED_EDGE('',*,*,#987,.T.);
#3598 = ORIENTED_EDGE('',*,*,#3599,.F.);
#3599 = EDGE_CURVE('',#3600,#988,#3602,.T.);
#3600 = VERTEX_POINT('',#3601);
#3601 = CARTESIAN_POINT('',(48.,-150.8380831519,-7.6));
#3602 = SURFACE_CURVE('',#3603,(#3608,#3615),.PCURVE_S1.);
#3603 = CIRCLE('',#3604,2.3);
#3604 = AXIS2_PLACEMENT_3D('',#3605,#3606,#3607);
#3605 = CARTESIAN_POINT('',(50.1,-149.9,-7.6));
#3606 = DIRECTION('',(0.,0.,1.));
#3607 = DIRECTION('',(-1.,0.,0.));
#3608 = PCURVE('',#863,#3609);
#3609 = DEFINITIONAL_REPRESENTATION('',(#3610),#3614);
#3610 = LINE('',#3611,#3612);
#3611 = CARTESIAN_POINT('',(0.,-0.8));
#3612 = VECTOR('',#3613,1.);
#3613 = DIRECTION('',(1.,-0.));
#3614 = ( GEOMETRIC_REPRESENTATION_CONTEXT(2) 
PARAMETRIC_REPRESENTATION_CONTEXT() REPRESENTATION_CONTEXT('2D SPACE',''
  ) );
#3615 = PCURVE('',#1049,#3616);
#3616 = DEFINITIONAL_REPRESENTATION('',(#3617),#3621);
#3617 = CIRCLE('',#3618,2.3);
#3618 = AXIS2_PLACEMENT_2D('',#3619,#3620);
#3619 = CARTESIAN_POINT('',(-49.9,-49.9));
#3620 = DIRECTION('',(-1.,0.));
#3621 = ( GEOMETRIC_REPRESENTATION_CONTEXT(2) 
PARAMETRIC_REPRESENTATION_CONTEXT() REPRESENTATION_CONTEXT('2D SPACE',''
  ) );
#3622 = ORIENTED_EDGE('',*,*,#3623,.T.);
#3623 = EDGE_CURVE('',#3600,#3495,#3624,.T.);
#3624 = SURFACE_CURVE('',#3625,(#3630,#3641),.PCURVE_S1.);
#3625 = HYPERBOLA('',#3626,2.1,2.1);
#3626 = AXIS2_PLACEMENT_3D('',#3627,#3628,#3629);
#3627 = CARTESIAN_POINT('',(48.,-149.9,-9.9));
#3628 = DIRECTION('',(1.,0.,0.));
#3629 = DIRECTION('',(0.,-0.,1.));
#3630 = PCURVE('',#863,#3631);
#3631 = DEFINITIONAL_REPRESENTATION('',(#3632),#3640);
#3632 = B_SPLINE_CURVE_WITH_KNOTS('',6,(#3633,#3634,#3635,#3636,#3637,
    #3638,#3639),.UNSPECIFIED.,.F.,.F.,(7,7),(0.433044190235,
    0.940816241109),.PIECEWISE_BEZIER_KNOTS.);
#3633 = CARTESIAN_POINT('',(0.420111478142,-0.8));
#3634 = CARTESIAN_POINT('',(0.497381138058,-0.720611265673));
#3635 = CARTESIAN_POINT('',(0.571450580947,-0.621455361372));
#3636 = CARTESIAN_POINT('',(0.641652842291,-0.501508945731));
#3637 = CARTESIAN_POINT('',(0.707606447174,-0.359323471808));
#3638 = CARTESIAN_POINT('',(0.769218514471,-0.19298307132));
#3639 = CARTESIAN_POINT('',(0.826547616989,9.992007221626E-15));
#3640 = ( GEOMETRIC_REPRESENTATION_CONTEXT(2) 
PARAMETRIC_REPRESENTATION_CONTEXT() REPRESENTATION_CONTEXT('2D SPACE',''
  ) );
#3641 = PCURVE('',#3510,#3642);
#3642 = DEFINITIONAL_REPRESENTATION('',(#3643),#3647);
#3643 = ( BOUNDED_CURVE() B_SPLINE_CURVE(2,(#3644,#3645,#3646),
.UNSPECIFIED.,.F.,.F.) B_SPLINE_CURVE_WITH_KNOTS((3,3),(0.433044190235,
0.940816241109),.PIECEWISE_BEZIER_KNOTS.) CURVE() 
GEOMETRIC_REPRESENTATION_ITEM() RATIONAL_B_SPLINE_CURVE((1.,
1.032402548033,1.)) REPRESENTATION_ITEM('') );
#3644 = CARTESIAN_POINT('',(-1.15463194561E-14,-1.161916848035));
#3645 = CARTESIAN_POINT('',(0.23317753947,-0.590210235825));
#3646 = CARTESIAN_POINT('',(0.8,0.180350850198));
#3647 = ( GEOMETRIC_REPRESENTATION_CONTEXT(2) 
PARAMETRIC_REPRESENTATION_CONTEXT() REPRESENTATION_CONTEXT('2D SPACE',''
  ) );
#3648 = ADVANCED_FACE('',(#3649,#4210,#4245,#4280,#4315),#1049,.F.);
#3649 = FACE_BOUND('',#3650,.F.);
#3650 = EDGE_LOOP('',(#3651,#3652,#3653,#3677,#3705,#3728,#3757,#3785,
    #3813,#3841,#3870,#3898,#3926,#3955,#3983,#4012,#4040,#4068,#4097,
    #4120,#4143,#4166,#4188,#4189));
#3651 = ORIENTED_EDGE('',*,*,#3599,.T.);
#3652 = ORIENTED_EDGE('',*,*,#1035,.T.);
#3653 = ORIENTED_EDGE('',*,*,#3654,.T.);
#3654 = EDGE_CURVE('',#1010,#3655,#3657,.T.);
#3655 = VERTEX_POINT('',#3656);
#3656 = CARTESIAN_POINT('',(152.,-150.8380831519,-7.6));
#3657 = SURFACE_CURVE('',#3658,(#3663,#3670),.PCURVE_S1.);
#3658 = CIRCLE('',#3659,2.3);
#3659 = AXIS2_PLACEMENT_3D('',#3660,#3661,#3662);
#3660 = CARTESIAN_POINT('',(149.9,-149.9,-7.6));
#3661 = DIRECTION('',(0.,0.,1.));
#3662 = DIRECTION('',(0.,-1.,0.));
#3663 = PCURVE('',#1049,#3664);
#3664 = DEFINITIONAL_REPRESENTATION('',(#3665),#3669);
#3665 = CIRCLE('',#3666,2.3);
#3666 = AXIS2_PLACEMENT_2D('',#3667,#3668);
#3667 = CARTESIAN_POINT('',(49.9,-49.9));
#3668 = DIRECTION('',(0.,-1.));
#3669 = ( GEOMETRIC_REPRESENTATION_CONTEXT(2) 
PARAMETRIC_REPRESENTATION_CONTEXT() REPRESENTATION_CONTEXT('2D SPACE',''
  ) );
#3670 = PCURVE('',#1024,#3671);
#3671 = DEFINITIONAL_REPRESENTATION('',(#3672),#3676);
#3672 = LINE('',#3673,#3674);
#3673 = CARTESIAN_POINT('',(0.,-0.8));
#3674 = VECTOR('',#3675,1.);
#3675 = DIRECTION('',(1.,-0.));
#3676 = ( GEOMETRIC_REPRESENTATION_CONTEXT(2) 
PARAMETRIC_REPRESENTATION_CONTEXT() REPRESENTATION_CONTEXT('2D SPACE',''
  ) );
#3677 = ORIENTED_EDGE('',*,*,#3678,.F.);
#3678 = EDGE_CURVE('',#3679,#3655,#3681,.T.);
#3679 = VERTEX_POINT('',#3680);
#3680 = CARTESIAN_POINT('',(152.,-152.,-7.6));
#3681 = SURFACE_CURVE('',#3682,(#3686,#3693),.PCURVE_S1.);
#3682 = LINE('',#3683,#3684);
#3683 = CARTESIAN_POINT('',(152.,-152.,-7.6));
#3684 = VECTOR('',#3685,1.);
#3685 = DIRECTION('',(0.,1.,0.));
#3686 = PCURVE('',#1049,#3687);
#3687 = DEFINITIONAL_REPRESENTATION('',(#3688),#3692);
#3688 = LINE('',#3689,#3690);
#3689 = CARTESIAN_POINT('',(52.,-52.));
#3690 = VECTOR('',#3691,1.);
#3691 = DIRECTION('',(0.,1.));
#3692 = ( GEOMETRIC_REPRESENTATION_CONTEXT(2) 
PARAMETRIC_REPRESENTATION_CONTEXT() REPRESENTATION_CONTEXT('2D SPACE',''
  ) );
#3693 = PCURVE('',#3694,#3699);
#3694 = PLANE('',#3695);
#3695 = AXIS2_PLACEMENT_3D('',#3696,#3697,#3698);
#3696 = CARTESIAN_POINT('',(152.,-152.,-7.6));
#3697 = DIRECTION('',(1.,0.,0.));
#3698 = DIRECTION('',(0.,0.,1.));
#3699 = DEFINITIONAL_REPRESENTATION('',(#3700),#3704);
#3700 = LINE('',#3701,#3702);
#3701 = CARTESIAN_POINT('',(0.,0.));
#3702 = VECTOR('',#3703,1.);
#3703 = DIRECTION('',(0.,-1.));
#3704 = ( GEOMETRIC_REPRESENTATION_CONTEXT(2) 
PARAMETRIC_REPRESENTATION_CONTEXT() REPRESENTATION_CONTEXT('2D SPACE',''
  ) );
#3705 = ORIENTED_EDGE('',*,*,#3706,.T.);
#3706 = EDGE_CURVE('',#3679,#3707,#3709,.T.);
#3707 = VERTEX_POINT('',#3708);
#3708 = CARTESIAN_POINT('',(160.,-152.,-7.6));
#3709 = SURFACE_CURVE('',#3710,(#3714,#3721),.PCURVE_S1.);
#3710 = LINE('',#3711,#3712);
#3711 = CARTESIAN_POINT('',(152.,-152.,-7.6));
#3712 = VECTOR('',#3713,1.);
#3713 = DIRECTION('',(1.,0.,0.));
#3714 = PCURVE('',#1049,#3715);
#3715 = DEFINITIONAL_REPRESENTATION('',(#3716),#3720);
#3716 = LINE('',#3717,#3718);
#3717 = CARTESIAN_POINT('',(52.,-52.));
#3718 = VECTOR('',#3719,1.);
#3719 = DIRECTION('',(1.,0.));
#3720 = ( GEOMETRIC_REPRESENTATION_CONTEXT(2) 
PARAMETRIC_REPRESENTATION_CONTEXT() REPRESENTATION_CONTEXT('2D SPACE',''
  ) );
#3721 = PCURVE('',#1270,#3722);
#3722 = DEFINITIONAL_REPRESENTATION('',(#3723),#3727);
#3723 = LINE('',#3724,#3725);
#3724 = CARTESIAN_POINT('',(0.,0.));
#3725 = VECTOR('',#3726,1.);
#3726 = DIRECTION('',(0.,1.));
#3727 = ( GEOMETRIC_REPRESENTATION_CONTEXT(2) 
PARAMETRIC_REPRESENTATION_CONTEXT() REPRESENTATION_CONTEXT('2D SPACE',''
  ) );
#3728 = ORIENTED_EDGE('',*,*,#3729,.T.);
#3729 = EDGE_CURVE('',#3707,#3730,#3732,.T.);
#3730 = VERTEX_POINT('',#3731);
#3731 = CARTESIAN_POINT('',(160.,-140.,-7.6));
#3732 = SURFACE_CURVE('',#3733,(#3738,#3745),.PCURVE_S1.);
#3733 = CIRCLE('',#3734,6.);
#3734 = AXIS2_PLACEMENT_3D('',#3735,#3736,#3737);
#3735 = CARTESIAN_POINT('',(160.,-146.,-7.6));
#3736 = DIRECTION('',(-0.,0.,1.));
#3737 = DIRECTION('',(0.,-1.,0.));
#3738 = PCURVE('',#1049,#3739);
#3739 = DEFINITIONAL_REPRESENTATION('',(#3740),#3744);
#3740 = CIRCLE('',#3741,6.);
#3741 = AXIS2_PLACEMENT_2D('',#3742,#3743);
#3742 = CARTESIAN_POINT('',(60.,-46.));
#3743 = DIRECTION('',(0.,-1.));
#3744 = ( GEOMETRIC_REPRESENTATION_CONTEXT(2) 
PARAMETRIC_REPRESENTATION_CONTEXT() REPRESENTATION_CONTEXT('2D SPACE',''
  ) );
#3745 = PCURVE('',#3746,#3751);
#3746 = CYLINDRICAL_SURFACE('',#3747,6.);
#3747 = AXIS2_PLACEMENT_3D('',#3748,#3749,#3750);
#3748 = CARTESIAN_POINT('',(160.,-146.,-7.6));
#3749 = DIRECTION('',(-0.,-0.,-1.));
#3750 = DIRECTION('',(1.,0.,0.));
#3751 = DEFINITIONAL_REPRESENTATION('',(#3752),#3756);
#3752 = LINE('',#3753,#3754);
#3753 = CARTESIAN_POINT('',(-4.712388980385,0.));
#3754 = VECTOR('',#3755,1.);
#3755 = DIRECTION('',(-1.,0.));
#3756 = ( GEOMETRIC_REPRESENTATION_CONTEXT(2) 
PARAMETRIC_REPRESENTATION_CONTEXT() REPRESENTATION_CONTEXT('2D SPACE',''
  ) );
#3757 = ORIENTED_EDGE('',*,*,#3758,.F.);
#3758 = EDGE_CURVE('',#3759,#3730,#3761,.T.);
#3759 = VERTEX_POINT('',#3760);
#3760 = CARTESIAN_POINT('',(152.2,-140.,-7.6));
#3761 = SURFACE_CURVE('',#3762,(#3766,#3773),.PCURVE_S1.);
#3762 = LINE('',#3763,#3764);
#3763 = CARTESIAN_POINT('',(152.,-140.,-7.6));
#3764 = VECTOR('',#3765,1.);
#3765 = DIRECTION('',(1.,0.,0.));
#3766 = PCURVE('',#1049,#3767);
#3767 = DEFINITIONAL_REPRESENTATION('',(#3768),#3772);
#3768 = LINE('',#3769,#3770);
#3769 = CARTESIAN_POINT('',(52.,-40.));
#3770 = VECTOR('',#3771,1.);
#3771 = DIRECTION('',(1.,0.));
#3772 = ( GEOMETRIC_REPRESENTATION_CONTEXT(2) 
PARAMETRIC_REPRESENTATION_CONTEXT() REPRESENTATION_CONTEXT('2D SPACE',''
  ) );
#3773 = PCURVE('',#3774,#3779);
#3774 = PLANE('',#3775);
#3775 = AXIS2_PLACEMENT_3D('',#3776,#3777,#3778);
#3776 = CARTESIAN_POINT('',(152.,-140.,-7.6));
#3777 = DIRECTION('',(0.,1.,0.));
#3778 = DIRECTION('',(0.,0.,1.));
#3779 = DEFINITIONAL_REPRESENTATION('',(#3780),#3784);
#3780 = LINE('',#3781,#3782);
#3781 = CARTESIAN_POINT('',(0.,0.));
#3782 = VECTOR('',#3783,1.);
#3783 = DIRECTION('',(0.,1.));
#3784 = ( GEOMETRIC_REPRESENTATION_CONTEXT(2) 
PARAMETRIC_REPRESENTATION_CONTEXT() REPRESENTATION_CONTEXT('2D SPACE',''
  ) );
#3785 = ORIENTED_EDGE('',*,*,#3786,.T.);
#3786 = EDGE_CURVE('',#3759,#3787,#3789,.T.);
#3787 = VERTEX_POINT('',#3788);
#3788 = CARTESIAN_POINT('',(152.2,-60.,-7.6));
#3789 = SURFACE_CURVE('',#3790,(#3794,#3801),.PCURVE_S1.);
#3790 = LINE('',#3791,#3792);
#3791 = CARTESIAN_POINT('',(152.2,-149.9,-7.6));
#3792 = VECTOR('',#3793,1.);
#3793 = DIRECTION('',(0.,1.,0.));
#3794 = PCURVE('',#1049,#3795);
#3795 = DEFINITIONAL_REPRESENTATION('',(#3796),#3800);
#3796 = LINE('',#3797,#3798);
#3797 = CARTESIAN_POINT('',(52.2,-49.9));
#3798 = VECTOR('',#3799,1.);
#3799 = DIRECTION('',(0.,1.));
#3800 = ( GEOMETRIC_REPRESENTATION_CONTEXT(2) 
PARAMETRIC_REPRESENTATION_CONTEXT() REPRESENTATION_CONTEXT('2D SPACE',''
  ) );
#3801 = PCURVE('',#3802,#3807);
#3802 = PLANE('',#3803);
#3803 = AXIS2_PLACEMENT_3D('',#3804,#3805,#3806);
#3804 = CARTESIAN_POINT('',(152.6,-149.9,-7.2));
#3805 = DIRECTION('',(0.707106781187,0.,-0.707106781187));
#3806 = DIRECTION('',(-0.,-1.,-0.));
#3807 = DEFINITIONAL_REPRESENTATION('',(#3808),#3812);
#3808 = LINE('',#3809,#3810);
#3809 = CARTESIAN_POINT('',(-0.,0.565685424949));
#3810 = VECTOR('',#3811,1.);
#3811 = DIRECTION('',(-1.,0.));
#3812 = ( GEOMETRIC_REPRESENTATION_CONTEXT(2) 
PARAMETRIC_REPRESENTATION_CONTEXT() REPRESENTATION_CONTEXT('2D SPACE',''
  ) );
#3813 = ORIENTED_EDGE('',*,*,#3814,.T.);
#3814 = EDGE_CURVE('',#3787,#3815,#3817,.T.);
#3815 = VERTEX_POINT('',#3816);
#3816 = CARTESIAN_POINT('',(160.,-60.,-7.6));
#3817 = SURFACE_CURVE('',#3818,(#3822,#3829),.PCURVE_S1.);
#3818 = LINE('',#3819,#3820);
#3819 = CARTESIAN_POINT('',(152.,-60.,-7.6));
#3820 = VECTOR('',#3821,1.);
#3821 = DIRECTION('',(1.,0.,0.));
#3822 = PCURVE('',#1049,#3823);
#3823 = DEFINITIONAL_REPRESENTATION('',(#3824),#3828);
#3824 = LINE('',#3825,#3826);
#3825 = CARTESIAN_POINT('',(52.,40.));
#3826 = VECTOR('',#3827,1.);
#3827 = DIRECTION('',(1.,0.));
#3828 = ( GEOMETRIC_REPRESENTATION_CONTEXT(2) 
PARAMETRIC_REPRESENTATION_CONTEXT() REPRESENTATION_CONTEXT('2D SPACE',''
  ) );
#3829 = PCURVE('',#3830,#3835);
#3830 = PLANE('',#3831);
#3831 = AXIS2_PLACEMENT_3D('',#3832,#3833,#3834);
#3832 = CARTESIAN_POINT('',(152.,-60.,-7.6));
#3833 = DIRECTION('',(0.,1.,0.));
#3834 = DIRECTION('',(0.,0.,1.));
#3835 = DEFINITIONAL_REPRESENTATION('',(#3836),#3840);
#3836 = LINE('',#3837,#3838);
#3837 = CARTESIAN_POINT('',(0.,0.));
#3838 = VECTOR('',#3839,1.);
#3839 = DIRECTION('',(0.,1.));
#3840 = ( GEOMETRIC_REPRESENTATION_CONTEXT(2) 
PARAMETRIC_REPRESENTATION_CONTEXT() REPRESENTATION_CONTEXT('2D SPACE',''
  ) );
#3841 = ORIENTED_EDGE('',*,*,#3842,.T.);
#3842 = EDGE_CURVE('',#3815,#3843,#3845,.T.);
#3843 = VERTEX_POINT('',#3844);
#3844 = CARTESIAN_POINT('',(160.,-48.,-7.6));
#3845 = SURFACE_CURVE('',#3846,(#3851,#3858),.PCURVE_S1.);
#3846 = CIRCLE('',#3847,6.);
#3847 = AXIS2_PLACEMENT_3D('',#3848,#3849,#3850);
#3848 = CARTESIAN_POINT('',(160.,-54.,-7.6));
#3849 = DIRECTION('',(-0.,0.,1.));
#3850 = DIRECTION('',(0.,-1.,0.));
#3851 = PCURVE('',#1049,#3852);
#3852 = DEFINITIONAL_REPRESENTATION('',(#3853),#3857);
#3853 = CIRCLE('',#3854,6.);
#3854 = AXIS2_PLACEMENT_2D('',#3855,#3856);
#3855 = CARTESIAN_POINT('',(60.,46.));
#3856 = DIRECTION('',(0.,-1.));
#3857 = ( GEOMETRIC_REPRESENTATION_CONTEXT(2) 
PARAMETRIC_REPRESENTATION_CONTEXT() REPRESENTATION_CONTEXT('2D SPACE',''
  ) );
#3858 = PCURVE('',#3859,#3864);
#3859 = CYLINDRICAL_SURFACE('',#3860,6.);
#3860 = AXIS2_PLACEMENT_3D('',#3861,#3862,#3863);
#3861 = CARTESIAN_POINT('',(160.,-54.,-7.6));
#3862 = DIRECTION('',(-0.,-0.,-1.));
#3863 = DIRECTION('',(1.,0.,0.));
#3864 = DEFINITIONAL_REPRESENTATION('',(#3865),#3869);
#3865 = LINE('',#3866,#3867);
#3866 = CARTESIAN_POINT('',(-4.712388980385,0.));
#3867 = VECTOR('',#3868,1.);
#3868 = DIRECTION('',(-1.,0.));
#3869 = ( GEOMETRIC_REPRESENTATION_CONTEXT(2) 
PARAMETRIC_REPRESENTATION_CONTEXT() REPRESENTATION_CONTEXT('2D SPACE',''
  ) );
#3870 = ORIENTED_EDGE('',*,*,#3871,.F.);
#3871 = EDGE_CURVE('',#3872,#3843,#3874,.T.);
#3872 = VERTEX_POINT('',#3873);
#3873 = CARTESIAN_POINT('',(152.,-48.,-7.6));
#3874 = SURFACE_CURVE('',#3875,(#3879,#3886),.PCURVE_S1.);
#3875 = LINE('',#3876,#3877);
#3876 = CARTESIAN_POINT('',(152.,-48.,-7.6));
#3877 = VECTOR('',#3878,1.);
#3878 = DIRECTION('',(1.,0.,0.));
#3879 = PCURVE('',#1049,#3880);
#3880 = DEFINITIONAL_REPRESENTATION('',(#3881),#3885);
#3881 = LINE('',#3882,#3883);
#3882 = CARTESIAN_POINT('',(52.,52.));
#3883 = VECTOR('',#3884,1.);
#3884 = DIRECTION('',(1.,0.));
#3885 = ( GEOMETRIC_REPRESENTATION_CONTEXT(2) 
PARAMETRIC_REPRESENTATION_CONTEXT() REPRESENTATION_CONTEXT('2D SPACE',''
  ) );
#3886 = PCURVE('',#3887,#3892);
#3887 = PLANE('',#3888);
#3888 = AXIS2_PLACEMENT_3D('',#3889,#3890,#3891);
#3889 = CARTESIAN_POINT('',(152.,-48.,-7.6));
#3890 = DIRECTION('',(0.,1.,0.));
#3891 = DIRECTION('',(0.,0.,1.));
#3892 = DEFINITIONAL_REPRESENTATION('',(#3893),#3897);
#3893 = LINE('',#3894,#3895);
#3894 = CARTESIAN_POINT('',(0.,0.));
#3895 = VECTOR('',#3896,1.);
#3896 = DIRECTION('',(0.,1.));
#3897 = ( GEOMETRIC_REPRESENTATION_CONTEXT(2) 
PARAMETRIC_REPRESENTATION_CONTEXT() REPRESENTATION_CONTEXT('2D SPACE',''
  ) );
#3898 = ORIENTED_EDGE('',*,*,#3899,.F.);
#3899 = EDGE_CURVE('',#3900,#3872,#3902,.T.);
#3900 = VERTEX_POINT('',#3901);
#3901 = CARTESIAN_POINT('',(152.,-49.16191684803,-7.6));
#3902 = SURFACE_CURVE('',#3903,(#3907,#3914),.PCURVE_S1.);
#3903 = LINE('',#3904,#3905);
#3904 = CARTESIAN_POINT('',(152.,-60.,-7.6));
#3905 = VECTOR('',#3906,1.);
#3906 = DIRECTION('',(0.,1.,0.));
#3907 = PCURVE('',#1049,#3908);
#3908 = DEFINITIONAL_REPRESENTATION('',(#3909),#3913);
#3909 = LINE('',#3910,#3911);
#3910 = CARTESIAN_POINT('',(52.,40.));
#3911 = VECTOR('',#3912,1.);
#3912 = DIRECTION('',(0.,1.));
#3913 = ( GEOMETRIC_REPRESENTATION_CONTEXT(2) 
PARAMETRIC_REPRESENTATION_CONTEXT() REPRESENTATION_CONTEXT('2D SPACE',''
  ) );
#3914 = PCURVE('',#3915,#3920);
#3915 = PLANE('',#3916);
#3916 = AXIS2_PLACEMENT_3D('',#3917,#3918,#3919);
#3917 = CARTESIAN_POINT('',(152.,-60.,-7.6));
#3918 = DIRECTION('',(1.,0.,0.));
#3919 = DIRECTION('',(0.,0.,1.));
#3920 = DEFINITIONAL_REPRESENTATION('',(#3921),#3925);
#3921 = LINE('',#3922,#3923);
#3922 = CARTESIAN_POINT('',(0.,0.));
#3923 = VECTOR('',#3924,1.);
#3924 = DIRECTION('',(0.,-1.));
#3925 = ( GEOMETRIC_REPRESENTATION_CONTEXT(2) 
PARAMETRIC_REPRESENTATION_CONTEXT() REPRESENTATION_CONTEXT('2D SPACE',''
  ) );
#3926 = ORIENTED_EDGE('',*,*,#3927,.T.);
#3927 = EDGE_CURVE('',#3900,#3928,#3930,.T.);
#3928 = VERTEX_POINT('',#3929);
#3929 = CARTESIAN_POINT('',(149.9,-47.8,-7.6));
#3930 = SURFACE_CURVE('',#3931,(#3936,#3943),.PCURVE_S1.);
#3931 = CIRCLE('',#3932,2.3);
#3932 = AXIS2_PLACEMENT_3D('',#3933,#3934,#3935);
#3933 = CARTESIAN_POINT('',(149.9,-50.1,-7.6));
#3934 = DIRECTION('',(0.,0.,1.));
#3935 = DIRECTION('',(1.,2.292073341162E-15,-0.));
#3936 = PCURVE('',#1049,#3937);
#3937 = DEFINITIONAL_REPRESENTATION('',(#3938),#3942);
#3938 = CIRCLE('',#3939,2.3);
#3939 = AXIS2_PLACEMENT_2D('',#3940,#3941);
#3940 = CARTESIAN_POINT('',(49.9,49.9));
#3941 = DIRECTION('',(1.,2.292073341162E-15));
#3942 = ( GEOMETRIC_REPRESENTATION_CONTEXT(2) 
PARAMETRIC_REPRESENTATION_CONTEXT() REPRESENTATION_CONTEXT('2D SPACE',''
  ) );
#3943 = PCURVE('',#3944,#3949);
#3944 = CONICAL_SURFACE('',#3945,3.1,0.785398163397);
#3945 = AXIS2_PLACEMENT_3D('',#3946,#3947,#3948);
#3946 = CARTESIAN_POINT('',(149.9,-50.1,-6.8));
#3947 = DIRECTION('',(0.,0.,1.));
#3948 = DIRECTION('',(1.,2.292073341162E-15,-0.));
#3949 = DEFINITIONAL_REPRESENTATION('',(#3950),#3954);
#3950 = LINE('',#3951,#3952);
#3951 = CARTESIAN_POINT('',(0.,-0.8));
#3952 = VECTOR('',#3953,1.);
#3953 = DIRECTION('',(1.,-0.));
#3954 = ( GEOMETRIC_REPRESENTATION_CONTEXT(2) 
PARAMETRIC_REPRESENTATION_CONTEXT() REPRESENTATION_CONTEXT('2D SPACE',''
  ) );
#3955 = ORIENTED_EDGE('',*,*,#3956,.T.);
#3956 = EDGE_CURVE('',#3928,#3957,#3959,.T.);
#3957 = VERTEX_POINT('',#3958);
#3958 = CARTESIAN_POINT('',(50.1,-47.8,-7.6));
#3959 = SURFACE_CURVE('',#3960,(#3964,#3971),.PCURVE_S1.);
#3960 = LINE('',#3961,#3962);
#3961 = CARTESIAN_POINT('',(149.9,-47.8,-7.6));
#3962 = VECTOR('',#3963,1.);
#3963 = DIRECTION('',(-1.,0.,0.));
#3964 = PCURVE('',#1049,#3965);
#3965 = DEFINITIONAL_REPRESENTATION('',(#3966),#3970);
#3966 = LINE('',#3967,#3968);
#3967 = CARTESIAN_POINT('',(49.9,52.2));
#3968 = VECTOR('',#3969,1.);
#3969 = DIRECTION('',(-1.,0.));
#3970 = ( GEOMETRIC_REPRESENTATION_CONTEXT(2) 
PARAMETRIC_REPRESENTATION_CONTEXT() REPRESENTATION_CONTEXT('2D SPACE',''
  ) );
#3971 = PCURVE('',#3972,#3977);
#3972 = PLANE('',#3973);
#3973 = AXIS2_PLACEMENT_3D('',#3974,#3975,#3976);
#3974 = CARTESIAN_POINT('',(149.9,-47.4,-7.2));
#3975 = DIRECTION('',(6.983161618628E-18,0.707106781187,-0.707106781187)
  );
#3976 = DIRECTION('',(1.,-4.937840934654E-18,4.937840934654E-18));
#3977 = DEFINITIONAL_REPRESENTATION('',(#3978),#3982);
#3978 = LINE('',#3979,#3980);
#3979 = CARTESIAN_POINT('',(-0.,0.565685424949));
#3980 = VECTOR('',#3981,1.);
#3981 = DIRECTION('',(-1.,0.));
#3982 = ( GEOMETRIC_REPRESENTATION_CONTEXT(2) 
PARAMETRIC_REPRESENTATION_CONTEXT() REPRESENTATION_CONTEXT('2D SPACE',''
  ) );
#3983 = ORIENTED_EDGE('',*,*,#3984,.T.);
#3984 = EDGE_CURVE('',#3957,#3985,#3987,.T.);
#3985 = VERTEX_POINT('',#3986);
#3986 = CARTESIAN_POINT('',(48.,-49.16191684803,-7.6));
#3987 = SURFACE_CURVE('',#3988,(#3993,#4000),.PCURVE_S1.);
#3988 = CIRCLE('',#3989,2.3);
#3989 = AXIS2_PLACEMENT_3D('',#3990,#3991,#3992);
#3990 = CARTESIAN_POINT('',(50.1,-50.1,-7.6));
#3991 = DIRECTION('',(0.,0.,1.));
#3992 = DIRECTION('',(-2.292073341162E-15,1.,0.));
#3993 = PCURVE('',#1049,#3994);
#3994 = DEFINITIONAL_REPRESENTATION('',(#3995),#3999);
#3995 = CIRCLE('',#3996,2.3);
#3996 = AXIS2_PLACEMENT_2D('',#3997,#3998);
#3997 = CARTESIAN_POINT('',(-49.9,49.9));
#3998 = DIRECTION('',(-2.292073341162E-15,1.));
#3999 = ( GEOMETRIC_REPRESENTATION_CONTEXT(2) 
PARAMETRIC_REPRESENTATION_CONTEXT() REPRESENTATION_CONTEXT('2D SPACE',''
  ) );
#4000 = PCURVE('',#4001,#4006);
#4001 = CONICAL_SURFACE('',#4002,3.1,0.785398163397);
#4002 = AXIS2_PLACEMENT_3D('',#4003,#4004,#4005);
#4003 = CARTESIAN_POINT('',(50.1,-50.1,-6.8));
#4004 = DIRECTION('',(0.,0.,1.));
#4005 = DIRECTION('',(-2.292073341162E-15,1.,0.));
#4006 = DEFINITIONAL_REPRESENTATION('',(#4007),#4011);
#4007 = LINE('',#4008,#4009);
#4008 = CARTESIAN_POINT('',(0.,-0.8));
#4009 = VECTOR('',#4010,1.);
#4010 = DIRECTION('',(1.,-0.));
#4011 = ( GEOMETRIC_REPRESENTATION_CONTEXT(2) 
PARAMETRIC_REPRESENTATION_CONTEXT() REPRESENTATION_CONTEXT('2D SPACE',''
  ) );
#4012 = ORIENTED_EDGE('',*,*,#4013,.T.);
#4013 = EDGE_CURVE('',#3985,#4014,#4016,.T.);
#4014 = VERTEX_POINT('',#4015);
#4015 = CARTESIAN_POINT('',(48.,-48.,-7.6));
#4016 = SURFACE_CURVE('',#4017,(#4021,#4028),.PCURVE_S1.);
#4017 = LINE('',#4018,#4019);
#4018 = CARTESIAN_POINT('',(48.,-60.,-7.6));
#4019 = VECTOR('',#4020,1.);
#4020 = DIRECTION('',(0.,1.,0.));
#4021 = PCURVE('',#1049,#4022);
#4022 = DEFINITIONAL_REPRESENTATION('',(#4023),#4027);
#4023 = LINE('',#4024,#4025);
#4024 = CARTESIAN_POINT('',(-52.,40.));
#4025 = VECTOR('',#4026,1.);
#4026 = DIRECTION('',(0.,1.));
#4027 = ( GEOMETRIC_REPRESENTATION_CONTEXT(2) 
PARAMETRIC_REPRESENTATION_CONTEXT() REPRESENTATION_CONTEXT('2D SPACE',''
  ) );
#4028 = PCURVE('',#4029,#4034);
#4029 = PLANE('',#4030);
#4030 = AXIS2_PLACEMENT_3D('',#4031,#4032,#4033);
#4031 = CARTESIAN_POINT('',(48.,-60.,-7.6));
#4032 = DIRECTION('',(1.,0.,0.));
#4033 = DIRECTION('',(0.,0.,1.));
#4034 = DEFINITIONAL_REPRESENTATION('',(#4035),#4039);
#4035 = LINE('',#4036,#4037);
#4036 = CARTESIAN_POINT('',(0.,0.));
#4037 = VECTOR('',#4038,1.);
#4038 = DIRECTION('',(0.,-1.));
#4039 = ( GEOMETRIC_REPRESENTATION_CONTEXT(2) 
PARAMETRIC_REPRESENTATION_CONTEXT() REPRESENTATION_CONTEXT('2D SPACE',''
  ) );
#4040 = ORIENTED_EDGE('',*,*,#4041,.F.);
#4041 = EDGE_CURVE('',#4042,#4014,#4044,.T.);
#4042 = VERTEX_POINT('',#4043);
#4043 = CARTESIAN_POINT('',(40.,-48.,-7.6));
#4044 = SURFACE_CURVE('',#4045,(#4049,#4056),.PCURVE_S1.);
#4045 = LINE('',#4046,#4047);
#4046 = CARTESIAN_POINT('',(40.,-48.,-7.6));
#4047 = VECTOR('',#4048,1.);
#4048 = DIRECTION('',(1.,0.,0.));
#4049 = PCURVE('',#1049,#4050);
#4050 = DEFINITIONAL_REPRESENTATION('',(#4051),#4055);
#4051 = LINE('',#4052,#4053);
#4052 = CARTESIAN_POINT('',(-60.,52.));
#4053 = VECTOR('',#4054,1.);
#4054 = DIRECTION('',(1.,0.));
#4055 = ( GEOMETRIC_REPRESENTATION_CONTEXT(2) 
PARAMETRIC_REPRESENTATION_CONTEXT() REPRESENTATION_CONTEXT('2D SPACE',''
  ) );
#4056 = PCURVE('',#4057,#4062);
#4057 = PLANE('',#4058);
#4058 = AXIS2_PLACEMENT_3D('',#4059,#4060,#4061);
#4059 = CARTESIAN_POINT('',(40.,-48.,-7.6));
#4060 = DIRECTION('',(0.,1.,0.));
#4061 = DIRECTION('',(0.,0.,1.));
#4062 = DEFINITIONAL_REPRESENTATION('',(#4063),#4067);
#4063 = LINE('',#4064,#4065);
#4064 = CARTESIAN_POINT('',(0.,0.));
#4065 = VECTOR('',#4066,1.);
#4066 = DIRECTION('',(0.,1.));
#4067 = ( GEOMETRIC_REPRESENTATION_CONTEXT(2) 
PARAMETRIC_REPRESENTATION_CONTEXT() REPRESENTATION_CONTEXT('2D SPACE',''
  ) );
#4068 = ORIENTED_EDGE('',*,*,#4069,.T.);
#4069 = EDGE_CURVE('',#4042,#4070,#4072,.T.);
#4070 = VERTEX_POINT('',#4071);
#4071 = CARTESIAN_POINT('',(40.,-60.,-7.6));
#4072 = SURFACE_CURVE('',#4073,(#4078,#4085),.PCURVE_S1.);
#4073 = CIRCLE('',#4074,6.);
#4074 = AXIS2_PLACEMENT_3D('',#4075,#4076,#4077);
#4075 = CARTESIAN_POINT('',(40.,-54.,-7.6));
#4076 = DIRECTION('',(0.,0.,1.));
#4077 = DIRECTION('',(1.,0.,0.));
#4078 = PCURVE('',#1049,#4079);
#4079 = DEFINITIONAL_REPRESENTATION('',(#4080),#4084);
#4080 = CIRCLE('',#4081,6.);
#4081 = AXIS2_PLACEMENT_2D('',#4082,#4083);
#4082 = CARTESIAN_POINT('',(-60.,46.));
#4083 = DIRECTION('',(1.,0.));
#4084 = ( GEOMETRIC_REPRESENTATION_CONTEXT(2) 
PARAMETRIC_REPRESENTATION_CONTEXT() REPRESENTATION_CONTEXT('2D SPACE',''
  ) );
#4085 = PCURVE('',#4086,#4091);
#4086 = CYLINDRICAL_SURFACE('',#4087,6.);
#4087 = AXIS2_PLACEMENT_3D('',#4088,#4089,#4090);
#4088 = CARTESIAN_POINT('',(40.,-54.,-7.6));
#4089 = DIRECTION('',(-0.,-0.,-1.));
#4090 = DIRECTION('',(1.,0.,0.));
#4091 = DEFINITIONAL_REPRESENTATION('',(#4092),#4096);
#4092 = LINE('',#4093,#4094);
#4093 = CARTESIAN_POINT('',(-0.,0.));
#4094 = VECTOR('',#4095,1.);
#4095 = DIRECTION('',(-1.,0.));
#4096 = ( GEOMETRIC_REPRESENTATION_CONTEXT(2) 
PARAMETRIC_REPRESENTATION_CONTEXT() REPRESENTATION_CONTEXT('2D SPACE',''
  ) );
#4097 = ORIENTED_EDGE('',*,*,#4098,.T.);
#4098 = EDGE_CURVE('',#4070,#4099,#4101,.T.);
#4099 = VERTEX_POINT('',#4100);
#4100 = CARTESIAN_POINT('',(47.8,-60.,-7.6));
#4101 = SURFACE_CURVE('',#4102,(#4106,#4113),.PCURVE_S1.);
#4102 = LINE('',#4103,#4104);
#4103 = CARTESIAN_POINT('',(40.,-60.,-7.6));
#4104 = VECTOR('',#4105,1.);
#4105 = DIRECTION('',(1.,0.,0.));
#4106 = PCURVE('',#1049,#4107);
#4107 = DEFINITIONAL_REPRESENTATION('',(#4108),#4112);
#4108 = LINE('',#4109,#4110);
#4109 = CARTESIAN_POINT('',(-60.,40.));
#4110 = VECTOR('',#4111,1.);
#4111 = DIRECTION('',(1.,0.));
#4112 = ( GEOMETRIC_REPRESENTATION_CONTEXT(2) 
PARAMETRIC_REPRESENTATION_CONTEXT() REPRESENTATION_CONTEXT('2D SPACE',''
  ) );
#4113 = PCURVE('',#3055,#4114);
#4114 = DEFINITIONAL_REPRESENTATION('',(#4115),#4119);
#4115 = LINE('',#4116,#4117);
#4116 = CARTESIAN_POINT('',(0.,0.));
#4117 = VECTOR('',#4118,1.);
#4118 = DIRECTION('',(0.,1.));
#4119 = ( GEOMETRIC_REPRESENTATION_CONTEXT(2) 
PARAMETRIC_REPRESENTATION_CONTEXT() REPRESENTATION_CONTEXT('2D SPACE',''
  ) );
#4120 = ORIENTED_EDGE('',*,*,#4121,.T.);
#4121 = EDGE_CURVE('',#4099,#4122,#4124,.T.);
#4122 = VERTEX_POINT('',#4123);
#4123 = CARTESIAN_POINT('',(47.8,-140.,-7.6));
#4124 = SURFACE_CURVE('',#4125,(#4129,#4136),.PCURVE_S1.);
#4125 = LINE('',#4126,#4127);
#4126 = CARTESIAN_POINT('',(47.8,-50.1,-7.6));
#4127 = VECTOR('',#4128,1.);
#4128 = DIRECTION('',(0.,-1.,0.));
#4129 = PCURVE('',#1049,#4130);
#4130 = DEFINITIONAL_REPRESENTATION('',(#4131),#4135);
#4131 = LINE('',#4132,#4133);
#4132 = CARTESIAN_POINT('',(-52.2,49.9));
#4133 = VECTOR('',#4134,1.);
#4134 = DIRECTION('',(0.,-1.));
#4135 = ( GEOMETRIC_REPRESENTATION_CONTEXT(2) 
PARAMETRIC_REPRESENTATION_CONTEXT() REPRESENTATION_CONTEXT('2D SPACE',''
  ) );
#4136 = PCURVE('',#3028,#4137);
#4137 = DEFINITIONAL_REPRESENTATION('',(#4138),#4142);
#4138 = LINE('',#4139,#4140);
#4139 = CARTESIAN_POINT('',(-0.,0.565685424949));
#4140 = VECTOR('',#4141,1.);
#4141 = DIRECTION('',(-1.,0.));
#4142 = ( GEOMETRIC_REPRESENTATION_CONTEXT(2) 
PARAMETRIC_REPRESENTATION_CONTEXT() REPRESENTATION_CONTEXT('2D SPACE',''
  ) );
#4143 = ORIENTED_EDGE('',*,*,#4144,.F.);
#4144 = EDGE_CURVE('',#4145,#4122,#4147,.T.);
#4145 = VERTEX_POINT('',#4146);
#4146 = CARTESIAN_POINT('',(40.,-140.,-7.6));
#4147 = SURFACE_CURVE('',#4148,(#4152,#4159),.PCURVE_S1.);
#4148 = LINE('',#4149,#4150);
#4149 = CARTESIAN_POINT('',(40.,-140.,-7.6));
#4150 = VECTOR('',#4151,1.);
#4151 = DIRECTION('',(1.,0.,0.));
#4152 = PCURVE('',#1049,#4153);
#4153 = DEFINITIONAL_REPRESENTATION('',(#4154),#4158);
#4154 = LINE('',#4155,#4156);
#4155 = CARTESIAN_POINT('',(-60.,-40.));
#4156 = VECTOR('',#4157,1.);
#4157 = DIRECTION('',(1.,0.));
#4158 = ( GEOMETRIC_REPRESENTATION_CONTEXT(2) 
PARAMETRIC_REPRESENTATION_CONTEXT() REPRESENTATION_CONTEXT('2D SPACE',''
  ) );
#4159 = PCURVE('',#3001,#4160);
#4160 = DEFINITIONAL_REPRESENTATION('',(#4161),#4165);
#4161 = LINE('',#4162,#4163);
#4162 = CARTESIAN_POINT('',(0.,0.));
#4163 = VECTOR('',#4164,1.);
#4164 = DIRECTION('',(0.,1.));
#4165 = ( GEOMETRIC_REPRESENTATION_CONTEXT(2) 
PARAMETRIC_REPRESENTATION_CONTEXT() REPRESENTATION_CONTEXT('2D SPACE',''
  ) );
#4166 = ORIENTED_EDGE('',*,*,#4167,.T.);
#4167 = EDGE_CURVE('',#4145,#3523,#4168,.T.);
#4168 = SURFACE_CURVE('',#4169,(#4174,#4181),.PCURVE_S1.);
#4169 = CIRCLE('',#4170,6.);
#4170 = AXIS2_PLACEMENT_3D('',#4171,#4172,#4173);
#4171 = CARTESIAN_POINT('',(40.,-146.,-7.6));
#4172 = DIRECTION('',(0.,0.,1.));
#4173 = DIRECTION('',(1.,0.,0.));
#4174 = PCURVE('',#1049,#4175);
#4175 = DEFINITIONAL_REPRESENTATION('',(#4176),#4180);
#4176 = CIRCLE('',#4177,6.);
#4177 = AXIS2_PLACEMENT_2D('',#4178,#4179);
#4178 = CARTESIAN_POINT('',(-60.,-46.));
#4179 = DIRECTION('',(1.,0.));
#4180 = ( GEOMETRIC_REPRESENTATION_CONTEXT(2) 
PARAMETRIC_REPRESENTATION_CONTEXT() REPRESENTATION_CONTEXT('2D SPACE',''
  ) );
#4181 = PCURVE('',#3423,#4182);
#4182 = DEFINITIONAL_REPRESENTATION('',(#4183),#4187);
#4183 = LINE('',#4184,#4185);
#4184 = CARTESIAN_POINT('',(-0.,0.));
#4185 = VECTOR('',#4186,1.);
#4186 = DIRECTION('',(-1.,0.));
#4187 = ( GEOMETRIC_REPRESENTATION_CONTEXT(2) 
PARAMETRIC_REPRESENTATION_CONTEXT() REPRESENTATION_CONTEXT('2D SPACE',''
  ) );
#4188 = ORIENTED_EDGE('',*,*,#3522,.T.);
#4189 = ORIENTED_EDGE('',*,*,#4190,.T.);
#4190 = EDGE_CURVE('',#3493,#3600,#4191,.T.);
#4191 = SURFACE_CURVE('',#4192,(#4196,#4203),.PCURVE_S1.);
#4192 = LINE('',#4193,#4194);
#4193 = CARTESIAN_POINT('',(48.,-152.,-7.6));
#4194 = VECTOR('',#4195,1.);
#4195 = DIRECTION('',(0.,1.,0.));
#4196 = PCURVE('',#1049,#4197);
#4197 = DEFINITIONAL_REPRESENTATION('',(#4198),#4202);
#4198 = LINE('',#4199,#4200);
#4199 = CARTESIAN_POINT('',(-52.,-52.));
#4200 = VECTOR('',#4201,1.);
#4201 = DIRECTION('',(0.,1.));
#4202 = ( GEOMETRIC_REPRESENTATION_CONTEXT(2) 
PARAMETRIC_REPRESENTATION_CONTEXT() REPRESENTATION_CONTEXT('2D SPACE',''
  ) );
#4203 = PCURVE('',#3510,#4204);
#4204 = DEFINITIONAL_REPRESENTATION('',(#4205),#4209);
#4205 = LINE('',#4206,#4207);
#4206 = CARTESIAN_POINT('',(0.,0.));
#4207 = VECTOR('',#4208,1.);
#4208 = DIRECTION('',(0.,-1.));
#4209 = ( GEOMETRIC_REPRESENTATION_CONTEXT(2) 
PARAMETRIC_REPRESENTATION_CONTEXT() REPRESENTATION_CONTEXT('2D SPACE',''
  ) );
#4210 = FACE_BOUND('',#4211,.F.);
#4211 = EDGE_LOOP('',(#4212));
#4212 = ORIENTED_EDGE('',*,*,#4213,.T.);
#4213 = EDGE_CURVE('',#4214,#4214,#4216,.T.);
#4214 = VERTEX_POINT('',#4215);
#4215 = CARTESIAN_POINT('',(42.25,-146.,-7.6));
#4216 = SURFACE_CURVE('',#4217,(#4222,#4233),.PCURVE_S1.);
#4217 = CIRCLE('',#4218,2.25);
#4218 = AXIS2_PLACEMENT_3D('',#4219,#4220,#4221);
#4219 = CARTESIAN_POINT('',(40.,-146.,-7.6));
#4220 = DIRECTION('',(0.,0.,-1.));
#4221 = DIRECTION('',(1.,0.,0.));
#4222 = PCURVE('',#1049,#4223);
#4223 = DEFINITIONAL_REPRESENTATION('',(#4224),#4232);
#4224 = ( BOUNDED_CURVE() B_SPLINE_CURVE(2,(#4225,#4226,#4227,#4228,
#4229,#4230,#4231),.UNSPECIFIED.,.T.,.F.) B_SPLINE_CURVE_WITH_KNOTS((1,2
    ,2,2,2,1),(-2.094395102393,0.,2.094395102393,4.188790204786,
6.28318530718,8.377580409573),.UNSPECIFIED.) CURVE() 
GEOMETRIC_REPRESENTATION_ITEM() RATIONAL_B_SPLINE_CURVE((1.,0.5,1.,0.5,
1.,0.5,1.)) REPRESENTATION_ITEM('') );
#4225 = CARTESIAN_POINT('',(-57.75,-46.));
#4226 = CARTESIAN_POINT('',(-57.75,-49.89711431703));
#4227 = CARTESIAN_POINT('',(-61.125,-47.94855715851));
#4228 = CARTESIAN_POINT('',(-64.5,-46.));
#4229 = CARTESIAN_POINT('',(-61.125,-44.05144284148));
#4230 = CARTESIAN_POINT('',(-57.75,-42.10288568297));
#4231 = CARTESIAN_POINT('',(-57.75,-46.));
#4232 = ( GEOMETRIC_REPRESENTATION_CONTEXT(2) 
PARAMETRIC_REPRESENTATION_CONTEXT() REPRESENTATION_CONTEXT('2D SPACE',''
  ) );
#4233 = PCURVE('',#4234,#4239);
#4234 = CYLINDRICAL_SURFACE('',#4235,2.25);
#4235 = AXIS2_PLACEMENT_3D('',#4236,#4237,#4238);
#4236 = CARTESIAN_POINT('',(40.,-146.,-8.6));
#4237 = DIRECTION('',(-0.,-0.,-1.));
#4238 = DIRECTION('',(1.,0.,0.));
#4239 = DEFINITIONAL_REPRESENTATION('',(#4240),#4244);
#4240 = LINE('',#4241,#4242);
#4241 = CARTESIAN_POINT('',(-6.28318530718,-1.));
#4242 = VECTOR('',#4243,1.);
#4243 = DIRECTION('',(1.,-0.));
#4244 = ( GEOMETRIC_REPRESENTATION_CONTEXT(2) 
PARAMETRIC_REPRESENTATION_CONTEXT() REPRESENTATION_CONTEXT('2D SPACE',''
  ) );
#4245 = FACE_BOUND('',#4246,.F.);
#4246 = EDGE_LOOP('',(#4247));
#4247 = ORIENTED_EDGE('',*,*,#4248,.T.);
#4248 = EDGE_CURVE('',#4249,#4249,#4251,.T.);
#4249 = VERTEX_POINT('',#4250);
#4250 = CARTESIAN_POINT('',(162.25,-146.,-7.6));
#4251 = SURFACE_CURVE('',#4252,(#4257,#4268),.PCURVE_S1.);
#4252 = CIRCLE('',#4253,2.25);
#4253 = AXIS2_PLACEMENT_3D('',#4254,#4255,#4256);
#4254 = CARTESIAN_POINT('',(160.,-146.,-7.6));
#4255 = DIRECTION('',(0.,0.,-1.));
#4256 = DIRECTION('',(1.,0.,0.));
#4257 = PCURVE('',#1049,#4258);
#4258 = DEFINITIONAL_REPRESENTATION('',(#4259),#4267);
#4259 = ( BOUNDED_CURVE() B_SPLINE_CURVE(2,(#4260,#4261,#4262,#4263,
#4264,#4265,#4266),.UNSPECIFIED.,.T.,.F.) B_SPLINE_CURVE_WITH_KNOTS((1,2
    ,2,2,2,1),(-2.094395102393,0.,2.094395102393,4.188790204786,
6.28318530718,8.377580409573),.UNSPECIFIED.) CURVE() 
GEOMETRIC_REPRESENTATION_ITEM() RATIONAL_B_SPLINE_CURVE((1.,0.5,1.,0.5,
1.,0.5,1.)) REPRESENTATION_ITEM('') );
#4260 = CARTESIAN_POINT('',(62.25,-46.));
#4261 = CARTESIAN_POINT('',(62.25,-49.89711431703));
#4262 = CARTESIAN_POINT('',(58.875,-47.94855715851));
#4263 = CARTESIAN_POINT('',(55.5,-46.));
#4264 = CARTESIAN_POINT('',(58.875,-44.05144284148));
#4265 = CARTESIAN_POINT('',(62.25,-42.10288568297));
#4266 = CARTESIAN_POINT('',(62.25,-46.));
#4267 = ( GEOMETRIC_REPRESENTATION_CONTEXT(2) 
PARAMETRIC_REPRESENTATION_CONTEXT() REPRESENTATION_CONTEXT('2D SPACE',''
  ) );
#4268 = PCURVE('',#4269,#4274);
#4269 = CYLINDRICAL_SURFACE('',#4270,2.25);
#4270 = AXIS2_PLACEMENT_3D('',#4271,#4272,#4273);
#4271 = CARTESIAN_POINT('',(160.,-146.,-8.6));
#4272 = DIRECTION('',(-0.,-0.,-1.));
#4273 = DIRECTION('',(1.,0.,0.));
#4274 = DEFINITIONAL_REPRESENTATION('',(#4275),#4279);
#4275 = LINE('',#4276,#4277);
#4276 = CARTESIAN_POINT('',(-6.28318530718,-1.));
#4277 = VECTOR('',#4278,1.);
#4278 = DIRECTION('',(1.,-0.));
#4279 = ( GEOMETRIC_REPRESENTATION_CONTEXT(2) 
PARAMETRIC_REPRESENTATION_CONTEXT() REPRESENTATION_CONTEXT('2D SPACE',''
  ) );
#4280 = FACE_BOUND('',#4281,.F.);
#4281 = EDGE_LOOP('',(#4282));
#4282 = ORIENTED_EDGE('',*,*,#4283,.T.);
#4283 = EDGE_CURVE('',#4284,#4284,#4286,.T.);
#4284 = VERTEX_POINT('',#4285);
#4285 = CARTESIAN_POINT('',(42.25,-54.,-7.6));
#4286 = SURFACE_CURVE('',#4287,(#4292,#4303),.PCURVE_S1.);
#4287 = CIRCLE('',#4288,2.25);
#4288 = AXIS2_PLACEMENT_3D('',#4289,#4290,#4291);
#4289 = CARTESIAN_POINT('',(40.,-54.,-7.6));
#4290 = DIRECTION('',(0.,0.,-1.));
#4291 = DIRECTION('',(1.,0.,0.));
#4292 = PCURVE('',#1049,#4293);
#4293 = DEFINITIONAL_REPRESENTATION('',(#4294),#4302);
#4294 = ( BOUNDED_CURVE() B_SPLINE_CURVE(2,(#4295,#4296,#4297,#4298,
#4299,#4300,#4301),.UNSPECIFIED.,.T.,.F.) B_SPLINE_CURVE_WITH_KNOTS((1,2
    ,2,2,2,1),(-2.094395102393,0.,2.094395102393,4.188790204786,
6.28318530718,8.377580409573),.UNSPECIFIED.) CURVE() 
GEOMETRIC_REPRESENTATION_ITEM() RATIONAL_B_SPLINE_CURVE((1.,0.5,1.,0.5,
1.,0.5,1.)) REPRESENTATION_ITEM('') );
#4295 = CARTESIAN_POINT('',(-57.75,46.));
#4296 = CARTESIAN_POINT('',(-57.75,42.10288568297));
#4297 = CARTESIAN_POINT('',(-61.125,44.051442841485));
#4298 = CARTESIAN_POINT('',(-64.5,46.));
#4299 = CARTESIAN_POINT('',(-61.125,47.948557158515));
#4300 = CARTESIAN_POINT('',(-57.75,49.89711431703));
#4301 = CARTESIAN_POINT('',(-57.75,46.));
#4302 = ( GEOMETRIC_REPRESENTATION_CONTEXT(2) 
PARAMETRIC_REPRESENTATION_CONTEXT() REPRESENTATION_CONTEXT('2D SPACE',''
  ) );
#4303 = PCURVE('',#4304,#4309);
#4304 = CYLINDRICAL_SURFACE('',#4305,2.25);
#4305 = AXIS2_PLACEMENT_3D('',#4306,#4307,#4308);
#4306 = CARTESIAN_POINT('',(40.,-54.,-8.6));
#4307 = DIRECTION('',(-0.,-0.,-1.));
#4308 = DIRECTION('',(1.,0.,0.));
#4309 = DEFINITIONAL_REPRESENTATION('',(#4310),#4314);
#4310 = LINE('',#4311,#4312);
#4311 = CARTESIAN_POINT('',(-6.28318530718,-1.));
#4312 = VECTOR('',#4313,1.);
#4313 = DIRECTION('',(1.,-0.));
#4314 = ( GEOMETRIC_REPRESENTATION_CONTEXT(2) 
PARAMETRIC_REPRESENTATION_CONTEXT() REPRESENTATION_CONTEXT('2D SPACE',''
  ) );
#4315 = FACE_BOUND('',#4316,.F.);
#4316 = EDGE_LOOP('',(#4317));
#4317 = ORIENTED_EDGE('',*,*,#4318,.T.);
#4318 = EDGE_CURVE('',#4319,#4319,#4321,.T.);
#4319 = VERTEX_POINT('',#4320);
#4320 = CARTESIAN_POINT('',(162.25,-54.,-7.6));
#4321 = SURFACE_CURVE('',#4322,(#4327,#4338),.PCURVE_S1.);
#4322 = CIRCLE('',#4323,2.25);
#4323 = AXIS2_PLACEMENT_3D('',#4324,#4325,#4326);
#4324 = CARTESIAN_POINT('',(160.,-54.,-7.6));
#4325 = DIRECTION('',(0.,0.,-1.));
#4326 = DIRECTION('',(1.,0.,0.));
#4327 = PCURVE('',#1049,#4328);
#4328 = DEFINITIONAL_REPRESENTATION('',(#4329),#4337);
#4329 = ( BOUNDED_CURVE() B_SPLINE_CURVE(2,(#4330,#4331,#4332,#4333,
#4334,#4335,#4336),.UNSPECIFIED.,.T.,.F.) B_SPLINE_CURVE_WITH_KNOTS((1,2
    ,2,2,2,1),(-2.094395102393,0.,2.094395102393,4.188790204786,
6.28318530718,8.377580409573),.UNSPECIFIED.) CURVE() 
GEOMETRIC_REPRESENTATION_ITEM() RATIONAL_B_SPLINE_CURVE((1.,0.5,1.,0.5,
1.,0.5,1.)) REPRESENTATION_ITEM('') );
#4330 = CARTESIAN_POINT('',(62.25,46.));
#4331 = CARTESIAN_POINT('',(62.25,42.10288568297));
#4332 = CARTESIAN_POINT('',(58.875,44.051442841485));
#4333 = CARTESIAN_POINT('',(55.5,46.));
#4334 = CARTESIAN_POINT('',(58.875,47.948557158515));
#4335 = CARTESIAN_POINT('',(62.25,49.89711431703));
#4336 = CARTESIAN_POINT('',(62.25,46.));
#4337 = ( GEOMETRIC_REPRESENTATION_CONTEXT(2) 
PARAMETRIC_REPRESENTATION_CONTEXT() REPRESENTATION_CONTEXT('2D SPACE',''
  ) );
#4338 = PCURVE('',#4339,#4344);
#4339 = CYLINDRICAL_SURFACE('',#4340,2.25);
#4340 = AXIS2_PLACEMENT_3D('',#4341,#4342,#4343);
#4341 = CARTESIAN_POINT('',(160.,-54.,-8.6));
#4342 = DIRECTION('',(-0.,-0.,-1.));
#4343 = DIRECTION('',(1.,0.,0.));
#4344 = DEFINITIONAL_REPRESENTATION('',(#4345),#4349);
#4345 = LINE('',#4346,#4347);
#4346 = CARTESIAN_POINT('',(-6.28318530718,-1.));
#4347 = VECTOR('',#4348,1.);
#4348 = DIRECTION('',(1.,-0.));
#4349 = ( GEOMETRIC_REPRESENTATION_CONTEXT(2) 
PARAMETRIC_REPRESENTATION_CONTEXT() REPRESENTATION_CONTEXT('2D SPACE',''
  ) );
#4350 = ADVANCED_FACE('',(#4351),#1024,.T.);
#4351 = FACE_BOUND('',#4352,.F.);
#4352 = EDGE_LOOP('',(#4353,#4354,#4355,#4382,#4408));
#4353 = ORIENTED_EDGE('',*,*,#1009,.F.);
#4354 = ORIENTED_EDGE('',*,*,#1231,.T.);
#4355 = ORIENTED_EDGE('',*,*,#4356,.F.);
#4356 = EDGE_CURVE('',#4357,#1232,#4359,.T.);
#4357 = VERTEX_POINT('',#4358);
#4358 = CARTESIAN_POINT('',(152.,-152.,-6.930151519016));
#4359 = SURFACE_CURVE('',#4360,(#4365,#4375),.PCURVE_S1.);
#4360 = HYPERBOLA('',#4361,2.1,2.1);
#4361 = AXIS2_PLACEMENT_3D('',#4362,#4363,#4364);
#4362 = CARTESIAN_POINT('',(149.9,-152.,-9.9));
#4363 = DIRECTION('',(0.,1.,0.));
#4364 = DIRECTION('',(0.,-0.,1.));
#4365 = PCURVE('',#1024,#4366);
#4366 = DEFINITIONAL_REPRESENTATION('',(#4367),#4374);
#4367 = B_SPLINE_CURVE_WITH_KNOTS('',5,(#4368,#4369,#4370,#4371,#4372,
    #4373),.UNSPECIFIED.,.F.,.F.,(6,6),(0.585089328519,0.940816241109),
  .PIECEWISE_BEZIER_KNOTS.);
#4368 = CARTESIAN_POINT('',(0.554307496202,-0.630182192954));
#4369 = CARTESIAN_POINT('',(0.614799935304,-0.537693195681));
#4370 = CARTESIAN_POINT('',(0.672461002533,-0.429577626084));
#4371 = CARTESIAN_POINT('',(0.727004451319,-0.304859084755));
#4372 = CARTESIAN_POINT('',(0.778352357864,-0.162236433513));
#4373 = CARTESIAN_POINT('',(0.826547616989,5.551115123126E-15));
#4374 = ( GEOMETRIC_REPRESENTATION_CONTEXT(2) 
PARAMETRIC_REPRESENTATION_CONTEXT() REPRESENTATION_CONTEXT('2D SPACE',''
  ) );
#4375 = PCURVE('',#1270,#4376);
#4376 = DEFINITIONAL_REPRESENTATION('',(#4377),#4381);
#4377 = ( BOUNDED_CURVE() B_SPLINE_CURVE(2,(#4378,#4379,#4380),
.UNSPECIFIED.,.F.,.F.) B_SPLINE_CURVE_WITH_KNOTS((3,3),(0.585089328519,
0.940816241109),.PIECEWISE_BEZIER_KNOTS.) CURVE() 
GEOMETRIC_REPRESENTATION_ITEM() RATIONAL_B_SPLINE_CURVE((1.,
1.015859448503,1.)) REPRESENTATION_ITEM('') );
#4378 = CARTESIAN_POINT('',(0.169817807046,-0.8));
#4379 = CARTESIAN_POINT('',(0.398632491728,-0.365284167121));
#4380 = CARTESIAN_POINT('',(0.8,0.180350850198));
#4381 = ( GEOMETRIC_REPRESENTATION_CONTEXT(2) 
PARAMETRIC_REPRESENTATION_CONTEXT() REPRESENTATION_CONTEXT('2D SPACE',''
  ) );
#4382 = ORIENTED_EDGE('',*,*,#4383,.F.);
#4383 = EDGE_CURVE('',#3655,#4357,#4384,.T.);
#4384 = SURFACE_CURVE('',#4385,(#4390,#4401),.PCURVE_S1.);
#4385 = HYPERBOLA('',#4386,2.1,2.1);
#4386 = AXIS2_PLACEMENT_3D('',#4387,#4388,#4389);
#4387 = CARTESIAN_POINT('',(152.,-149.9,-9.9));
#4388 = DIRECTION('',(1.,0.,0.));
#4389 = DIRECTION('',(0.,-0.,1.));
#4390 = PCURVE('',#1024,#4391);
#4391 = DEFINITIONAL_REPRESENTATION('',(#4392),#4400);
#4392 = B_SPLINE_CURVE_WITH_KNOTS('',6,(#4393,#4394,#4395,#4396,#4397,
    #4398,#4399),.UNSPECIFIED.,.F.,.F.,(7,7),(0.433044190235,
    0.940816241109),.PIECEWISE_BEZIER_KNOTS.);
#4393 = CARTESIAN_POINT('',(1.150684848652,-0.8));
#4394 = CARTESIAN_POINT('',(1.073415188737,-0.720611265673));
#4395 = CARTESIAN_POINT('',(0.999345745848,-0.621455361372));
#4396 = CARTESIAN_POINT('',(0.929143484503,-0.501508945731));
#4397 = CARTESIAN_POINT('',(0.863189879621,-0.359323471808));
#4398 = CARTESIAN_POINT('',(0.801577812324,-0.19298307132));
#4399 = CARTESIAN_POINT('',(0.744248709806,5.551115123126E-15));
#4400 = ( GEOMETRIC_REPRESENTATION_CONTEXT(2) 
PARAMETRIC_REPRESENTATION_CONTEXT() REPRESENTATION_CONTEXT('2D SPACE',''
  ) );
#4401 = PCURVE('',#3694,#4402);
#4402 = DEFINITIONAL_REPRESENTATION('',(#4403),#4407);
#4403 = ( BOUNDED_CURVE() B_SPLINE_CURVE(2,(#4404,#4405,#4406),
.UNSPECIFIED.,.F.,.F.) B_SPLINE_CURVE_WITH_KNOTS((3,3),(0.433044190235,
0.940816241109),.PIECEWISE_BEZIER_KNOTS.) CURVE() 
GEOMETRIC_REPRESENTATION_ITEM() RATIONAL_B_SPLINE_CURVE((1.,
1.032402548033,1.)) REPRESENTATION_ITEM('') );
#4404 = CARTESIAN_POINT('',(-3.10862446895E-15,-1.161916848035));
#4405 = CARTESIAN_POINT('',(0.23317753947,-0.590210235825));
#4406 = CARTESIAN_POINT('',(0.8,0.180350850198));
#4407 = ( GEOMETRIC_REPRESENTATION_CONTEXT(2) 
PARAMETRIC_REPRESENTATION_CONTEXT() REPRESENTATION_CONTEXT('2D SPACE',''
  ) );
#4408 = ORIENTED_EDGE('',*,*,#3654,.F.);
#4409 = ADVANCED_FACE('',(#4410),#1194,.T.);
#4410 = FACE_BOUND('',#4411,.T.);
#4411 = EDGE_LOOP('',(#4412,#4413,#4414,#4442));
#4412 = ORIENTED_EDGE('',*,*,#2942,.T.);
#4413 = ORIENTED_EDGE('',*,*,#1178,.T.);
#4414 = ORIENTED_EDGE('',*,*,#4415,.F.);
#4415 = EDGE_CURVE('',#4416,#1151,#4418,.T.);
#4416 = VERTEX_POINT('',#4417);
#4417 = CARTESIAN_POINT('',(48.4,-89.3,1.6));
#4418 = SURFACE_CURVE('',#4419,(#4423,#4430),.PCURVE_S1.);
#4419 = LINE('',#4420,#4421);
#4420 = CARTESIAN_POINT('',(48.4,-48.4,1.6));
#4421 = VECTOR('',#4422,1.);
#4422 = DIRECTION('',(0.,-1.,0.));
#4423 = PCURVE('',#1194,#4424);
#4424 = DEFINITIONAL_REPRESENTATION('',(#4425),#4429);
#4425 = LINE('',#4426,#4427);
#4426 = CARTESIAN_POINT('',(-51.6,51.6));
#4427 = VECTOR('',#4428,1.);
#4428 = DIRECTION('',(0.,-1.));
#4429 = ( GEOMETRIC_REPRESENTATION_CONTEXT(2) 
PARAMETRIC_REPRESENTATION_CONTEXT() REPRESENTATION_CONTEXT('2D SPACE',''
  ) );
#4430 = PCURVE('',#4431,#4436);
#4431 = PLANE('',#4432);
#4432 = AXIS2_PLACEMENT_3D('',#4433,#4434,#4435);
#4433 = CARTESIAN_POINT('',(46.,-97.8,1.6));
#4434 = DIRECTION('',(0.,0.,1.));
#4435 = DIRECTION('',(1.,0.,0.));
#4436 = DEFINITIONAL_REPRESENTATION('',(#4437),#4441);
#4437 = LINE('',#4438,#4439);
#4438 = CARTESIAN_POINT('',(2.4,49.4));
#4439 = VECTOR('',#4440,1.);
#4440 = DIRECTION('',(0.,-1.));
#4441 = ( GEOMETRIC_REPRESENTATION_CONTEXT(2) 
PARAMETRIC_REPRESENTATION_CONTEXT() REPRESENTATION_CONTEXT('2D SPACE',''
  ) );
#4442 = ORIENTED_EDGE('',*,*,#4443,.F.);
#4443 = EDGE_CURVE('',#2915,#4416,#4444,.T.);
#4444 = SURFACE_CURVE('',#4445,(#4449,#4456),.PCURVE_S1.);
#4445 = LINE('',#4446,#4447);
#4446 = CARTESIAN_POINT('',(46.,-89.3,1.6));
#4447 = VECTOR('',#4448,1.);
#4448 = DIRECTION('',(1.,0.,0.));
#4449 = PCURVE('',#1194,#4450);
#4450 = DEFINITIONAL_REPRESENTATION('',(#4451),#4455);
#4451 = LINE('',#4452,#4453);
#4452 = CARTESIAN_POINT('',(-54.,10.7));
#4453 = VECTOR('',#4454,1.);
#4454 = DIRECTION('',(1.,0.));
#4455 = ( GEOMETRIC_REPRESENTATION_CONTEXT(2) 
PARAMETRIC_REPRESENTATION_CONTEXT() REPRESENTATION_CONTEXT('2D SPACE',''
  ) );
#4456 = PCURVE('',#2930,#4457);
#4457 = DEFINITIONAL_REPRESENTATION('',(#4458),#4462);
#4458 = LINE('',#4459,#4460);
#4459 = CARTESIAN_POINT('',(-54.,10.7));
#4460 = VECTOR('',#4461,1.);
#4461 = DIRECTION('',(1.,0.));
#4462 = ( GEOMETRIC_REPRESENTATION_CONTEXT(2) 
PARAMETRIC_REPRESENTATION_CONTEXT() REPRESENTATION_CONTEXT('2D SPACE',''
  ) );
#4463 = ADVANCED_FACE('',(#4464,#4542,#4652),#1166,.F.);
#4464 = FACE_BOUND('',#4465,.F.);
#4465 = EDGE_LOOP('',(#4466,#4467,#4493,#4521));
#4466 = ORIENTED_EDGE('',*,*,#1150,.F.);
#4467 = ORIENTED_EDGE('',*,*,#4468,.T.);
#4468 = EDGE_CURVE('',#1151,#4469,#4471,.T.);
#4469 = VERTEX_POINT('',#4470);
#4470 = CARTESIAN_POINT('',(48.4,-97.8,10.6));
#4471 = SURFACE_CURVE('',#4472,(#4476,#4482),.PCURVE_S1.);
#4472 = LINE('',#4473,#4474);
#4473 = CARTESIAN_POINT('',(48.4,-97.8,1.6));
#4474 = VECTOR('',#4475,1.);
#4475 = DIRECTION('',(0.,-0.,1.));
#4476 = PCURVE('',#1166,#4477);
#4477 = DEFINITIONAL_REPRESENTATION('',(#4478),#4481);
#4478 = B_SPLINE_CURVE_WITH_KNOTS('',1,(#4479,#4480),.UNSPECIFIED.,.F.,
  .F.,(2,2),(0.,9.),.PIECEWISE_BEZIER_KNOTS.);
#4479 = CARTESIAN_POINT('',(49.4,0.));
#4480 = CARTESIAN_POINT('',(49.4,-9.));
#4481 = ( GEOMETRIC_REPRESENTATION_CONTEXT(2) 
PARAMETRIC_REPRESENTATION_CONTEXT() REPRESENTATION_CONTEXT('2D SPACE',''
  ) );
#4482 = PCURVE('',#4483,#4488);
#4483 = PLANE('',#4484);
#4484 = AXIS2_PLACEMENT_3D('',#4485,#4486,#4487);
#4485 = CARTESIAN_POINT('',(46.,-97.8,1.6));
#4486 = DIRECTION('',(0.,1.,0.));
#4487 = DIRECTION('',(0.,0.,1.));
#4488 = DEFINITIONAL_REPRESENTATION('',(#4489),#4492);
#4489 = B_SPLINE_CURVE_WITH_KNOTS('',1,(#4490,#4491),.UNSPECIFIED.,.F.,
  .F.,(2,2),(0.,9.),.PIECEWISE_BEZIER_KNOTS.);
#4490 = CARTESIAN_POINT('',(0.,2.4));
#4491 = CARTESIAN_POINT('',(9.,2.4));
#4492 = ( GEOMETRIC_REPRESENTATION_CONTEXT(2) 
PARAMETRIC_REPRESENTATION_CONTEXT() REPRESENTATION_CONTEXT('2D SPACE',''
  ) );
#4493 = ORIENTED_EDGE('',*,*,#4494,.T.);
#4494 = EDGE_CURVE('',#4469,#4495,#4497,.T.);
#4495 = VERTEX_POINT('',#4496);
#4496 = CARTESIAN_POINT('',(48.4,-149.9,10.6));
#4497 = SURFACE_CURVE('',#4498,(#4502,#4509),.PCURVE_S1.);
#4498 = LINE('',#4499,#4500);
#4499 = CARTESIAN_POINT('',(48.4,-48.4,10.6));
#4500 = VECTOR('',#4501,1.);
#4501 = DIRECTION('',(0.,-1.,0.));
#4502 = PCURVE('',#1166,#4503);
#4503 = DEFINITIONAL_REPRESENTATION('',(#4504),#4508);
#4504 = LINE('',#4505,#4506);
#4505 = CARTESIAN_POINT('',(0.,-9.));
#4506 = VECTOR('',#4507,1.);
#4507 = DIRECTION('',(1.,0.));
#4508 = ( GEOMETRIC_REPRESENTATION_CONTEXT(2) 
PARAMETRIC_REPRESENTATION_CONTEXT() REPRESENTATION_CONTEXT('2D SPACE',''
  ) );
#4509 = PCURVE('',#4510,#4515);
#4510 = PLANE('',#4511);
#4511 = AXIS2_PLACEMENT_3D('',#4512,#4513,#4514);
#4512 = CARTESIAN_POINT('',(100.,-100.,10.6));
#4513 = DIRECTION('',(0.,0.,1.));
#4514 = DIRECTION('',(1.,0.,-0.));
#4515 = DEFINITIONAL_REPRESENTATION('',(#4516),#4520);
#4516 = LINE('',#4517,#4518);
#4517 = CARTESIAN_POINT('',(-51.6,51.6));
#4518 = VECTOR('',#4519,1.);
#4519 = DIRECTION('',(0.,-1.));
#4520 = ( GEOMETRIC_REPRESENTATION_CONTEXT(2) 
PARAMETRIC_REPRESENTATION_CONTEXT() REPRESENTATION_CONTEXT('2D SPACE',''
  ) );
#4521 = ORIENTED_EDGE('',*,*,#4522,.F.);
#4522 = EDGE_CURVE('',#1118,#4495,#4523,.T.);
#4523 = SURFACE_CURVE('',#4524,(#4528,#4535),.PCURVE_S1.);
#4524 = LINE('',#4525,#4526);
#4525 = CARTESIAN_POINT('',(48.4,-149.9,1.6));
#4526 = VECTOR('',#4527,1.);
#4527 = DIRECTION('',(0.,0.,1.));
#4528 = PCURVE('',#1166,#4529);
#4529 = DEFINITIONAL_REPRESENTATION('',(#4530),#4534);
#4530 = LINE('',#4531,#4532);
#4531 = CARTESIAN_POINT('',(101.5,0.));
#4532 = VECTOR('',#4533,1.);
#4533 = DIRECTION('',(0.,-1.));
#4534 = ( GEOMETRIC_REPRESENTATION_CONTEXT(2) 
PARAMETRIC_REPRESENTATION_CONTEXT() REPRESENTATION_CONTEXT('2D SPACE',''
  ) );
#4535 = PCURVE('',#1138,#4536);
#4536 = DEFINITIONAL_REPRESENTATION('',(#4537),#4541);
#4537 = LINE('',#4538,#4539);
#4538 = CARTESIAN_POINT('',(-1.570796326795,0.));
#4539 = VECTOR('',#4540,1.);
#4540 = DIRECTION('',(-0.,1.));
#4541 = ( GEOMETRIC_REPRESENTATION_CONTEXT(2) 
PARAMETRIC_REPRESENTATION_CONTEXT() REPRESENTATION_CONTEXT('2D SPACE',''
  ) );
#4542 = FACE_BOUND('',#4543,.F.);
#4543 = EDGE_LOOP('',(#4544,#4572,#4600,#4626));
#4544 = ORIENTED_EDGE('',*,*,#4545,.F.);
#4545 = EDGE_CURVE('',#4546,#4548,#4550,.T.);
#4546 = VERTEX_POINT('',#4547);
#4547 = CARTESIAN_POINT('',(48.4,-103.3,5.133333333333));
#4548 = VERTEX_POINT('',#4549);
#4549 = CARTESIAN_POINT('',(48.4,-103.3,8.2));
#4550 = SURFACE_CURVE('',#4551,(#4555,#4561),.PCURVE_S1.);
#4551 = LINE('',#4552,#4553);
#4552 = CARTESIAN_POINT('',(48.4,-103.3,4.135508138897));
#4553 = VECTOR('',#4554,1.);
#4554 = DIRECTION('',(0.,0.,1.));
#4555 = PCURVE('',#1166,#4556);
#4556 = DEFINITIONAL_REPRESENTATION('',(#4557),#4560);
#4557 = B_SPLINE_CURVE_WITH_KNOTS('',1,(#4558,#4559),.UNSPECIFIED.,.F.,
  .F.,(2,2),(0.997825194436,4.064491861103),.PIECEWISE_BEZIER_KNOTS.);
#4558 = CARTESIAN_POINT('',(54.9,-3.533333333333));
#4559 = CARTESIAN_POINT('',(54.9,-6.6));
#4560 = ( GEOMETRIC_REPRESENTATION_CONTEXT(2) 
PARAMETRIC_REPRESENTATION_CONTEXT() REPRESENTATION_CONTEXT('2D SPACE',''
  ) );
#4561 = PCURVE('',#4562,#4567);
#4562 = PLANE('',#4563);
#4563 = AXIS2_PLACEMENT_3D('',#4564,#4565,#4566);
#4564 = CARTESIAN_POINT('',(48.328494250773,-103.3,6.671016277795));
#4565 = DIRECTION('',(2.22044604925E-16,1.,-0.));
#4566 = DIRECTION('',(0.,-0.,-1.));
#4567 = DEFINITIONAL_REPRESENTATION('',(#4568),#4571);
#4568 = B_SPLINE_CURVE_WITH_KNOTS('',1,(#4569,#4570),.UNSPECIFIED.,.F.,
  .F.,(2,2),(0.997825194436,4.064491861103),.PIECEWISE_BEZIER_KNOTS.);
#4569 = CARTESIAN_POINT('',(1.537682944461,-7.150574922721E-02));
#4570 = CARTESIAN_POINT('',(-1.528983722205,-7.150574922721E-02));
#4571 = ( GEOMETRIC_REPRESENTATION_CONTEXT(2) 
PARAMETRIC_REPRESENTATION_CONTEXT() REPRESENTATION_CONTEXT('2D SPACE',''
  ) );
#4572 = ORIENTED_EDGE('',*,*,#4573,.T.);
#4573 = EDGE_CURVE('',#4546,#4574,#4576,.T.);
#4574 = VERTEX_POINT('',#4575);
#4575 = CARTESIAN_POINT('',(48.4,-108.7,5.133333333333));
#4576 = SURFACE_CURVE('',#4577,(#4581,#4588),.PCURVE_S1.);
#4577 = LINE('',#4578,#4579);
#4578 = CARTESIAN_POINT('',(48.4,-103.3,5.133333333333));
#4579 = VECTOR('',#4580,1.);
#4580 = DIRECTION('',(-2.22044604925E-16,-1.,0.));
#4581 = PCURVE('',#1166,#4582);
#4582 = DEFINITIONAL_REPRESENTATION('',(#4583),#4587);
#4583 = LINE('',#4584,#4585);
#4584 = CARTESIAN_POINT('',(54.9,-3.533333333333));
#4585 = VECTOR('',#4586,1.);
#4586 = DIRECTION('',(1.,0.));
#4587 = ( GEOMETRIC_REPRESENTATION_CONTEXT(2) 
PARAMETRIC_REPRESENTATION_CONTEXT() REPRESENTATION_CONTEXT('2D SPACE',''
  ) );
#4588 = PCURVE('',#4589,#4594);
#4589 = PLANE('',#4590);
#4590 = AXIS2_PLACEMENT_3D('',#4591,#4592,#4593);
#4591 = CARTESIAN_POINT('',(48.4,-103.3,5.133333333333));
#4592 = DIRECTION('',(-0.919145030018,2.040911950592E-16,-0.393919298579
    ));
#4593 = DIRECTION('',(-0.393919298579,8.746765502536E-17,0.919145030018)
  );
#4594 = DEFINITIONAL_REPRESENTATION('',(#4595),#4599);
#4595 = LINE('',#4596,#4597);
#4596 = CARTESIAN_POINT('',(0.,0.));
#4597 = VECTOR('',#4598,1.);
#4598 = DIRECTION('',(0.,-1.));
#4599 = ( GEOMETRIC_REPRESENTATION_CONTEXT(2) 
PARAMETRIC_REPRESENTATION_CONTEXT() REPRESENTATION_CONTEXT('2D SPACE',''
  ) );
#4600 = ORIENTED_EDGE('',*,*,#4601,.T.);
#4601 = EDGE_CURVE('',#4574,#4602,#4604,.T.);
#4602 = VERTEX_POINT('',#4603);
#4603 = CARTESIAN_POINT('',(48.4,-108.7,8.2));
#4604 = SURFACE_CURVE('',#4605,(#4609,#4615),.PCURVE_S1.);
#4605 = LINE('',#4606,#4607);
#4606 = CARTESIAN_POINT('',(48.4,-108.7,4.135508138897));
#4607 = VECTOR('',#4608,1.);
#4608 = DIRECTION('',(0.,0.,1.));
#4609 = PCURVE('',#1166,#4610);
#4610 = DEFINITIONAL_REPRESENTATION('',(#4611),#4614);
#4611 = B_SPLINE_CURVE_WITH_KNOTS('',1,(#4612,#4613),.UNSPECIFIED.,.F.,
  .F.,(2,2),(0.997825194436,4.064491861103),.PIECEWISE_BEZIER_KNOTS.);
#4612 = CARTESIAN_POINT('',(60.3,-3.533333333333));
#4613 = CARTESIAN_POINT('',(60.3,-6.6));
#4614 = ( GEOMETRIC_REPRESENTATION_CONTEXT(2) 
PARAMETRIC_REPRESENTATION_CONTEXT() REPRESENTATION_CONTEXT('2D SPACE',''
  ) );
#4615 = PCURVE('',#4616,#4621);
#4616 = PLANE('',#4617);
#4617 = AXIS2_PLACEMENT_3D('',#4618,#4619,#4620);
#4618 = CARTESIAN_POINT('',(48.328494250773,-108.7,6.671016277795));
#4619 = DIRECTION('',(2.22044604925E-16,1.,-0.));
#4620 = DIRECTION('',(0.,-0.,-1.));
#4621 = DEFINITIONAL_REPRESENTATION('',(#4622),#4625);
#4622 = B_SPLINE_CURVE_WITH_KNOTS('',1,(#4623,#4624),.UNSPECIFIED.,.F.,
  .F.,(2,2),(0.997825194436,4.064491861103),.PIECEWISE_BEZIER_KNOTS.);
#4623 = CARTESIAN_POINT('',(1.537682944461,-7.150574922721E-02));
#4624 = CARTESIAN_POINT('',(-1.528983722205,-7.150574922721E-02));
#4625 = ( GEOMETRIC_REPRESENTATION_CONTEXT(2) 
PARAMETRIC_REPRESENTATION_CONTEXT() REPRESENTATION_CONTEXT('2D SPACE',''
  ) );
#4626 = ORIENTED_EDGE('',*,*,#4627,.F.);
#4627 = EDGE_CURVE('',#4548,#4602,#4628,.T.);
#4628 = SURFACE_CURVE('',#4629,(#4633,#4640),.PCURVE_S1.);
#4629 = LINE('',#4630,#4631);
#4630 = CARTESIAN_POINT('',(48.4,-103.3,8.2));
#4631 = VECTOR('',#4632,1.);
#4632 = DIRECTION('',(-2.22044604925E-16,-1.,0.));
#4633 = PCURVE('',#1166,#4634);
#4634 = DEFINITIONAL_REPRESENTATION('',(#4635),#4639);
#4635 = LINE('',#4636,#4637);
#4636 = CARTESIAN_POINT('',(54.9,-6.6));
#4637 = VECTOR('',#4638,1.);
#4638 = DIRECTION('',(1.,0.));
#4639 = ( GEOMETRIC_REPRESENTATION_CONTEXT(2) 
PARAMETRIC_REPRESENTATION_CONTEXT() REPRESENTATION_CONTEXT('2D SPACE',''
  ) );
#4640 = PCURVE('',#4641,#4646);
#4641 = PLANE('',#4642);
#4642 = AXIS2_PLACEMENT_3D('',#4643,#4644,#4645);
#4643 = CARTESIAN_POINT('',(47.8,-103.3,7.));
#4644 = DIRECTION('',(-0.894427191,1.986027322598E-16,0.4472135955));
#4645 = DIRECTION('',(0.4472135955,-9.930136612989E-17,0.894427191));
#4646 = DEFINITIONAL_REPRESENTATION('',(#4647),#4651);
#4647 = LINE('',#4648,#4649);
#4648 = CARTESIAN_POINT('',(1.3416407865,1.33226762955E-16));
#4649 = VECTOR('',#4650,1.);
#4650 = DIRECTION('',(0.,-1.));
#4651 = ( GEOMETRIC_REPRESENTATION_CONTEXT(2) 
PARAMETRIC_REPRESENTATION_CONTEXT() REPRESENTATION_CONTEXT('2D SPACE',''
  ) );
#4652 = FACE_BOUND('',#4653,.F.);
#4653 = EDGE_LOOP('',(#4654,#4682,#4710,#4736));
#4654 = ORIENTED_EDGE('',*,*,#4655,.F.);
#4655 = EDGE_CURVE('',#4656,#4658,#4660,.T.);
#4656 = VERTEX_POINT('',#4657);
#4657 = CARTESIAN_POINT('',(48.4,-127.3,5.133333333333));
#4658 = VERTEX_POINT('',#4659);
#4659 = CARTESIAN_POINT('',(48.4,-127.3,8.2));
#4660 = SURFACE_CURVE('',#4661,(#4665,#4671),.PCURVE_S1.);
#4661 = LINE('',#4662,#4663);
#4662 = CARTESIAN_POINT('',(48.4,-127.3,4.135508138897));
#4663 = VECTOR('',#4664,1.);
#4664 = DIRECTION('',(0.,0.,1.));
#4665 = PCURVE('',#1166,#4666);
#4666 = DEFINITIONAL_REPRESENTATION('',(#4667),#4670);
#4667 = B_SPLINE_CURVE_WITH_KNOTS('',1,(#4668,#4669),.UNSPECIFIED.,.F.,
  .F.,(2,2),(0.997825194436,4.064491861103),.PIECEWISE_BEZIER_KNOTS.);
#4668 = CARTESIAN_POINT('',(78.9,-3.533333333333));
#4669 = CARTESIAN_POINT('',(78.9,-6.6));
#4670 = ( GEOMETRIC_REPRESENTATION_CONTEXT(2) 
PARAMETRIC_REPRESENTATION_CONTEXT() REPRESENTATION_CONTEXT('2D SPACE',''
  ) );
#4671 = PCURVE('',#4672,#4677);
#4672 = PLANE('',#4673);
#4673 = AXIS2_PLACEMENT_3D('',#4674,#4675,#4676);
#4674 = CARTESIAN_POINT('',(48.328494250773,-127.3,6.671016277795));
#4675 = DIRECTION('',(2.22044604925E-16,1.,-0.));
#4676 = DIRECTION('',(0.,-0.,-1.));
#4677 = DEFINITIONAL_REPRESENTATION('',(#4678),#4681);
#4678 = B_SPLINE_CURVE_WITH_KNOTS('',1,(#4679,#4680),.UNSPECIFIED.,.F.,
  .F.,(2,2),(0.997825194436,4.064491861103),.PIECEWISE_BEZIER_KNOTS.);
#4679 = CARTESIAN_POINT('',(1.537682944461,-7.150574922721E-02));
#4680 = CARTESIAN_POINT('',(-1.528983722205,-7.150574922721E-02));
#4681 = ( GEOMETRIC_REPRESENTATION_CONTEXT(2) 
PARAMETRIC_REPRESENTATION_CONTEXT() REPRESENTATION_CONTEXT('2D SPACE',''
  ) );
#4682 = ORIENTED_EDGE('',*,*,#4683,.T.);
#4683 = EDGE_CURVE('',#4656,#4684,#4686,.T.);
#4684 = VERTEX_POINT('',#4685);
#4685 = CARTESIAN_POINT('',(48.4,-132.7,5.133333333333));
#4686 = SURFACE_CURVE('',#4687,(#4691,#4698),.PCURVE_S1.);
#4687 = LINE('',#4688,#4689);
#4688 = CARTESIAN_POINT('',(48.4,-127.3,5.133333333333));
#4689 = VECTOR('',#4690,1.);
#4690 = DIRECTION('',(-2.22044604925E-16,-1.,0.));
#4691 = PCURVE('',#1166,#4692);
#4692 = DEFINITIONAL_REPRESENTATION('',(#4693),#4697);
#4693 = LINE('',#4694,#4695);
#4694 = CARTESIAN_POINT('',(78.9,-3.533333333333));
#4695 = VECTOR('',#4696,1.);
#4696 = DIRECTION('',(1.,0.));
#4697 = ( GEOMETRIC_REPRESENTATION_CONTEXT(2) 
PARAMETRIC_REPRESENTATION_CONTEXT() REPRESENTATION_CONTEXT('2D SPACE',''
  ) );
#4698 = PCURVE('',#4699,#4704);
#4699 = PLANE('',#4700);
#4700 = AXIS2_PLACEMENT_3D('',#4701,#4702,#4703);
#4701 = CARTESIAN_POINT('',(48.4,-127.3,5.133333333333));
#4702 = DIRECTION('',(-0.919145030018,2.040911950592E-16,-0.393919298579
    ));
#4703 = DIRECTION('',(-0.393919298579,8.746765502536E-17,0.919145030018)
  );
#4704 = DEFINITIONAL_REPRESENTATION('',(#4705),#4709);
#4705 = LINE('',#4706,#4707);
#4706 = CARTESIAN_POINT('',(0.,0.));
#4707 = VECTOR('',#4708,1.);
#4708 = DIRECTION('',(0.,-1.));
#4709 = ( GEOMETRIC_REPRESENTATION_CONTEXT(2) 
PARAMETRIC_REPRESENTATION_CONTEXT() REPRESENTATION_CONTEXT('2D SPACE',''
  ) );
#4710 = ORIENTED_EDGE('',*,*,#4711,.T.);
#4711 = EDGE_CURVE('',#4684,#4712,#4714,.T.);
#4712 = VERTEX_POINT('',#4713);
#4713 = CARTESIAN_POINT('',(48.4,-132.7,8.2));
#4714 = SURFACE_CURVE('',#4715,(#4719,#4725),.PCURVE_S1.);
#4715 = LINE('',#4716,#4717);
#4716 = CARTESIAN_POINT('',(48.4,-132.7,4.135508138897));
#4717 = VECTOR('',#4718,1.);
#4718 = DIRECTION('',(0.,0.,1.));
#4719 = PCURVE('',#1166,#4720);
#4720 = DEFINITIONAL_REPRESENTATION('',(#4721),#4724);
#4721 = B_SPLINE_CURVE_WITH_KNOTS('',1,(#4722,#4723),.UNSPECIFIED.,.F.,
  .F.,(2,2),(0.997825194436,4.064491861103),.PIECEWISE_BEZIER_KNOTS.);
#4722 = CARTESIAN_POINT('',(84.3,-3.533333333333));
#4723 = CARTESIAN_POINT('',(84.3,-6.6));
#4724 = ( GEOMETRIC_REPRESENTATION_CONTEXT(2) 
PARAMETRIC_REPRESENTATION_CONTEXT() REPRESENTATION_CONTEXT('2D SPACE',''
  ) );
#4725 = PCURVE('',#4726,#4731);
#4726 = PLANE('',#4727);
#4727 = AXIS2_PLACEMENT_3D('',#4728,#4729,#4730);
#4728 = CARTESIAN_POINT('',(48.328494250773,-132.7,6.671016277795));
#4729 = DIRECTION('',(2.22044604925E-16,1.,-0.));
#4730 = DIRECTION('',(0.,-0.,-1.));
#4731 = DEFINITIONAL_REPRESENTATION('',(#4732),#4735);
#4732 = B_SPLINE_CURVE_WITH_KNOTS('',1,(#4733,#4734),.UNSPECIFIED.,.F.,
  .F.,(2,2),(0.997825194436,4.064491861103),.PIECEWISE_BEZIER_KNOTS.);
#4733 = CARTESIAN_POINT('',(1.537682944461,-7.150574922721E-02));
#4734 = CARTESIAN_POINT('',(-1.528983722205,-7.150574922721E-02));
#4735 = ( GEOMETRIC_REPRESENTATION_CONTEXT(2) 
PARAMETRIC_REPRESENTATION_CONTEXT() REPRESENTATION_CONTEXT('2D SPACE',''
  ) );
#4736 = ORIENTED_EDGE('',*,*,#4737,.F.);
#4737 = EDGE_CURVE('',#4658,#4712,#4738,.T.);
#4738 = SURFACE_CURVE('',#4739,(#4743,#4750),.PCURVE_S1.);
#4739 = LINE('',#4740,#4741);
#4740 = CARTESIAN_POINT('',(48.4,-127.3,8.2));
#4741 = VECTOR('',#4742,1.);
#4742 = DIRECTION('',(-2.22044604925E-16,-1.,0.));
#4743 = PCURVE('',#1166,#4744);
#4744 = DEFINITIONAL_REPRESENTATION('',(#4745),#4749);
#4745 = LINE('',#4746,#4747);
#4746 = CARTESIAN_POINT('',(78.9,-6.6));
#4747 = VECTOR('',#4748,1.);
#4748 = DIRECTION('',(1.,0.));
#4749 = ( GEOMETRIC_REPRESENTATION_CONTEXT(2) 
PARAMETRIC_REPRESENTATION_CONTEXT() REPRESENTATION_CONTEXT('2D SPACE',''
  ) );
#4750 = PCURVE('',#4751,#4756);
#4751 = PLANE('',#4752);
#4752 = AXIS2_PLACEMENT_3D('',#4753,#4754,#4755);
#4753 = CARTESIAN_POINT('',(47.8,-127.3,7.));
#4754 = DIRECTION('',(-0.894427191,1.986027322598E-16,0.4472135955));
#4755 = DIRECTION('',(0.4472135955,-9.930136612989E-17,0.894427191));
#4756 = DEFINITIONAL_REPRESENTATION('',(#4757),#4761);
#4757 = LINE('',#4758,#4759);
#4758 = CARTESIAN_POINT('',(1.3416407865,1.33226762955E-16));
#4759 = VECTOR('',#4760,1.);
#4760 = DIRECTION('',(0.,-1.));
#4761 = ( GEOMETRIC_REPRESENTATION_CONTEXT(2) 
PARAMETRIC_REPRESENTATION_CONTEXT() REPRESENTATION_CONTEXT('2D SPACE',''
  ) );
#4762 = ADVANCED_FACE('',(#4763),#1138,.T.);
#4763 = FACE_BOUND('',#4764,.F.);
#4764 = EDGE_LOOP('',(#4765,#4766,#4767,#4795));
#4765 = ORIENTED_EDGE('',*,*,#1117,.T.);
#4766 = ORIENTED_EDGE('',*,*,#4522,.T.);
#4767 = ORIENTED_EDGE('',*,*,#4768,.F.);
#4768 = EDGE_CURVE('',#4769,#4495,#4771,.T.);
#4769 = VERTEX_POINT('',#4770);
#4770 = CARTESIAN_POINT('',(50.1,-151.6,10.6));
#4771 = SURFACE_CURVE('',#4772,(#4777,#4784),.PCURVE_S1.);
#4772 = CIRCLE('',#4773,1.7);
#4773 = AXIS2_PLACEMENT_3D('',#4774,#4775,#4776);
#4774 = CARTESIAN_POINT('',(50.1,-149.9,10.6));
#4775 = DIRECTION('',(-0.,-0.,-1.));
#4776 = DIRECTION('',(0.,-1.,0.));
#4777 = PCURVE('',#1138,#4778);
#4778 = DEFINITIONAL_REPRESENTATION('',(#4779),#4783);
#4779 = LINE('',#4780,#4781);
#4780 = CARTESIAN_POINT('',(-0.,9.));
#4781 = VECTOR('',#4782,1.);
#4782 = DIRECTION('',(-1.,0.));
#4783 = ( GEOMETRIC_REPRESENTATION_CONTEXT(2) 
PARAMETRIC_REPRESENTATION_CONTEXT() REPRESENTATION_CONTEXT('2D SPACE',''
  ) );
#4784 = PCURVE('',#4510,#4785);
#4785 = DEFINITIONAL_REPRESENTATION('',(#4786),#4794);
#4786 = ( BOUNDED_CURVE() B_SPLINE_CURVE(2,(#4787,#4788,#4789,#4790,
#4791,#4792,#4793),.UNSPECIFIED.,.T.,.F.) B_SPLINE_CURVE_WITH_KNOTS((1,2
    ,2,2,2,1),(-2.094395102393,0.,2.094395102393,4.188790204786,
6.28318530718,8.377580409573),.UNSPECIFIED.) CURVE() 
GEOMETRIC_REPRESENTATION_ITEM() RATIONAL_B_SPLINE_CURVE((1.,0.5,1.,0.5,
1.,0.5,1.)) REPRESENTATION_ITEM('') );
#4787 = CARTESIAN_POINT('',(-49.9,-51.6));
#4788 = CARTESIAN_POINT('',(-52.84448637286,-51.6));
#4789 = CARTESIAN_POINT('',(-51.37224318643,-49.05));
#4790 = CARTESIAN_POINT('',(-49.9,-46.5));
#4791 = CARTESIAN_POINT('',(-48.42775681356,-49.05));
#4792 = CARTESIAN_POINT('',(-46.95551362713,-51.6));
#4793 = CARTESIAN_POINT('',(-49.9,-51.6));
#4794 = ( GEOMETRIC_REPRESENTATION_CONTEXT(2) 
PARAMETRIC_REPRESENTATION_CONTEXT() REPRESENTATION_CONTEXT('2D SPACE',''
  ) );
#4795 = ORIENTED_EDGE('',*,*,#4796,.F.);
#4796 = EDGE_CURVE('',#1090,#4769,#4797,.T.);
#4797 = SURFACE_CURVE('',#4798,(#4802,#4809),.PCURVE_S1.);
#4798 = LINE('',#4799,#4800);
#4799 = CARTESIAN_POINT('',(50.1,-151.6,1.6));
#4800 = VECTOR('',#4801,1.);
#4801 = DIRECTION('',(0.,0.,1.));
#4802 = PCURVE('',#1138,#4803);
#4803 = DEFINITIONAL_REPRESENTATION('',(#4804),#4808);
#4804 = LINE('',#4805,#4806);
#4805 = CARTESIAN_POINT('',(-0.,0.));
#4806 = VECTOR('',#4807,1.);
#4807 = DIRECTION('',(-0.,1.));
#4808 = ( GEOMETRIC_REPRESENTATION_CONTEXT(2) 
PARAMETRIC_REPRESENTATION_CONTEXT() REPRESENTATION_CONTEXT('2D SPACE',''
  ) );
#4809 = PCURVE('',#1105,#4810);
#4810 = DEFINITIONAL_REPRESENTATION('',(#4811),#4815);
#4811 = LINE('',#4812,#4813);
#4812 = CARTESIAN_POINT('',(1.7,0.));
#4813 = VECTOR('',#4814,1.);
#4814 = DIRECTION('',(0.,-1.));
#4815 = ( GEOMETRIC_REPRESENTATION_CONTEXT(2) 
PARAMETRIC_REPRESENTATION_CONTEXT() REPRESENTATION_CONTEXT('2D SPACE',''
  ) );
#4816 = ADVANCED_FACE('',(#4817),#1105,.F.);
#4817 = FACE_BOUND('',#4818,.F.);
#4818 = EDGE_LOOP('',(#4819,#4820,#4821,#4844));
#4819 = ORIENTED_EDGE('',*,*,#1089,.F.);
#4820 = ORIENTED_EDGE('',*,*,#4796,.T.);
#4821 = ORIENTED_EDGE('',*,*,#4822,.T.);
#4822 = EDGE_CURVE('',#4769,#4823,#4825,.T.);
#4823 = VERTEX_POINT('',#4824);
#4824 = CARTESIAN_POINT('',(57.,-151.6,10.6));
#4825 = SURFACE_CURVE('',#4826,(#4830,#4837),.PCURVE_S1.);
#4826 = LINE('',#4827,#4828);
#4827 = CARTESIAN_POINT('',(48.4,-151.6,10.6));
#4828 = VECTOR('',#4829,1.);
#4829 = DIRECTION('',(1.,0.,0.));
#4830 = PCURVE('',#1105,#4831);
#4831 = DEFINITIONAL_REPRESENTATION('',(#4832),#4836);
#4832 = LINE('',#4833,#4834);
#4833 = CARTESIAN_POINT('',(0.,-9.));
#4834 = VECTOR('',#4835,1.);
#4835 = DIRECTION('',(1.,0.));
#4836 = ( GEOMETRIC_REPRESENTATION_CONTEXT(2) 
PARAMETRIC_REPRESENTATION_CONTEXT() REPRESENTATION_CONTEXT('2D SPACE',''
  ) );
#4837 = PCURVE('',#4510,#4838);
#4838 = DEFINITIONAL_REPRESENTATION('',(#4839),#4843);
#4839 = LINE('',#4840,#4841);
#4840 = CARTESIAN_POINT('',(-51.6,-51.6));
#4841 = VECTOR('',#4842,1.);
#4842 = DIRECTION('',(1.,0.));
#4843 = ( GEOMETRIC_REPRESENTATION_CONTEXT(2) 
PARAMETRIC_REPRESENTATION_CONTEXT() REPRESENTATION_CONTEXT('2D SPACE',''
  ) );
#4844 = ORIENTED_EDGE('',*,*,#4845,.T.);
#4845 = EDGE_CURVE('',#4823,#1067,#4846,.T.);
#4846 = SURFACE_CURVE('',#4847,(#4851,#4857),.PCURVE_S1.);
#4847 = LINE('',#4848,#4849);
#4848 = CARTESIAN_POINT('',(57.,-151.6,1.6));
#4849 = VECTOR('',#4850,1.);
#4850 = DIRECTION('',(0.,0.,-1.));
#4851 = PCURVE('',#1105,#4852);
#4852 = DEFINITIONAL_REPRESENTATION('',(#4853),#4856);
#4853 = B_SPLINE_CURVE_WITH_KNOTS('',1,(#4854,#4855),.UNSPECIFIED.,.F.,
  .F.,(2,2),(-9.,0.),.PIECEWISE_BEZIER_KNOTS.);
#4854 = CARTESIAN_POINT('',(8.6,-9.));
#4855 = CARTESIAN_POINT('',(8.6,0.));
#4856 = ( GEOMETRIC_REPRESENTATION_CONTEXT(2) 
PARAMETRIC_REPRESENTATION_CONTEXT() REPRESENTATION_CONTEXT('2D SPACE',''
  ) );
#4857 = PCURVE('',#4858,#4863);
#4858 = PLANE('',#4859);
#4859 = AXIS2_PLACEMENT_3D('',#4860,#4861,#4862);
#4860 = CARTESIAN_POINT('',(57.,-154.,1.6));
#4861 = DIRECTION('',(1.,0.,0.));
#4862 = DIRECTION('',(0.,0.,1.));
#4863 = DEFINITIONAL_REPRESENTATION('',(#4864),#4867);
#4864 = B_SPLINE_CURVE_WITH_KNOTS('',1,(#4865,#4866),.UNSPECIFIED.,.F.,
  .F.,(2,2),(-9.,0.),.PIECEWISE_BEZIER_KNOTS.);
#4865 = CARTESIAN_POINT('',(9.,-2.4));
#4866 = CARTESIAN_POINT('',(0.,-2.4));
#4867 = ( GEOMETRIC_REPRESENTATION_CONTEXT(2) 
PARAMETRIC_REPRESENTATION_CONTEXT() REPRESENTATION_CONTEXT('2D SPACE',''
  ) );
#4868 = ADVANCED_FACE('',(#4869,#5217,#5323),#1326,.F.);
#4869 = FACE_BOUND('',#4870,.F.);
#4870 = EDGE_LOOP('',(#4871,#4892,#4893,#4894,#4917,#4945,#4973,#4996,
    #5024,#5050,#5076,#5102,#5128,#5154,#5175,#5198));
#4871 = ORIENTED_EDGE('',*,*,#4872,.F.);
#4872 = EDGE_CURVE('',#1282,#4873,#4875,.T.);
#4873 = VERTEX_POINT('',#4874);
#4874 = CARTESIAN_POINT('',(153.,-140.,-4.));
#4875 = SURFACE_CURVE('',#4876,(#4880,#4886),.PCURVE_S1.);
#4876 = LINE('',#4877,#4878);
#4877 = CARTESIAN_POINT('',(153.,-149.5,-4.));
#4878 = VECTOR('',#4879,1.);
#4879 = DIRECTION('',(0.,1.,-0.));
#4880 = PCURVE('',#1326,#4881);
#4881 = DEFINITIONAL_REPRESENTATION('',(#4882),#4885);
#4882 = B_SPLINE_CURVE_WITH_KNOTS('',1,(#4883,#4884),.UNSPECIFIED.,.F.,
  .F.,(2,2),(-0.4,9.5),.PIECEWISE_BEZIER_KNOTS.);
#4883 = CARTESIAN_POINT('',(3.1,-3.6));
#4884 = CARTESIAN_POINT('',(13.,-3.6));
#4885 = ( GEOMETRIC_REPRESENTATION_CONTEXT(2) 
PARAMETRIC_REPRESENTATION_CONTEXT() REPRESENTATION_CONTEXT('2D SPACE',''
  ) );
#4886 = PCURVE('',#1298,#4887);
#4887 = DEFINITIONAL_REPRESENTATION('',(#4888),#4891);
#4888 = B_SPLINE_CURVE_WITH_KNOTS('',1,(#4889,#4890),.UNSPECIFIED.,.F.,
  .F.,(2,2),(-0.4,9.5),.PIECEWISE_BEZIER_KNOTS.);
#4889 = CARTESIAN_POINT('',(-7.,-3.9));
#4890 = CARTESIAN_POINT('',(-7.,6.));
#4891 = ( GEOMETRIC_REPRESENTATION_CONTEXT(2) 
PARAMETRIC_REPRESENTATION_CONTEXT() REPRESENTATION_CONTEXT('2D SPACE',''
  ) );
#4892 = ORIENTED_EDGE('',*,*,#1310,.T.);
#4893 = ORIENTED_EDGE('',*,*,#1442,.T.);
#4894 = ORIENTED_EDGE('',*,*,#4895,.T.);
#4895 = EDGE_CURVE('',#1443,#4896,#4898,.T.);
#4896 = VERTEX_POINT('',#4897);
#4897 = CARTESIAN_POINT('',(153.,-114.2,1.6));
#4898 = SURFACE_CURVE('',#4899,(#4903,#4910),.PCURVE_S1.);
#4899 = LINE('',#4900,#4901);
#4900 = CARTESIAN_POINT('',(153.,-153.,1.6));
#4901 = VECTOR('',#4902,1.);
#4902 = DIRECTION('',(0.,1.,0.));
#4903 = PCURVE('',#1326,#4904);
#4904 = DEFINITIONAL_REPRESENTATION('',(#4905),#4909);
#4905 = LINE('',#4906,#4907);
#4906 = CARTESIAN_POINT('',(0.,-9.2));
#4907 = VECTOR('',#4908,1.);
#4908 = DIRECTION('',(1.,0.));
#4909 = ( GEOMETRIC_REPRESENTATION_CONTEXT(2) 
PARAMETRIC_REPRESENTATION_CONTEXT() REPRESENTATION_CONTEXT('2D SPACE',''
  ) );
#4910 = PCURVE('',#1481,#4911);
#4911 = DEFINITIONAL_REPRESENTATION('',(#4912),#4916);
#4912 = LINE('',#4913,#4914);
#4913 = CARTESIAN_POINT('',(53.,-53.));
#4914 = VECTOR('',#4915,1.);
#4915 = DIRECTION('',(0.,1.));
#4916 = ( GEOMETRIC_REPRESENTATION_CONTEXT(2) 
PARAMETRIC_REPRESENTATION_CONTEXT() REPRESENTATION_CONTEXT('2D SPACE',''
  ) );
#4917 = ORIENTED_EDGE('',*,*,#4918,.T.);
#4918 = EDGE_CURVE('',#4896,#4919,#4921,.T.);
#4919 = VERTEX_POINT('',#4920);
#4920 = CARTESIAN_POINT('',(153.,-95.7,1.6));
#4921 = SURFACE_CURVE('',#4922,(#4926,#4933),.PCURVE_S1.);
#4922 = LINE('',#4923,#4924);
#4923 = CARTESIAN_POINT('',(153.,-153.,1.6));
#4924 = VECTOR('',#4925,1.);
#4925 = DIRECTION('',(0.,1.,0.));
#4926 = PCURVE('',#1326,#4927);
#4927 = DEFINITIONAL_REPRESENTATION('',(#4928),#4932);
#4928 = LINE('',#4929,#4930);
#4929 = CARTESIAN_POINT('',(0.,-9.2));
#4930 = VECTOR('',#4931,1.);
#4931 = DIRECTION('',(1.,0.));
#4932 = ( GEOMETRIC_REPRESENTATION_CONTEXT(2) 
PARAMETRIC_REPRESENTATION_CONTEXT() REPRESENTATION_CONTEXT('2D SPACE',''
  ) );
#4933 = PCURVE('',#4934,#4939);
#4934 = PLANE('',#4935);
#4935 = AXIS2_PLACEMENT_3D('',#4936,#4937,#4938);
#4936 = CARTESIAN_POINT('',(100.,-100.,1.6));
#4937 = DIRECTION('',(0.,0.,1.));
#4938 = DIRECTION('',(1.,0.,-0.));
#4939 = DEFINITIONAL_REPRESENTATION('',(#4940),#4944);
#4940 = LINE('',#4941,#4942);
#4941 = CARTESIAN_POINT('',(53.,-53.));
#4942 = VECTOR('',#4943,1.);
#4943 = DIRECTION('',(0.,1.));
#4944 = ( GEOMETRIC_REPRESENTATION_CONTEXT(2) 
PARAMETRIC_REPRESENTATION_CONTEXT() REPRESENTATION_CONTEXT('2D SPACE',''
  ) );
#4945 = ORIENTED_EDGE('',*,*,#4946,.T.);
#4946 = EDGE_CURVE('',#4919,#4947,#4949,.T.);
#4947 = VERTEX_POINT('',#4948);
#4948 = CARTESIAN_POINT('',(153.,-79.9,1.6));
#4949 = SURFACE_CURVE('',#4950,(#4954,#4961),.PCURVE_S1.);
#4950 = LINE('',#4951,#4952);
#4951 = CARTESIAN_POINT('',(153.,-153.,1.6));
#4952 = VECTOR('',#4953,1.);
#4953 = DIRECTION('',(0.,1.,0.));
#4954 = PCURVE('',#1326,#4955);
#4955 = DEFINITIONAL_REPRESENTATION('',(#4956),#4960);
#4956 = LINE('',#4957,#4958);
#4957 = CARTESIAN_POINT('',(0.,-9.2));
#4958 = VECTOR('',#4959,1.);
#4959 = DIRECTION('',(1.,0.));
#4960 = ( GEOMETRIC_REPRESENTATION_CONTEXT(2) 
PARAMETRIC_REPRESENTATION_CONTEXT() REPRESENTATION_CONTEXT('2D SPACE',''
  ) );
#4961 = PCURVE('',#4962,#4967);
#4962 = PLANE('',#4963);
#4963 = AXIS2_PLACEMENT_3D('',#4964,#4965,#4966);
#4964 = CARTESIAN_POINT('',(100.,-100.,1.6));
#4965 = DIRECTION('',(0.,0.,1.));
#4966 = DIRECTION('',(1.,0.,-0.));
#4967 = DEFINITIONAL_REPRESENTATION('',(#4968),#4972);
#4968 = LINE('',#4969,#4970);
#4969 = CARTESIAN_POINT('',(53.,-53.));
#4970 = VECTOR('',#4971,1.);
#4971 = DIRECTION('',(0.,1.));
#4972 = ( GEOMETRIC_REPRESENTATION_CONTEXT(2) 
PARAMETRIC_REPRESENTATION_CONTEXT() REPRESENTATION_CONTEXT('2D SPACE',''
  ) );
#4973 = ORIENTED_EDGE('',*,*,#4974,.T.);
#4974 = EDGE_CURVE('',#4947,#4975,#4977,.T.);
#4975 = VERTEX_POINT('',#4976);
#4976 = CARTESIAN_POINT('',(153.,-50.1,1.6));
#4977 = SURFACE_CURVE('',#4978,(#4982,#4989),.PCURVE_S1.);
#4978 = LINE('',#4979,#4980);
#4979 = CARTESIAN_POINT('',(153.,-153.,1.6));
#4980 = VECTOR('',#4981,1.);
#4981 = DIRECTION('',(0.,1.,0.));
#4982 = PCURVE('',#1326,#4983);
#4983 = DEFINITIONAL_REPRESENTATION('',(#4984),#4988);
#4984 = LINE('',#4985,#4986);
#4985 = CARTESIAN_POINT('',(0.,-9.2));
#4986 = VECTOR('',#4987,1.);
#4987 = DIRECTION('',(1.,0.));
#4988 = ( GEOMETRIC_REPRESENTATION_CONTEXT(2) 
PARAMETRIC_REPRESENTATION_CONTEXT() REPRESENTATION_CONTEXT('2D SPACE',''
  ) );
#4989 = PCURVE('',#2818,#4990);
#4990 = DEFINITIONAL_REPRESENTATION('',(#4991),#4995);
#4991 = LINE('',#4992,#4993);
#4992 = CARTESIAN_POINT('',(53.,-53.));
#4993 = VECTOR('',#4994,1.);
#4994 = DIRECTION('',(0.,1.));
#4995 = ( GEOMETRIC_REPRESENTATION_CONTEXT(2) 
PARAMETRIC_REPRESENTATION_CONTEXT() REPRESENTATION_CONTEXT('2D SPACE',''
  ) );
#4996 = ORIENTED_EDGE('',*,*,#4997,.F.);
#4997 = EDGE_CURVE('',#4998,#4975,#5000,.T.);
#4998 = VERTEX_POINT('',#4999);
#4999 = CARTESIAN_POINT('',(153.,-50.1,-4.));
#5000 = SURFACE_CURVE('',#5001,(#5005,#5012),.PCURVE_S1.);
#5001 = LINE('',#5002,#5003);
#5002 = CARTESIAN_POINT('',(153.,-50.1,-7.6));
#5003 = VECTOR('',#5004,1.);
#5004 = DIRECTION('',(0.,0.,1.));
#5005 = PCURVE('',#1326,#5006);
#5006 = DEFINITIONAL_REPRESENTATION('',(#5007),#5011);
#5007 = LINE('',#5008,#5009);
#5008 = CARTESIAN_POINT('',(102.9,0.));
#5009 = VECTOR('',#5010,1.);
#5010 = DIRECTION('',(0.,-1.));
#5011 = ( GEOMETRIC_REPRESENTATION_CONTEXT(2) 
PARAMETRIC_REPRESENTATION_CONTEXT() REPRESENTATION_CONTEXT('2D SPACE',''
  ) );
#5012 = PCURVE('',#5013,#5018);
#5013 = CYLINDRICAL_SURFACE('',#5014,3.1);
#5014 = AXIS2_PLACEMENT_3D('',#5015,#5016,#5017);
#5015 = CARTESIAN_POINT('',(149.9,-50.1,-7.6));
#5016 = DIRECTION('',(0.,0.,1.));
#5017 = DIRECTION('',(1.,0.,-0.));
#5018 = DEFINITIONAL_REPRESENTATION('',(#5019),#5023);
#5019 = LINE('',#5020,#5021);
#5020 = CARTESIAN_POINT('',(0.,0.));
#5021 = VECTOR('',#5022,1.);
#5022 = DIRECTION('',(0.,1.));
#5023 = ( GEOMETRIC_REPRESENTATION_CONTEXT(2) 
PARAMETRIC_REPRESENTATION_CONTEXT() REPRESENTATION_CONTEXT('2D SPACE',''
  ) );
#5024 = ORIENTED_EDGE('',*,*,#5025,.F.);
#5025 = EDGE_CURVE('',#5026,#4998,#5028,.T.);
#5026 = VERTEX_POINT('',#5027);
#5027 = CARTESIAN_POINT('',(153.,-59.,-4.));
#5028 = SURFACE_CURVE('',#5029,(#5033,#5039),.PCURVE_S1.);
#5029 = LINE('',#5030,#5031);
#5030 = CARTESIAN_POINT('',(153.,-103.5,-4.));
#5031 = VECTOR('',#5032,1.);
#5032 = DIRECTION('',(0.,1.,-0.));
#5033 = PCURVE('',#1326,#5034);
#5034 = DEFINITIONAL_REPRESENTATION('',(#5035),#5038);
#5035 = B_SPLINE_CURVE_WITH_KNOTS('',1,(#5036,#5037),.UNSPECIFIED.,.F.,
  .F.,(2,2),(43.5,53.4),.PIECEWISE_BEZIER_KNOTS.);
#5036 = CARTESIAN_POINT('',(93.,-3.6));
#5037 = CARTESIAN_POINT('',(102.9,-3.6));
#5038 = ( GEOMETRIC_REPRESENTATION_CONTEXT(2) 
PARAMETRIC_REPRESENTATION_CONTEXT() REPRESENTATION_CONTEXT('2D SPACE',''
  ) );
#5039 = PCURVE('',#5040,#5045);
#5040 = PLANE('',#5041);
#5041 = AXIS2_PLACEMENT_3D('',#5042,#5043,#5044);
#5042 = CARTESIAN_POINT('',(160.,-54.,-4.));
#5043 = DIRECTION('',(0.,0.,1.));
#5044 = DIRECTION('',(1.,0.,-0.));
#5045 = DEFINITIONAL_REPRESENTATION('',(#5046),#5049);
#5046 = B_SPLINE_CURVE_WITH_KNOTS('',1,(#5047,#5048),.UNSPECIFIED.,.F.,
  .F.,(2,2),(43.5,53.4),.PIECEWISE_BEZIER_KNOTS.);
#5047 = CARTESIAN_POINT('',(-7.,-6.));
#5048 = CARTESIAN_POINT('',(-7.,3.9));
#5049 = ( GEOMETRIC_REPRESENTATION_CONTEXT(2) 
PARAMETRIC_REPRESENTATION_CONTEXT() REPRESENTATION_CONTEXT('2D SPACE',''
  ) );
#5050 = ORIENTED_EDGE('',*,*,#5051,.F.);
#5051 = EDGE_CURVE('',#5052,#5026,#5054,.T.);
#5052 = VERTEX_POINT('',#5053);
#5053 = CARTESIAN_POINT('',(153.,-59.,-1.));
#5054 = SURFACE_CURVE('',#5055,(#5059,#5065),.PCURVE_S1.);
#5055 = LINE('',#5056,#5057);
#5056 = CARTESIAN_POINT('',(153.,-59.,-6.));
#5057 = VECTOR('',#5058,1.);
#5058 = DIRECTION('',(0.,0.,-1.));
#5059 = PCURVE('',#1326,#5060);
#5060 = DEFINITIONAL_REPRESENTATION('',(#5061),#5064);
#5061 = B_SPLINE_CURVE_WITH_KNOTS('',1,(#5062,#5063),.UNSPECIFIED.,.F.,
  .F.,(2,2),(-5.,-1.6),.PIECEWISE_BEZIER_KNOTS.);
#5062 = CARTESIAN_POINT('',(94.,-6.6));
#5063 = CARTESIAN_POINT('',(94.,-3.2));
#5064 = ( GEOMETRIC_REPRESENTATION_CONTEXT(2) 
PARAMETRIC_REPRESENTATION_CONTEXT() REPRESENTATION_CONTEXT('2D SPACE',''
  ) );
#5065 = PCURVE('',#5066,#5071);
#5066 = PLANE('',#5067);
#5067 = AXIS2_PLACEMENT_3D('',#5068,#5069,#5070);
#5068 = CARTESIAN_POINT('',(150.35,-59.,-4.4));
#5069 = DIRECTION('',(0.,1.,0.));
#5070 = DIRECTION('',(0.,0.,1.));
#5071 = DEFINITIONAL_REPRESENTATION('',(#5072),#5075);
#5072 = B_SPLINE_CURVE_WITH_KNOTS('',1,(#5073,#5074),.UNSPECIFIED.,.F.,
  .F.,(2,2),(-5.,-1.6),.PIECEWISE_BEZIER_KNOTS.);
#5073 = CARTESIAN_POINT('',(3.4,2.65));
#5074 = CARTESIAN_POINT('',(0.,2.65));
#5075 = ( GEOMETRIC_REPRESENTATION_CONTEXT(2) 
PARAMETRIC_REPRESENTATION_CONTEXT() REPRESENTATION_CONTEXT('2D SPACE',''
  ) );
#5076 = ORIENTED_EDGE('',*,*,#5077,.F.);
#5077 = EDGE_CURVE('',#5078,#5052,#5080,.T.);
#5078 = VERTEX_POINT('',#5079);
#5079 = CARTESIAN_POINT('',(153.,-69.,-1.));
#5080 = SURFACE_CURVE('',#5081,(#5085,#5091),.PCURVE_S1.);
#5081 = LINE('',#5082,#5083);
#5082 = CARTESIAN_POINT('',(153.,-111.,-1.));
#5083 = VECTOR('',#5084,1.);
#5084 = DIRECTION('',(0.,1.,-0.));
#5085 = PCURVE('',#1326,#5086);
#5086 = DEFINITIONAL_REPRESENTATION('',(#5087),#5090);
#5087 = B_SPLINE_CURVE_WITH_KNOTS('',1,(#5088,#5089),.UNSPECIFIED.,.F.,
  .F.,(2,2),(42.,52.),.PIECEWISE_BEZIER_KNOTS.);
#5088 = CARTESIAN_POINT('',(84.,-6.6));
#5089 = CARTESIAN_POINT('',(94.,-6.6));
#5090 = ( GEOMETRIC_REPRESENTATION_CONTEXT(2) 
PARAMETRIC_REPRESENTATION_CONTEXT() REPRESENTATION_CONTEXT('2D SPACE',''
  ) );
#5091 = PCURVE('',#5092,#5097);
#5092 = PLANE('',#5093);
#5093 = AXIS2_PLACEMENT_3D('',#5094,#5095,#5096);
#5094 = CARTESIAN_POINT('',(150.35,-69.,-1.));
#5095 = DIRECTION('',(0.,0.,1.));
#5096 = DIRECTION('',(1.,0.,0.));
#5097 = DEFINITIONAL_REPRESENTATION('',(#5098),#5101);
#5098 = B_SPLINE_CURVE_WITH_KNOTS('',1,(#5099,#5100),.UNSPECIFIED.,.F.,
  .F.,(2,2),(42.,52.),.PIECEWISE_BEZIER_KNOTS.);
#5099 = CARTESIAN_POINT('',(2.65,0.));
#5100 = CARTESIAN_POINT('',(2.65,10.));
#5101 = ( GEOMETRIC_REPRESENTATION_CONTEXT(2) 
PARAMETRIC_REPRESENTATION_CONTEXT() REPRESENTATION_CONTEXT('2D SPACE',''
  ) );
#5102 = ORIENTED_EDGE('',*,*,#5103,.T.);
#5103 = EDGE_CURVE('',#5078,#5104,#5106,.T.);
#5104 = VERTEX_POINT('',#5105);
#5105 = CARTESIAN_POINT('',(153.,-69.,-4.4));
#5106 = SURFACE_CURVE('',#5107,(#5111,#5117),.PCURVE_S1.);
#5107 = LINE('',#5108,#5109);
#5108 = CARTESIAN_POINT('',(153.,-69.,-6.));
#5109 = VECTOR('',#5110,1.);
#5110 = DIRECTION('',(0.,0.,-1.));
#5111 = PCURVE('',#1326,#5112);
#5112 = DEFINITIONAL_REPRESENTATION('',(#5113),#5116);
#5113 = B_SPLINE_CURVE_WITH_KNOTS('',1,(#5114,#5115),.UNSPECIFIED.,.F.,
  .F.,(2,2),(-5.,-1.6),.PIECEWISE_BEZIER_KNOTS.);
#5114 = CARTESIAN_POINT('',(84.,-6.6));
#5115 = CARTESIAN_POINT('',(84.,-3.2));
#5116 = ( GEOMETRIC_REPRESENTATION_CONTEXT(2) 
PARAMETRIC_REPRESENTATION_CONTEXT() REPRESENTATION_CONTEXT('2D SPACE',''
  ) );
#5117 = PCURVE('',#5118,#5123);
#5118 = PLANE('',#5119);
#5119 = AXIS2_PLACEMENT_3D('',#5120,#5121,#5122);
#5120 = CARTESIAN_POINT('',(150.35,-69.,-4.4));
#5121 = DIRECTION('',(0.,1.,0.));
#5122 = DIRECTION('',(0.,0.,1.));
#5123 = DEFINITIONAL_REPRESENTATION('',(#5124),#5127);
#5124 = B_SPLINE_CURVE_WITH_KNOTS('',1,(#5125,#5126),.UNSPECIFIED.,.F.,
  .F.,(2,2),(-5.,-1.6),.PIECEWISE_BEZIER_KNOTS.);
#5125 = CARTESIAN_POINT('',(3.4,2.65));
#5126 = CARTESIAN_POINT('',(0.,2.65));
#5127 = ( GEOMETRIC_REPRESENTATION_CONTEXT(2) 
PARAMETRIC_REPRESENTATION_CONTEXT() REPRESENTATION_CONTEXT('2D SPACE',''
  ) );
#5128 = ORIENTED_EDGE('',*,*,#5129,.T.);
#5129 = EDGE_CURVE('',#5104,#5130,#5132,.T.);
#5130 = VERTEX_POINT('',#5131);
#5131 = CARTESIAN_POINT('',(153.,-60.,-4.4));
#5132 = SURFACE_CURVE('',#5133,(#5137,#5143),.PCURVE_S1.);
#5133 = LINE('',#5134,#5135);
#5134 = CARTESIAN_POINT('',(153.,-111.,-4.4));
#5135 = VECTOR('',#5136,1.);
#5136 = DIRECTION('',(0.,1.,-0.));
#5137 = PCURVE('',#1326,#5138);
#5138 = DEFINITIONAL_REPRESENTATION('',(#5139),#5142);
#5139 = B_SPLINE_CURVE_WITH_KNOTS('',1,(#5140,#5141),.UNSPECIFIED.,.F.,
  .F.,(2,2),(42.,52.),.PIECEWISE_BEZIER_KNOTS.);
#5140 = CARTESIAN_POINT('',(84.,-3.2));
#5141 = CARTESIAN_POINT('',(94.,-3.2));
#5142 = ( GEOMETRIC_REPRESENTATION_CONTEXT(2) 
PARAMETRIC_REPRESENTATION_CONTEXT() REPRESENTATION_CONTEXT('2D SPACE',''
  ) );
#5143 = PCURVE('',#5144,#5149);
#5144 = PLANE('',#5145);
#5145 = AXIS2_PLACEMENT_3D('',#5146,#5147,#5148);
#5146 = CARTESIAN_POINT('',(150.35,-69.,-4.4));
#5147 = DIRECTION('',(0.,0.,1.));
#5148 = DIRECTION('',(1.,0.,0.));
#5149 = DEFINITIONAL_REPRESENTATION('',(#5150),#5153);
#5150 = B_SPLINE_CURVE_WITH_KNOTS('',1,(#5151,#5152),.UNSPECIFIED.,.F.,
  .F.,(2,2),(42.,52.),.PIECEWISE_BEZIER_KNOTS.);
#5151 = CARTESIAN_POINT('',(2.65,0.));
#5152 = CARTESIAN_POINT('',(2.65,10.));
#5153 = ( GEOMETRIC_REPRESENTATION_CONTEXT(2) 
PARAMETRIC_REPRESENTATION_CONTEXT() REPRESENTATION_CONTEXT('2D SPACE',''
  ) );
#5154 = ORIENTED_EDGE('',*,*,#5155,.T.);
#5155 = EDGE_CURVE('',#5130,#5156,#5158,.T.);
#5156 = VERTEX_POINT('',#5157);
#5157 = CARTESIAN_POINT('',(153.,-60.,-6.8));
#5158 = SURFACE_CURVE('',#5159,(#5163,#5169),.PCURVE_S1.);
#5159 = LINE('',#5160,#5161);
#5160 = CARTESIAN_POINT('',(153.,-60.,-7.6));
#5161 = VECTOR('',#5162,1.);
#5162 = DIRECTION('',(0.,0.,-1.));
#5163 = PCURVE('',#1326,#5164);
#5164 = DEFINITIONAL_REPRESENTATION('',(#5165),#5168);
#5165 = B_SPLINE_CURVE_WITH_KNOTS('',1,(#5166,#5167),.UNSPECIFIED.,.F.,
  .F.,(2,2),(-3.6,-0.8),.PIECEWISE_BEZIER_KNOTS.);
#5166 = CARTESIAN_POINT('',(93.,-3.6));
#5167 = CARTESIAN_POINT('',(93.,-0.8));
#5168 = ( GEOMETRIC_REPRESENTATION_CONTEXT(2) 
PARAMETRIC_REPRESENTATION_CONTEXT() REPRESENTATION_CONTEXT('2D SPACE',''
  ) );
#5169 = PCURVE('',#3830,#5170);
#5170 = DEFINITIONAL_REPRESENTATION('',(#5171),#5174);
#5171 = B_SPLINE_CURVE_WITH_KNOTS('',1,(#5172,#5173),.UNSPECIFIED.,.F.,
  .F.,(2,2),(-3.6,-0.8),.PIECEWISE_BEZIER_KNOTS.);
#5172 = CARTESIAN_POINT('',(3.6,1.));
#5173 = CARTESIAN_POINT('',(0.8,1.));
#5174 = ( GEOMETRIC_REPRESENTATION_CONTEXT(2) 
PARAMETRIC_REPRESENTATION_CONTEXT() REPRESENTATION_CONTEXT('2D SPACE',''
  ) );
#5175 = ORIENTED_EDGE('',*,*,#5176,.F.);
#5176 = EDGE_CURVE('',#5177,#5156,#5179,.T.);
#5177 = VERTEX_POINT('',#5178);
#5178 = CARTESIAN_POINT('',(153.,-140.,-6.8));
#5179 = SURFACE_CURVE('',#5180,(#5184,#5191),.PCURVE_S1.);
#5180 = LINE('',#5181,#5182);
#5181 = CARTESIAN_POINT('',(153.,-149.9,-6.8));
#5182 = VECTOR('',#5183,1.);
#5183 = DIRECTION('',(0.,1.,0.));
#5184 = PCURVE('',#1326,#5185);
#5185 = DEFINITIONAL_REPRESENTATION('',(#5186),#5190);
#5186 = LINE('',#5187,#5188);
#5187 = CARTESIAN_POINT('',(3.1,-0.8));
#5188 = VECTOR('',#5189,1.);
#5189 = DIRECTION('',(1.,0.));
#5190 = ( GEOMETRIC_REPRESENTATION_CONTEXT(2) 
PARAMETRIC_REPRESENTATION_CONTEXT() REPRESENTATION_CONTEXT('2D SPACE',''
  ) );
#5191 = PCURVE('',#3802,#5192);
#5192 = DEFINITIONAL_REPRESENTATION('',(#5193),#5197);
#5193 = LINE('',#5194,#5195);
#5194 = CARTESIAN_POINT('',(-0.,-0.565685424949));
#5195 = VECTOR('',#5196,1.);
#5196 = DIRECTION('',(-1.,0.));
#5197 = ( GEOMETRIC_REPRESENTATION_CONTEXT(2) 
PARAMETRIC_REPRESENTATION_CONTEXT() REPRESENTATION_CONTEXT('2D SPACE',''
  ) );
#5198 = ORIENTED_EDGE('',*,*,#5199,.F.);
#5199 = EDGE_CURVE('',#4873,#5177,#5200,.T.);
#5200 = SURFACE_CURVE('',#5201,(#5205,#5211),.PCURVE_S1.);
#5201 = LINE('',#5202,#5203);
#5202 = CARTESIAN_POINT('',(153.,-140.,-7.6));
#5203 = VECTOR('',#5204,1.);
#5204 = DIRECTION('',(0.,0.,-1.));
#5205 = PCURVE('',#1326,#5206);
#5206 = DEFINITIONAL_REPRESENTATION('',(#5207),#5210);
#5207 = B_SPLINE_CURVE_WITH_KNOTS('',1,(#5208,#5209),.UNSPECIFIED.,.F.,
  .F.,(2,2),(-3.6,-0.8),.PIECEWISE_BEZIER_KNOTS.);
#5208 = CARTESIAN_POINT('',(13.,-3.6));
#5209 = CARTESIAN_POINT('',(13.,-0.8));
#5210 = ( GEOMETRIC_REPRESENTATION_CONTEXT(2) 
PARAMETRIC_REPRESENTATION_CONTEXT() REPRESENTATION_CONTEXT('2D SPACE',''
  ) );
#5211 = PCURVE('',#3774,#5212);
#5212 = DEFINITIONAL_REPRESENTATION('',(#5213),#5216);
#5213 = B_SPLINE_CURVE_WITH_KNOTS('',1,(#5214,#5215),.UNSPECIFIED.,.F.,
  .F.,(2,2),(-3.6,-0.8),.PIECEWISE_BEZIER_KNOTS.);
#5214 = CARTESIAN_POINT('',(3.6,1.));
#5215 = CARTESIAN_POINT('',(0.8,1.));
#5216 = ( GEOMETRIC_REPRESENTATION_CONTEXT(2) 
PARAMETRIC_REPRESENTATION_CONTEXT() REPRESENTATION_CONTEXT('2D SPACE',''
  ) );
#5217 = FACE_BOUND('',#5218,.F.);
#5218 = EDGE_LOOP('',(#5219,#5247,#5273,#5299));
#5219 = ORIENTED_EDGE('',*,*,#5220,.F.);
#5220 = EDGE_CURVE('',#5221,#5223,#5225,.T.);
#5221 = VERTEX_POINT('',#5222);
#5222 = CARTESIAN_POINT('',(153.,-109.,-1.));
#5223 = VERTEX_POINT('',#5224);
#5224 = CARTESIAN_POINT('',(153.,-99.,-1.));
#5225 = SURFACE_CURVE('',#5226,(#5230,#5236),.PCURVE_S1.);
#5226 = LINE('',#5227,#5228);
#5227 = CARTESIAN_POINT('',(153.,-131.,-1.));
#5228 = VECTOR('',#5229,1.);
#5229 = DIRECTION('',(0.,1.,-0.));
#5230 = PCURVE('',#1326,#5231);
#5231 = DEFINITIONAL_REPRESENTATION('',(#5232),#5235);
#5232 = B_SPLINE_CURVE_WITH_KNOTS('',1,(#5233,#5234),.UNSPECIFIED.,.F.,
  .F.,(2,2),(22.,32.),.PIECEWISE_BEZIER_KNOTS.);
#5233 = CARTESIAN_POINT('',(44.,-6.6));
#5234 = CARTESIAN_POINT('',(54.,-6.6));
#5235 = ( GEOMETRIC_REPRESENTATION_CONTEXT(2) 
PARAMETRIC_REPRESENTATION_CONTEXT() REPRESENTATION_CONTEXT('2D SPACE',''
  ) );
#5236 = PCURVE('',#5237,#5242);
#5237 = PLANE('',#5238);
#5238 = AXIS2_PLACEMENT_3D('',#5239,#5240,#5241);
#5239 = CARTESIAN_POINT('',(150.35,-109.,-1.));
#5240 = DIRECTION('',(0.,0.,1.));
#5241 = DIRECTION('',(1.,0.,0.));
#5242 = DEFINITIONAL_REPRESENTATION('',(#5243),#5246);
#5243 = B_SPLINE_CURVE_WITH_KNOTS('',1,(#5244,#5245),.UNSPECIFIED.,.F.,
  .F.,(2,2),(22.,32.),.PIECEWISE_BEZIER_KNOTS.);
#5244 = CARTESIAN_POINT('',(2.65,0.));
#5245 = CARTESIAN_POINT('',(2.65,10.));
#5246 = ( GEOMETRIC_REPRESENTATION_CONTEXT(2) 
PARAMETRIC_REPRESENTATION_CONTEXT() REPRESENTATION_CONTEXT('2D SPACE',''
  ) );
#5247 = ORIENTED_EDGE('',*,*,#5248,.T.);
#5248 = EDGE_CURVE('',#5221,#5249,#5251,.T.);
#5249 = VERTEX_POINT('',#5250);
#5250 = CARTESIAN_POINT('',(153.,-109.,-4.4));
#5251 = SURFACE_CURVE('',#5252,(#5256,#5262),.PCURVE_S1.);
#5252 = LINE('',#5253,#5254);
#5253 = CARTESIAN_POINT('',(153.,-109.,-6.));
#5254 = VECTOR('',#5255,1.);
#5255 = DIRECTION('',(0.,0.,-1.));
#5256 = PCURVE('',#1326,#5257);
#5257 = DEFINITIONAL_REPRESENTATION('',(#5258),#5261);
#5258 = B_SPLINE_CURVE_WITH_KNOTS('',1,(#5259,#5260),.UNSPECIFIED.,.F.,
  .F.,(2,2),(-5.,-1.6),.PIECEWISE_BEZIER_KNOTS.);
#5259 = CARTESIAN_POINT('',(44.,-6.6));
#5260 = CARTESIAN_POINT('',(44.,-3.2));
#5261 = ( GEOMETRIC_REPRESENTATION_CONTEXT(2) 
PARAMETRIC_REPRESENTATION_CONTEXT() REPRESENTATION_CONTEXT('2D SPACE',''
  ) );
#5262 = PCURVE('',#5263,#5268);
#5263 = PLANE('',#5264);
#5264 = AXIS2_PLACEMENT_3D('',#5265,#5266,#5267);
#5265 = CARTESIAN_POINT('',(150.35,-109.,-4.4));
#5266 = DIRECTION('',(0.,1.,0.));
#5267 = DIRECTION('',(0.,0.,1.));
#5268 = DEFINITIONAL_REPRESENTATION('',(#5269),#5272);
#5269 = B_SPLINE_CURVE_WITH_KNOTS('',1,(#5270,#5271),.UNSPECIFIED.,.F.,
  .F.,(2,2),(-5.,-1.6),.PIECEWISE_BEZIER_KNOTS.);
#5270 = CARTESIAN_POINT('',(3.4,2.65));
#5271 = CARTESIAN_POINT('',(0.,2.65));
#5272 = ( GEOMETRIC_REPRESENTATION_CONTEXT(2) 
PARAMETRIC_REPRESENTATION_CONTEXT() REPRESENTATION_CONTEXT('2D SPACE',''
  ) );
#5273 = ORIENTED_EDGE('',*,*,#5274,.T.);
#5274 = EDGE_CURVE('',#5249,#5275,#5277,.T.);
#5275 = VERTEX_POINT('',#5276);
#5276 = CARTESIAN_POINT('',(153.,-99.,-4.4));
#5277 = SURFACE_CURVE('',#5278,(#5282,#5288),.PCURVE_S1.);
#5278 = LINE('',#5279,#5280);
#5279 = CARTESIAN_POINT('',(153.,-131.,-4.4));
#5280 = VECTOR('',#5281,1.);
#5281 = DIRECTION('',(0.,1.,-0.));
#5282 = PCURVE('',#1326,#5283);
#5283 = DEFINITIONAL_REPRESENTATION('',(#5284),#5287);
#5284 = B_SPLINE_CURVE_WITH_KNOTS('',1,(#5285,#5286),.UNSPECIFIED.,.F.,
  .F.,(2,2),(22.,32.),.PIECEWISE_BEZIER_KNOTS.);
#5285 = CARTESIAN_POINT('',(44.,-3.2));
#5286 = CARTESIAN_POINT('',(54.,-3.2));
#5287 = ( GEOMETRIC_REPRESENTATION_CONTEXT(2) 
PARAMETRIC_REPRESENTATION_CONTEXT() REPRESENTATION_CONTEXT('2D SPACE',''
  ) );
#5288 = PCURVE('',#5289,#5294);
#5289 = PLANE('',#5290);
#5290 = AXIS2_PLACEMENT_3D('',#5291,#5292,#5293);
#5291 = CARTESIAN_POINT('',(150.35,-109.,-4.4));
#5292 = DIRECTION('',(0.,0.,1.));
#5293 = DIRECTION('',(1.,0.,0.));
#5294 = DEFINITIONAL_REPRESENTATION('',(#5295),#5298);
#5295 = B_SPLINE_CURVE_WITH_KNOTS('',1,(#5296,#5297),.UNSPECIFIED.,.F.,
  .F.,(2,2),(22.,32.),.PIECEWISE_BEZIER_KNOTS.);
#5296 = CARTESIAN_POINT('',(2.65,0.));
#5297 = CARTESIAN_POINT('',(2.65,10.));
#5298 = ( GEOMETRIC_REPRESENTATION_CONTEXT(2) 
PARAMETRIC_REPRESENTATION_CONTEXT() REPRESENTATION_CONTEXT('2D SPACE',''
  ) );
#5299 = ORIENTED_EDGE('',*,*,#5300,.F.);
#5300 = EDGE_CURVE('',#5223,#5275,#5301,.T.);
#5301 = SURFACE_CURVE('',#5302,(#5306,#5312),.PCURVE_S1.);
#5302 = LINE('',#5303,#5304);
#5303 = CARTESIAN_POINT('',(153.,-99.,-6.));
#5304 = VECTOR('',#5305,1.);
#5305 = DIRECTION('',(0.,0.,-1.));
#5306 = PCURVE('',#1326,#5307);
#5307 = DEFINITIONAL_REPRESENTATION('',(#5308),#5311);
#5308 = B_SPLINE_CURVE_WITH_KNOTS('',1,(#5309,#5310),.UNSPECIFIED.,.F.,
  .F.,(2,2),(-5.,-1.6),.PIECEWISE_BEZIER_KNOTS.);
#5309 = CARTESIAN_POINT('',(54.,-6.6));
#5310 = CARTESIAN_POINT('',(54.,-3.2));
#5311 = ( GEOMETRIC_REPRESENTATION_CONTEXT(2) 
PARAMETRIC_REPRESENTATION_CONTEXT() REPRESENTATION_CONTEXT('2D SPACE',''
  ) );
#5312 = PCURVE('',#5313,#5318);
#5313 = PLANE('',#5314);
#5314 = AXIS2_PLACEMENT_3D('',#5315,#5316,#5317);
#5315 = CARTESIAN_POINT('',(150.35,-99.,-4.4));
#5316 = DIRECTION('',(0.,1.,0.));
#5317 = DIRECTION('',(0.,0.,1.));
#5318 = DEFINITIONAL_REPRESENTATION('',(#5319),#5322);
#5319 = B_SPLINE_CURVE_WITH_KNOTS('',1,(#5320,#5321),.UNSPECIFIED.,.F.,
  .F.,(2,2),(-5.,-1.6),.PIECEWISE_BEZIER_KNOTS.);
#5320 = CARTESIAN_POINT('',(3.4,2.65));
#5321 = CARTESIAN_POINT('',(0.,2.65));
#5322 = ( GEOMETRIC_REPRESENTATION_CONTEXT(2) 
PARAMETRIC_REPRESENTATION_CONTEXT() REPRESENTATION_CONTEXT('2D SPACE',''
  ) );
#5323 = FACE_BOUND('',#5324,.F.);
#5324 = EDGE_LOOP('',(#5325,#5353,#5379,#5405));
#5325 = ORIENTED_EDGE('',*,*,#5326,.F.);
#5326 = EDGE_CURVE('',#5327,#5329,#5331,.T.);
#5327 = VERTEX_POINT('',#5328);
#5328 = CARTESIAN_POINT('',(153.,-89.,-1.));
#5329 = VERTEX_POINT('',#5330);
#5330 = CARTESIAN_POINT('',(153.,-79.,-1.));
#5331 = SURFACE_CURVE('',#5332,(#5336,#5342),.PCURVE_S1.);
#5332 = LINE('',#5333,#5334);
#5333 = CARTESIAN_POINT('',(153.,-121.,-1.));
#5334 = VECTOR('',#5335,1.);
#5335 = DIRECTION('',(0.,1.,-0.));
#5336 = PCURVE('',#1326,#5337);
#5337 = DEFINITIONAL_REPRESENTATION('',(#5338),#5341);
#5338 = B_SPLINE_CURVE_WITH_KNOTS('',1,(#5339,#5340),.UNSPECIFIED.,.F.,
  .F.,(2,2),(32.,42.),.PIECEWISE_BEZIER_KNOTS.);
#5339 = CARTESIAN_POINT('',(64.,-6.6));
#5340 = CARTESIAN_POINT('',(74.,-6.6));
#5341 = ( GEOMETRIC_REPRESENTATION_CONTEXT(2) 
PARAMETRIC_REPRESENTATION_CONTEXT() REPRESENTATION_CONTEXT('2D SPACE',''
  ) );
#5342 = PCURVE('',#5343,#5348);
#5343 = PLANE('',#5344);
#5344 = AXIS2_PLACEMENT_3D('',#5345,#5346,#5347);
#5345 = CARTESIAN_POINT('',(150.35,-89.,-1.));
#5346 = DIRECTION('',(0.,0.,1.));
#5347 = DIRECTION('',(1.,0.,0.));
#5348 = DEFINITIONAL_REPRESENTATION('',(#5349),#5352);
#5349 = B_SPLINE_CURVE_WITH_KNOTS('',1,(#5350,#5351),.UNSPECIFIED.,.F.,
  .F.,(2,2),(32.,42.),.PIECEWISE_BEZIER_KNOTS.);
#5350 = CARTESIAN_POINT('',(2.65,0.));
#5351 = CARTESIAN_POINT('',(2.65,10.));
#5352 = ( GEOMETRIC_REPRESENTATION_CONTEXT(2) 
PARAMETRIC_REPRESENTATION_CONTEXT() REPRESENTATION_CONTEXT('2D SPACE',''
  ) );
#5353 = ORIENTED_EDGE('',*,*,#5354,.T.);
#5354 = EDGE_CURVE('',#5327,#5355,#5357,.T.);
#5355 = VERTEX_POINT('',#5356);
#5356 = CARTESIAN_POINT('',(153.,-89.,-4.4));
#5357 = SURFACE_CURVE('',#5358,(#5362,#5368),.PCURVE_S1.);
#5358 = LINE('',#5359,#5360);
#5359 = CARTESIAN_POINT('',(153.,-89.,-6.));
#5360 = VECTOR('',#5361,1.);
#5361 = DIRECTION('',(0.,0.,-1.));
#5362 = PCURVE('',#1326,#5363);
#5363 = DEFINITIONAL_REPRESENTATION('',(#5364),#5367);
#5364 = B_SPLINE_CURVE_WITH_KNOTS('',1,(#5365,#5366),.UNSPECIFIED.,.F.,
  .F.,(2,2),(-5.,-1.6),.PIECEWISE_BEZIER_KNOTS.);
#5365 = CARTESIAN_POINT('',(64.,-6.6));
#5366 = CARTESIAN_POINT('',(64.,-3.2));
#5367 = ( GEOMETRIC_REPRESENTATION_CONTEXT(2) 
PARAMETRIC_REPRESENTATION_CONTEXT() REPRESENTATION_CONTEXT('2D SPACE',''
  ) );
#5368 = PCURVE('',#5369,#5374);
#5369 = PLANE('',#5370);
#5370 = AXIS2_PLACEMENT_3D('',#5371,#5372,#5373);
#5371 = CARTESIAN_POINT('',(150.35,-89.,-4.4));
#5372 = DIRECTION('',(0.,1.,0.));
#5373 = DIRECTION('',(0.,0.,1.));
#5374 = DEFINITIONAL_REPRESENTATION('',(#5375),#5378);
#5375 = B_SPLINE_CURVE_WITH_KNOTS('',1,(#5376,#5377),.UNSPECIFIED.,.F.,
  .F.,(2,2),(-5.,-1.6),.PIECEWISE_BEZIER_KNOTS.);
#5376 = CARTESIAN_POINT('',(3.4,2.65));
#5377 = CARTESIAN_POINT('',(0.,2.65));
#5378 = ( GEOMETRIC_REPRESENTATION_CONTEXT(2) 
PARAMETRIC_REPRESENTATION_CONTEXT() REPRESENTATION_CONTEXT('2D SPACE',''
  ) );
#5379 = ORIENTED_EDGE('',*,*,#5380,.T.);
#5380 = EDGE_CURVE('',#5355,#5381,#5383,.T.);
#5381 = VERTEX_POINT('',#5382);
#5382 = CARTESIAN_POINT('',(153.,-79.,-4.4));
#5383 = SURFACE_CURVE('',#5384,(#5388,#5394),.PCURVE_S1.);
#5384 = LINE('',#5385,#5386);
#5385 = CARTESIAN_POINT('',(153.,-121.,-4.4));
#5386 = VECTOR('',#5387,1.);
#5387 = DIRECTION('',(0.,1.,-0.));
#5388 = PCURVE('',#1326,#5389);
#5389 = DEFINITIONAL_REPRESENTATION('',(#5390),#5393);
#5390 = B_SPLINE_CURVE_WITH_KNOTS('',1,(#5391,#5392),.UNSPECIFIED.,.F.,
  .F.,(2,2),(32.,42.),.PIECEWISE_BEZIER_KNOTS.);
#5391 = CARTESIAN_POINT('',(64.,-3.2));
#5392 = CARTESIAN_POINT('',(74.,-3.2));
#5393 = ( GEOMETRIC_REPRESENTATION_CONTEXT(2) 
PARAMETRIC_REPRESENTATION_CONTEXT() REPRESENTATION_CONTEXT('2D SPACE',''
  ) );
#5394 = PCURVE('',#5395,#5400);
#5395 = PLANE('',#5396);
#5396 = AXIS2_PLACEMENT_3D('',#5397,#5398,#5399);
#5397 = CARTESIAN_POINT('',(150.35,-89.,-4.4));
#5398 = DIRECTION('',(0.,0.,1.));
#5399 = DIRECTION('',(1.,0.,0.));
#5400 = DEFINITIONAL_REPRESENTATION('',(#5401),#5404);
#5401 = B_SPLINE_CURVE_WITH_KNOTS('',1,(#5402,#5403),.UNSPECIFIED.,.F.,
  .F.,(2,2),(32.,42.),.PIECEWISE_BEZIER_KNOTS.);
#5402 = CARTESIAN_POINT('',(2.65,0.));
#5403 = CARTESIAN_POINT('',(2.65,10.));
#5404 = ( GEOMETRIC_REPRESENTATION_CONTEXT(2) 
PARAMETRIC_REPRESENTATION_CONTEXT() REPRESENTATION_CONTEXT('2D SPACE',''
  ) );
#5405 = ORIENTED_EDGE('',*,*,#5406,.F.);
#5406 = EDGE_CURVE('',#5329,#5381,#5407,.T.);
#5407 = SURFACE_CURVE('',#5408,(#5412,#5418),.PCURVE_S1.);
#5408 = LINE('',#5409,#5410);
#5409 = CARTESIAN_POINT('',(153.,-79.,-6.));
#5410 = VECTOR('',#5411,1.);
#5411 = DIRECTION('',(0.,0.,-1.));
#5412 = PCURVE('',#1326,#5413);
#5413 = DEFINITIONAL_REPRESENTATION('',(#5414),#5417);
#5414 = B_SPLINE_CURVE_WITH_KNOTS('',1,(#5415,#5416),.UNSPECIFIED.,.F.,
  .F.,(2,2),(-5.,-1.6),.PIECEWISE_BEZIER_KNOTS.);
#5415 = CARTESIAN_POINT('',(74.,-6.6));
#5416 = CARTESIAN_POINT('',(74.,-3.2));
#5417 = ( GEOMETRIC_REPRESENTATION_CONTEXT(2) 
PARAMETRIC_REPRESENTATION_CONTEXT() REPRESENTATION_CONTEXT('2D SPACE',''
  ) );
#5418 = PCURVE('',#5419,#5424);
#5419 = PLANE('',#5420);
#5420 = AXIS2_PLACEMENT_3D('',#5421,#5422,#5423);
#5421 = CARTESIAN_POINT('',(150.35,-79.,-4.4));
#5422 = DIRECTION('',(0.,1.,0.));
#5423 = DIRECTION('',(0.,0.,1.));
#5424 = DEFINITIONAL_REPRESENTATION('',(#5425),#5428);
#5425 = B_SPLINE_CURVE_WITH_KNOTS('',1,(#5426,#5427),.UNSPECIFIED.,.F.,
  .F.,(2,2),(-5.,-1.6),.PIECEWISE_BEZIER_KNOTS.);
#5426 = CARTESIAN_POINT('',(3.4,2.65));
#5427 = CARTESIAN_POINT('',(0.,2.65));
#5428 = ( GEOMETRIC_REPRESENTATION_CONTEXT(2) 
PARAMETRIC_REPRESENTATION_CONTEXT() REPRESENTATION_CONTEXT('2D SPACE',''
  ) );
#5429 = ADVANCED_FACE('',(#5430,#5506),#1298,.T.);
#5430 = FACE_BOUND('',#5431,.T.);
#5431 = EDGE_LOOP('',(#5432,#5462,#5483,#5484,#5485));
#5432 = ORIENTED_EDGE('',*,*,#5433,.F.);
#5433 = EDGE_CURVE('',#5434,#5436,#5438,.T.);
#5434 = VERTEX_POINT('',#5435);
#5435 = CARTESIAN_POINT('',(160.,-140.,-4.));
#5436 = VERTEX_POINT('',#5437);
#5437 = CARTESIAN_POINT('',(160.,-152.,-4.));
#5438 = SURFACE_CURVE('',#5439,(#5444,#5455),.PCURVE_S1.);
#5439 = CIRCLE('',#5440,6.);
#5440 = AXIS2_PLACEMENT_3D('',#5441,#5442,#5443);
#5441 = CARTESIAN_POINT('',(160.,-146.,-4.));
#5442 = DIRECTION('',(0.,0.,-1.));
#5443 = DIRECTION('',(0.,1.,0.));
#5444 = PCURVE('',#1298,#5445);
#5445 = DEFINITIONAL_REPRESENTATION('',(#5446),#5454);
#5446 = ( BOUNDED_CURVE() B_SPLINE_CURVE(2,(#5447,#5448,#5449,#5450,
#5451,#5452,#5453),.UNSPECIFIED.,.T.,.F.) B_SPLINE_CURVE_WITH_KNOTS((1,2
    ,2,2,2,1),(-2.094395102393,0.,2.094395102393,4.188790204786,
6.28318530718,8.377580409573),.UNSPECIFIED.) CURVE() 
GEOMETRIC_REPRESENTATION_ITEM() RATIONAL_B_SPLINE_CURVE((1.,0.5,1.,0.5,
1.,0.5,1.)) REPRESENTATION_ITEM('') );
#5447 = CARTESIAN_POINT('',(0.,6.));
#5448 = CARTESIAN_POINT('',(10.392304845413,6.));
#5449 = CARTESIAN_POINT('',(5.196152422707,-3.));
#5450 = CARTESIAN_POINT('',(1.469576158977E-15,-12.));
#5451 = CARTESIAN_POINT('',(-5.196152422707,-3.));
#5452 = CARTESIAN_POINT('',(-10.39230484541,6.));
#5453 = CARTESIAN_POINT('',(0.,6.));
#5454 = ( GEOMETRIC_REPRESENTATION_CONTEXT(2) 
PARAMETRIC_REPRESENTATION_CONTEXT() REPRESENTATION_CONTEXT('2D SPACE',''
  ) );
#5455 = PCURVE('',#3746,#5456);
#5456 = DEFINITIONAL_REPRESENTATION('',(#5457),#5461);
#5457 = LINE('',#5458,#5459);
#5458 = CARTESIAN_POINT('',(-7.853981633974,-3.6));
#5459 = VECTOR('',#5460,1.);
#5460 = DIRECTION('',(1.,-0.));
#5461 = ( GEOMETRIC_REPRESENTATION_CONTEXT(2) 
PARAMETRIC_REPRESENTATION_CONTEXT() REPRESENTATION_CONTEXT('2D SPACE',''
  ) );
#5462 = ORIENTED_EDGE('',*,*,#5463,.F.);
#5463 = EDGE_CURVE('',#4873,#5434,#5464,.T.);
#5464 = SURFACE_CURVE('',#5465,(#5469,#5476),.PCURVE_S1.);
#5465 = LINE('',#5466,#5467);
#5466 = CARTESIAN_POINT('',(152.,-140.,-4.));
#5467 = VECTOR('',#5468,1.);
#5468 = DIRECTION('',(1.,0.,0.));
#5469 = PCURVE('',#1298,#5470);
#5470 = DEFINITIONAL_REPRESENTATION('',(#5471),#5475);
#5471 = LINE('',#5472,#5473);
#5472 = CARTESIAN_POINT('',(-8.,6.));
#5473 = VECTOR('',#5474,1.);
#5474 = DIRECTION('',(1.,0.));
#5475 = ( GEOMETRIC_REPRESENTATION_CONTEXT(2) 
PARAMETRIC_REPRESENTATION_CONTEXT() REPRESENTATION_CONTEXT('2D SPACE',''
  ) );
#5476 = PCURVE('',#3774,#5477);
#5477 = DEFINITIONAL_REPRESENTATION('',(#5478),#5482);
#5478 = LINE('',#5479,#5480);
#5479 = CARTESIAN_POINT('',(3.6,0.));
#5480 = VECTOR('',#5481,1.);
#5481 = DIRECTION('',(0.,1.));
#5482 = ( GEOMETRIC_REPRESENTATION_CONTEXT(2) 
PARAMETRIC_REPRESENTATION_CONTEXT() REPRESENTATION_CONTEXT('2D SPACE',''
  ) );
#5483 = ORIENTED_EDGE('',*,*,#4872,.F.);
#5484 = ORIENTED_EDGE('',*,*,#1281,.F.);
#5485 = ORIENTED_EDGE('',*,*,#5486,.T.);
#5486 = EDGE_CURVE('',#1256,#5436,#5487,.T.);
#5487 = SURFACE_CURVE('',#5488,(#5492,#5499),.PCURVE_S1.);
#5488 = LINE('',#5489,#5490);
#5489 = CARTESIAN_POINT('',(152.,-152.,-4.));
#5490 = VECTOR('',#5491,1.);
#5491 = DIRECTION('',(1.,0.,0.));
#5492 = PCURVE('',#1298,#5493);
#5493 = DEFINITIONAL_REPRESENTATION('',(#5494),#5498);
#5494 = LINE('',#5495,#5496);
#5495 = CARTESIAN_POINT('',(-8.,-6.));
#5496 = VECTOR('',#5497,1.);
#5497 = DIRECTION('',(1.,0.));
#5498 = ( GEOMETRIC_REPRESENTATION_CONTEXT(2) 
PARAMETRIC_REPRESENTATION_CONTEXT() REPRESENTATION_CONTEXT('2D SPACE',''
  ) );
#5499 = PCURVE('',#1270,#5500);
#5500 = DEFINITIONAL_REPRESENTATION('',(#5501),#5505);
#5501 = LINE('',#5502,#5503);
#5502 = CARTESIAN_POINT('',(3.6,0.));
#5503 = VECTOR('',#5504,1.);
#5504 = DIRECTION('',(0.,1.));
#5505 = ( GEOMETRIC_REPRESENTATION_CONTEXT(2) 
PARAMETRIC_REPRESENTATION_CONTEXT() REPRESENTATION_CONTEXT('2D SPACE',''
  ) );
#5506 = FACE_BOUND('',#5507,.T.);
#5507 = EDGE_LOOP('',(#5508));
#5508 = ORIENTED_EDGE('',*,*,#5509,.F.);
#5509 = EDGE_CURVE('',#5510,#5510,#5512,.T.);
#5510 = VERTEX_POINT('',#5511);
#5511 = CARTESIAN_POINT('',(164.3,-146.,-4.));
#5512 = SURFACE_CURVE('',#5513,(#5518,#5525),.PCURVE_S1.);
#5513 = CIRCLE('',#5514,4.3);
#5514 = AXIS2_PLACEMENT_3D('',#5515,#5516,#5517);
#5515 = CARTESIAN_POINT('',(160.,-146.,-4.));
#5516 = DIRECTION('',(0.,0.,1.));
#5517 = DIRECTION('',(1.,0.,-0.));
#5518 = PCURVE('',#1298,#5519);
#5519 = DEFINITIONAL_REPRESENTATION('',(#5520),#5524);
#5520 = CIRCLE('',#5521,4.3);
#5521 = AXIS2_PLACEMENT_2D('',#5522,#5523);
#5522 = CARTESIAN_POINT('',(0.,-2.84217094304E-14));
#5523 = DIRECTION('',(1.,0.));
#5524 = ( GEOMETRIC_REPRESENTATION_CONTEXT(2) 
PARAMETRIC_REPRESENTATION_CONTEXT() REPRESENTATION_CONTEXT('2D SPACE',''
  ) );
#5525 = PCURVE('',#5526,#5531);
#5526 = CONICAL_SURFACE('',#5527,2.25,0.785398163397);
#5527 = AXIS2_PLACEMENT_3D('',#5528,#5529,#5530);
#5528 = CARTESIAN_POINT('',(160.,-146.,-6.05));
#5529 = DIRECTION('',(0.,0.,1.));
#5530 = DIRECTION('',(1.,0.,-0.));
#5531 = DEFINITIONAL_REPRESENTATION('',(#5532),#5536);
#5532 = LINE('',#5533,#5534);
#5533 = CARTESIAN_POINT('',(0.,2.05));
#5534 = VECTOR('',#5535,1.);
#5535 = DIRECTION('',(1.,0.));
#5536 = ( GEOMETRIC_REPRESENTATION_CONTEXT(2) 
PARAMETRIC_REPRESENTATION_CONTEXT() REPRESENTATION_CONTEXT('2D SPACE',''
  ) );
#5537 = ADVANCED_FACE('',(#5538),#1270,.F.);
#5538 = FACE_BOUND('',#5539,.F.);
#5539 = EDGE_LOOP('',(#5540,#5560,#5561,#5582,#5583,#5584));
#5540 = ORIENTED_EDGE('',*,*,#5541,.F.);
#5541 = EDGE_CURVE('',#3707,#5436,#5542,.T.);
#5542 = SURFACE_CURVE('',#5543,(#5547,#5554),.PCURVE_S1.);
#5543 = LINE('',#5544,#5545);
#5544 = CARTESIAN_POINT('',(160.,-152.,-7.6));
#5545 = VECTOR('',#5546,1.);
#5546 = DIRECTION('',(0.,0.,1.));
#5547 = PCURVE('',#1270,#5548);
#5548 = DEFINITIONAL_REPRESENTATION('',(#5549),#5553);
#5549 = LINE('',#5550,#5551);
#5550 = CARTESIAN_POINT('',(0.,8.));
#5551 = VECTOR('',#5552,1.);
#5552 = DIRECTION('',(1.,0.));
#5553 = ( GEOMETRIC_REPRESENTATION_CONTEXT(2) 
PARAMETRIC_REPRESENTATION_CONTEXT() REPRESENTATION_CONTEXT('2D SPACE',''
  ) );
#5554 = PCURVE('',#3746,#5555);
#5555 = DEFINITIONAL_REPRESENTATION('',(#5556),#5559);
#5556 = B_SPLINE_CURVE_WITH_KNOTS('',1,(#5557,#5558),.UNSPECIFIED.,.F.,
  .F.,(2,2),(0.,3.6),.PIECEWISE_BEZIER_KNOTS.);
#5557 = CARTESIAN_POINT('',(-4.712388980385,0.));
#5558 = CARTESIAN_POINT('',(-4.712388980385,-3.6));
#5559 = ( GEOMETRIC_REPRESENTATION_CONTEXT(2) 
PARAMETRIC_REPRESENTATION_CONTEXT() REPRESENTATION_CONTEXT('2D SPACE',''
  ) );
#5560 = ORIENTED_EDGE('',*,*,#3706,.F.);
#5561 = ORIENTED_EDGE('',*,*,#5562,.T.);
#5562 = EDGE_CURVE('',#3679,#4357,#5563,.T.);
#5563 = SURFACE_CURVE('',#5564,(#5568,#5575),.PCURVE_S1.);
#5564 = LINE('',#5565,#5566);
#5565 = CARTESIAN_POINT('',(152.,-152.,-7.6));
#5566 = VECTOR('',#5567,1.);
#5567 = DIRECTION('',(0.,0.,1.));
#5568 = PCURVE('',#1270,#5569);
#5569 = DEFINITIONAL_REPRESENTATION('',(#5570),#5574);
#5570 = LINE('',#5571,#5572);
#5571 = CARTESIAN_POINT('',(0.,0.));
#5572 = VECTOR('',#5573,1.);
#5573 = DIRECTION('',(1.,0.));
#5574 = ( GEOMETRIC_REPRESENTATION_CONTEXT(2) 
PARAMETRIC_REPRESENTATION_CONTEXT() REPRESENTATION_CONTEXT('2D SPACE',''
  ) );
#5575 = PCURVE('',#3694,#5576);
#5576 = DEFINITIONAL_REPRESENTATION('',(#5577),#5581);
#5577 = LINE('',#5578,#5579);
#5578 = CARTESIAN_POINT('',(0.,0.));
#5579 = VECTOR('',#5580,1.);
#5580 = DIRECTION('',(1.,0.));
#5581 = ( GEOMETRIC_REPRESENTATION_CONTEXT(2) 
PARAMETRIC_REPRESENTATION_CONTEXT() REPRESENTATION_CONTEXT('2D SPACE',''
  ) );
#5582 = ORIENTED_EDGE('',*,*,#4356,.T.);
#5583 = ORIENTED_EDGE('',*,*,#1255,.T.);
#5584 = ORIENTED_EDGE('',*,*,#5486,.T.);
#5585 = ADVANCED_FACE('',(#5586),#1402,.T.);
#5586 = FACE_BOUND('',#5587,.T.);
#5587 = EDGE_LOOP('',(#5588,#5611,#5612,#5640));
#5588 = ORIENTED_EDGE('',*,*,#5589,.F.);
#5589 = EDGE_CURVE('',#1067,#5590,#5592,.T.);
#5590 = VERTEX_POINT('',#5591);
#5591 = CARTESIAN_POINT('',(57.,-150.4,1.6));
#5592 = SURFACE_CURVE('',#5593,(#5597,#5604),.PCURVE_S1.);
#5593 = LINE('',#5594,#5595);
#5594 = CARTESIAN_POINT('',(57.,-154.,1.6));
#5595 = VECTOR('',#5596,1.);
#5596 = DIRECTION('',(0.,1.,0.));
#5597 = PCURVE('',#1402,#5598);
#5598 = DEFINITIONAL_REPRESENTATION('',(#5599),#5603);
#5599 = LINE('',#5600,#5601);
#5600 = CARTESIAN_POINT('',(0.,0.));
#5601 = VECTOR('',#5602,1.);
#5602 = DIRECTION('',(0.,1.));
#5603 = ( GEOMETRIC_REPRESENTATION_CONTEXT(2) 
PARAMETRIC_REPRESENTATION_CONTEXT() REPRESENTATION_CONTEXT('2D SPACE',''
  ) );
#5604 = PCURVE('',#4858,#5605);
#5605 = DEFINITIONAL_REPRESENTATION('',(#5606),#5610);
#5606 = LINE('',#5607,#5608);
#5607 = CARTESIAN_POINT('',(0.,0.));
#5608 = VECTOR('',#5609,1.);
#5609 = DIRECTION('',(0.,-1.));
#5610 = ( GEOMETRIC_REPRESENTATION_CONTEXT(2) 
PARAMETRIC_REPRESENTATION_CONTEXT() REPRESENTATION_CONTEXT('2D SPACE',''
  ) );
#5611 = ORIENTED_EDGE('',*,*,#1388,.T.);
#5612 = ORIENTED_EDGE('',*,*,#5613,.T.);
#5613 = EDGE_CURVE('',#1366,#5614,#5616,.T.);
#5614 = VERTEX_POINT('',#5615);
#5615 = CARTESIAN_POINT('',(68.7,-150.4,1.6));
#5616 = SURFACE_CURVE('',#5617,(#5621,#5628),.PCURVE_S1.);
#5617 = LINE('',#5618,#5619);
#5618 = CARTESIAN_POINT('',(68.7,-154.,1.6));
#5619 = VECTOR('',#5620,1.);
#5620 = DIRECTION('',(0.,1.,0.));
#5621 = PCURVE('',#1402,#5622);
#5622 = DEFINITIONAL_REPRESENTATION('',(#5623),#5627);
#5623 = LINE('',#5624,#5625);
#5624 = CARTESIAN_POINT('',(11.7,0.));
#5625 = VECTOR('',#5626,1.);
#5626 = DIRECTION('',(0.,1.));
#5627 = ( GEOMETRIC_REPRESENTATION_CONTEXT(2) 
PARAMETRIC_REPRESENTATION_CONTEXT() REPRESENTATION_CONTEXT('2D SPACE',''
  ) );
#5628 = PCURVE('',#5629,#5634);
#5629 = PLANE('',#5630);
#5630 = AXIS2_PLACEMENT_3D('',#5631,#5632,#5633);
#5631 = CARTESIAN_POINT('',(68.7,-154.,1.6));
#5632 = DIRECTION('',(1.,0.,0.));
#5633 = DIRECTION('',(0.,0.,1.));
#5634 = DEFINITIONAL_REPRESENTATION('',(#5635),#5639);
#5635 = LINE('',#5636,#5637);
#5636 = CARTESIAN_POINT('',(0.,0.));
#5637 = VECTOR('',#5638,1.);
#5638 = DIRECTION('',(0.,-1.));
#5639 = ( GEOMETRIC_REPRESENTATION_CONTEXT(2) 
PARAMETRIC_REPRESENTATION_CONTEXT() REPRESENTATION_CONTEXT('2D SPACE',''
  ) );
#5640 = ORIENTED_EDGE('',*,*,#5641,.F.);
#5641 = EDGE_CURVE('',#5590,#5614,#5642,.T.);
#5642 = SURFACE_CURVE('',#5643,(#5647,#5653),.PCURVE_S1.);
#5643 = LINE('',#5644,#5645);
#5644 = CARTESIAN_POINT('',(53.3,-150.4,1.6));
#5645 = VECTOR('',#5646,1.);
#5646 = DIRECTION('',(1.,0.,0.));
#5647 = PCURVE('',#1402,#5648);
#5648 = DEFINITIONAL_REPRESENTATION('',(#5649),#5652);
#5649 = B_SPLINE_CURVE_WITH_KNOTS('',1,(#5650,#5651),.UNSPECIFIED.,.F.,
  .F.,(2,2),(3.7,15.4),.PIECEWISE_BEZIER_KNOTS.);
#5650 = CARTESIAN_POINT('',(0.,3.6));
#5651 = CARTESIAN_POINT('',(11.7,3.6));
#5652 = ( GEOMETRIC_REPRESENTATION_CONTEXT(2) 
PARAMETRIC_REPRESENTATION_CONTEXT() REPRESENTATION_CONTEXT('2D SPACE',''
  ) );
#5653 = PCURVE('',#2049,#5654);
#5654 = DEFINITIONAL_REPRESENTATION('',(#5655),#5658);
#5655 = B_SPLINE_CURVE_WITH_KNOTS('',1,(#5656,#5657),.UNSPECIFIED.,.F.,
  .F.,(2,2),(3.7,15.4),.PIECEWISE_BEZIER_KNOTS.);
#5656 = CARTESIAN_POINT('',(7.4,-1.));
#5657 = CARTESIAN_POINT('',(19.1,-1.));
#5658 = ( GEOMETRIC_REPRESENTATION_CONTEXT(2) 
PARAMETRIC_REPRESENTATION_CONTEXT() REPRESENTATION_CONTEXT('2D SPACE',''
  ) );
#5659 = ADVANCED_FACE('',(#5660),#1564,.F.);
#5660 = FACE_BOUND('',#5661,.F.);
#5661 = EDGE_LOOP('',(#5662,#5663,#5689,#5717));
#5662 = ORIENTED_EDGE('',*,*,#1550,.F.);
#5663 = ORIENTED_EDGE('',*,*,#5664,.F.);
#5664 = EDGE_CURVE('',#5665,#1418,#5667,.T.);
#5665 = VERTEX_POINT('',#5666);
#5666 = CARTESIAN_POINT('',(141.8,-151.6,10.6));
#5667 = SURFACE_CURVE('',#5668,(#5672,#5678),.PCURVE_S1.);
#5668 = LINE('',#5669,#5670);
#5669 = CARTESIAN_POINT('',(141.8,-151.6,1.6));
#5670 = VECTOR('',#5671,1.);
#5671 = DIRECTION('',(0.,0.,-1.));
#5672 = PCURVE('',#1564,#5673);
#5673 = DEFINITIONAL_REPRESENTATION('',(#5674),#5677);
#5674 = B_SPLINE_CURVE_WITH_KNOTS('',1,(#5675,#5676),.UNSPECIFIED.,.F.,
  .F.,(2,2),(-9.,0.),.PIECEWISE_BEZIER_KNOTS.);
#5675 = CARTESIAN_POINT('',(93.4,-9.));
#5676 = CARTESIAN_POINT('',(93.4,0.));
#5677 = ( GEOMETRIC_REPRESENTATION_CONTEXT(2) 
PARAMETRIC_REPRESENTATION_CONTEXT() REPRESENTATION_CONTEXT('2D SPACE',''
  ) );
#5678 = PCURVE('',#5679,#5684);
#5679 = PLANE('',#5680);
#5680 = AXIS2_PLACEMENT_3D('',#5681,#5682,#5683);
#5681 = CARTESIAN_POINT('',(141.8,-154.,1.6));
#5682 = DIRECTION('',(1.,0.,0.));
#5683 = DIRECTION('',(0.,0.,1.));
#5684 = DEFINITIONAL_REPRESENTATION('',(#5685),#5688);
#5685 = B_SPLINE_CURVE_WITH_KNOTS('',1,(#5686,#5687),.UNSPECIFIED.,.F.,
  .F.,(2,2),(-9.,0.),.PIECEWISE_BEZIER_KNOTS.);
#5686 = CARTESIAN_POINT('',(9.,-2.4));
#5687 = CARTESIAN_POINT('',(0.,-2.4));
#5688 = ( GEOMETRIC_REPRESENTATION_CONTEXT(2) 
PARAMETRIC_REPRESENTATION_CONTEXT() REPRESENTATION_CONTEXT('2D SPACE',''
  ) );
#5689 = ORIENTED_EDGE('',*,*,#5690,.T.);
#5690 = EDGE_CURVE('',#5665,#5691,#5693,.T.);
#5691 = VERTEX_POINT('',#5692);
#5692 = CARTESIAN_POINT('',(149.9,-151.6,10.6));
#5693 = SURFACE_CURVE('',#5694,(#5698,#5705),.PCURVE_S1.);
#5694 = LINE('',#5695,#5696);
#5695 = CARTESIAN_POINT('',(48.4,-151.6,10.6));
#5696 = VECTOR('',#5697,1.);
#5697 = DIRECTION('',(1.,0.,0.));
#5698 = PCURVE('',#1564,#5699);
#5699 = DEFINITIONAL_REPRESENTATION('',(#5700),#5704);
#5700 = LINE('',#5701,#5702);
#5701 = CARTESIAN_POINT('',(0.,-9.));
#5702 = VECTOR('',#5703,1.);
#5703 = DIRECTION('',(1.,0.));
#5704 = ( GEOMETRIC_REPRESENTATION_CONTEXT(2) 
PARAMETRIC_REPRESENTATION_CONTEXT() REPRESENTATION_CONTEXT('2D SPACE',''
  ) );
#5705 = PCURVE('',#5706,#5711);
#5706 = PLANE('',#5707);
#5707 = AXIS2_PLACEMENT_3D('',#5708,#5709,#5710);
#5708 = CARTESIAN_POINT('',(100.,-100.,10.6));
#5709 = DIRECTION('',(0.,0.,1.));
#5710 = DIRECTION('',(1.,0.,-0.));
#5711 = DEFINITIONAL_REPRESENTATION('',(#5712),#5716);
#5712 = LINE('',#5713,#5714);
#5713 = CARTESIAN_POINT('',(-51.6,-51.6));
#5714 = VECTOR('',#5715,1.);
#5715 = DIRECTION('',(1.,0.));
#5716 = ( GEOMETRIC_REPRESENTATION_CONTEXT(2) 
PARAMETRIC_REPRESENTATION_CONTEXT() REPRESENTATION_CONTEXT('2D SPACE',''
  ) );
#5717 = ORIENTED_EDGE('',*,*,#5718,.F.);
#5718 = EDGE_CURVE('',#1522,#5691,#5719,.T.);
#5719 = SURFACE_CURVE('',#5720,(#5724,#5731),.PCURVE_S1.);
#5720 = LINE('',#5721,#5722);
#5721 = CARTESIAN_POINT('',(149.9,-151.6,1.6));
#5722 = VECTOR('',#5723,1.);
#5723 = DIRECTION('',(0.,0.,1.));
#5724 = PCURVE('',#1564,#5725);
#5725 = DEFINITIONAL_REPRESENTATION('',(#5726),#5730);
#5726 = LINE('',#5727,#5728);
#5727 = CARTESIAN_POINT('',(101.5,0.));
#5728 = VECTOR('',#5729,1.);
#5729 = DIRECTION('',(0.,-1.));
#5730 = ( GEOMETRIC_REPRESENTATION_CONTEXT(2) 
PARAMETRIC_REPRESENTATION_CONTEXT() REPRESENTATION_CONTEXT('2D SPACE',''
  ) );
#5731 = PCURVE('',#1538,#5732);
#5732 = DEFINITIONAL_REPRESENTATION('',(#5733),#5737);
#5733 = LINE('',#5734,#5735);
#5734 = CARTESIAN_POINT('',(0.,0.));
#5735 = VECTOR('',#5736,1.);
#5736 = DIRECTION('',(0.,1.));
#5737 = ( GEOMETRIC_REPRESENTATION_CONTEXT(2) 
PARAMETRIC_REPRESENTATION_CONTEXT() REPRESENTATION_CONTEXT('2D SPACE',''
  ) );
#5738 = ADVANCED_FACE('',(#5739),#1538,.T.);
#5739 = FACE_BOUND('',#5740,.T.);
#5740 = EDGE_LOOP('',(#5741,#5742,#5765,#5787));
#5741 = ORIENTED_EDGE('',*,*,#1521,.T.);
#5742 = ORIENTED_EDGE('',*,*,#5743,.T.);
#5743 = EDGE_CURVE('',#1494,#5744,#5746,.T.);
#5744 = VERTEX_POINT('',#5745);
#5745 = CARTESIAN_POINT('',(151.6,-149.9,10.6));
#5746 = SURFACE_CURVE('',#5747,(#5751,#5758),.PCURVE_S1.);
#5747 = LINE('',#5748,#5749);
#5748 = CARTESIAN_POINT('',(151.6,-149.9,1.6));
#5749 = VECTOR('',#5750,1.);
#5750 = DIRECTION('',(0.,0.,1.));
#5751 = PCURVE('',#1538,#5752);
#5752 = DEFINITIONAL_REPRESENTATION('',(#5753),#5757);
#5753 = LINE('',#5754,#5755);
#5754 = CARTESIAN_POINT('',(1.570796326795,0.));
#5755 = VECTOR('',#5756,1.);
#5756 = DIRECTION('',(0.,1.));
#5757 = ( GEOMETRIC_REPRESENTATION_CONTEXT(2) 
PARAMETRIC_REPRESENTATION_CONTEXT() REPRESENTATION_CONTEXT('2D SPACE',''
  ) );
#5758 = PCURVE('',#1509,#5759);
#5759 = DEFINITIONAL_REPRESENTATION('',(#5760),#5764);
#5760 = LINE('',#5761,#5762);
#5761 = CARTESIAN_POINT('',(1.7,0.));
#5762 = VECTOR('',#5763,1.);
#5763 = DIRECTION('',(0.,-1.));
#5764 = ( GEOMETRIC_REPRESENTATION_CONTEXT(2) 
PARAMETRIC_REPRESENTATION_CONTEXT() REPRESENTATION_CONTEXT('2D SPACE',''
  ) );
#5765 = ORIENTED_EDGE('',*,*,#5766,.F.);
#5766 = EDGE_CURVE('',#5691,#5744,#5767,.T.);
#5767 = SURFACE_CURVE('',#5768,(#5773,#5780),.PCURVE_S1.);
#5768 = CIRCLE('',#5769,1.7);
#5769 = AXIS2_PLACEMENT_3D('',#5770,#5771,#5772);
#5770 = CARTESIAN_POINT('',(149.9,-149.9,10.6));
#5771 = DIRECTION('',(0.,0.,1.));
#5772 = DIRECTION('',(0.,-1.,0.));
#5773 = PCURVE('',#1538,#5774);
#5774 = DEFINITIONAL_REPRESENTATION('',(#5775),#5779);
#5775 = LINE('',#5776,#5777);
#5776 = CARTESIAN_POINT('',(0.,9.));
#5777 = VECTOR('',#5778,1.);
#5778 = DIRECTION('',(1.,0.));
#5779 = ( GEOMETRIC_REPRESENTATION_CONTEXT(2) 
PARAMETRIC_REPRESENTATION_CONTEXT() REPRESENTATION_CONTEXT('2D SPACE',''
  ) );
#5780 = PCURVE('',#5706,#5781);
#5781 = DEFINITIONAL_REPRESENTATION('',(#5782),#5786);
#5782 = CIRCLE('',#5783,1.7);
#5783 = AXIS2_PLACEMENT_2D('',#5784,#5785);
#5784 = CARTESIAN_POINT('',(49.9,-49.9));
#5785 = DIRECTION('',(0.,-1.));
#5786 = ( GEOMETRIC_REPRESENTATION_CONTEXT(2) 
PARAMETRIC_REPRESENTATION_CONTEXT() REPRESENTATION_CONTEXT('2D SPACE',''
  ) );
#5787 = ORIENTED_EDGE('',*,*,#5718,.F.);
#5788 = ADVANCED_FACE('',(#5789,#5840),#1509,.F.);
#5789 = FACE_BOUND('',#5790,.F.);
#5790 = EDGE_LOOP('',(#5791,#5792,#5793,#5816));
#5791 = ORIENTED_EDGE('',*,*,#1493,.F.);
#5792 = ORIENTED_EDGE('',*,*,#5743,.T.);
#5793 = ORIENTED_EDGE('',*,*,#5794,.T.);
#5794 = EDGE_CURVE('',#5744,#5795,#5797,.T.);
#5795 = VERTEX_POINT('',#5796);
#5796 = CARTESIAN_POINT('',(151.6,-122.7,10.6));
#5797 = SURFACE_CURVE('',#5798,(#5802,#5809),.PCURVE_S1.);
#5798 = LINE('',#5799,#5800);
#5799 = CARTESIAN_POINT('',(151.6,-151.6,10.6));
#5800 = VECTOR('',#5801,1.);
#5801 = DIRECTION('',(0.,1.,0.));
#5802 = PCURVE('',#1509,#5803);
#5803 = DEFINITIONAL_REPRESENTATION('',(#5804),#5808);
#5804 = LINE('',#5805,#5806);
#5805 = CARTESIAN_POINT('',(0.,-9.));
#5806 = VECTOR('',#5807,1.);
#5807 = DIRECTION('',(1.,0.));
#5808 = ( GEOMETRIC_REPRESENTATION_CONTEXT(2) 
PARAMETRIC_REPRESENTATION_CONTEXT() REPRESENTATION_CONTEXT('2D SPACE',''
  ) );
#5809 = PCURVE('',#5706,#5810);
#5810 = DEFINITIONAL_REPRESENTATION('',(#5811),#5815);
#5811 = LINE('',#5812,#5813);
#5812 = CARTESIAN_POINT('',(51.6,-51.6));
#5813 = VECTOR('',#5814,1.);
#5814 = DIRECTION('',(0.,1.));
#5815 = ( GEOMETRIC_REPRESENTATION_CONTEXT(2) 
PARAMETRIC_REPRESENTATION_CONTEXT() REPRESENTATION_CONTEXT('2D SPACE',''
  ) );
#5816 = ORIENTED_EDGE('',*,*,#5817,.T.);
#5817 = EDGE_CURVE('',#5795,#1466,#5818,.T.);
#5818 = SURFACE_CURVE('',#5819,(#5823,#5829),.PCURVE_S1.);
#5819 = LINE('',#5820,#5821);
#5820 = CARTESIAN_POINT('',(151.6,-122.7,1.6));
#5821 = VECTOR('',#5822,1.);
#5822 = DIRECTION('',(0.,0.,-1.));
#5823 = PCURVE('',#1509,#5824);
#5824 = DEFINITIONAL_REPRESENTATION('',(#5825),#5828);
#5825 = B_SPLINE_CURVE_WITH_KNOTS('',1,(#5826,#5827),.UNSPECIFIED.,.F.,
  .F.,(2,2),(-9.,0.),.PIECEWISE_BEZIER_KNOTS.);
#5826 = CARTESIAN_POINT('',(28.9,-9.));
#5827 = CARTESIAN_POINT('',(28.9,0.));
#5828 = ( GEOMETRIC_REPRESENTATION_CONTEXT(2) 
PARAMETRIC_REPRESENTATION_CONTEXT() REPRESENTATION_CONTEXT('2D SPACE',''
  ) );
#5829 = PCURVE('',#5830,#5835);
#5830 = PLANE('',#5831);
#5831 = AXIS2_PLACEMENT_3D('',#5832,#5833,#5834);
#5832 = CARTESIAN_POINT('',(150.35,-122.7,1.6));
#5833 = DIRECTION('',(0.,1.,0.));
#5834 = DIRECTION('',(0.,0.,1.));
#5835 = DEFINITIONAL_REPRESENTATION('',(#5836),#5839);
#5836 = B_SPLINE_CURVE_WITH_KNOTS('',1,(#5837,#5838),.UNSPECIFIED.,.F.,
  .F.,(2,2),(-9.,0.),.PIECEWISE_BEZIER_KNOTS.);
#5837 = CARTESIAN_POINT('',(9.,1.25));
#5838 = CARTESIAN_POINT('',(0.,1.25));
#5839 = ( GEOMETRIC_REPRESENTATION_CONTEXT(2) 
PARAMETRIC_REPRESENTATION_CONTEXT() REPRESENTATION_CONTEXT('2D SPACE',''
  ) );
#5840 = FACE_BOUND('',#5841,.F.);
#5841 = EDGE_LOOP('',(#5842,#5870,#5898,#5924));
#5842 = ORIENTED_EDGE('',*,*,#5843,.F.);
#5843 = EDGE_CURVE('',#5844,#5846,#5848,.T.);
#5844 = VERTEX_POINT('',#5845);
#5845 = CARTESIAN_POINT('',(151.6,-136.7,5.133333333333));
#5846 = VERTEX_POINT('',#5847);
#5847 = CARTESIAN_POINT('',(151.6,-136.7,8.2));
#5848 = SURFACE_CURVE('',#5849,(#5853,#5859),.PCURVE_S1.);
#5849 = LINE('',#5850,#5851);
#5850 = CARTESIAN_POINT('',(151.6,-136.7,4.135508138897));
#5851 = VECTOR('',#5852,1.);
#5852 = DIRECTION('',(0.,-0.,1.));
#5853 = PCURVE('',#1509,#5854);
#5854 = DEFINITIONAL_REPRESENTATION('',(#5855),#5858);
#5855 = B_SPLINE_CURVE_WITH_KNOTS('',1,(#5856,#5857),.UNSPECIFIED.,.F.,
  .F.,(2,2),(0.997825194436,4.064491861103),.PIECEWISE_BEZIER_KNOTS.);
#5856 = CARTESIAN_POINT('',(14.9,-3.533333333333));
#5857 = CARTESIAN_POINT('',(14.9,-6.6));
#5858 = ( GEOMETRIC_REPRESENTATION_CONTEXT(2) 
PARAMETRIC_REPRESENTATION_CONTEXT() REPRESENTATION_CONTEXT('2D SPACE',''
  ) );
#5859 = PCURVE('',#5860,#5865);
#5860 = PLANE('',#5861);
#5861 = AXIS2_PLACEMENT_3D('',#5862,#5863,#5864);
#5862 = CARTESIAN_POINT('',(151.67150574922,-136.7,6.671016277795));
#5863 = DIRECTION('',(-1.110223024625E-16,-1.,-0.));
#5864 = DIRECTION('',(0.,0.,-1.));
#5865 = DEFINITIONAL_REPRESENTATION('',(#5866),#5869);
#5866 = B_SPLINE_CURVE_WITH_KNOTS('',1,(#5867,#5868),.UNSPECIFIED.,.F.,
  .F.,(2,2),(0.997825194436,4.064491861103),.PIECEWISE_BEZIER_KNOTS.);
#5867 = CARTESIAN_POINT('',(1.537682944461,-7.150574922721E-02));
#5868 = CARTESIAN_POINT('',(-1.528983722205,-7.150574922721E-02));
#5869 = ( GEOMETRIC_REPRESENTATION_CONTEXT(2) 
PARAMETRIC_REPRESENTATION_CONTEXT() REPRESENTATION_CONTEXT('2D SPACE',''
  ) );
#5870 = ORIENTED_EDGE('',*,*,#5871,.T.);
#5871 = EDGE_CURVE('',#5844,#5872,#5874,.T.);
#5872 = VERTEX_POINT('',#5873);
#5873 = CARTESIAN_POINT('',(151.6,-131.3,5.133333333333));
#5874 = SURFACE_CURVE('',#5875,(#5879,#5886),.PCURVE_S1.);
#5875 = LINE('',#5876,#5877);
#5876 = CARTESIAN_POINT('',(151.6,-136.7,5.133333333333));
#5877 = VECTOR('',#5878,1.);
#5878 = DIRECTION('',(1.110223024625E-16,1.,0.));
#5879 = PCURVE('',#1509,#5880);
#5880 = DEFINITIONAL_REPRESENTATION('',(#5881),#5885);
#5881 = LINE('',#5882,#5883);
#5882 = CARTESIAN_POINT('',(14.9,-3.533333333333));
#5883 = VECTOR('',#5884,1.);
#5884 = DIRECTION('',(1.,0.));
#5885 = ( GEOMETRIC_REPRESENTATION_CONTEXT(2) 
PARAMETRIC_REPRESENTATION_CONTEXT() REPRESENTATION_CONTEXT('2D SPACE',''
  ) );
#5886 = PCURVE('',#5887,#5892);
#5887 = PLANE('',#5888);
#5888 = AXIS2_PLACEMENT_3D('',#5889,#5890,#5891);
#5889 = CARTESIAN_POINT('',(151.6,-136.7,5.133333333333));
#5890 = DIRECTION('',(0.919145030018,-1.020455975296E-16,-0.393919298579
    ));
#5891 = DIRECTION('',(0.393919298579,-4.373382751268E-17,0.919145030018)
  );
#5892 = DEFINITIONAL_REPRESENTATION('',(#5893),#5897);
#5893 = LINE('',#5894,#5895);
#5894 = CARTESIAN_POINT('',(0.,0.));
#5895 = VECTOR('',#5896,1.);
#5896 = DIRECTION('',(0.,-1.));
#5897 = ( GEOMETRIC_REPRESENTATION_CONTEXT(2) 
PARAMETRIC_REPRESENTATION_CONTEXT() REPRESENTATION_CONTEXT('2D SPACE',''
  ) );
#5898 = ORIENTED_EDGE('',*,*,#5899,.T.);
#5899 = EDGE_CURVE('',#5872,#5900,#5902,.T.);
#5900 = VERTEX_POINT('',#5901);
#5901 = CARTESIAN_POINT('',(151.6,-131.3,8.2));
#5902 = SURFACE_CURVE('',#5903,(#5907,#5913),.PCURVE_S1.);
#5903 = LINE('',#5904,#5905);
#5904 = CARTESIAN_POINT('',(151.6,-131.3,4.135508138897));
#5905 = VECTOR('',#5906,1.);
#5906 = DIRECTION('',(0.,-0.,1.));
#5907 = PCURVE('',#1509,#5908);
#5908 = DEFINITIONAL_REPRESENTATION('',(#5909),#5912);
#5909 = B_SPLINE_CURVE_WITH_KNOTS('',1,(#5910,#5911),.UNSPECIFIED.,.F.,
  .F.,(2,2),(0.997825194436,4.064491861103),.PIECEWISE_BEZIER_KNOTS.);
#5910 = CARTESIAN_POINT('',(20.3,-3.533333333333));
#5911 = CARTESIAN_POINT('',(20.3,-6.6));
#5912 = ( GEOMETRIC_REPRESENTATION_CONTEXT(2) 
PARAMETRIC_REPRESENTATION_CONTEXT() REPRESENTATION_CONTEXT('2D SPACE',''
  ) );
#5913 = PCURVE('',#5914,#5919);
#5914 = PLANE('',#5915);
#5915 = AXIS2_PLACEMENT_3D('',#5916,#5917,#5918);
#5916 = CARTESIAN_POINT('',(151.67150574922,-131.3,6.671016277795));
#5917 = DIRECTION('',(-1.110223024625E-16,-1.,-0.));
#5918 = DIRECTION('',(0.,0.,-1.));
#5919 = DEFINITIONAL_REPRESENTATION('',(#5920),#5923);
#5920 = B_SPLINE_CURVE_WITH_KNOTS('',1,(#5921,#5922),.UNSPECIFIED.,.F.,
  .F.,(2,2),(0.997825194436,4.064491861103),.PIECEWISE_BEZIER_KNOTS.);
#5921 = CARTESIAN_POINT('',(1.537682944461,-7.150574922721E-02));
#5922 = CARTESIAN_POINT('',(-1.528983722205,-7.150574922721E-02));
#5923 = ( GEOMETRIC_REPRESENTATION_CONTEXT(2) 
PARAMETRIC_REPRESENTATION_CONTEXT() REPRESENTATION_CONTEXT('2D SPACE',''
  ) );
#5924 = ORIENTED_EDGE('',*,*,#5925,.F.);
#5925 = EDGE_CURVE('',#5846,#5900,#5926,.T.);
#5926 = SURFACE_CURVE('',#5927,(#5931,#5938),.PCURVE_S1.);
#5927 = LINE('',#5928,#5929);
#5928 = CARTESIAN_POINT('',(151.6,-136.7,8.2));
#5929 = VECTOR('',#5930,1.);
#5930 = DIRECTION('',(1.110223024625E-16,1.,0.));
#5931 = PCURVE('',#1509,#5932);
#5932 = DEFINITIONAL_REPRESENTATION('',(#5933),#5937);
#5933 = LINE('',#5934,#5935);
#5934 = CARTESIAN_POINT('',(14.9,-6.6));
#5935 = VECTOR('',#5936,1.);
#5936 = DIRECTION('',(1.,0.));
#5937 = ( GEOMETRIC_REPRESENTATION_CONTEXT(2) 
PARAMETRIC_REPRESENTATION_CONTEXT() REPRESENTATION_CONTEXT('2D SPACE',''
  ) );
#5938 = PCURVE('',#5939,#5944);
#5939 = PLANE('',#5940);
#5940 = AXIS2_PLACEMENT_3D('',#5941,#5942,#5943);
#5941 = CARTESIAN_POINT('',(152.2,-136.7,7.));
#5942 = DIRECTION('',(0.894427191,-9.930136612989E-17,0.4472135955));
#5943 = DIRECTION('',(-0.4472135955,4.965068306495E-17,0.894427191));
#5944 = DEFINITIONAL_REPRESENTATION('',(#5945),#5949);
#5945 = LINE('',#5946,#5947);
#5946 = CARTESIAN_POINT('',(1.3416407865,6.661338147751E-17));
#5947 = VECTOR('',#5948,1.);
#5948 = DIRECTION('',(0.,-1.));
#5949 = ( GEOMETRIC_REPRESENTATION_CONTEXT(2) 
PARAMETRIC_REPRESENTATION_CONTEXT() REPRESENTATION_CONTEXT('2D SPACE',''
  ) );
#5950 = ADVANCED_FACE('',(#5951),#1481,.T.);
#5951 = FACE_BOUND('',#5952,.T.);
#5952 = EDGE_LOOP('',(#5953,#5954,#5955,#5978));
#5953 = ORIENTED_EDGE('',*,*,#1465,.T.);
#5954 = ORIENTED_EDGE('',*,*,#4895,.T.);
#5955 = ORIENTED_EDGE('',*,*,#5956,.F.);
#5956 = EDGE_CURVE('',#5957,#4896,#5959,.T.);
#5957 = VERTEX_POINT('',#5958);
#5958 = CARTESIAN_POINT('',(151.6,-114.2,1.6));
#5959 = SURFACE_CURVE('',#5960,(#5964,#5971),.PCURVE_S1.);
#5960 = LINE('',#5961,#5962);
#5961 = CARTESIAN_POINT('',(150.35,-114.2,1.6));
#5962 = VECTOR('',#5963,1.);
#5963 = DIRECTION('',(1.,0.,0.));
#5964 = PCURVE('',#1481,#5965);
#5965 = DEFINITIONAL_REPRESENTATION('',(#5966),#5970);
#5966 = LINE('',#5967,#5968);
#5967 = CARTESIAN_POINT('',(50.35,-14.2));
#5968 = VECTOR('',#5969,1.);
#5969 = DIRECTION('',(1.,0.));
#5970 = ( GEOMETRIC_REPRESENTATION_CONTEXT(2) 
PARAMETRIC_REPRESENTATION_CONTEXT() REPRESENTATION_CONTEXT('2D SPACE',''
  ) );
#5971 = PCURVE('',#4934,#5972);
#5972 = DEFINITIONAL_REPRESENTATION('',(#5973),#5977);
#5973 = LINE('',#5974,#5975);
#5974 = CARTESIAN_POINT('',(50.35,-14.2));
#5975 = VECTOR('',#5976,1.);
#5976 = DIRECTION('',(1.,0.));
#5977 = ( GEOMETRIC_REPRESENTATION_CONTEXT(2) 
PARAMETRIC_REPRESENTATION_CONTEXT() REPRESENTATION_CONTEXT('2D SPACE',''
  ) );
#5978 = ORIENTED_EDGE('',*,*,#5979,.F.);
#5979 = EDGE_CURVE('',#1466,#5957,#5980,.T.);
#5980 = SURFACE_CURVE('',#5981,(#5985,#5992),.PCURVE_S1.);
#5981 = LINE('',#5982,#5983);
#5982 = CARTESIAN_POINT('',(151.6,-151.6,1.6));
#5983 = VECTOR('',#5984,1.);
#5984 = DIRECTION('',(0.,1.,0.));
#5985 = PCURVE('',#1481,#5986);
#5986 = DEFINITIONAL_REPRESENTATION('',(#5987),#5991);
#5987 = LINE('',#5988,#5989);
#5988 = CARTESIAN_POINT('',(51.6,-51.6));
#5989 = VECTOR('',#5990,1.);
#5990 = DIRECTION('',(0.,1.));
#5991 = ( GEOMETRIC_REPRESENTATION_CONTEXT(2) 
PARAMETRIC_REPRESENTATION_CONTEXT() REPRESENTATION_CONTEXT('2D SPACE',''
  ) );
#5992 = PCURVE('',#5993,#5998);
#5993 = PLANE('',#5994);
#5994 = AXIS2_PLACEMENT_3D('',#5995,#5996,#5997);
#5995 = CARTESIAN_POINT('',(150.35,-122.7,1.6));
#5996 = DIRECTION('',(0.,0.,1.));
#5997 = DIRECTION('',(1.,0.,0.));
#5998 = DEFINITIONAL_REPRESENTATION('',(#5999),#6003);
#5999 = LINE('',#6000,#6001);
#6000 = CARTESIAN_POINT('',(1.25,-28.9));
#6001 = VECTOR('',#6002,1.);
#6002 = DIRECTION('',(0.,1.));
#6003 = ( GEOMETRIC_REPRESENTATION_CONTEXT(2) 
PARAMETRIC_REPRESENTATION_CONTEXT() REPRESENTATION_CONTEXT('2D SPACE',''
  ) );
#6004 = ADVANCED_FACE('',(#6005),#1618,.F.);
#6005 = FACE_BOUND('',#6006,.F.);
#6006 = EDGE_LOOP('',(#6007,#6008,#6029,#6057));
#6007 = ORIENTED_EDGE('',*,*,#1604,.F.);
#6008 = ORIENTED_EDGE('',*,*,#6009,.F.);
#6009 = EDGE_CURVE('',#6010,#1366,#6012,.T.);
#6010 = VERTEX_POINT('',#6011);
#6011 = CARTESIAN_POINT('',(68.7,-151.6,10.6));
#6012 = SURFACE_CURVE('',#6013,(#6017,#6023),.PCURVE_S1.);
#6013 = LINE('',#6014,#6015);
#6014 = CARTESIAN_POINT('',(68.7,-151.6,1.6));
#6015 = VECTOR('',#6016,1.);
#6016 = DIRECTION('',(0.,0.,-1.));
#6017 = PCURVE('',#1618,#6018);
#6018 = DEFINITIONAL_REPRESENTATION('',(#6019),#6022);
#6019 = B_SPLINE_CURVE_WITH_KNOTS('',1,(#6020,#6021),.UNSPECIFIED.,.F.,
  .F.,(2,2),(-9.,0.),.PIECEWISE_BEZIER_KNOTS.);
#6020 = CARTESIAN_POINT('',(20.3,-9.));
#6021 = CARTESIAN_POINT('',(20.3,0.));
#6022 = ( GEOMETRIC_REPRESENTATION_CONTEXT(2) 
PARAMETRIC_REPRESENTATION_CONTEXT() REPRESENTATION_CONTEXT('2D SPACE',''
  ) );
#6023 = PCURVE('',#5629,#6024);
#6024 = DEFINITIONAL_REPRESENTATION('',(#6025),#6028);
#6025 = B_SPLINE_CURVE_WITH_KNOTS('',1,(#6026,#6027),.UNSPECIFIED.,.F.,
  .F.,(2,2),(-9.,0.),.PIECEWISE_BEZIER_KNOTS.);
#6026 = CARTESIAN_POINT('',(9.,-2.4));
#6027 = CARTESIAN_POINT('',(0.,-2.4));
#6028 = ( GEOMETRIC_REPRESENTATION_CONTEXT(2) 
PARAMETRIC_REPRESENTATION_CONTEXT() REPRESENTATION_CONTEXT('2D SPACE',''
  ) );
#6029 = ORIENTED_EDGE('',*,*,#6030,.T.);
#6030 = EDGE_CURVE('',#6010,#6031,#6033,.T.);
#6031 = VERTEX_POINT('',#6032);
#6032 = CARTESIAN_POINT('',(74.,-151.6,10.6));
#6033 = SURFACE_CURVE('',#6034,(#6038,#6045),.PCURVE_S1.);
#6034 = LINE('',#6035,#6036);
#6035 = CARTESIAN_POINT('',(48.4,-151.6,10.6));
#6036 = VECTOR('',#6037,1.);
#6037 = DIRECTION('',(1.,0.,0.));
#6038 = PCURVE('',#1618,#6039);
#6039 = DEFINITIONAL_REPRESENTATION('',(#6040),#6044);
#6040 = LINE('',#6041,#6042);
#6041 = CARTESIAN_POINT('',(0.,-9.));
#6042 = VECTOR('',#6043,1.);
#6043 = DIRECTION('',(1.,0.));
#6044 = ( GEOMETRIC_REPRESENTATION_CONTEXT(2) 
PARAMETRIC_REPRESENTATION_CONTEXT() REPRESENTATION_CONTEXT('2D SPACE',''
  ) );
#6045 = PCURVE('',#6046,#6051);
#6046 = PLANE('',#6047);
#6047 = AXIS2_PLACEMENT_3D('',#6048,#6049,#6050);
#6048 = CARTESIAN_POINT('',(100.,-100.,10.6));
#6049 = DIRECTION('',(0.,0.,1.));
#6050 = DIRECTION('',(1.,0.,-0.));
#6051 = DEFINITIONAL_REPRESENTATION('',(#6052),#6056);
#6052 = LINE('',#6053,#6054);
#6053 = CARTESIAN_POINT('',(-51.6,-51.6));
#6054 = VECTOR('',#6055,1.);
#6055 = DIRECTION('',(1.,0.));
#6056 = ( GEOMETRIC_REPRESENTATION_CONTEXT(2) 
PARAMETRIC_REPRESENTATION_CONTEXT() REPRESENTATION_CONTEXT('2D SPACE',''
  ) );
#6057 = ORIENTED_EDGE('',*,*,#6058,.T.);
#6058 = EDGE_CURVE('',#6031,#1582,#6059,.T.);
#6059 = SURFACE_CURVE('',#6060,(#6064,#6070),.PCURVE_S1.);
#6060 = LINE('',#6061,#6062);
#6061 = CARTESIAN_POINT('',(74.,-151.6,1.6));
#6062 = VECTOR('',#6063,1.);
#6063 = DIRECTION('',(0.,0.,-1.));
#6064 = PCURVE('',#1618,#6065);
#6065 = DEFINITIONAL_REPRESENTATION('',(#6066),#6069);
#6066 = B_SPLINE_CURVE_WITH_KNOTS('',1,(#6067,#6068),.UNSPECIFIED.,.F.,
  .F.,(2,2),(-9.,0.),.PIECEWISE_BEZIER_KNOTS.);
#6067 = CARTESIAN_POINT('',(25.6,-9.));
#6068 = CARTESIAN_POINT('',(25.6,0.));
#6069 = ( GEOMETRIC_REPRESENTATION_CONTEXT(2) 
PARAMETRIC_REPRESENTATION_CONTEXT() REPRESENTATION_CONTEXT('2D SPACE',''
  ) );
#6070 = PCURVE('',#6071,#6076);
#6071 = PLANE('',#6072);
#6072 = AXIS2_PLACEMENT_3D('',#6073,#6074,#6075);
#6073 = CARTESIAN_POINT('',(74.,-154.,1.6));
#6074 = DIRECTION('',(1.,0.,0.));
#6075 = DIRECTION('',(0.,0.,1.));
#6076 = DEFINITIONAL_REPRESENTATION('',(#6077),#6080);
#6077 = B_SPLINE_CURVE_WITH_KNOTS('',1,(#6078,#6079),.UNSPECIFIED.,.F.,
  .F.,(2,2),(-9.,0.),.PIECEWISE_BEZIER_KNOTS.);
#6078 = CARTESIAN_POINT('',(9.,-2.4));
#6079 = CARTESIAN_POINT('',(0.,-2.4));
#6080 = ( GEOMETRIC_REPRESENTATION_CONTEXT(2) 
PARAMETRIC_REPRESENTATION_CONTEXT() REPRESENTATION_CONTEXT('2D SPACE',''
  ) );
#6081 = ADVANCED_FACE('',(#6082),#1672,.T.);
#6082 = FACE_BOUND('',#6083,.T.);
#6083 = EDGE_LOOP('',(#6084,#6112,#6113,#6136));
#6084 = ORIENTED_EDGE('',*,*,#6085,.F.);
#6085 = EDGE_CURVE('',#1634,#6086,#6088,.T.);
#6086 = VERTEX_POINT('',#6087);
#6087 = CARTESIAN_POINT('',(126.3,-150.4,1.6));
#6088 = SURFACE_CURVE('',#6089,(#6093,#6100),.PCURVE_S1.);
#6089 = LINE('',#6090,#6091);
#6090 = CARTESIAN_POINT('',(126.3,-154.,1.6));
#6091 = VECTOR('',#6092,1.);
#6092 = DIRECTION('',(0.,1.,0.));
#6093 = PCURVE('',#1672,#6094);
#6094 = DEFINITIONAL_REPRESENTATION('',(#6095),#6099);
#6095 = LINE('',#6096,#6097);
#6096 = CARTESIAN_POINT('',(0.,0.));
#6097 = VECTOR('',#6098,1.);
#6098 = DIRECTION('',(0.,1.));
#6099 = ( GEOMETRIC_REPRESENTATION_CONTEXT(2) 
PARAMETRIC_REPRESENTATION_CONTEXT() REPRESENTATION_CONTEXT('2D SPACE',''
  ) );
#6100 = PCURVE('',#6101,#6106);
#6101 = PLANE('',#6102);
#6102 = AXIS2_PLACEMENT_3D('',#6103,#6104,#6105);
#6103 = CARTESIAN_POINT('',(126.3,-154.,1.6));
#6104 = DIRECTION('',(1.,0.,0.));
#6105 = DIRECTION('',(0.,0.,1.));
#6106 = DEFINITIONAL_REPRESENTATION('',(#6107),#6111);
#6107 = LINE('',#6108,#6109);
#6108 = CARTESIAN_POINT('',(0.,0.));
#6109 = VECTOR('',#6110,1.);
#6110 = DIRECTION('',(0.,-1.));
#6111 = ( GEOMETRIC_REPRESENTATION_CONTEXT(2) 
PARAMETRIC_REPRESENTATION_CONTEXT() REPRESENTATION_CONTEXT('2D SPACE',''
  ) );
#6112 = ORIENTED_EDGE('',*,*,#1658,.T.);
#6113 = ORIENTED_EDGE('',*,*,#6114,.T.);
#6114 = EDGE_CURVE('',#1418,#6115,#6117,.T.);
#6115 = VERTEX_POINT('',#6116);
#6116 = CARTESIAN_POINT('',(141.8,-150.4,1.6));
#6117 = SURFACE_CURVE('',#6118,(#6122,#6129),.PCURVE_S1.);
#6118 = LINE('',#6119,#6120);
#6119 = CARTESIAN_POINT('',(141.8,-154.,1.6));
#6120 = VECTOR('',#6121,1.);
#6121 = DIRECTION('',(0.,1.,0.));
#6122 = PCURVE('',#1672,#6123);
#6123 = DEFINITIONAL_REPRESENTATION('',(#6124),#6128);
#6124 = LINE('',#6125,#6126);
#6125 = CARTESIAN_POINT('',(15.5,0.));
#6126 = VECTOR('',#6127,1.);
#6127 = DIRECTION('',(0.,1.));
#6128 = ( GEOMETRIC_REPRESENTATION_CONTEXT(2) 
PARAMETRIC_REPRESENTATION_CONTEXT() REPRESENTATION_CONTEXT('2D SPACE',''
  ) );
#6129 = PCURVE('',#5679,#6130);
#6130 = DEFINITIONAL_REPRESENTATION('',(#6131),#6135);
#6131 = LINE('',#6132,#6133);
#6132 = CARTESIAN_POINT('',(0.,0.));
#6133 = VECTOR('',#6134,1.);
#6134 = DIRECTION('',(0.,-1.));
#6135 = ( GEOMETRIC_REPRESENTATION_CONTEXT(2) 
PARAMETRIC_REPRESENTATION_CONTEXT() REPRESENTATION_CONTEXT('2D SPACE',''
  ) );
#6136 = ORIENTED_EDGE('',*,*,#6137,.F.);
#6137 = EDGE_CURVE('',#6086,#6115,#6138,.T.);
#6138 = SURFACE_CURVE('',#6139,(#6143,#6149),.PCURVE_S1.);
#6139 = LINE('',#6140,#6141);
#6140 = CARTESIAN_POINT('',(87.95,-150.4,1.6));
#6141 = VECTOR('',#6142,1.);
#6142 = DIRECTION('',(1.,0.,0.));
#6143 = PCURVE('',#1672,#6144);
#6144 = DEFINITIONAL_REPRESENTATION('',(#6145),#6148);
#6145 = B_SPLINE_CURVE_WITH_KNOTS('',1,(#6146,#6147),.UNSPECIFIED.,.F.,
  .F.,(2,2),(38.35,53.85),.PIECEWISE_BEZIER_KNOTS.);
#6146 = CARTESIAN_POINT('',(0.,3.6));
#6147 = CARTESIAN_POINT('',(15.5,3.6));
#6148 = ( GEOMETRIC_REPRESENTATION_CONTEXT(2) 
PARAMETRIC_REPRESENTATION_CONTEXT() REPRESENTATION_CONTEXT('2D SPACE',''
  ) );
#6149 = PCURVE('',#2049,#6150);
#6150 = DEFINITIONAL_REPRESENTATION('',(#6151),#6154);
#6151 = B_SPLINE_CURVE_WITH_KNOTS('',1,(#6152,#6153),.UNSPECIFIED.,.F.,
  .F.,(2,2),(38.35,53.85),.PIECEWISE_BEZIER_KNOTS.);
#6152 = CARTESIAN_POINT('',(76.7,-1.));
#6153 = CARTESIAN_POINT('',(92.2,-1.));
#6154 = ( GEOMETRIC_REPRESENTATION_CONTEXT(2) 
PARAMETRIC_REPRESENTATION_CONTEXT() REPRESENTATION_CONTEXT('2D SPACE',''
  ) );
#6155 = ADVANCED_FACE('',(#6156),#1726,.T.);
#6156 = FACE_BOUND('',#6157,.T.);
#6157 = EDGE_LOOP('',(#6158,#6181,#6182,#6210));
#6158 = ORIENTED_EDGE('',*,*,#6159,.F.);
#6159 = EDGE_CURVE('',#1582,#6160,#6162,.T.);
#6160 = VERTEX_POINT('',#6161);
#6161 = CARTESIAN_POINT('',(74.,-150.4,1.6));
#6162 = SURFACE_CURVE('',#6163,(#6167,#6174),.PCURVE_S1.);
#6163 = LINE('',#6164,#6165);
#6164 = CARTESIAN_POINT('',(74.,-154.,1.6));
#6165 = VECTOR('',#6166,1.);
#6166 = DIRECTION('',(0.,1.,0.));
#6167 = PCURVE('',#1726,#6168);
#6168 = DEFINITIONAL_REPRESENTATION('',(#6169),#6173);
#6169 = LINE('',#6170,#6171);
#6170 = CARTESIAN_POINT('',(0.,0.));
#6171 = VECTOR('',#6172,1.);
#6172 = DIRECTION('',(0.,1.));
#6173 = ( GEOMETRIC_REPRESENTATION_CONTEXT(2) 
PARAMETRIC_REPRESENTATION_CONTEXT() REPRESENTATION_CONTEXT('2D SPACE',''
  ) );
#6174 = PCURVE('',#6071,#6175);
#6175 = DEFINITIONAL_REPRESENTATION('',(#6176),#6180);
#6176 = LINE('',#6177,#6178);
#6177 = CARTESIAN_POINT('',(0.,0.));
#6178 = VECTOR('',#6179,1.);
#6179 = DIRECTION('',(0.,-1.));
#6180 = ( GEOMETRIC_REPRESENTATION_CONTEXT(2) 
PARAMETRIC_REPRESENTATION_CONTEXT() REPRESENTATION_CONTEXT('2D SPACE',''
  ) );
#6181 = ORIENTED_EDGE('',*,*,#1712,.T.);
#6182 = ORIENTED_EDGE('',*,*,#6183,.T.);
#6183 = EDGE_CURVE('',#1690,#6184,#6186,.T.);
#6184 = VERTEX_POINT('',#6185);
#6185 = CARTESIAN_POINT('',(85.7,-150.4,1.6));
#6186 = SURFACE_CURVE('',#6187,(#6191,#6198),.PCURVE_S1.);
#6187 = LINE('',#6188,#6189);
#6188 = CARTESIAN_POINT('',(85.7,-154.,1.6));
#6189 = VECTOR('',#6190,1.);
#6190 = DIRECTION('',(0.,1.,0.));
#6191 = PCURVE('',#1726,#6192);
#6192 = DEFINITIONAL_REPRESENTATION('',(#6193),#6197);
#6193 = LINE('',#6194,#6195);
#6194 = CARTESIAN_POINT('',(11.7,0.));
#6195 = VECTOR('',#6196,1.);
#6196 = DIRECTION('',(0.,1.));
#6197 = ( GEOMETRIC_REPRESENTATION_CONTEXT(2) 
PARAMETRIC_REPRESENTATION_CONTEXT() REPRESENTATION_CONTEXT('2D SPACE',''
  ) );
#6198 = PCURVE('',#6199,#6204);
#6199 = PLANE('',#6200);
#6200 = AXIS2_PLACEMENT_3D('',#6201,#6202,#6203);
#6201 = CARTESIAN_POINT('',(85.7,-154.,1.6));
#6202 = DIRECTION('',(1.,0.,0.));
#6203 = DIRECTION('',(0.,0.,1.));
#6204 = DEFINITIONAL_REPRESENTATION('',(#6205),#6209);
#6205 = LINE('',#6206,#6207);
#6206 = CARTESIAN_POINT('',(0.,0.));
#6207 = VECTOR('',#6208,1.);
#6208 = DIRECTION('',(0.,-1.));
#6209 = ( GEOMETRIC_REPRESENTATION_CONTEXT(2) 
PARAMETRIC_REPRESENTATION_CONTEXT() REPRESENTATION_CONTEXT('2D SPACE',''
  ) );
#6210 = ORIENTED_EDGE('',*,*,#6211,.F.);
#6211 = EDGE_CURVE('',#6160,#6184,#6212,.T.);
#6212 = SURFACE_CURVE('',#6213,(#6217,#6223),.PCURVE_S1.);
#6213 = LINE('',#6214,#6215);
#6214 = CARTESIAN_POINT('',(61.8,-150.4,1.6));
#6215 = VECTOR('',#6216,1.);
#6216 = DIRECTION('',(1.,0.,0.));
#6217 = PCURVE('',#1726,#6218);
#6218 = DEFINITIONAL_REPRESENTATION('',(#6219),#6222);
#6219 = B_SPLINE_CURVE_WITH_KNOTS('',1,(#6220,#6221),.UNSPECIFIED.,.F.,
  .F.,(2,2),(12.2,23.9),.PIECEWISE_BEZIER_KNOTS.);
#6220 = CARTESIAN_POINT('',(0.,3.6));
#6221 = CARTESIAN_POINT('',(11.7,3.6));
#6222 = ( GEOMETRIC_REPRESENTATION_CONTEXT(2) 
PARAMETRIC_REPRESENTATION_CONTEXT() REPRESENTATION_CONTEXT('2D SPACE',''
  ) );
#6223 = PCURVE('',#2049,#6224);
#6224 = DEFINITIONAL_REPRESENTATION('',(#6225),#6228);
#6225 = B_SPLINE_CURVE_WITH_KNOTS('',1,(#6226,#6227),.UNSPECIFIED.,.F.,
  .F.,(2,2),(12.2,23.9),.PIECEWISE_BEZIER_KNOTS.);
#6226 = CARTESIAN_POINT('',(24.4,-1.));
#6227 = CARTESIAN_POINT('',(36.1,-1.));
#6228 = ( GEOMETRIC_REPRESENTATION_CONTEXT(2) 
PARAMETRIC_REPRESENTATION_CONTEXT() REPRESENTATION_CONTEXT('2D SPACE',''
  ) );
#6229 = ADVANCED_FACE('',(#6230),#1780,.F.);
#6230 = FACE_BOUND('',#6231,.F.);
#6231 = EDGE_LOOP('',(#6232,#6233,#6259,#6287));
#6232 = ORIENTED_EDGE('',*,*,#1766,.F.);
#6233 = ORIENTED_EDGE('',*,*,#6234,.F.);
#6234 = EDGE_CURVE('',#6235,#1742,#6237,.T.);
#6235 = VERTEX_POINT('',#6236);
#6236 = CARTESIAN_POINT('',(121.8,-151.6,10.6));
#6237 = SURFACE_CURVE('',#6238,(#6242,#6248),.PCURVE_S1.);
#6238 = LINE('',#6239,#6240);
#6239 = CARTESIAN_POINT('',(121.8,-151.6,1.6));
#6240 = VECTOR('',#6241,1.);
#6241 = DIRECTION('',(0.,0.,-1.));
#6242 = PCURVE('',#1780,#6243);
#6243 = DEFINITIONAL_REPRESENTATION('',(#6244),#6247);
#6244 = B_SPLINE_CURVE_WITH_KNOTS('',1,(#6245,#6246),.UNSPECIFIED.,.F.,
  .F.,(2,2),(-9.,0.),.PIECEWISE_BEZIER_KNOTS.);
#6245 = CARTESIAN_POINT('',(73.4,-9.));
#6246 = CARTESIAN_POINT('',(73.4,0.));
#6247 = ( GEOMETRIC_REPRESENTATION_CONTEXT(2) 
PARAMETRIC_REPRESENTATION_CONTEXT() REPRESENTATION_CONTEXT('2D SPACE',''
  ) );
#6248 = PCURVE('',#6249,#6254);
#6249 = PLANE('',#6250);
#6250 = AXIS2_PLACEMENT_3D('',#6251,#6252,#6253);
#6251 = CARTESIAN_POINT('',(121.8,-154.,1.6));
#6252 = DIRECTION('',(1.,0.,0.));
#6253 = DIRECTION('',(0.,0.,1.));
#6254 = DEFINITIONAL_REPRESENTATION('',(#6255),#6258);
#6255 = B_SPLINE_CURVE_WITH_KNOTS('',1,(#6256,#6257),.UNSPECIFIED.,.F.,
  .F.,(2,2),(-9.,0.),.PIECEWISE_BEZIER_KNOTS.);
#6256 = CARTESIAN_POINT('',(9.,-2.4));
#6257 = CARTESIAN_POINT('',(0.,-2.4));
#6258 = ( GEOMETRIC_REPRESENTATION_CONTEXT(2) 
PARAMETRIC_REPRESENTATION_CONTEXT() REPRESENTATION_CONTEXT('2D SPACE',''
  ) );
#6259 = ORIENTED_EDGE('',*,*,#6260,.T.);
#6260 = EDGE_CURVE('',#6235,#6261,#6263,.T.);
#6261 = VERTEX_POINT('',#6262);
#6262 = CARTESIAN_POINT('',(126.3,-151.6,10.6));
#6263 = SURFACE_CURVE('',#6264,(#6268,#6275),.PCURVE_S1.);
#6264 = LINE('',#6265,#6266);
#6265 = CARTESIAN_POINT('',(48.4,-151.6,10.6));
#6266 = VECTOR('',#6267,1.);
#6267 = DIRECTION('',(1.,0.,0.));
#6268 = PCURVE('',#1780,#6269);
#6269 = DEFINITIONAL_REPRESENTATION('',(#6270),#6274);
#6270 = LINE('',#6271,#6272);
#6271 = CARTESIAN_POINT('',(0.,-9.));
#6272 = VECTOR('',#6273,1.);
#6273 = DIRECTION('',(1.,0.));
#6274 = ( GEOMETRIC_REPRESENTATION_CONTEXT(2) 
PARAMETRIC_REPRESENTATION_CONTEXT() REPRESENTATION_CONTEXT('2D SPACE',''
  ) );
#6275 = PCURVE('',#6276,#6281);
#6276 = PLANE('',#6277);
#6277 = AXIS2_PLACEMENT_3D('',#6278,#6279,#6280);
#6278 = CARTESIAN_POINT('',(100.,-100.,10.6));
#6279 = DIRECTION('',(0.,0.,1.));
#6280 = DIRECTION('',(1.,0.,-0.));
#6281 = DEFINITIONAL_REPRESENTATION('',(#6282),#6286);
#6282 = LINE('',#6283,#6284);
#6283 = CARTESIAN_POINT('',(-51.6,-51.6));
#6284 = VECTOR('',#6285,1.);
#6285 = DIRECTION('',(1.,0.));
#6286 = ( GEOMETRIC_REPRESENTATION_CONTEXT(2) 
PARAMETRIC_REPRESENTATION_CONTEXT() REPRESENTATION_CONTEXT('2D SPACE',''
  ) );
#6287 = ORIENTED_EDGE('',*,*,#6288,.T.);
#6288 = EDGE_CURVE('',#6261,#1634,#6289,.T.);
#6289 = SURFACE_CURVE('',#6290,(#6294,#6300),.PCURVE_S1.);
#6290 = LINE('',#6291,#6292);
#6291 = CARTESIAN_POINT('',(126.3,-151.6,1.6));
#6292 = VECTOR('',#6293,1.);
#6293 = DIRECTION('',(0.,0.,-1.));
#6294 = PCURVE('',#1780,#6295);
#6295 = DEFINITIONAL_REPRESENTATION('',(#6296),#6299);
#6296 = B_SPLINE_CURVE_WITH_KNOTS('',1,(#6297,#6298),.UNSPECIFIED.,.F.,
  .F.,(2,2),(-9.,0.),.PIECEWISE_BEZIER_KNOTS.);
#6297 = CARTESIAN_POINT('',(77.9,-9.));
#6298 = CARTESIAN_POINT('',(77.9,0.));
#6299 = ( GEOMETRIC_REPRESENTATION_CONTEXT(2) 
PARAMETRIC_REPRESENTATION_CONTEXT() REPRESENTATION_CONTEXT('2D SPACE',''
  ) );
#6300 = PCURVE('',#6101,#6301);
#6301 = DEFINITIONAL_REPRESENTATION('',(#6302),#6305);
#6302 = B_SPLINE_CURVE_WITH_KNOTS('',1,(#6303,#6304),.UNSPECIFIED.,.F.,
  .F.,(2,2),(-9.,0.),.PIECEWISE_BEZIER_KNOTS.);
#6303 = CARTESIAN_POINT('',(9.,-2.4));
#6304 = CARTESIAN_POINT('',(0.,-2.4));
#6305 = ( GEOMETRIC_REPRESENTATION_CONTEXT(2) 
PARAMETRIC_REPRESENTATION_CONTEXT() REPRESENTATION_CONTEXT('2D SPACE',''
  ) );
#6306 = ADVANCED_FACE('',(#6307),#1834,.F.);
#6307 = FACE_BOUND('',#6308,.F.);
#6308 = EDGE_LOOP('',(#6309,#6310,#6331,#6359));
#6309 = ORIENTED_EDGE('',*,*,#1820,.F.);
#6310 = ORIENTED_EDGE('',*,*,#6311,.F.);
#6311 = EDGE_CURVE('',#6312,#1690,#6314,.T.);
#6312 = VERTEX_POINT('',#6313);
#6313 = CARTESIAN_POINT('',(85.7,-151.6,10.6));
#6314 = SURFACE_CURVE('',#6315,(#6319,#6325),.PCURVE_S1.);
#6315 = LINE('',#6316,#6317);
#6316 = CARTESIAN_POINT('',(85.7,-151.6,1.6));
#6317 = VECTOR('',#6318,1.);
#6318 = DIRECTION('',(0.,0.,-1.));
#6319 = PCURVE('',#1834,#6320);
#6320 = DEFINITIONAL_REPRESENTATION('',(#6321),#6324);
#6321 = B_SPLINE_CURVE_WITH_KNOTS('',1,(#6322,#6323),.UNSPECIFIED.,.F.,
  .F.,(2,2),(-9.,0.),.PIECEWISE_BEZIER_KNOTS.);
#6322 = CARTESIAN_POINT('',(37.3,-9.));
#6323 = CARTESIAN_POINT('',(37.3,0.));
#6324 = ( GEOMETRIC_REPRESENTATION_CONTEXT(2) 
PARAMETRIC_REPRESENTATION_CONTEXT() REPRESENTATION_CONTEXT('2D SPACE',''
  ) );
#6325 = PCURVE('',#6199,#6326);
#6326 = DEFINITIONAL_REPRESENTATION('',(#6327),#6330);
#6327 = B_SPLINE_CURVE_WITH_KNOTS('',1,(#6328,#6329),.UNSPECIFIED.,.F.,
  .F.,(2,2),(-9.,0.),.PIECEWISE_BEZIER_KNOTS.);
#6328 = CARTESIAN_POINT('',(9.,-2.4));
#6329 = CARTESIAN_POINT('',(0.,-2.4));
#6330 = ( GEOMETRIC_REPRESENTATION_CONTEXT(2) 
PARAMETRIC_REPRESENTATION_CONTEXT() REPRESENTATION_CONTEXT('2D SPACE',''
  ) );
#6331 = ORIENTED_EDGE('',*,*,#6332,.T.);
#6332 = EDGE_CURVE('',#6312,#6333,#6335,.T.);
#6333 = VERTEX_POINT('',#6334);
#6334 = CARTESIAN_POINT('',(91.,-151.6,10.6));
#6335 = SURFACE_CURVE('',#6336,(#6340,#6347),.PCURVE_S1.);
#6336 = LINE('',#6337,#6338);
#6337 = CARTESIAN_POINT('',(48.4,-151.6,10.6));
#6338 = VECTOR('',#6339,1.);
#6339 = DIRECTION('',(1.,0.,0.));
#6340 = PCURVE('',#1834,#6341);
#6341 = DEFINITIONAL_REPRESENTATION('',(#6342),#6346);
#6342 = LINE('',#6343,#6344);
#6343 = CARTESIAN_POINT('',(0.,-9.));
#6344 = VECTOR('',#6345,1.);
#6345 = DIRECTION('',(1.,0.));
#6346 = ( GEOMETRIC_REPRESENTATION_CONTEXT(2) 
PARAMETRIC_REPRESENTATION_CONTEXT() REPRESENTATION_CONTEXT('2D SPACE',''
  ) );
#6347 = PCURVE('',#6348,#6353);
#6348 = PLANE('',#6349);
#6349 = AXIS2_PLACEMENT_3D('',#6350,#6351,#6352);
#6350 = CARTESIAN_POINT('',(100.,-100.,10.6));
#6351 = DIRECTION('',(0.,0.,1.));
#6352 = DIRECTION('',(1.,0.,-0.));
#6353 = DEFINITIONAL_REPRESENTATION('',(#6354),#6358);
#6354 = LINE('',#6355,#6356);
#6355 = CARTESIAN_POINT('',(-51.6,-51.6));
#6356 = VECTOR('',#6357,1.);
#6357 = DIRECTION('',(1.,0.));
#6358 = ( GEOMETRIC_REPRESENTATION_CONTEXT(2) 
PARAMETRIC_REPRESENTATION_CONTEXT() REPRESENTATION_CONTEXT('2D SPACE',''
  ) );
#6359 = ORIENTED_EDGE('',*,*,#6360,.T.);
#6360 = EDGE_CURVE('',#6333,#1798,#6361,.T.);
#6361 = SURFACE_CURVE('',#6362,(#6366,#6372),.PCURVE_S1.);
#6362 = LINE('',#6363,#6364);
#6363 = CARTESIAN_POINT('',(91.,-151.6,1.6));
#6364 = VECTOR('',#6365,1.);
#6365 = DIRECTION('',(0.,0.,-1.));
#6366 = PCURVE('',#1834,#6367);
#6367 = DEFINITIONAL_REPRESENTATION('',(#6368),#6371);
#6368 = B_SPLINE_CURVE_WITH_KNOTS('',1,(#6369,#6370),.UNSPECIFIED.,.F.,
  .F.,(2,2),(-9.,0.),.PIECEWISE_BEZIER_KNOTS.);
#6369 = CARTESIAN_POINT('',(42.6,-9.));
#6370 = CARTESIAN_POINT('',(42.6,0.));
#6371 = ( GEOMETRIC_REPRESENTATION_CONTEXT(2) 
PARAMETRIC_REPRESENTATION_CONTEXT() REPRESENTATION_CONTEXT('2D SPACE',''
  ) );
#6372 = PCURVE('',#6373,#6378);
#6373 = PLANE('',#6374);
#6374 = AXIS2_PLACEMENT_3D('',#6375,#6376,#6377);
#6375 = CARTESIAN_POINT('',(91.,-154.,1.6));
#6376 = DIRECTION('',(1.,0.,0.));
#6377 = DIRECTION('',(0.,0.,1.));
#6378 = DEFINITIONAL_REPRESENTATION('',(#6379),#6382);
#6379 = B_SPLINE_CURVE_WITH_KNOTS('',1,(#6380,#6381),.UNSPECIFIED.,.F.,
  .F.,(2,2),(-9.,0.),.PIECEWISE_BEZIER_KNOTS.);
#6380 = CARTESIAN_POINT('',(9.,-2.4));
#6381 = CARTESIAN_POINT('',(0.,-2.4));
#6382 = ( GEOMETRIC_REPRESENTATION_CONTEXT(2) 
PARAMETRIC_REPRESENTATION_CONTEXT() REPRESENTATION_CONTEXT('2D SPACE',''
  ) );
#6383 = ADVANCED_FACE('',(#6384),#1888,.T.);
#6384 = FACE_BOUND('',#6385,.T.);
#6385 = EDGE_LOOP('',(#6386,#6414,#6415,#6438));
#6386 = ORIENTED_EDGE('',*,*,#6387,.F.);
#6387 = EDGE_CURVE('',#1850,#6388,#6390,.T.);
#6388 = VERTEX_POINT('',#6389);
#6389 = CARTESIAN_POINT('',(106.3,-150.4,1.6));
#6390 = SURFACE_CURVE('',#6391,(#6395,#6402),.PCURVE_S1.);
#6391 = LINE('',#6392,#6393);
#6392 = CARTESIAN_POINT('',(106.3,-154.,1.6));
#6393 = VECTOR('',#6394,1.);
#6394 = DIRECTION('',(0.,1.,0.));
#6395 = PCURVE('',#1888,#6396);
#6396 = DEFINITIONAL_REPRESENTATION('',(#6397),#6401);
#6397 = LINE('',#6398,#6399);
#6398 = CARTESIAN_POINT('',(0.,0.));
#6399 = VECTOR('',#6400,1.);
#6400 = DIRECTION('',(0.,1.));
#6401 = ( GEOMETRIC_REPRESENTATION_CONTEXT(2) 
PARAMETRIC_REPRESENTATION_CONTEXT() REPRESENTATION_CONTEXT('2D SPACE',''
  ) );
#6402 = PCURVE('',#6403,#6408);
#6403 = PLANE('',#6404);
#6404 = AXIS2_PLACEMENT_3D('',#6405,#6406,#6407);
#6405 = CARTESIAN_POINT('',(106.3,-154.,1.6));
#6406 = DIRECTION('',(1.,0.,0.));
#6407 = DIRECTION('',(0.,0.,1.));
#6408 = DEFINITIONAL_REPRESENTATION('',(#6409),#6413);
#6409 = LINE('',#6410,#6411);
#6410 = CARTESIAN_POINT('',(0.,0.));
#6411 = VECTOR('',#6412,1.);
#6412 = DIRECTION('',(0.,-1.));
#6413 = ( GEOMETRIC_REPRESENTATION_CONTEXT(2) 
PARAMETRIC_REPRESENTATION_CONTEXT() REPRESENTATION_CONTEXT('2D SPACE',''
  ) );
#6414 = ORIENTED_EDGE('',*,*,#1874,.T.);
#6415 = ORIENTED_EDGE('',*,*,#6416,.T.);
#6416 = EDGE_CURVE('',#1742,#6417,#6419,.T.);
#6417 = VERTEX_POINT('',#6418);
#6418 = CARTESIAN_POINT('',(121.8,-150.4,1.6));
#6419 = SURFACE_CURVE('',#6420,(#6424,#6431),.PCURVE_S1.);
#6420 = LINE('',#6421,#6422);
#6421 = CARTESIAN_POINT('',(121.8,-154.,1.6));
#6422 = VECTOR('',#6423,1.);
#6423 = DIRECTION('',(0.,1.,0.));
#6424 = PCURVE('',#1888,#6425);
#6425 = DEFINITIONAL_REPRESENTATION('',(#6426),#6430);
#6426 = LINE('',#6427,#6428);
#6427 = CARTESIAN_POINT('',(15.5,0.));
#6428 = VECTOR('',#6429,1.);
#6429 = DIRECTION('',(0.,1.));
#6430 = ( GEOMETRIC_REPRESENTATION_CONTEXT(2) 
PARAMETRIC_REPRESENTATION_CONTEXT() REPRESENTATION_CONTEXT('2D SPACE',''
  ) );
#6431 = PCURVE('',#6249,#6432);
#6432 = DEFINITIONAL_REPRESENTATION('',(#6433),#6437);
#6433 = LINE('',#6434,#6435);
#6434 = CARTESIAN_POINT('',(0.,0.));
#6435 = VECTOR('',#6436,1.);
#6436 = DIRECTION('',(0.,-1.));
#6437 = ( GEOMETRIC_REPRESENTATION_CONTEXT(2) 
PARAMETRIC_REPRESENTATION_CONTEXT() REPRESENTATION_CONTEXT('2D SPACE',''
  ) );
#6438 = ORIENTED_EDGE('',*,*,#6439,.F.);
#6439 = EDGE_CURVE('',#6388,#6417,#6440,.T.);
#6440 = SURFACE_CURVE('',#6441,(#6445,#6451),.PCURVE_S1.);
#6441 = LINE('',#6442,#6443);
#6442 = CARTESIAN_POINT('',(77.95,-150.4,1.6));
#6443 = VECTOR('',#6444,1.);
#6444 = DIRECTION('',(1.,0.,0.));
#6445 = PCURVE('',#1888,#6446);
#6446 = DEFINITIONAL_REPRESENTATION('',(#6447),#6450);
#6447 = B_SPLINE_CURVE_WITH_KNOTS('',1,(#6448,#6449),.UNSPECIFIED.,.F.,
  .F.,(2,2),(28.35,43.85),.PIECEWISE_BEZIER_KNOTS.);
#6448 = CARTESIAN_POINT('',(0.,3.6));
#6449 = CARTESIAN_POINT('',(15.5,3.6));
#6450 = ( GEOMETRIC_REPRESENTATION_CONTEXT(2) 
PARAMETRIC_REPRESENTATION_CONTEXT() REPRESENTATION_CONTEXT('2D SPACE',''
  ) );
#6451 = PCURVE('',#2049,#6452);
#6452 = DEFINITIONAL_REPRESENTATION('',(#6453),#6456);
#6453 = B_SPLINE_CURVE_WITH_KNOTS('',1,(#6454,#6455),.UNSPECIFIED.,.F.,
  .F.,(2,2),(28.35,43.85),.PIECEWISE_BEZIER_KNOTS.);
#6454 = CARTESIAN_POINT('',(56.7,-1.));
#6455 = CARTESIAN_POINT('',(72.2,-1.));
#6456 = ( GEOMETRIC_REPRESENTATION_CONTEXT(2) 
PARAMETRIC_REPRESENTATION_CONTEXT() REPRESENTATION_CONTEXT('2D SPACE',''
  ) );
#6457 = ADVANCED_FACE('',(#6458),#1942,.T.);
#6458 = FACE_BOUND('',#6459,.T.);
#6459 = EDGE_LOOP('',(#6460,#6483,#6484,#6512));
#6460 = ORIENTED_EDGE('',*,*,#6461,.F.);
#6461 = EDGE_CURVE('',#1798,#6462,#6464,.T.);
#6462 = VERTEX_POINT('',#6463);
#6463 = CARTESIAN_POINT('',(91.,-150.4,1.6));
#6464 = SURFACE_CURVE('',#6465,(#6469,#6476),.PCURVE_S1.);
#6465 = LINE('',#6466,#6467);
#6466 = CARTESIAN_POINT('',(91.,-154.,1.6));
#6467 = VECTOR('',#6468,1.);
#6468 = DIRECTION('',(0.,1.,0.));
#6469 = PCURVE('',#1942,#6470);
#6470 = DEFINITIONAL_REPRESENTATION('',(#6471),#6475);
#6471 = LINE('',#6472,#6473);
#6472 = CARTESIAN_POINT('',(0.,0.));
#6473 = VECTOR('',#6474,1.);
#6474 = DIRECTION('',(0.,1.));
#6475 = ( GEOMETRIC_REPRESENTATION_CONTEXT(2) 
PARAMETRIC_REPRESENTATION_CONTEXT() REPRESENTATION_CONTEXT('2D SPACE',''
  ) );
#6476 = PCURVE('',#6373,#6477);
#6477 = DEFINITIONAL_REPRESENTATION('',(#6478),#6482);
#6478 = LINE('',#6479,#6480);
#6479 = CARTESIAN_POINT('',(0.,0.));
#6480 = VECTOR('',#6481,1.);
#6481 = DIRECTION('',(0.,-1.));
#6482 = ( GEOMETRIC_REPRESENTATION_CONTEXT(2) 
PARAMETRIC_REPRESENTATION_CONTEXT() REPRESENTATION_CONTEXT('2D SPACE',''
  ) );
#6483 = ORIENTED_EDGE('',*,*,#1928,.T.);
#6484 = ORIENTED_EDGE('',*,*,#6485,.T.);
#6485 = EDGE_CURVE('',#1906,#6486,#6488,.T.);
#6486 = VERTEX_POINT('',#6487);
#6487 = CARTESIAN_POINT('',(102.7,-150.4,1.6));
#6488 = SURFACE_CURVE('',#6489,(#6493,#6500),.PCURVE_S1.);
#6489 = LINE('',#6490,#6491);
#6490 = CARTESIAN_POINT('',(102.7,-154.,1.6));
#6491 = VECTOR('',#6492,1.);
#6492 = DIRECTION('',(0.,1.,0.));
#6493 = PCURVE('',#1942,#6494);
#6494 = DEFINITIONAL_REPRESENTATION('',(#6495),#6499);
#6495 = LINE('',#6496,#6497);
#6496 = CARTESIAN_POINT('',(11.7,0.));
#6497 = VECTOR('',#6498,1.);
#6498 = DIRECTION('',(0.,1.));
#6499 = ( GEOMETRIC_REPRESENTATION_CONTEXT(2) 
PARAMETRIC_REPRESENTATION_CONTEXT() REPRESENTATION_CONTEXT('2D SPACE',''
  ) );
#6500 = PCURVE('',#6501,#6506);
#6501 = PLANE('',#6502);
#6502 = AXIS2_PLACEMENT_3D('',#6503,#6504,#6505);
#6503 = CARTESIAN_POINT('',(102.7,-154.,1.6));
#6504 = DIRECTION('',(1.,0.,0.));
#6505 = DIRECTION('',(0.,0.,1.));
#6506 = DEFINITIONAL_REPRESENTATION('',(#6507),#6511);
#6507 = LINE('',#6508,#6509);
#6508 = CARTESIAN_POINT('',(0.,0.));
#6509 = VECTOR('',#6510,1.);
#6510 = DIRECTION('',(0.,-1.));
#6511 = ( GEOMETRIC_REPRESENTATION_CONTEXT(2) 
PARAMETRIC_REPRESENTATION_CONTEXT() REPRESENTATION_CONTEXT('2D SPACE',''
  ) );
#6512 = ORIENTED_EDGE('',*,*,#6513,.F.);
#6513 = EDGE_CURVE('',#6462,#6486,#6514,.T.);
#6514 = SURFACE_CURVE('',#6515,(#6519,#6525),.PCURVE_S1.);
#6515 = LINE('',#6516,#6517);
#6516 = CARTESIAN_POINT('',(70.3,-150.4,1.6));
#6517 = VECTOR('',#6518,1.);
#6518 = DIRECTION('',(1.,0.,0.));
#6519 = PCURVE('',#1942,#6520);
#6520 = DEFINITIONAL_REPRESENTATION('',(#6521),#6524);
#6521 = B_SPLINE_CURVE_WITH_KNOTS('',1,(#6522,#6523),.UNSPECIFIED.,.F.,
  .F.,(2,2),(20.7,32.4),.PIECEWISE_BEZIER_KNOTS.);
#6522 = CARTESIAN_POINT('',(0.,3.6));
#6523 = CARTESIAN_POINT('',(11.7,3.6));
#6524 = ( GEOMETRIC_REPRESENTATION_CONTEXT(2) 
PARAMETRIC_REPRESENTATION_CONTEXT() REPRESENTATION_CONTEXT('2D SPACE',''
  ) );
#6525 = PCURVE('',#2049,#6526);
#6526 = DEFINITIONAL_REPRESENTATION('',(#6527),#6530);
#6527 = B_SPLINE_CURVE_WITH_KNOTS('',1,(#6528,#6529),.UNSPECIFIED.,.F.,
  .F.,(2,2),(20.7,32.4),.PIECEWISE_BEZIER_KNOTS.);
#6528 = CARTESIAN_POINT('',(41.4,-1.));
#6529 = CARTESIAN_POINT('',(53.1,-1.));
#6530 = ( GEOMETRIC_REPRESENTATION_CONTEXT(2) 
PARAMETRIC_REPRESENTATION_CONTEXT() REPRESENTATION_CONTEXT('2D SPACE',''
  ) );
#6531 = ADVANCED_FACE('',(#6532),#1974,.F.);
#6532 = FACE_BOUND('',#6533,.F.);
#6533 = EDGE_LOOP('',(#6534,#6535,#6556,#6584));
#6534 = ORIENTED_EDGE('',*,*,#1960,.F.);
#6535 = ORIENTED_EDGE('',*,*,#6536,.F.);
#6536 = EDGE_CURVE('',#6537,#1906,#6539,.T.);
#6537 = VERTEX_POINT('',#6538);
#6538 = CARTESIAN_POINT('',(102.7,-151.6,10.6));
#6539 = SURFACE_CURVE('',#6540,(#6544,#6550),.PCURVE_S1.);
#6540 = LINE('',#6541,#6542);
#6541 = CARTESIAN_POINT('',(102.7,-151.6,1.6));
#6542 = VECTOR('',#6543,1.);
#6543 = DIRECTION('',(0.,0.,-1.));
#6544 = PCURVE('',#1974,#6545);
#6545 = DEFINITIONAL_REPRESENTATION('',(#6546),#6549);
#6546 = B_SPLINE_CURVE_WITH_KNOTS('',1,(#6547,#6548),.UNSPECIFIED.,.F.,
  .F.,(2,2),(-9.,0.),.PIECEWISE_BEZIER_KNOTS.);
#6547 = CARTESIAN_POINT('',(54.3,-9.));
#6548 = CARTESIAN_POINT('',(54.3,0.));
#6549 = ( GEOMETRIC_REPRESENTATION_CONTEXT(2) 
PARAMETRIC_REPRESENTATION_CONTEXT() REPRESENTATION_CONTEXT('2D SPACE',''
  ) );
#6550 = PCURVE('',#6501,#6551);
#6551 = DEFINITIONAL_REPRESENTATION('',(#6552),#6555);
#6552 = B_SPLINE_CURVE_WITH_KNOTS('',1,(#6553,#6554),.UNSPECIFIED.,.F.,
  .F.,(2,2),(-9.,0.),.PIECEWISE_BEZIER_KNOTS.);
#6553 = CARTESIAN_POINT('',(9.,-2.4));
#6554 = CARTESIAN_POINT('',(0.,-2.4));
#6555 = ( GEOMETRIC_REPRESENTATION_CONTEXT(2) 
PARAMETRIC_REPRESENTATION_CONTEXT() REPRESENTATION_CONTEXT('2D SPACE',''
  ) );
#6556 = ORIENTED_EDGE('',*,*,#6557,.T.);
#6557 = EDGE_CURVE('',#6537,#6558,#6560,.T.);
#6558 = VERTEX_POINT('',#6559);
#6559 = CARTESIAN_POINT('',(106.3,-151.6,10.6));
#6560 = SURFACE_CURVE('',#6561,(#6565,#6572),.PCURVE_S1.);
#6561 = LINE('',#6562,#6563);
#6562 = CARTESIAN_POINT('',(48.4,-151.6,10.6));
#6563 = VECTOR('',#6564,1.);
#6564 = DIRECTION('',(1.,0.,0.));
#6565 = PCURVE('',#1974,#6566);
#6566 = DEFINITIONAL_REPRESENTATION('',(#6567),#6571);
#6567 = LINE('',#6568,#6569);
#6568 = CARTESIAN_POINT('',(0.,-9.));
#6569 = VECTOR('',#6570,1.);
#6570 = DIRECTION('',(1.,0.));
#6571 = ( GEOMETRIC_REPRESENTATION_CONTEXT(2) 
PARAMETRIC_REPRESENTATION_CONTEXT() REPRESENTATION_CONTEXT('2D SPACE',''
  ) );
#6572 = PCURVE('',#6573,#6578);
#6573 = PLANE('',#6574);
#6574 = AXIS2_PLACEMENT_3D('',#6575,#6576,#6577);
#6575 = CARTESIAN_POINT('',(100.,-100.,10.6));
#6576 = DIRECTION('',(0.,0.,1.));
#6577 = DIRECTION('',(1.,0.,-0.));
#6578 = DEFINITIONAL_REPRESENTATION('',(#6579),#6583);
#6579 = LINE('',#6580,#6581);
#6580 = CARTESIAN_POINT('',(-51.6,-51.6));
#6581 = VECTOR('',#6582,1.);
#6582 = DIRECTION('',(1.,0.));
#6583 = ( GEOMETRIC_REPRESENTATION_CONTEXT(2) 
PARAMETRIC_REPRESENTATION_CONTEXT() REPRESENTATION_CONTEXT('2D SPACE',''
  ) );
#6584 = ORIENTED_EDGE('',*,*,#6585,.T.);
#6585 = EDGE_CURVE('',#6558,#1850,#6586,.T.);
#6586 = SURFACE_CURVE('',#6587,(#6591,#6597),.PCURVE_S1.);
#6587 = LINE('',#6588,#6589);
#6588 = CARTESIAN_POINT('',(106.3,-151.6,1.6));
#6589 = VECTOR('',#6590,1.);
#6590 = DIRECTION('',(0.,0.,-1.));
#6591 = PCURVE('',#1974,#6592);
#6592 = DEFINITIONAL_REPRESENTATION('',(#6593),#6596);
#6593 = B_SPLINE_CURVE_WITH_KNOTS('',1,(#6594,#6595),.UNSPECIFIED.,.F.,
  .F.,(2,2),(-9.,0.),.PIECEWISE_BEZIER_KNOTS.);
#6594 = CARTESIAN_POINT('',(57.9,-9.));
#6595 = CARTESIAN_POINT('',(57.9,0.));
#6596 = ( GEOMETRIC_REPRESENTATION_CONTEXT(2) 
PARAMETRIC_REPRESENTATION_CONTEXT() REPRESENTATION_CONTEXT('2D SPACE',''
  ) );
#6597 = PCURVE('',#6403,#6598);
#6598 = DEFINITIONAL_REPRESENTATION('',(#6599),#6602);
#6599 = B_SPLINE_CURVE_WITH_KNOTS('',1,(#6600,#6601),.UNSPECIFIED.,.F.,
  .F.,(2,2),(-9.,0.),.PIECEWISE_BEZIER_KNOTS.);
#6600 = CARTESIAN_POINT('',(9.,-2.4));
#6601 = CARTESIAN_POINT('',(0.,-2.4));
#6602 = ( GEOMETRIC_REPRESENTATION_CONTEXT(2) 
PARAMETRIC_REPRESENTATION_CONTEXT() REPRESENTATION_CONTEXT('2D SPACE',''
  ) );
#6603 = ADVANCED_FACE('',(#6604,#7137,#7143,#7149,#7155),#2049,.T.);
#6604 = FACE_BOUND('',#6605,.T.);
#6605 = EDGE_LOOP('',(#6606,#6636,#6664,#6691,#6719,#6746,#6774,#6802,
    #6824,#6843,#6844,#6865,#6887,#6906,#6907,#6928,#6950,#6969,#6970,
    #6991,#7013,#7032,#7033,#7054,#7076,#7095,#7096,#7117));
#6606 = ORIENTED_EDGE('',*,*,#6607,.F.);
#6607 = EDGE_CURVE('',#6608,#6610,#6612,.T.);
#6608 = VERTEX_POINT('',#6609);
#6609 = CARTESIAN_POINT('',(149.9,-150.4,0.));
#6610 = VERTEX_POINT('',#6611);
#6611 = CARTESIAN_POINT('',(149.9,-150.4,10.6));
#6612 = SURFACE_CURVE('',#6613,(#6617,#6624),.PCURVE_S1.);
#6613 = LINE('',#6614,#6615);
#6614 = CARTESIAN_POINT('',(149.9,-150.4,0.));
#6615 = VECTOR('',#6616,1.);
#6616 = DIRECTION('',(0.,0.,1.));
#6617 = PCURVE('',#2049,#6618);
#6618 = DEFINITIONAL_REPRESENTATION('',(#6619),#6623);
#6619 = LINE('',#6620,#6621);
#6620 = CARTESIAN_POINT('',(100.3,0.6));
#6621 = VECTOR('',#6622,1.);
#6622 = DIRECTION('',(0.,-1.));
#6623 = ( GEOMETRIC_REPRESENTATION_CONTEXT(2) 
PARAMETRIC_REPRESENTATION_CONTEXT() REPRESENTATION_CONTEXT('2D SPACE',''
  ) );
#6624 = PCURVE('',#6625,#6630);
#6625 = CYLINDRICAL_SURFACE('',#6626,0.5);
#6626 = AXIS2_PLACEMENT_3D('',#6627,#6628,#6629);
#6627 = CARTESIAN_POINT('',(149.9,-149.9,0.6));
#6628 = DIRECTION('',(0.,0.,1.));
#6629 = DIRECTION('',(0.,-1.,0.));
#6630 = DEFINITIONAL_REPRESENTATION('',(#6631),#6635);
#6631 = LINE('',#6632,#6633);
#6632 = CARTESIAN_POINT('',(0.,-0.6));
#6633 = VECTOR('',#6634,1.);
#6634 = DIRECTION('',(0.,1.));
#6635 = ( GEOMETRIC_REPRESENTATION_CONTEXT(2) 
PARAMETRIC_REPRESENTATION_CONTEXT() REPRESENTATION_CONTEXT('2D SPACE',''
  ) );
#6636 = ORIENTED_EDGE('',*,*,#6637,.T.);
#6637 = EDGE_CURVE('',#6608,#6638,#6640,.T.);
#6638 = VERTEX_POINT('',#6639);
#6639 = CARTESIAN_POINT('',(142.,-150.4,0.));
#6640 = SURFACE_CURVE('',#6641,(#6645,#6652),.PCURVE_S1.);
#6641 = LINE('',#6642,#6643);
#6642 = CARTESIAN_POINT('',(149.9,-150.4,0.));
#6643 = VECTOR('',#6644,1.);
#6644 = DIRECTION('',(-1.,0.,0.));
#6645 = PCURVE('',#2049,#6646);
#6646 = DEFINITIONAL_REPRESENTATION('',(#6647),#6651);
#6647 = LINE('',#6648,#6649);
#6648 = CARTESIAN_POINT('',(100.3,0.6));
#6649 = VECTOR('',#6650,1.);
#6650 = DIRECTION('',(-1.,0.));
#6651 = ( GEOMETRIC_REPRESENTATION_CONTEXT(2) 
PARAMETRIC_REPRESENTATION_CONTEXT() REPRESENTATION_CONTEXT('2D SPACE',''
  ) );
#6652 = PCURVE('',#6653,#6658);
#6653 = PLANE('',#6654);
#6654 = AXIS2_PLACEMENT_3D('',#6655,#6656,#6657);
#6655 = CARTESIAN_POINT('',(146.9,-150.4,0.));
#6656 = DIRECTION('',(0.,0.,1.));
#6657 = DIRECTION('',(1.,0.,0.));
#6658 = DEFINITIONAL_REPRESENTATION('',(#6659),#6663);
#6659 = LINE('',#6660,#6661);
#6660 = CARTESIAN_POINT('',(3.,0.));
#6661 = VECTOR('',#6662,1.);
#6662 = DIRECTION('',(-1.,0.));
#6663 = ( GEOMETRIC_REPRESENTATION_CONTEXT(2) 
PARAMETRIC_REPRESENTATION_CONTEXT() REPRESENTATION_CONTEXT('2D SPACE',''
  ) );
#6664 = ORIENTED_EDGE('',*,*,#6665,.T.);
#6665 = EDGE_CURVE('',#6638,#6666,#6668,.T.);
#6666 = VERTEX_POINT('',#6667);
#6667 = CARTESIAN_POINT('',(142.,-150.4,-5.2));
#6668 = SURFACE_CURVE('',#6669,(#6673,#6680),.PCURVE_S1.);
#6669 = LINE('',#6670,#6671);
#6670 = CARTESIAN_POINT('',(142.,-150.4,-5.25));
#6671 = VECTOR('',#6672,1.);
#6672 = DIRECTION('',(0.,0.,-1.));
#6673 = PCURVE('',#2049,#6674);
#6674 = DEFINITIONAL_REPRESENTATION('',(#6675),#6679);
#6675 = LINE('',#6676,#6677);
#6676 = CARTESIAN_POINT('',(92.4,5.85));
#6677 = VECTOR('',#6678,1.);
#6678 = DIRECTION('',(0.,1.));
#6679 = ( GEOMETRIC_REPRESENTATION_CONTEXT(2) 
PARAMETRIC_REPRESENTATION_CONTEXT() REPRESENTATION_CONTEXT('2D SPACE',''
  ) );
#6680 = PCURVE('',#6681,#6686);
#6681 = PLANE('',#6682);
#6682 = AXIS2_PLACEMENT_3D('',#6683,#6684,#6685);
#6683 = CARTESIAN_POINT('',(142.,-150.5,-5.3));
#6684 = DIRECTION('',(1.,0.,0.));
#6685 = DIRECTION('',(0.,0.,1.));
#6686 = DEFINITIONAL_REPRESENTATION('',(#6687),#6690);
#6687 = B_SPLINE_CURVE_WITH_KNOTS('',1,(#6688,#6689),.UNSPECIFIED.,.F.,
  .F.,(2,2),(-5.25,-5.E-02),.PIECEWISE_BEZIER_KNOTS.);
#6688 = CARTESIAN_POINT('',(5.3,-9.999999999999E-02));
#6689 = CARTESIAN_POINT('',(1.E-01,-9.999999999999E-02));
#6690 = ( GEOMETRIC_REPRESENTATION_CONTEXT(2) 
PARAMETRIC_REPRESENTATION_CONTEXT() REPRESENTATION_CONTEXT('2D SPACE',''
  ) );
#6691 = ORIENTED_EDGE('',*,*,#6692,.F.);
#6692 = EDGE_CURVE('',#6693,#6666,#6695,.T.);
#6693 = VERTEX_POINT('',#6694);
#6694 = CARTESIAN_POINT('',(57.4,-150.4,-5.2));
#6695 = SURFACE_CURVE('',#6696,(#6700,#6707),.PCURVE_S1.);
#6696 = LINE('',#6697,#6698);
#6697 = CARTESIAN_POINT('',(49.6,-150.4,-5.2));
#6698 = VECTOR('',#6699,1.);
#6699 = DIRECTION('',(1.,0.,0.));
#6700 = PCURVE('',#2049,#6701);
#6701 = DEFINITIONAL_REPRESENTATION('',(#6702),#6706);
#6702 = LINE('',#6703,#6704);
#6703 = CARTESIAN_POINT('',(0.,5.8));
#6704 = VECTOR('',#6705,1.);
#6705 = DIRECTION('',(1.,0.));
#6706 = ( GEOMETRIC_REPRESENTATION_CONTEXT(2) 
PARAMETRIC_REPRESENTATION_CONTEXT() REPRESENTATION_CONTEXT('2D SPACE',''
  ) );
#6707 = PCURVE('',#6708,#6713);
#6708 = PLANE('',#6709);
#6709 = AXIS2_PLACEMENT_3D('',#6710,#6711,#6712);
#6710 = CARTESIAN_POINT('',(100.,-100.,-5.2));
#6711 = DIRECTION('',(0.,0.,1.));
#6712 = DIRECTION('',(1.,0.,-0.));
#6713 = DEFINITIONAL_REPRESENTATION('',(#6714),#6718);
#6714 = LINE('',#6715,#6716);
#6715 = CARTESIAN_POINT('',(-50.4,-50.4));
#6716 = VECTOR('',#6717,1.);
#6717 = DIRECTION('',(1.,0.));
#6718 = ( GEOMETRIC_REPRESENTATION_CONTEXT(2) 
PARAMETRIC_REPRESENTATION_CONTEXT() REPRESENTATION_CONTEXT('2D SPACE',''
  ) );
#6719 = ORIENTED_EDGE('',*,*,#6720,.F.);
#6720 = EDGE_CURVE('',#6721,#6693,#6723,.T.);
#6721 = VERTEX_POINT('',#6722);
#6722 = CARTESIAN_POINT('',(57.4,-150.4,0.));
#6723 = SURFACE_CURVE('',#6724,(#6728,#6735),.PCURVE_S1.);
#6724 = LINE('',#6725,#6726);
#6725 = CARTESIAN_POINT('',(57.4,-150.4,-5.25));
#6726 = VECTOR('',#6727,1.);
#6727 = DIRECTION('',(0.,0.,-1.));
#6728 = PCURVE('',#2049,#6729);
#6729 = DEFINITIONAL_REPRESENTATION('',(#6730),#6734);
#6730 = LINE('',#6731,#6732);
#6731 = CARTESIAN_POINT('',(7.8,5.85));
#6732 = VECTOR('',#6733,1.);
#6733 = DIRECTION('',(0.,1.));
#6734 = ( GEOMETRIC_REPRESENTATION_CONTEXT(2) 
PARAMETRIC_REPRESENTATION_CONTEXT() REPRESENTATION_CONTEXT('2D SPACE',''
  ) );
#6735 = PCURVE('',#6736,#6741);
#6736 = PLANE('',#6737);
#6737 = AXIS2_PLACEMENT_3D('',#6738,#6739,#6740);
#6738 = CARTESIAN_POINT('',(57.4,-150.5,-5.3));
#6739 = DIRECTION('',(1.,0.,0.));
#6740 = DIRECTION('',(0.,0.,1.));
#6741 = DEFINITIONAL_REPRESENTATION('',(#6742),#6745);
#6742 = B_SPLINE_CURVE_WITH_KNOTS('',1,(#6743,#6744),.UNSPECIFIED.,.F.,
  .F.,(2,2),(-5.25,-5.E-02),.PIECEWISE_BEZIER_KNOTS.);
#6743 = CARTESIAN_POINT('',(5.3,-9.999999999999E-02));
#6744 = CARTESIAN_POINT('',(1.E-01,-9.999999999999E-02));
#6745 = ( GEOMETRIC_REPRESENTATION_CONTEXT(2) 
PARAMETRIC_REPRESENTATION_CONTEXT() REPRESENTATION_CONTEXT('2D SPACE',''
  ) );
#6746 = ORIENTED_EDGE('',*,*,#6747,.T.);
#6747 = EDGE_CURVE('',#6721,#6748,#6750,.T.);
#6748 = VERTEX_POINT('',#6749);
#6749 = CARTESIAN_POINT('',(50.1,-150.4,0.));
#6750 = SURFACE_CURVE('',#6751,(#6755,#6762),.PCURVE_S1.);
#6751 = LINE('',#6752,#6753);
#6752 = CARTESIAN_POINT('',(57.4,-150.4,0.));
#6753 = VECTOR('',#6754,1.);
#6754 = DIRECTION('',(-1.,0.,0.));
#6755 = PCURVE('',#2049,#6756);
#6756 = DEFINITIONAL_REPRESENTATION('',(#6757),#6761);
#6757 = LINE('',#6758,#6759);
#6758 = CARTESIAN_POINT('',(7.8,0.6));
#6759 = VECTOR('',#6760,1.);
#6760 = DIRECTION('',(-1.,0.));
#6761 = ( GEOMETRIC_REPRESENTATION_CONTEXT(2) 
PARAMETRIC_REPRESENTATION_CONTEXT() REPRESENTATION_CONTEXT('2D SPACE',''
  ) );
#6762 = PCURVE('',#6763,#6768);
#6763 = PLANE('',#6764);
#6764 = AXIS2_PLACEMENT_3D('',#6765,#6766,#6767);
#6765 = CARTESIAN_POINT('',(49.6,-150.4,0.));
#6766 = DIRECTION('',(0.,0.,1.));
#6767 = DIRECTION('',(1.,0.,0.));
#6768 = DEFINITIONAL_REPRESENTATION('',(#6769),#6773);
#6769 = LINE('',#6770,#6771);
#6770 = CARTESIAN_POINT('',(7.8,0.));
#6771 = VECTOR('',#6772,1.);
#6772 = DIRECTION('',(-1.,0.));
#6773 = ( GEOMETRIC_REPRESENTATION_CONTEXT(2) 
PARAMETRIC_REPRESENTATION_CONTEXT() REPRESENTATION_CONTEXT('2D SPACE',''
  ) );
#6774 = ORIENTED_EDGE('',*,*,#6775,.F.);
#6775 = EDGE_CURVE('',#6776,#6748,#6778,.T.);
#6776 = VERTEX_POINT('',#6777);
#6777 = CARTESIAN_POINT('',(50.1,-150.4,10.6));
#6778 = SURFACE_CURVE('',#6779,(#6783,#6790),.PCURVE_S1.);
#6779 = LINE('',#6780,#6781);
#6780 = CARTESIAN_POINT('',(50.1,-150.4,10.6));
#6781 = VECTOR('',#6782,1.);
#6782 = DIRECTION('',(0.,0.,-1.));
#6783 = PCURVE('',#2049,#6784);
#6784 = DEFINITIONAL_REPRESENTATION('',(#6785),#6789);
#6785 = LINE('',#6786,#6787);
#6786 = CARTESIAN_POINT('',(0.5,-10.));
#6787 = VECTOR('',#6788,1.);
#6788 = DIRECTION('',(0.,1.));
#6789 = ( GEOMETRIC_REPRESENTATION_CONTEXT(2) 
PARAMETRIC_REPRESENTATION_CONTEXT() REPRESENTATION_CONTEXT('2D SPACE',''
  ) );
#6790 = PCURVE('',#6791,#6796);
#6791 = CYLINDRICAL_SURFACE('',#6792,0.5);
#6792 = AXIS2_PLACEMENT_3D('',#6793,#6794,#6795);
#6793 = CARTESIAN_POINT('',(50.1,-149.9,0.6));
#6794 = DIRECTION('',(0.,0.,1.));
#6795 = DIRECTION('',(0.,-1.,0.));
#6796 = DEFINITIONAL_REPRESENTATION('',(#6797),#6801);
#6797 = LINE('',#6798,#6799);
#6798 = CARTESIAN_POINT('',(-0.,10.));
#6799 = VECTOR('',#6800,1.);
#6800 = DIRECTION('',(-0.,-1.));
#6801 = ( GEOMETRIC_REPRESENTATION_CONTEXT(2) 
PARAMETRIC_REPRESENTATION_CONTEXT() REPRESENTATION_CONTEXT('2D SPACE',''
  ) );
#6802 = ORIENTED_EDGE('',*,*,#6803,.F.);
#6803 = EDGE_CURVE('',#6804,#6776,#6806,.T.);
#6804 = VERTEX_POINT('',#6805);
#6805 = CARTESIAN_POINT('',(57.,-150.4,10.6));
#6806 = SURFACE_CURVE('',#6807,(#6811,#6818),.PCURVE_S1.);
#6807 = LINE('',#6808,#6809);
#6808 = CARTESIAN_POINT('',(74.8,-150.4,10.6));
#6809 = VECTOR('',#6810,1.);
#6810 = DIRECTION('',(-1.,0.,0.));
#6811 = PCURVE('',#2049,#6812);
#6812 = DEFINITIONAL_REPRESENTATION('',(#6813),#6817);
#6813 = LINE('',#6814,#6815);
#6814 = CARTESIAN_POINT('',(25.2,-10.));
#6815 = VECTOR('',#6816,1.);
#6816 = DIRECTION('',(-1.,0.));
#6817 = ( GEOMETRIC_REPRESENTATION_CONTEXT(2) 
PARAMETRIC_REPRESENTATION_CONTEXT() REPRESENTATION_CONTEXT('2D SPACE',''
  ) );
#6818 = PCURVE('',#4510,#6819);
#6819 = DEFINITIONAL_REPRESENTATION('',(#6820),#6823);
#6820 = B_SPLINE_CURVE_WITH_KNOTS('',1,(#6821,#6822),.UNSPECIFIED.,.F.,
  .F.,(2,2),(-75.1,24.7),.PIECEWISE_BEZIER_KNOTS.);
#6821 = CARTESIAN_POINT('',(49.9,-50.4));
#6822 = CARTESIAN_POINT('',(-49.9,-50.4));
#6823 = ( GEOMETRIC_REPRESENTATION_CONTEXT(2) 
PARAMETRIC_REPRESENTATION_CONTEXT() REPRESENTATION_CONTEXT('2D SPACE',''
  ) );
#6824 = ORIENTED_EDGE('',*,*,#6825,.T.);
#6825 = EDGE_CURVE('',#6804,#5590,#6826,.T.);
#6826 = SURFACE_CURVE('',#6827,(#6831,#6837),.PCURVE_S1.);
#6827 = LINE('',#6828,#6829);
#6828 = CARTESIAN_POINT('',(57.,-150.4,1.1));
#6829 = VECTOR('',#6830,1.);
#6830 = DIRECTION('',(0.,0.,-1.));
#6831 = PCURVE('',#2049,#6832);
#6832 = DEFINITIONAL_REPRESENTATION('',(#6833),#6836);
#6833 = B_SPLINE_CURVE_WITH_KNOTS('',1,(#6834,#6835),.UNSPECIFIED.,.F.,
  .F.,(2,2),(-9.5,-0.5),.PIECEWISE_BEZIER_KNOTS.);
#6834 = CARTESIAN_POINT('',(7.4,-10.));
#6835 = CARTESIAN_POINT('',(7.4,-1.));
#6836 = ( GEOMETRIC_REPRESENTATION_CONTEXT(2) 
PARAMETRIC_REPRESENTATION_CONTEXT() REPRESENTATION_CONTEXT('2D SPACE',''
  ) );
#6837 = PCURVE('',#4858,#6838);
#6838 = DEFINITIONAL_REPRESENTATION('',(#6839),#6842);
#6839 = B_SPLINE_CURVE_WITH_KNOTS('',1,(#6840,#6841),.UNSPECIFIED.,.F.,
  .F.,(2,2),(-9.5,-0.5),.PIECEWISE_BEZIER_KNOTS.);
#6840 = CARTESIAN_POINT('',(9.,-3.6));
#6841 = CARTESIAN_POINT('',(0.,-3.6));
#6842 = ( GEOMETRIC_REPRESENTATION_CONTEXT(2) 
PARAMETRIC_REPRESENTATION_CONTEXT() REPRESENTATION_CONTEXT('2D SPACE',''
  ) );
#6843 = ORIENTED_EDGE('',*,*,#5641,.T.);
#6844 = ORIENTED_EDGE('',*,*,#6845,.F.);
#6845 = EDGE_CURVE('',#6846,#5614,#6848,.T.);
#6846 = VERTEX_POINT('',#6847);
#6847 = CARTESIAN_POINT('',(68.7,-150.4,10.6));
#6848 = SURFACE_CURVE('',#6849,(#6853,#6859),.PCURVE_S1.);
#6849 = LINE('',#6850,#6851);
#6850 = CARTESIAN_POINT('',(68.7,-150.4,1.1));
#6851 = VECTOR('',#6852,1.);
#6852 = DIRECTION('',(0.,0.,-1.));
#6853 = PCURVE('',#2049,#6854);
#6854 = DEFINITIONAL_REPRESENTATION('',(#6855),#6858);
#6855 = B_SPLINE_CURVE_WITH_KNOTS('',1,(#6856,#6857),.UNSPECIFIED.,.F.,
  .F.,(2,2),(-9.5,-0.5),.PIECEWISE_BEZIER_KNOTS.);
#6856 = CARTESIAN_POINT('',(19.1,-10.));
#6857 = CARTESIAN_POINT('',(19.1,-1.));
#6858 = ( GEOMETRIC_REPRESENTATION_CONTEXT(2) 
PARAMETRIC_REPRESENTATION_CONTEXT() REPRESENTATION_CONTEXT('2D SPACE',''
  ) );
#6859 = PCURVE('',#5629,#6860);
#6860 = DEFINITIONAL_REPRESENTATION('',(#6861),#6864);
#6861 = B_SPLINE_CURVE_WITH_KNOTS('',1,(#6862,#6863),.UNSPECIFIED.,.F.,
  .F.,(2,2),(-9.5,-0.5),.PIECEWISE_BEZIER_KNOTS.);
#6862 = CARTESIAN_POINT('',(9.,-3.6));
#6863 = CARTESIAN_POINT('',(0.,-3.6));
#6864 = ( GEOMETRIC_REPRESENTATION_CONTEXT(2) 
PARAMETRIC_REPRESENTATION_CONTEXT() REPRESENTATION_CONTEXT('2D SPACE',''
  ) );
#6865 = ORIENTED_EDGE('',*,*,#6866,.F.);
#6866 = EDGE_CURVE('',#6867,#6846,#6869,.T.);
#6867 = VERTEX_POINT('',#6868);
#6868 = CARTESIAN_POINT('',(74.,-150.4,10.6));
#6869 = SURFACE_CURVE('',#6870,(#6874,#6881),.PCURVE_S1.);
#6870 = LINE('',#6871,#6872);
#6871 = CARTESIAN_POINT('',(74.8,-150.4,10.6));
#6872 = VECTOR('',#6873,1.);
#6873 = DIRECTION('',(-1.,0.,0.));
#6874 = PCURVE('',#2049,#6875);
#6875 = DEFINITIONAL_REPRESENTATION('',(#6876),#6880);
#6876 = LINE('',#6877,#6878);
#6877 = CARTESIAN_POINT('',(25.2,-10.));
#6878 = VECTOR('',#6879,1.);
#6879 = DIRECTION('',(-1.,0.));
#6880 = ( GEOMETRIC_REPRESENTATION_CONTEXT(2) 
PARAMETRIC_REPRESENTATION_CONTEXT() REPRESENTATION_CONTEXT('2D SPACE',''
  ) );
#6881 = PCURVE('',#6046,#6882);
#6882 = DEFINITIONAL_REPRESENTATION('',(#6883),#6886);
#6883 = B_SPLINE_CURVE_WITH_KNOTS('',1,(#6884,#6885),.UNSPECIFIED.,.F.,
  .F.,(2,2),(-75.1,24.7),.PIECEWISE_BEZIER_KNOTS.);
#6884 = CARTESIAN_POINT('',(49.9,-50.4));
#6885 = CARTESIAN_POINT('',(-49.9,-50.4));
#6886 = ( GEOMETRIC_REPRESENTATION_CONTEXT(2) 
PARAMETRIC_REPRESENTATION_CONTEXT() REPRESENTATION_CONTEXT('2D SPACE',''
  ) );
#6887 = ORIENTED_EDGE('',*,*,#6888,.T.);
#6888 = EDGE_CURVE('',#6867,#6160,#6889,.T.);
#6889 = SURFACE_CURVE('',#6890,(#6894,#6900),.PCURVE_S1.);
#6890 = LINE('',#6891,#6892);
#6891 = CARTESIAN_POINT('',(74.,-150.4,1.1));
#6892 = VECTOR('',#6893,1.);
#6893 = DIRECTION('',(0.,0.,-1.));
#6894 = PCURVE('',#2049,#6895);
#6895 = DEFINITIONAL_REPRESENTATION('',(#6896),#6899);
#6896 = B_SPLINE_CURVE_WITH_KNOTS('',1,(#6897,#6898),.UNSPECIFIED.,.F.,
  .F.,(2,2),(-9.5,-0.5),.PIECEWISE_BEZIER_KNOTS.);
#6897 = CARTESIAN_POINT('',(24.4,-10.));
#6898 = CARTESIAN_POINT('',(24.4,-1.));
#6899 = ( GEOMETRIC_REPRESENTATION_CONTEXT(2) 
PARAMETRIC_REPRESENTATION_CONTEXT() REPRESENTATION_CONTEXT('2D SPACE',''
  ) );
#6900 = PCURVE('',#6071,#6901);
#6901 = DEFINITIONAL_REPRESENTATION('',(#6902),#6905);
#6902 = B_SPLINE_CURVE_WITH_KNOTS('',1,(#6903,#6904),.UNSPECIFIED.,.F.,
  .F.,(2,2),(-9.5,-0.5),.PIECEWISE_BEZIER_KNOTS.);
#6903 = CARTESIAN_POINT('',(9.,-3.6));
#6904 = CARTESIAN_POINT('',(0.,-3.6));
#6905 = ( GEOMETRIC_REPRESENTATION_CONTEXT(2) 
PARAMETRIC_REPRESENTATION_CONTEXT() REPRESENTATION_CONTEXT('2D SPACE',''
  ) );
#6906 = ORIENTED_EDGE('',*,*,#6211,.T.);
#6907 = ORIENTED_EDGE('',*,*,#6908,.F.);
#6908 = EDGE_CURVE('',#6909,#6184,#6911,.T.);
#6909 = VERTEX_POINT('',#6910);
#6910 = CARTESIAN_POINT('',(85.7,-150.4,10.6));
#6911 = SURFACE_CURVE('',#6912,(#6916,#6922),.PCURVE_S1.);
#6912 = LINE('',#6913,#6914);
#6913 = CARTESIAN_POINT('',(85.7,-150.4,1.1));
#6914 = VECTOR('',#6915,1.);
#6915 = DIRECTION('',(0.,0.,-1.));
#6916 = PCURVE('',#2049,#6917);
#6917 = DEFINITIONAL_REPRESENTATION('',(#6918),#6921);
#6918 = B_SPLINE_CURVE_WITH_KNOTS('',1,(#6919,#6920),.UNSPECIFIED.,.F.,
  .F.,(2,2),(-9.5,-0.5),.PIECEWISE_BEZIER_KNOTS.);
#6919 = CARTESIAN_POINT('',(36.1,-10.));
#6920 = CARTESIAN_POINT('',(36.1,-1.));
#6921 = ( GEOMETRIC_REPRESENTATION_CONTEXT(2) 
PARAMETRIC_REPRESENTATION_CONTEXT() REPRESENTATION_CONTEXT('2D SPACE',''
  ) );
#6922 = PCURVE('',#6199,#6923);
#6923 = DEFINITIONAL_REPRESENTATION('',(#6924),#6927);
#6924 = B_SPLINE_CURVE_WITH_KNOTS('',1,(#6925,#6926),.UNSPECIFIED.,.F.,
  .F.,(2,2),(-9.5,-0.5),.PIECEWISE_BEZIER_KNOTS.);
#6925 = CARTESIAN_POINT('',(9.,-3.6));
#6926 = CARTESIAN_POINT('',(0.,-3.6));
#6927 = ( GEOMETRIC_REPRESENTATION_CONTEXT(2) 
PARAMETRIC_REPRESENTATION_CONTEXT() REPRESENTATION_CONTEXT('2D SPACE',''
  ) );
#6928 = ORIENTED_EDGE('',*,*,#6929,.F.);
#6929 = EDGE_CURVE('',#6930,#6909,#6932,.T.);
#6930 = VERTEX_POINT('',#6931);
#6931 = CARTESIAN_POINT('',(91.,-150.4,10.6));
#6932 = SURFACE_CURVE('',#6933,(#6937,#6944),.PCURVE_S1.);
#6933 = LINE('',#6934,#6935);
#6934 = CARTESIAN_POINT('',(74.8,-150.4,10.6));
#6935 = VECTOR('',#6936,1.);
#6936 = DIRECTION('',(-1.,0.,0.));
#6937 = PCURVE('',#2049,#6938);
#6938 = DEFINITIONAL_REPRESENTATION('',(#6939),#6943);
#6939 = LINE('',#6940,#6941);
#6940 = CARTESIAN_POINT('',(25.2,-10.));
#6941 = VECTOR('',#6942,1.);
#6942 = DIRECTION('',(-1.,0.));
#6943 = ( GEOMETRIC_REPRESENTATION_CONTEXT(2) 
PARAMETRIC_REPRESENTATION_CONTEXT() REPRESENTATION_CONTEXT('2D SPACE',''
  ) );
#6944 = PCURVE('',#6348,#6945);
#6945 = DEFINITIONAL_REPRESENTATION('',(#6946),#6949);
#6946 = B_SPLINE_CURVE_WITH_KNOTS('',1,(#6947,#6948),.UNSPECIFIED.,.F.,
  .F.,(2,2),(-75.1,24.7),.PIECEWISE_BEZIER_KNOTS.);
#6947 = CARTESIAN_POINT('',(49.9,-50.4));
#6948 = CARTESIAN_POINT('',(-49.9,-50.4));
#6949 = ( GEOMETRIC_REPRESENTATION_CONTEXT(2) 
PARAMETRIC_REPRESENTATION_CONTEXT() REPRESENTATION_CONTEXT('2D SPACE',''
  ) );
#6950 = ORIENTED_EDGE('',*,*,#6951,.T.);
#6951 = EDGE_CURVE('',#6930,#6462,#6952,.T.);
#6952 = SURFACE_CURVE('',#6953,(#6957,#6963),.PCURVE_S1.);
#6953 = LINE('',#6954,#6955);
#6954 = CARTESIAN_POINT('',(91.,-150.4,1.1));
#6955 = VECTOR('',#6956,1.);
#6956 = DIRECTION('',(0.,0.,-1.));
#6957 = PCURVE('',#2049,#6958);
#6958 = DEFINITIONAL_REPRESENTATION('',(#6959),#6962);
#6959 = B_SPLINE_CURVE_WITH_KNOTS('',1,(#6960,#6961),.UNSPECIFIED.,.F.,
  .F.,(2,2),(-9.5,-0.5),.PIECEWISE_BEZIER_KNOTS.);
#6960 = CARTESIAN_POINT('',(41.4,-10.));
#6961 = CARTESIAN_POINT('',(41.4,-1.));
#6962 = ( GEOMETRIC_REPRESENTATION_CONTEXT(2) 
PARAMETRIC_REPRESENTATION_CONTEXT() REPRESENTATION_CONTEXT('2D SPACE',''
  ) );
#6963 = PCURVE('',#6373,#6964);
#6964 = DEFINITIONAL_REPRESENTATION('',(#6965),#6968);
#6965 = B_SPLINE_CURVE_WITH_KNOTS('',1,(#6966,#6967),.UNSPECIFIED.,.F.,
  .F.,(2,2),(-9.5,-0.5),.PIECEWISE_BEZIER_KNOTS.);
#6966 = CARTESIAN_POINT('',(9.,-3.6));
#6967 = CARTESIAN_POINT('',(0.,-3.6));
#6968 = ( GEOMETRIC_REPRESENTATION_CONTEXT(2) 
PARAMETRIC_REPRESENTATION_CONTEXT() REPRESENTATION_CONTEXT('2D SPACE',''
  ) );
#6969 = ORIENTED_EDGE('',*,*,#6513,.T.);
#6970 = ORIENTED_EDGE('',*,*,#6971,.F.);
#6971 = EDGE_CURVE('',#6972,#6486,#6974,.T.);
#6972 = VERTEX_POINT('',#6973);
#6973 = CARTESIAN_POINT('',(102.7,-150.4,10.6));
#6974 = SURFACE_CURVE('',#6975,(#6979,#6985),.PCURVE_S1.);
#6975 = LINE('',#6976,#6977);
#6976 = CARTESIAN_POINT('',(102.7,-150.4,1.1));
#6977 = VECTOR('',#6978,1.);
#6978 = DIRECTION('',(0.,0.,-1.));
#6979 = PCURVE('',#2049,#6980);
#6980 = DEFINITIONAL_REPRESENTATION('',(#6981),#6984);
#6981 = B_SPLINE_CURVE_WITH_KNOTS('',1,(#6982,#6983),.UNSPECIFIED.,.F.,
  .F.,(2,2),(-9.5,-0.5),.PIECEWISE_BEZIER_KNOTS.);
#6982 = CARTESIAN_POINT('',(53.1,-10.));
#6983 = CARTESIAN_POINT('',(53.1,-1.));
#6984 = ( GEOMETRIC_REPRESENTATION_CONTEXT(2) 
PARAMETRIC_REPRESENTATION_CONTEXT() REPRESENTATION_CONTEXT('2D SPACE',''
  ) );
#6985 = PCURVE('',#6501,#6986);
#6986 = DEFINITIONAL_REPRESENTATION('',(#6987),#6990);
#6987 = B_SPLINE_CURVE_WITH_KNOTS('',1,(#6988,#6989),.UNSPECIFIED.,.F.,
  .F.,(2,2),(-9.5,-0.5),.PIECEWISE_BEZIER_KNOTS.);
#6988 = CARTESIAN_POINT('',(9.,-3.6));
#6989 = CARTESIAN_POINT('',(0.,-3.6));
#6990 = ( GEOMETRIC_REPRESENTATION_CONTEXT(2) 
PARAMETRIC_REPRESENTATION_CONTEXT() REPRESENTATION_CONTEXT('2D SPACE',''
  ) );
#6991 = ORIENTED_EDGE('',*,*,#6992,.F.);
#6992 = EDGE_CURVE('',#6993,#6972,#6995,.T.);
#6993 = VERTEX_POINT('',#6994);
#6994 = CARTESIAN_POINT('',(106.3,-150.4,10.6));
#6995 = SURFACE_CURVE('',#6996,(#7000,#7007),.PCURVE_S1.);
#6996 = LINE('',#6997,#6998);
#6997 = CARTESIAN_POINT('',(74.8,-150.4,10.6));
#6998 = VECTOR('',#6999,1.);
#6999 = DIRECTION('',(-1.,0.,0.));
#7000 = PCURVE('',#2049,#7001);
#7001 = DEFINITIONAL_REPRESENTATION('',(#7002),#7006);
#7002 = LINE('',#7003,#7004);
#7003 = CARTESIAN_POINT('',(25.2,-10.));
#7004 = VECTOR('',#7005,1.);
#7005 = DIRECTION('',(-1.,0.));
#7006 = ( GEOMETRIC_REPRESENTATION_CONTEXT(2) 
PARAMETRIC_REPRESENTATION_CONTEXT() REPRESENTATION_CONTEXT('2D SPACE',''
  ) );
#7007 = PCURVE('',#6573,#7008);
#7008 = DEFINITIONAL_REPRESENTATION('',(#7009),#7012);
#7009 = B_SPLINE_CURVE_WITH_KNOTS('',1,(#7010,#7011),.UNSPECIFIED.,.F.,
  .F.,(2,2),(-75.1,24.7),.PIECEWISE_BEZIER_KNOTS.);
#7010 = CARTESIAN_POINT('',(49.9,-50.4));
#7011 = CARTESIAN_POINT('',(-49.9,-50.4));
#7012 = ( GEOMETRIC_REPRESENTATION_CONTEXT(2) 
PARAMETRIC_REPRESENTATION_CONTEXT() REPRESENTATION_CONTEXT('2D SPACE',''
  ) );
#7013 = ORIENTED_EDGE('',*,*,#7014,.T.);
#7014 = EDGE_CURVE('',#6993,#6388,#7015,.T.);
#7015 = SURFACE_CURVE('',#7016,(#7020,#7026),.PCURVE_S1.);
#7016 = LINE('',#7017,#7018);
#7017 = CARTESIAN_POINT('',(106.3,-150.4,1.1));
#7018 = VECTOR('',#7019,1.);
#7019 = DIRECTION('',(0.,0.,-1.));
#7020 = PCURVE('',#2049,#7021);
#7021 = DEFINITIONAL_REPRESENTATION('',(#7022),#7025);
#7022 = B_SPLINE_CURVE_WITH_KNOTS('',1,(#7023,#7024),.UNSPECIFIED.,.F.,
  .F.,(2,2),(-9.5,-0.5),.PIECEWISE_BEZIER_KNOTS.);
#7023 = CARTESIAN_POINT('',(56.7,-10.));
#7024 = CARTESIAN_POINT('',(56.7,-1.));
#7025 = ( GEOMETRIC_REPRESENTATION_CONTEXT(2) 
PARAMETRIC_REPRESENTATION_CONTEXT() REPRESENTATION_CONTEXT('2D SPACE',''
  ) );
#7026 = PCURVE('',#6403,#7027);
#7027 = DEFINITIONAL_REPRESENTATION('',(#7028),#7031);
#7028 = B_SPLINE_CURVE_WITH_KNOTS('',1,(#7029,#7030),.UNSPECIFIED.,.F.,
  .F.,(2,2),(-9.5,-0.5),.PIECEWISE_BEZIER_KNOTS.);
#7029 = CARTESIAN_POINT('',(9.,-3.6));
#7030 = CARTESIAN_POINT('',(0.,-3.6));
#7031 = ( GEOMETRIC_REPRESENTATION_CONTEXT(2) 
PARAMETRIC_REPRESENTATION_CONTEXT() REPRESENTATION_CONTEXT('2D SPACE',''
  ) );
#7032 = ORIENTED_EDGE('',*,*,#6439,.T.);
#7033 = ORIENTED_EDGE('',*,*,#7034,.F.);
#7034 = EDGE_CURVE('',#7035,#6417,#7037,.T.);
#7035 = VERTEX_POINT('',#7036);
#7036 = CARTESIAN_POINT('',(121.8,-150.4,10.6));
#7037 = SURFACE_CURVE('',#7038,(#7042,#7048),.PCURVE_S1.);
#7038 = LINE('',#7039,#7040);
#7039 = CARTESIAN_POINT('',(121.8,-150.4,1.1));
#7040 = VECTOR('',#7041,1.);
#7041 = DIRECTION('',(0.,0.,-1.));
#7042 = PCURVE('',#2049,#7043);
#7043 = DEFINITIONAL_REPRESENTATION('',(#7044),#7047);
#7044 = B_SPLINE_CURVE_WITH_KNOTS('',1,(#7045,#7046),.UNSPECIFIED.,.F.,
  .F.,(2,2),(-9.5,-0.5),.PIECEWISE_BEZIER_KNOTS.);
#7045 = CARTESIAN_POINT('',(72.2,-10.));
#7046 = CARTESIAN_POINT('',(72.2,-1.));
#7047 = ( GEOMETRIC_REPRESENTATION_CONTEXT(2) 
PARAMETRIC_REPRESENTATION_CONTEXT() REPRESENTATION_CONTEXT('2D SPACE',''
  ) );
#7048 = PCURVE('',#6249,#7049);
#7049 = DEFINITIONAL_REPRESENTATION('',(#7050),#7053);
#7050 = B_SPLINE_CURVE_WITH_KNOTS('',1,(#7051,#7052),.UNSPECIFIED.,.F.,
  .F.,(2,2),(-9.5,-0.5),.PIECEWISE_BEZIER_KNOTS.);
#7051 = CARTESIAN_POINT('',(9.,-3.6));
#7052 = CARTESIAN_POINT('',(0.,-3.6));
#7053 = ( GEOMETRIC_REPRESENTATION_CONTEXT(2) 
PARAMETRIC_REPRESENTATION_CONTEXT() REPRESENTATION_CONTEXT('2D SPACE',''
  ) );
#7054 = ORIENTED_EDGE('',*,*,#7055,.F.);
#7055 = EDGE_CURVE('',#7056,#7035,#7058,.T.);
#7056 = VERTEX_POINT('',#7057);
#7057 = CARTESIAN_POINT('',(126.3,-150.4,10.6));
#7058 = SURFACE_CURVE('',#7059,(#7063,#7070),.PCURVE_S1.);
#7059 = LINE('',#7060,#7061);
#7060 = CARTESIAN_POINT('',(74.8,-150.4,10.6));
#7061 = VECTOR('',#7062,1.);
#7062 = DIRECTION('',(-1.,0.,0.));
#7063 = PCURVE('',#2049,#7064);
#7064 = DEFINITIONAL_REPRESENTATION('',(#7065),#7069);
#7065 = LINE('',#7066,#7067);
#7066 = CARTESIAN_POINT('',(25.2,-10.));
#7067 = VECTOR('',#7068,1.);
#7068 = DIRECTION('',(-1.,0.));
#7069 = ( GEOMETRIC_REPRESENTATION_CONTEXT(2) 
PARAMETRIC_REPRESENTATION_CONTEXT() REPRESENTATION_CONTEXT('2D SPACE',''
  ) );
#7070 = PCURVE('',#6276,#7071);
#7071 = DEFINITIONAL_REPRESENTATION('',(#7072),#7075);
#7072 = B_SPLINE_CURVE_WITH_KNOTS('',1,(#7073,#7074),.UNSPECIFIED.,.F.,
  .F.,(2,2),(-75.1,24.7),.PIECEWISE_BEZIER_KNOTS.);
#7073 = CARTESIAN_POINT('',(49.9,-50.4));
#7074 = CARTESIAN_POINT('',(-49.9,-50.4));
#7075 = ( GEOMETRIC_REPRESENTATION_CONTEXT(2) 
PARAMETRIC_REPRESENTATION_CONTEXT() REPRESENTATION_CONTEXT('2D SPACE',''
  ) );
#7076 = ORIENTED_EDGE('',*,*,#7077,.T.);
#7077 = EDGE_CURVE('',#7056,#6086,#7078,.T.);
#7078 = SURFACE_CURVE('',#7079,(#7083,#7089),.PCURVE_S1.);
#7079 = LINE('',#7080,#7081);
#7080 = CARTESIAN_POINT('',(126.3,-150.4,1.1));
#7081 = VECTOR('',#7082,1.);
#7082 = DIRECTION('',(0.,0.,-1.));
#7083 = PCURVE('',#2049,#7084);
#7084 = DEFINITIONAL_REPRESENTATION('',(#7085),#7088);
#7085 = B_SPLINE_CURVE_WITH_KNOTS('',1,(#7086,#7087),.UNSPECIFIED.,.F.,
  .F.,(2,2),(-9.5,-0.5),.PIECEWISE_BEZIER_KNOTS.);
#7086 = CARTESIAN_POINT('',(76.7,-10.));
#7087 = CARTESIAN_POINT('',(76.7,-1.));
#7088 = ( GEOMETRIC_REPRESENTATION_CONTEXT(2) 
PARAMETRIC_REPRESENTATION_CONTEXT() REPRESENTATION_CONTEXT('2D SPACE',''
  ) );
#7089 = PCURVE('',#6101,#7090);
#7090 = DEFINITIONAL_REPRESENTATION('',(#7091),#7094);
#7091 = B_SPLINE_CURVE_WITH_KNOTS('',1,(#7092,#7093),.UNSPECIFIED.,.F.,
  .F.,(2,2),(-9.5,-0.5),.PIECEWISE_BEZIER_KNOTS.);
#7092 = CARTESIAN_POINT('',(9.,-3.6));
#7093 = CARTESIAN_POINT('',(0.,-3.6));
#7094 = ( GEOMETRIC_REPRESENTATION_CONTEXT(2) 
PARAMETRIC_REPRESENTATION_CONTEXT() REPRESENTATION_CONTEXT('2D SPACE',''
  ) );
#7095 = ORIENTED_EDGE('',*,*,#6137,.T.);
#7096 = ORIENTED_EDGE('',*,*,#7097,.F.);
#7097 = EDGE_CURVE('',#7098,#6115,#7100,.T.);
#7098 = VERTEX_POINT('',#7099);
#7099 = CARTESIAN_POINT('',(141.8,-150.4,10.6));
#7100 = SURFACE_CURVE('',#7101,(#7105,#7111),.PCURVE_S1.);
#7101 = LINE('',#7102,#7103);
#7102 = CARTESIAN_POINT('',(141.8,-150.4,1.1));
#7103 = VECTOR('',#7104,1.);
#7104 = DIRECTION('',(0.,0.,-1.));
#7105 = PCURVE('',#2049,#7106);
#7106 = DEFINITIONAL_REPRESENTATION('',(#7107),#7110);
#7107 = B_SPLINE_CURVE_WITH_KNOTS('',1,(#7108,#7109),.UNSPECIFIED.,.F.,
  .F.,(2,2),(-9.5,-0.5),.PIECEWISE_BEZIER_KNOTS.);
#7108 = CARTESIAN_POINT('',(92.2,-10.));
#7109 = CARTESIAN_POINT('',(92.2,-1.));
#7110 = ( GEOMETRIC_REPRESENTATION_CONTEXT(2) 
PARAMETRIC_REPRESENTATION_CONTEXT() REPRESENTATION_CONTEXT('2D SPACE',''
  ) );
#7111 = PCURVE('',#5679,#7112);
#7112 = DEFINITIONAL_REPRESENTATION('',(#7113),#7116);
#7113 = B_SPLINE_CURVE_WITH_KNOTS('',1,(#7114,#7115),.UNSPECIFIED.,.F.,
  .F.,(2,2),(-9.5,-0.5),.PIECEWISE_BEZIER_KNOTS.);
#7114 = CARTESIAN_POINT('',(9.,-3.6));
#7115 = CARTESIAN_POINT('',(0.,-3.6));
#7116 = ( GEOMETRIC_REPRESENTATION_CONTEXT(2) 
PARAMETRIC_REPRESENTATION_CONTEXT() REPRESENTATION_CONTEXT('2D SPACE',''
  ) );
#7117 = ORIENTED_EDGE('',*,*,#7118,.F.);
#7118 = EDGE_CURVE('',#6610,#7098,#7119,.T.);
#7119 = SURFACE_CURVE('',#7120,(#7124,#7131),.PCURVE_S1.);
#7120 = LINE('',#7121,#7122);
#7121 = CARTESIAN_POINT('',(74.8,-150.4,10.6));
#7122 = VECTOR('',#7123,1.);
#7123 = DIRECTION('',(-1.,0.,0.));
#7124 = PCURVE('',#2049,#7125);
#7125 = DEFINITIONAL_REPRESENTATION('',(#7126),#7130);
#7126 = LINE('',#7127,#7128);
#7127 = CARTESIAN_POINT('',(25.2,-10.));
#7128 = VECTOR('',#7129,1.);
#7129 = DIRECTION('',(-1.,0.));
#7130 = ( GEOMETRIC_REPRESENTATION_CONTEXT(2) 
PARAMETRIC_REPRESENTATION_CONTEXT() REPRESENTATION_CONTEXT('2D SPACE',''
  ) );
#7131 = PCURVE('',#5706,#7132);
#7132 = DEFINITIONAL_REPRESENTATION('',(#7133),#7136);
#7133 = B_SPLINE_CURVE_WITH_KNOTS('',1,(#7134,#7135),.UNSPECIFIED.,.F.,
  .F.,(2,2),(-75.1,24.7),.PIECEWISE_BEZIER_KNOTS.);
#7134 = CARTESIAN_POINT('',(49.9,-50.4));
#7135 = CARTESIAN_POINT('',(-49.9,-50.4));
#7136 = ( GEOMETRIC_REPRESENTATION_CONTEXT(2) 
PARAMETRIC_REPRESENTATION_CONTEXT() REPRESENTATION_CONTEXT('2D SPACE',''
  ) );
#7137 = FACE_BOUND('',#7138,.T.);
#7138 = EDGE_LOOP('',(#7139,#7140,#7141,#7142));
#7139 = ORIENTED_EDGE('',*,*,#2036,.F.);
#7140 = ORIENTED_EDGE('',*,*,#2160,.T.);
#7141 = ORIENTED_EDGE('',*,*,#2135,.T.);
#7142 = ORIENTED_EDGE('',*,*,#2088,.F.);
#7143 = FACE_BOUND('',#7144,.T.);
#7144 = EDGE_LOOP('',(#7145,#7146,#7147,#7148));
#7145 = ORIENTED_EDGE('',*,*,#2229,.F.);
#7146 = ORIENTED_EDGE('',*,*,#2348,.T.);
#7147 = ORIENTED_EDGE('',*,*,#2323,.T.);
#7148 = ORIENTED_EDGE('',*,*,#2276,.F.);
#7149 = FACE_BOUND('',#7150,.T.);
#7150 = EDGE_LOOP('',(#7151,#7152,#7153,#7154));
#7151 = ORIENTED_EDGE('',*,*,#2417,.F.);
#7152 = ORIENTED_EDGE('',*,*,#2536,.T.);
#7153 = ORIENTED_EDGE('',*,*,#2511,.T.);
#7154 = ORIENTED_EDGE('',*,*,#2464,.F.);
#7155 = FACE_BOUND('',#7156,.T.);
#7156 = EDGE_LOOP('',(#7157,#7158,#7159,#7160));
#7157 = ORIENTED_EDGE('',*,*,#2605,.F.);
#7158 = ORIENTED_EDGE('',*,*,#2724,.T.);
#7159 = ORIENTED_EDGE('',*,*,#2699,.T.);
#7160 = ORIENTED_EDGE('',*,*,#2652,.F.);
#7161 = ADVANCED_FACE('',(#7162,#7304),#2763,.T.);
#7162 = FACE_BOUND('',#7163,.T.);
#7163 = EDGE_LOOP('',(#7164,#7189,#7213,#7236,#7262,#7281,#7282));
#7164 = ORIENTED_EDGE('',*,*,#7165,.F.);
#7165 = EDGE_CURVE('',#7166,#7168,#7170,.T.);
#7166 = VERTEX_POINT('',#7167);
#7167 = CARTESIAN_POINT('',(40.,-48.,-4.));
#7168 = VERTEX_POINT('',#7169);
#7169 = CARTESIAN_POINT('',(47.819649149802,-48.,-4.));
#7170 = SURFACE_CURVE('',#7171,(#7175,#7182),.PCURVE_S1.);
#7171 = LINE('',#7172,#7173);
#7172 = CARTESIAN_POINT('',(40.,-48.,-4.));
#7173 = VECTOR('',#7174,1.);
#7174 = DIRECTION('',(1.,0.,0.));
#7175 = PCURVE('',#2763,#7176);
#7176 = DEFINITIONAL_REPRESENTATION('',(#7177),#7181);
#7177 = LINE('',#7178,#7179);
#7178 = CARTESIAN_POINT('',(0.,12.));
#7179 = VECTOR('',#7180,1.);
#7180 = DIRECTION('',(1.,0.));
#7181 = ( GEOMETRIC_REPRESENTATION_CONTEXT(2) 
PARAMETRIC_REPRESENTATION_CONTEXT() REPRESENTATION_CONTEXT('2D SPACE',''
  ) );
#7182 = PCURVE('',#4057,#7183);
#7183 = DEFINITIONAL_REPRESENTATION('',(#7184),#7188);
#7184 = LINE('',#7185,#7186);
#7185 = CARTESIAN_POINT('',(3.6,0.));
#7186 = VECTOR('',#7187,1.);
#7187 = DIRECTION('',(0.,1.));
#7188 = ( GEOMETRIC_REPRESENTATION_CONTEXT(2) 
PARAMETRIC_REPRESENTATION_CONTEXT() REPRESENTATION_CONTEXT('2D SPACE',''
  ) );
#7189 = ORIENTED_EDGE('',*,*,#7190,.T.);
#7190 = EDGE_CURVE('',#7166,#7191,#7193,.T.);
#7191 = VERTEX_POINT('',#7192);
#7192 = CARTESIAN_POINT('',(40.,-60.,-4.));
#7193 = SURFACE_CURVE('',#7194,(#7199,#7206),.PCURVE_S1.);
#7194 = CIRCLE('',#7195,6.);
#7195 = AXIS2_PLACEMENT_3D('',#7196,#7197,#7198);
#7196 = CARTESIAN_POINT('',(40.,-54.,-4.));
#7197 = DIRECTION('',(0.,0.,1.));
#7198 = DIRECTION('',(1.,0.,0.));
#7199 = PCURVE('',#2763,#7200);
#7200 = DEFINITIONAL_REPRESENTATION('',(#7201),#7205);
#7201 = CIRCLE('',#7202,6.);
#7202 = AXIS2_PLACEMENT_2D('',#7203,#7204);
#7203 = CARTESIAN_POINT('',(0.,6.));
#7204 = DIRECTION('',(1.,0.));
#7205 = ( GEOMETRIC_REPRESENTATION_CONTEXT(2) 
PARAMETRIC_REPRESENTATION_CONTEXT() REPRESENTATION_CONTEXT('2D SPACE',''
  ) );
#7206 = PCURVE('',#4086,#7207);
#7207 = DEFINITIONAL_REPRESENTATION('',(#7208),#7212);
#7208 = LINE('',#7209,#7210);
#7209 = CARTESIAN_POINT('',(-0.,-3.6));
#7210 = VECTOR('',#7211,1.);
#7211 = DIRECTION('',(-1.,0.));
#7212 = ( GEOMETRIC_REPRESENTATION_CONTEXT(2) 
PARAMETRIC_REPRESENTATION_CONTEXT() REPRESENTATION_CONTEXT('2D SPACE',''
  ) );
#7213 = ORIENTED_EDGE('',*,*,#7214,.T.);
#7214 = EDGE_CURVE('',#7191,#7215,#7217,.T.);
#7215 = VERTEX_POINT('',#7216);
#7216 = CARTESIAN_POINT('',(46.,-60.,-4.));
#7217 = SURFACE_CURVE('',#7218,(#7222,#7229),.PCURVE_S1.);
#7218 = LINE('',#7219,#7220);
#7219 = CARTESIAN_POINT('',(40.,-60.,-4.));
#7220 = VECTOR('',#7221,1.);
#7221 = DIRECTION('',(1.,0.,0.));
#7222 = PCURVE('',#2763,#7223);
#7223 = DEFINITIONAL_REPRESENTATION('',(#7224),#7228);
#7224 = LINE('',#7225,#7226);
#7225 = CARTESIAN_POINT('',(0.,0.));
#7226 = VECTOR('',#7227,1.);
#7227 = DIRECTION('',(1.,0.));
#7228 = ( GEOMETRIC_REPRESENTATION_CONTEXT(2) 
PARAMETRIC_REPRESENTATION_CONTEXT() REPRESENTATION_CONTEXT('2D SPACE',''
  ) );
#7229 = PCURVE('',#3055,#7230);
#7230 = DEFINITIONAL_REPRESENTATION('',(#7231),#7235);
#7231 = LINE('',#7232,#7233);
#7232 = CARTESIAN_POINT('',(3.6,0.));
#7233 = VECTOR('',#7234,1.);
#7234 = DIRECTION('',(0.,1.));
#7235 = ( GEOMETRIC_REPRESENTATION_CONTEXT(2) 
PARAMETRIC_REPRESENTATION_CONTEXT() REPRESENTATION_CONTEXT('2D SPACE',''
  ) );
#7236 = ORIENTED_EDGE('',*,*,#7237,.T.);
#7237 = EDGE_CURVE('',#7215,#7238,#7240,.T.);
#7238 = VERTEX_POINT('',#7239);
#7239 = CARTESIAN_POINT('',(46.,-57.,-4.));
#7240 = SURFACE_CURVE('',#7241,(#7245,#7251),.PCURVE_S1.);
#7241 = LINE('',#7242,#7243);
#7242 = CARTESIAN_POINT('',(46.,-63.5,-4.));
#7243 = VECTOR('',#7244,1.);
#7244 = DIRECTION('',(0.,1.,0.));
#7245 = PCURVE('',#2763,#7246);
#7246 = DEFINITIONAL_REPRESENTATION('',(#7247),#7250);
#7247 = B_SPLINE_CURVE_WITH_KNOTS('',1,(#7248,#7249),.UNSPECIFIED.,.F.,
  .F.,(2,2),(3.5,6.5),.PIECEWISE_BEZIER_KNOTS.);
#7248 = CARTESIAN_POINT('',(6.,0.));
#7249 = CARTESIAN_POINT('',(6.,3.));
#7250 = ( GEOMETRIC_REPRESENTATION_CONTEXT(2) 
PARAMETRIC_REPRESENTATION_CONTEXT() REPRESENTATION_CONTEXT('2D SPACE',''
  ) );
#7251 = PCURVE('',#7252,#7257);
#7252 = PLANE('',#7253);
#7253 = AXIS2_PLACEMENT_3D('',#7254,#7255,#7256);
#7254 = CARTESIAN_POINT('',(46.,-67.,-4.4));
#7255 = DIRECTION('',(1.,0.,0.));
#7256 = DIRECTION('',(0.,0.,1.));
#7257 = DEFINITIONAL_REPRESENTATION('',(#7258),#7261);
#7258 = B_SPLINE_CURVE_WITH_KNOTS('',1,(#7259,#7260),.UNSPECIFIED.,.F.,
  .F.,(2,2),(3.5,6.5),.PIECEWISE_BEZIER_KNOTS.);
#7259 = CARTESIAN_POINT('',(0.4,-7.));
#7260 = CARTESIAN_POINT('',(0.4,-10.));
#7261 = ( GEOMETRIC_REPRESENTATION_CONTEXT(2) 
PARAMETRIC_REPRESENTATION_CONTEXT() REPRESENTATION_CONTEXT('2D SPACE',''
  ) );
#7262 = ORIENTED_EDGE('',*,*,#7263,.F.);
#7263 = EDGE_CURVE('',#2749,#7238,#7264,.T.);
#7264 = SURFACE_CURVE('',#7265,(#7269,#7275),.PCURVE_S1.);
#7265 = LINE('',#7266,#7267);
#7266 = CARTESIAN_POINT('',(43.,-57.,-4.));
#7267 = VECTOR('',#7268,1.);
#7268 = DIRECTION('',(-1.,0.,0.));
#7269 = PCURVE('',#2763,#7270);
#7270 = DEFINITIONAL_REPRESENTATION('',(#7271),#7274);
#7271 = B_SPLINE_CURVE_WITH_KNOTS('',1,(#7272,#7273),.UNSPECIFIED.,.F.,
  .F.,(2,2),(-4.819649149802,-3.),.PIECEWISE_BEZIER_KNOTS.);
#7272 = CARTESIAN_POINT('',(7.819649149802,3.));
#7273 = CARTESIAN_POINT('',(6.,3.));
#7274 = ( GEOMETRIC_REPRESENTATION_CONTEXT(2) 
PARAMETRIC_REPRESENTATION_CONTEXT() REPRESENTATION_CONTEXT('2D SPACE',''
  ) );
#7275 = PCURVE('',#3157,#7276);
#7276 = DEFINITIONAL_REPRESENTATION('',(#7277),#7280);
#7277 = B_SPLINE_CURVE_WITH_KNOTS('',1,(#7278,#7279),.UNSPECIFIED.,.F.,
  .F.,(2,2),(-4.819649149802,-3.),.PIECEWISE_BEZIER_KNOTS.);
#7278 = CARTESIAN_POINT('',(0.4,1.819649149802));
#7279 = CARTESIAN_POINT('',(0.4,0.));
#7280 = ( GEOMETRIC_REPRESENTATION_CONTEXT(2) 
PARAMETRIC_REPRESENTATION_CONTEXT() REPRESENTATION_CONTEXT('2D SPACE',''
  ) );
#7281 = ORIENTED_EDGE('',*,*,#2746,.F.);
#7282 = ORIENTED_EDGE('',*,*,#7283,.F.);
#7283 = EDGE_CURVE('',#7168,#2747,#7284,.T.);
#7284 = SURFACE_CURVE('',#7285,(#7290,#7297),.PCURVE_S1.);
#7285 = CIRCLE('',#7286,3.1);
#7286 = AXIS2_PLACEMENT_3D('',#7287,#7288,#7289);
#7287 = CARTESIAN_POINT('',(50.1,-50.1,-4.));
#7288 = DIRECTION('',(0.,0.,1.));
#7289 = DIRECTION('',(-0.,1.,0.));
#7290 = PCURVE('',#2763,#7291);
#7291 = DEFINITIONAL_REPRESENTATION('',(#7292),#7296);
#7292 = CIRCLE('',#7293,3.1);
#7293 = AXIS2_PLACEMENT_2D('',#7294,#7295);
#7294 = CARTESIAN_POINT('',(10.1,9.9));
#7295 = DIRECTION('',(0.,1.));
#7296 = ( GEOMETRIC_REPRESENTATION_CONTEXT(2) 
PARAMETRIC_REPRESENTATION_CONTEXT() REPRESENTATION_CONTEXT('2D SPACE',''
  ) );
#7297 = PCURVE('',#2790,#7298);
#7298 = DEFINITIONAL_REPRESENTATION('',(#7299),#7303);
#7299 = LINE('',#7300,#7301);
#7300 = CARTESIAN_POINT('',(0.,3.6));
#7301 = VECTOR('',#7302,1.);
#7302 = DIRECTION('',(1.,0.));
#7303 = ( GEOMETRIC_REPRESENTATION_CONTEXT(2) 
PARAMETRIC_REPRESENTATION_CONTEXT() REPRESENTATION_CONTEXT('2D SPACE',''
  ) );
#7304 = FACE_BOUND('',#7305,.T.);
#7305 = EDGE_LOOP('',(#7306));
#7306 = ORIENTED_EDGE('',*,*,#7307,.F.);
#7307 = EDGE_CURVE('',#7308,#7308,#7310,.T.);
#7308 = VERTEX_POINT('',#7309);
#7309 = CARTESIAN_POINT('',(44.3,-54.,-4.));
#7310 = SURFACE_CURVE('',#7311,(#7316,#7323),.PCURVE_S1.);
#7311 = CIRCLE('',#7312,4.3);
#7312 = AXIS2_PLACEMENT_3D('',#7313,#7314,#7315);
#7313 = CARTESIAN_POINT('',(40.,-54.,-4.));
#7314 = DIRECTION('',(0.,0.,1.));
#7315 = DIRECTION('',(1.,0.,-0.));
#7316 = PCURVE('',#2763,#7317);
#7317 = DEFINITIONAL_REPRESENTATION('',(#7318),#7322);
#7318 = CIRCLE('',#7319,4.3);
#7319 = AXIS2_PLACEMENT_2D('',#7320,#7321);
#7320 = CARTESIAN_POINT('',(0.,6.));
#7321 = DIRECTION('',(1.,0.));
#7322 = ( GEOMETRIC_REPRESENTATION_CONTEXT(2) 
PARAMETRIC_REPRESENTATION_CONTEXT() REPRESENTATION_CONTEXT('2D SPACE',''
  ) );
#7323 = PCURVE('',#7324,#7329);
#7324 = CONICAL_SURFACE('',#7325,2.25,0.785398163397);
#7325 = AXIS2_PLACEMENT_3D('',#7326,#7327,#7328);
#7326 = CARTESIAN_POINT('',(40.,-54.,-6.05));
#7327 = DIRECTION('',(0.,0.,1.));
#7328 = DIRECTION('',(1.,0.,-0.));
#7329 = DEFINITIONAL_REPRESENTATION('',(#7330),#7334);
#7330 = LINE('',#7331,#7332);
#7331 = CARTESIAN_POINT('',(0.,2.05));
#7332 = VECTOR('',#7333,1.);
#7333 = DIRECTION('',(1.,0.));
#7334 = ( GEOMETRIC_REPRESENTATION_CONTEXT(2) 
PARAMETRIC_REPRESENTATION_CONTEXT() REPRESENTATION_CONTEXT('2D SPACE',''
  ) );
#7335 = ADVANCED_FACE('',(#7336),#3157,.F.);
#7336 = FACE_BOUND('',#7337,.F.);
#7337 = EDGE_LOOP('',(#7338,#7363,#7384,#7385,#7386,#7409));
#7338 = ORIENTED_EDGE('',*,*,#7339,.F.);
#7339 = EDGE_CURVE('',#7340,#7342,#7344,.T.);
#7340 = VERTEX_POINT('',#7341);
#7341 = CARTESIAN_POINT('',(46.,-57.,-4.4));
#7342 = VERTEX_POINT('',#7343);
#7343 = CARTESIAN_POINT('',(49.6,-57.,-4.4));
#7344 = SURFACE_CURVE('',#7345,(#7349,#7356),.PCURVE_S1.);
#7345 = LINE('',#7346,#7347);
#7346 = CARTESIAN_POINT('',(46.,-57.,-4.4));
#7347 = VECTOR('',#7348,1.);
#7348 = DIRECTION('',(1.,0.,0.));
#7349 = PCURVE('',#3157,#7350);
#7350 = DEFINITIONAL_REPRESENTATION('',(#7351),#7355);
#7351 = LINE('',#7352,#7353);
#7352 = CARTESIAN_POINT('',(0.,0.));
#7353 = VECTOR('',#7354,1.);
#7354 = DIRECTION('',(0.,1.));
#7355 = ( GEOMETRIC_REPRESENTATION_CONTEXT(2) 
PARAMETRIC_REPRESENTATION_CONTEXT() REPRESENTATION_CONTEXT('2D SPACE',''
  ) );
#7356 = PCURVE('',#3081,#7357);
#7357 = DEFINITIONAL_REPRESENTATION('',(#7358),#7362);
#7358 = LINE('',#7359,#7360);
#7359 = CARTESIAN_POINT('',(0.,10.));
#7360 = VECTOR('',#7361,1.);
#7361 = DIRECTION('',(1.,0.));
#7362 = ( GEOMETRIC_REPRESENTATION_CONTEXT(2) 
PARAMETRIC_REPRESENTATION_CONTEXT() REPRESENTATION_CONTEXT('2D SPACE',''
  ) );
#7363 = ORIENTED_EDGE('',*,*,#7364,.T.);
#7364 = EDGE_CURVE('',#7340,#7238,#7365,.T.);
#7365 = SURFACE_CURVE('',#7366,(#7370,#7377),.PCURVE_S1.);
#7366 = LINE('',#7367,#7368);
#7367 = CARTESIAN_POINT('',(46.,-57.,-4.4));
#7368 = VECTOR('',#7369,1.);
#7369 = DIRECTION('',(0.,0.,1.));
#7370 = PCURVE('',#3157,#7371);
#7371 = DEFINITIONAL_REPRESENTATION('',(#7372),#7376);
#7372 = LINE('',#7373,#7374);
#7373 = CARTESIAN_POINT('',(0.,0.));
#7374 = VECTOR('',#7375,1.);
#7375 = DIRECTION('',(1.,0.));
#7376 = ( GEOMETRIC_REPRESENTATION_CONTEXT(2) 
PARAMETRIC_REPRESENTATION_CONTEXT() REPRESENTATION_CONTEXT('2D SPACE',''
  ) );
#7377 = PCURVE('',#7252,#7378);
#7378 = DEFINITIONAL_REPRESENTATION('',(#7379),#7383);
#7379 = LINE('',#7380,#7381);
#7380 = CARTESIAN_POINT('',(0.,-10.));
#7381 = VECTOR('',#7382,1.);
#7382 = DIRECTION('',(1.,0.));
#7383 = ( GEOMETRIC_REPRESENTATION_CONTEXT(2) 
PARAMETRIC_REPRESENTATION_CONTEXT() REPRESENTATION_CONTEXT('2D SPACE',''
  ) );
#7384 = ORIENTED_EDGE('',*,*,#7263,.F.);
#7385 = ORIENTED_EDGE('',*,*,#3144,.T.);
#7386 = ORIENTED_EDGE('',*,*,#7387,.T.);
#7387 = EDGE_CURVE('',#3119,#7388,#7390,.T.);
#7388 = VERTEX_POINT('',#7389);
#7389 = CARTESIAN_POINT('',(49.6,-57.,-1.));
#7390 = SURFACE_CURVE('',#7391,(#7395,#7402),.PCURVE_S1.);
#7391 = LINE('',#7392,#7393);
#7392 = CARTESIAN_POINT('',(46.,-57.,-1.));
#7393 = VECTOR('',#7394,1.);
#7394 = DIRECTION('',(1.,0.,0.));
#7395 = PCURVE('',#3157,#7396);
#7396 = DEFINITIONAL_REPRESENTATION('',(#7397),#7401);
#7397 = LINE('',#7398,#7399);
#7398 = CARTESIAN_POINT('',(3.4,0.));
#7399 = VECTOR('',#7400,1.);
#7400 = DIRECTION('',(0.,1.));
#7401 = ( GEOMETRIC_REPRESENTATION_CONTEXT(2) 
PARAMETRIC_REPRESENTATION_CONTEXT() REPRESENTATION_CONTEXT('2D SPACE',''
  ) );
#7402 = PCURVE('',#3133,#7403);
#7403 = DEFINITIONAL_REPRESENTATION('',(#7404),#7408);
#7404 = LINE('',#7405,#7406);
#7405 = CARTESIAN_POINT('',(0.,10.));
#7406 = VECTOR('',#7407,1.);
#7407 = DIRECTION('',(1.,0.));
#7408 = ( GEOMETRIC_REPRESENTATION_CONTEXT(2) 
PARAMETRIC_REPRESENTATION_CONTEXT() REPRESENTATION_CONTEXT('2D SPACE',''
  ) );
#7409 = ORIENTED_EDGE('',*,*,#7410,.F.);
#7410 = EDGE_CURVE('',#7342,#7388,#7411,.T.);
#7411 = SURFACE_CURVE('',#7412,(#7416,#7422),.PCURVE_S1.);
#7412 = LINE('',#7413,#7414);
#7413 = CARTESIAN_POINT('',(49.6,-57.,-1.9));
#7414 = VECTOR('',#7415,1.);
#7415 = DIRECTION('',(0.,-0.,1.));
#7416 = PCURVE('',#3157,#7417);
#7417 = DEFINITIONAL_REPRESENTATION('',(#7418),#7421);
#7418 = B_SPLINE_CURVE_WITH_KNOTS('',1,(#7419,#7420),.UNSPECIFIED.,.F.,
  .F.,(2,2),(-2.5,0.9),.PIECEWISE_BEZIER_KNOTS.);
#7419 = CARTESIAN_POINT('',(0.,3.6));
#7420 = CARTESIAN_POINT('',(3.4,3.6));
#7421 = ( GEOMETRIC_REPRESENTATION_CONTEXT(2) 
PARAMETRIC_REPRESENTATION_CONTEXT() REPRESENTATION_CONTEXT('2D SPACE',''
  ) );
#7422 = PCURVE('',#7423,#7428);
#7423 = PLANE('',#7424);
#7424 = AXIS2_PLACEMENT_3D('',#7425,#7426,#7427);
#7425 = CARTESIAN_POINT('',(49.6,-49.6,0.6));
#7426 = DIRECTION('',(1.,0.,-0.));
#7427 = DIRECTION('',(0.,-1.,0.));
#7428 = DEFINITIONAL_REPRESENTATION('',(#7429),#7432);
#7429 = B_SPLINE_CURVE_WITH_KNOTS('',1,(#7430,#7431),.UNSPECIFIED.,.F.,
  .F.,(2,2),(-2.5,0.9),.PIECEWISE_BEZIER_KNOTS.);
#7430 = CARTESIAN_POINT('',(7.4,5.));
#7431 = CARTESIAN_POINT('',(7.4,1.6));
#7432 = ( GEOMETRIC_REPRESENTATION_CONTEXT(2) 
PARAMETRIC_REPRESENTATION_CONTEXT() REPRESENTATION_CONTEXT('2D SPACE',''
  ) );
#7433 = ADVANCED_FACE('',(#7434),#3133,.F.);
#7434 = FACE_BOUND('',#7435,.F.);
#7435 = EDGE_LOOP('',(#7436,#7437,#7438,#7461));
#7436 = ORIENTED_EDGE('',*,*,#7387,.F.);
#7437 = ORIENTED_EDGE('',*,*,#3118,.T.);
#7438 = ORIENTED_EDGE('',*,*,#7439,.T.);
#7439 = EDGE_CURVE('',#3093,#7440,#7442,.T.);
#7440 = VERTEX_POINT('',#7441);
#7441 = CARTESIAN_POINT('',(49.6,-67.,-1.));
#7442 = SURFACE_CURVE('',#7443,(#7447,#7454),.PCURVE_S1.);
#7443 = LINE('',#7444,#7445);
#7444 = CARTESIAN_POINT('',(46.,-67.,-1.));
#7445 = VECTOR('',#7446,1.);
#7446 = DIRECTION('',(1.,0.,0.));
#7447 = PCURVE('',#3133,#7448);
#7448 = DEFINITIONAL_REPRESENTATION('',(#7449),#7453);
#7449 = LINE('',#7450,#7451);
#7450 = CARTESIAN_POINT('',(0.,0.));
#7451 = VECTOR('',#7452,1.);
#7452 = DIRECTION('',(1.,0.));
#7453 = ( GEOMETRIC_REPRESENTATION_CONTEXT(2) 
PARAMETRIC_REPRESENTATION_CONTEXT() REPRESENTATION_CONTEXT('2D SPACE',''
  ) );
#7454 = PCURVE('',#3107,#7455);
#7455 = DEFINITIONAL_REPRESENTATION('',(#7456),#7460);
#7456 = LINE('',#7457,#7458);
#7457 = CARTESIAN_POINT('',(3.4,0.));
#7458 = VECTOR('',#7459,1.);
#7459 = DIRECTION('',(0.,1.));
#7460 = ( GEOMETRIC_REPRESENTATION_CONTEXT(2) 
PARAMETRIC_REPRESENTATION_CONTEXT() REPRESENTATION_CONTEXT('2D SPACE',''
  ) );
#7461 = ORIENTED_EDGE('',*,*,#7462,.F.);
#7462 = EDGE_CURVE('',#7388,#7440,#7463,.T.);
#7463 = SURFACE_CURVE('',#7464,(#7468,#7474),.PCURVE_S1.);
#7464 = LINE('',#7465,#7466);
#7465 = CARTESIAN_POINT('',(49.6,-58.3,-1.));
#7466 = VECTOR('',#7467,1.);
#7467 = DIRECTION('',(0.,-1.,0.));
#7468 = PCURVE('',#3133,#7469);
#7469 = DEFINITIONAL_REPRESENTATION('',(#7470),#7473);
#7470 = B_SPLINE_CURVE_WITH_KNOTS('',1,(#7471,#7472),.UNSPECIFIED.,.F.,
  .F.,(2,2),(-1.3,8.7),.PIECEWISE_BEZIER_KNOTS.);
#7471 = CARTESIAN_POINT('',(3.6,10.));
#7472 = CARTESIAN_POINT('',(3.6,0.));
#7473 = ( GEOMETRIC_REPRESENTATION_CONTEXT(2) 
PARAMETRIC_REPRESENTATION_CONTEXT() REPRESENTATION_CONTEXT('2D SPACE',''
  ) );
#7474 = PCURVE('',#7423,#7475);
#7475 = DEFINITIONAL_REPRESENTATION('',(#7476),#7479);
#7476 = B_SPLINE_CURVE_WITH_KNOTS('',1,(#7477,#7478),.UNSPECIFIED.,.F.,
  .F.,(2,2),(-1.3,8.7),.PIECEWISE_BEZIER_KNOTS.);
#7477 = CARTESIAN_POINT('',(7.4,1.6));
#7478 = CARTESIAN_POINT('',(17.4,1.6));
#7479 = ( GEOMETRIC_REPRESENTATION_CONTEXT(2) 
PARAMETRIC_REPRESENTATION_CONTEXT() REPRESENTATION_CONTEXT('2D SPACE',''
  ) );
#7480 = ADVANCED_FACE('',(#7481),#3107,.T.);
#7481 = FACE_BOUND('',#7482,.T.);
#7482 = EDGE_LOOP('',(#7483,#7506,#7507,#7508));
#7483 = ORIENTED_EDGE('',*,*,#7484,.F.);
#7484 = EDGE_CURVE('',#3067,#7485,#7487,.T.);
#7485 = VERTEX_POINT('',#7486);
#7486 = CARTESIAN_POINT('',(49.6,-67.,-4.4));
#7487 = SURFACE_CURVE('',#7488,(#7492,#7499),.PCURVE_S1.);
#7488 = LINE('',#7489,#7490);
#7489 = CARTESIAN_POINT('',(46.,-67.,-4.4));
#7490 = VECTOR('',#7491,1.);
#7491 = DIRECTION('',(1.,0.,0.));
#7492 = PCURVE('',#3107,#7493);
#7493 = DEFINITIONAL_REPRESENTATION('',(#7494),#7498);
#7494 = LINE('',#7495,#7496);
#7495 = CARTESIAN_POINT('',(0.,0.));
#7496 = VECTOR('',#7497,1.);
#7497 = DIRECTION('',(0.,1.));
#7498 = ( GEOMETRIC_REPRESENTATION_CONTEXT(2) 
PARAMETRIC_REPRESENTATION_CONTEXT() REPRESENTATION_CONTEXT('2D SPACE',''
  ) );
#7499 = PCURVE('',#3081,#7500);
#7500 = DEFINITIONAL_REPRESENTATION('',(#7501),#7505);
#7501 = LINE('',#7502,#7503);
#7502 = CARTESIAN_POINT('',(0.,0.));
#7503 = VECTOR('',#7504,1.);
#7504 = DIRECTION('',(1.,0.));
#7505 = ( GEOMETRIC_REPRESENTATION_CONTEXT(2) 
PARAMETRIC_REPRESENTATION_CONTEXT() REPRESENTATION_CONTEXT('2D SPACE',''
  ) );
#7506 = ORIENTED_EDGE('',*,*,#3092,.T.);
#7507 = ORIENTED_EDGE('',*,*,#7439,.T.);
#7508 = ORIENTED_EDGE('',*,*,#7509,.F.);
#7509 = EDGE_CURVE('',#7485,#7440,#7510,.T.);
#7510 = SURFACE_CURVE('',#7511,(#7515,#7521),.PCURVE_S1.);
#7511 = LINE('',#7512,#7513);
#7512 = CARTESIAN_POINT('',(49.6,-67.,-1.9));
#7513 = VECTOR('',#7514,1.);
#7514 = DIRECTION('',(0.,-0.,1.));
#7515 = PCURVE('',#3107,#7516);
#7516 = DEFINITIONAL_REPRESENTATION('',(#7517),#7520);
#7517 = B_SPLINE_CURVE_WITH_KNOTS('',1,(#7518,#7519),.UNSPECIFIED.,.F.,
  .F.,(2,2),(-2.5,0.9),.PIECEWISE_BEZIER_KNOTS.);
#7518 = CARTESIAN_POINT('',(0.,3.6));
#7519 = CARTESIAN_POINT('',(3.4,3.6));
#7520 = ( GEOMETRIC_REPRESENTATION_CONTEXT(2) 
PARAMETRIC_REPRESENTATION_CONTEXT() REPRESENTATION_CONTEXT('2D SPACE',''
  ) );
#7521 = PCURVE('',#7423,#7522);
#7522 = DEFINITIONAL_REPRESENTATION('',(#7523),#7526);
#7523 = B_SPLINE_CURVE_WITH_KNOTS('',1,(#7524,#7525),.UNSPECIFIED.,.F.,
  .F.,(2,2),(-2.5,0.9),.PIECEWISE_BEZIER_KNOTS.);
#7524 = CARTESIAN_POINT('',(17.4,5.));
#7525 = CARTESIAN_POINT('',(17.4,1.6));
#7526 = ( GEOMETRIC_REPRESENTATION_CONTEXT(2) 
PARAMETRIC_REPRESENTATION_CONTEXT() REPRESENTATION_CONTEXT('2D SPACE',''
  ) );
#7527 = ADVANCED_FACE('',(#7528),#3081,.T.);
#7528 = FACE_BOUND('',#7529,.T.);
#7529 = EDGE_LOOP('',(#7530,#7553,#7572,#7573,#7574,#7593));
#7530 = ORIENTED_EDGE('',*,*,#7531,.F.);
#7531 = EDGE_CURVE('',#7532,#7340,#7534,.T.);
#7532 = VERTEX_POINT('',#7533);
#7533 = CARTESIAN_POINT('',(46.,-60.,-4.4));
#7534 = SURFACE_CURVE('',#7535,(#7539,#7546),.PCURVE_S1.);
#7535 = LINE('',#7536,#7537);
#7536 = CARTESIAN_POINT('',(46.,-67.,-4.4));
#7537 = VECTOR('',#7538,1.);
#7538 = DIRECTION('',(0.,1.,0.));
#7539 = PCURVE('',#3081,#7540);
#7540 = DEFINITIONAL_REPRESENTATION('',(#7541),#7545);
#7541 = LINE('',#7542,#7543);
#7542 = CARTESIAN_POINT('',(0.,0.));
#7543 = VECTOR('',#7544,1.);
#7544 = DIRECTION('',(0.,1.));
#7545 = ( GEOMETRIC_REPRESENTATION_CONTEXT(2) 
PARAMETRIC_REPRESENTATION_CONTEXT() REPRESENTATION_CONTEXT('2D SPACE',''
  ) );
#7546 = PCURVE('',#7252,#7547);
#7547 = DEFINITIONAL_REPRESENTATION('',(#7548),#7552);
#7548 = LINE('',#7549,#7550);
#7549 = CARTESIAN_POINT('',(0.,0.));
#7550 = VECTOR('',#7551,1.);
#7551 = DIRECTION('',(0.,-1.));
#7552 = ( GEOMETRIC_REPRESENTATION_CONTEXT(2) 
PARAMETRIC_REPRESENTATION_CONTEXT() REPRESENTATION_CONTEXT('2D SPACE',''
  ) );
#7553 = ORIENTED_EDGE('',*,*,#7554,.T.);
#7554 = EDGE_CURVE('',#7532,#3041,#7555,.T.);
#7555 = SURFACE_CURVE('',#7556,(#7560,#7566),.PCURVE_S1.);
#7556 = LINE('',#7557,#7558);
#7557 = CARTESIAN_POINT('',(43.,-60.,-4.4));
#7558 = VECTOR('',#7559,1.);
#7559 = DIRECTION('',(1.,0.,0.));
#7560 = PCURVE('',#3081,#7561);
#7561 = DEFINITIONAL_REPRESENTATION('',(#7562),#7565);
#7562 = B_SPLINE_CURVE_WITH_KNOTS('',1,(#7563,#7564),.UNSPECIFIED.,.F.,
  .F.,(2,2),(3.,4.8),.PIECEWISE_BEZIER_KNOTS.);
#7563 = CARTESIAN_POINT('',(0.,7.));
#7564 = CARTESIAN_POINT('',(1.8,7.));
#7565 = ( GEOMETRIC_REPRESENTATION_CONTEXT(2) 
PARAMETRIC_REPRESENTATION_CONTEXT() REPRESENTATION_CONTEXT('2D SPACE',''
  ) );
#7566 = PCURVE('',#3055,#7567);
#7567 = DEFINITIONAL_REPRESENTATION('',(#7568),#7571);
#7568 = B_SPLINE_CURVE_WITH_KNOTS('',1,(#7569,#7570),.UNSPECIFIED.,.F.,
  .F.,(2,2),(3.,4.8),.PIECEWISE_BEZIER_KNOTS.);
#7569 = CARTESIAN_POINT('',(3.2,6.));
#7570 = CARTESIAN_POINT('',(3.2,7.8));
#7571 = ( GEOMETRIC_REPRESENTATION_CONTEXT(2) 
PARAMETRIC_REPRESENTATION_CONTEXT() REPRESENTATION_CONTEXT('2D SPACE',''
  ) );
#7572 = ORIENTED_EDGE('',*,*,#3066,.T.);
#7573 = ORIENTED_EDGE('',*,*,#7484,.T.);
#7574 = ORIENTED_EDGE('',*,*,#7575,.F.);
#7575 = EDGE_CURVE('',#7342,#7485,#7576,.T.);
#7576 = SURFACE_CURVE('',#7577,(#7581,#7587),.PCURVE_S1.);
#7577 = LINE('',#7578,#7579);
#7578 = CARTESIAN_POINT('',(49.6,-58.3,-4.4));
#7579 = VECTOR('',#7580,1.);
#7580 = DIRECTION('',(0.,-1.,0.));
#7581 = PCURVE('',#3081,#7582);
#7582 = DEFINITIONAL_REPRESENTATION('',(#7583),#7586);
#7583 = B_SPLINE_CURVE_WITH_KNOTS('',1,(#7584,#7585),.UNSPECIFIED.,.F.,
  .F.,(2,2),(-1.3,8.7),.PIECEWISE_BEZIER_KNOTS.);
#7584 = CARTESIAN_POINT('',(3.6,10.));
#7585 = CARTESIAN_POINT('',(3.6,0.));
#7586 = ( GEOMETRIC_REPRESENTATION_CONTEXT(2) 
PARAMETRIC_REPRESENTATION_CONTEXT() REPRESENTATION_CONTEXT('2D SPACE',''
  ) );
#7587 = PCURVE('',#7423,#7588);
#7588 = DEFINITIONAL_REPRESENTATION('',(#7589),#7592);
#7589 = B_SPLINE_CURVE_WITH_KNOTS('',1,(#7590,#7591),.UNSPECIFIED.,.F.,
  .F.,(2,2),(-1.3,8.7),.PIECEWISE_BEZIER_KNOTS.);
#7590 = CARTESIAN_POINT('',(7.4,5.));
#7591 = CARTESIAN_POINT('',(17.4,5.));
#7592 = ( GEOMETRIC_REPRESENTATION_CONTEXT(2) 
PARAMETRIC_REPRESENTATION_CONTEXT() REPRESENTATION_CONTEXT('2D SPACE',''
  ) );
#7593 = ORIENTED_EDGE('',*,*,#7339,.F.);
#7594 = ADVANCED_FACE('',(#7595),#3055,.F.);
#7595 = FACE_BOUND('',#7596,.F.);
#7596 = EDGE_LOOP('',(#7597,#7598,#7619,#7620,#7639,#7640,#7641));
#7597 = ORIENTED_EDGE('',*,*,#4098,.F.);
#7598 = ORIENTED_EDGE('',*,*,#7599,.T.);
#7599 = EDGE_CURVE('',#4070,#7191,#7600,.T.);
#7600 = SURFACE_CURVE('',#7601,(#7605,#7612),.PCURVE_S1.);
#7601 = LINE('',#7602,#7603);
#7602 = CARTESIAN_POINT('',(40.,-60.,-7.6));
#7603 = VECTOR('',#7604,1.);
#7604 = DIRECTION('',(0.,0.,1.));
#7605 = PCURVE('',#3055,#7606);
#7606 = DEFINITIONAL_REPRESENTATION('',(#7607),#7611);
#7607 = LINE('',#7608,#7609);
#7608 = CARTESIAN_POINT('',(0.,0.));
#7609 = VECTOR('',#7610,1.);
#7610 = DIRECTION('',(1.,0.));
#7611 = ( GEOMETRIC_REPRESENTATION_CONTEXT(2) 
PARAMETRIC_REPRESENTATION_CONTEXT() REPRESENTATION_CONTEXT('2D SPACE',''
  ) );
#7612 = PCURVE('',#4086,#7613);
#7613 = DEFINITIONAL_REPRESENTATION('',(#7614),#7618);
#7614 = LINE('',#7615,#7616);
#7615 = CARTESIAN_POINT('',(-4.712388980385,0.));
#7616 = VECTOR('',#7617,1.);
#7617 = DIRECTION('',(-0.,-1.));
#7618 = ( GEOMETRIC_REPRESENTATION_CONTEXT(2) 
PARAMETRIC_REPRESENTATION_CONTEXT() REPRESENTATION_CONTEXT('2D SPACE',''
  ) );
#7619 = ORIENTED_EDGE('',*,*,#7214,.T.);
#7620 = ORIENTED_EDGE('',*,*,#7621,.T.);
#7621 = EDGE_CURVE('',#7215,#7532,#7622,.T.);
#7622 = SURFACE_CURVE('',#7623,(#7627,#7633),.PCURVE_S1.);
#7623 = LINE('',#7624,#7625);
#7624 = CARTESIAN_POINT('',(46.,-60.,-6.));
#7625 = VECTOR('',#7626,1.);
#7626 = DIRECTION('',(0.,0.,-1.));
#7627 = PCURVE('',#3055,#7628);
#7628 = DEFINITIONAL_REPRESENTATION('',(#7629),#7632);
#7629 = B_SPLINE_CURVE_WITH_KNOTS('',1,(#7630,#7631),.UNSPECIFIED.,.F.,
  .F.,(2,2),(-2.,-1.6),.PIECEWISE_BEZIER_KNOTS.);
#7630 = CARTESIAN_POINT('',(3.6,6.));
#7631 = CARTESIAN_POINT('',(3.2,6.));
#7632 = ( GEOMETRIC_REPRESENTATION_CONTEXT(2) 
PARAMETRIC_REPRESENTATION_CONTEXT() REPRESENTATION_CONTEXT('2D SPACE',''
  ) );
#7633 = PCURVE('',#7252,#7634);
#7634 = DEFINITIONAL_REPRESENTATION('',(#7635),#7638);
#7635 = B_SPLINE_CURVE_WITH_KNOTS('',1,(#7636,#7637),.UNSPECIFIED.,.F.,
  .F.,(2,2),(-2.,-1.6),.PIECEWISE_BEZIER_KNOTS.);
#7636 = CARTESIAN_POINT('',(0.4,-7.));
#7637 = CARTESIAN_POINT('',(0.,-7.));
#7638 = ( GEOMETRIC_REPRESENTATION_CONTEXT(2) 
PARAMETRIC_REPRESENTATION_CONTEXT() REPRESENTATION_CONTEXT('2D SPACE',''
  ) );
#7639 = ORIENTED_EDGE('',*,*,#7554,.T.);
#7640 = ORIENTED_EDGE('',*,*,#3040,.F.);
#7641 = ORIENTED_EDGE('',*,*,#7642,.F.);
#7642 = EDGE_CURVE('',#4099,#3013,#7643,.T.);
#7643 = SURFACE_CURVE('',#7644,(#7648,#7654),.PCURVE_S1.);
#7644 = LINE('',#7645,#7646);
#7645 = CARTESIAN_POINT('',(45.65,-60.,-5.45));
#7646 = VECTOR('',#7647,1.);
#7647 = DIRECTION('',(-0.707106781187,0.,0.707106781187));
#7648 = PCURVE('',#3055,#7649);
#7649 = DEFINITIONAL_REPRESENTATION('',(#7650),#7653);
#7650 = B_SPLINE_CURVE_WITH_KNOTS('',1,(#7651,#7652),.UNSPECIFIED.,.F.,
  .F.,(2,2),(-3.040559159102,-1.909188309204),.PIECEWISE_BEZIER_KNOTS.);
#7651 = CARTESIAN_POINT('',(0.,7.8));
#7652 = CARTESIAN_POINT('',(0.8,7.));
#7653 = ( GEOMETRIC_REPRESENTATION_CONTEXT(2) 
PARAMETRIC_REPRESENTATION_CONTEXT() REPRESENTATION_CONTEXT('2D SPACE',''
  ) );
#7654 = PCURVE('',#3028,#7655);
#7655 = DEFINITIONAL_REPRESENTATION('',(#7656),#7659);
#7656 = B_SPLINE_CURVE_WITH_KNOTS('',1,(#7657,#7658),.UNSPECIFIED.,.F.,
  .F.,(2,2),(-3.040559159102,-1.909188309204),.PIECEWISE_BEZIER_KNOTS.);
#7657 = CARTESIAN_POINT('',(-9.9,0.565685424949));
#7658 = CARTESIAN_POINT('',(-9.9,-0.565685424949));
#7659 = ( GEOMETRIC_REPRESENTATION_CONTEXT(2) 
PARAMETRIC_REPRESENTATION_CONTEXT() REPRESENTATION_CONTEXT('2D SPACE',''
  ) );
#7660 = ADVANCED_FACE('',(#7661),#3028,.T.);
#7661 = FACE_BOUND('',#7662,.F.);
#7662 = EDGE_LOOP('',(#7663,#7664,#7665,#7684));
#7663 = ORIENTED_EDGE('',*,*,#7642,.T.);
#7664 = ORIENTED_EDGE('',*,*,#3012,.T.);
#7665 = ORIENTED_EDGE('',*,*,#7666,.F.);
#7666 = EDGE_CURVE('',#4122,#2987,#7667,.T.);
#7667 = SURFACE_CURVE('',#7668,(#7672,#7678),.PCURVE_S1.);
#7668 = LINE('',#7669,#7670);
#7669 = CARTESIAN_POINT('',(45.65,-140.,-5.45));
#7670 = VECTOR('',#7671,1.);
#7671 = DIRECTION('',(-0.707106781187,0.,0.707106781187));
#7672 = PCURVE('',#3028,#7673);
#7673 = DEFINITIONAL_REPRESENTATION('',(#7674),#7677);
#7674 = B_SPLINE_CURVE_WITH_KNOTS('',1,(#7675,#7676),.UNSPECIFIED.,.F.,
  .F.,(2,2),(-3.040559159102,-1.909188309204),.PIECEWISE_BEZIER_KNOTS.);
#7675 = CARTESIAN_POINT('',(-89.9,0.565685424949));
#7676 = CARTESIAN_POINT('',(-89.9,-0.565685424949));
#7677 = ( GEOMETRIC_REPRESENTATION_CONTEXT(2) 
PARAMETRIC_REPRESENTATION_CONTEXT() REPRESENTATION_CONTEXT('2D SPACE',''
  ) );
#7678 = PCURVE('',#3001,#7679);
#7679 = DEFINITIONAL_REPRESENTATION('',(#7680),#7683);
#7680 = B_SPLINE_CURVE_WITH_KNOTS('',1,(#7681,#7682),.UNSPECIFIED.,.F.,
  .F.,(2,2),(-3.040559159102,-1.909188309204),.PIECEWISE_BEZIER_KNOTS.);
#7681 = CARTESIAN_POINT('',(0.,7.8));
#7682 = CARTESIAN_POINT('',(0.8,7.));
#7683 = ( GEOMETRIC_REPRESENTATION_CONTEXT(2) 
PARAMETRIC_REPRESENTATION_CONTEXT() REPRESENTATION_CONTEXT('2D SPACE',''
  ) );
#7684 = ORIENTED_EDGE('',*,*,#4121,.F.);
#7685 = ADVANCED_FACE('',(#7686),#3001,.T.);
#7686 = FACE_BOUND('',#7687,.T.);
#7687 = EDGE_LOOP('',(#7688,#7689,#7710,#7711,#7712));
#7688 = ORIENTED_EDGE('',*,*,#4144,.F.);
#7689 = ORIENTED_EDGE('',*,*,#7690,.T.);
#7690 = EDGE_CURVE('',#4145,#3384,#7691,.T.);
#7691 = SURFACE_CURVE('',#7692,(#7696,#7703),.PCURVE_S1.);
#7692 = LINE('',#7693,#7694);
#7693 = CARTESIAN_POINT('',(40.,-140.,-7.6));
#7694 = VECTOR('',#7695,1.);
#7695 = DIRECTION('',(0.,0.,1.));
#7696 = PCURVE('',#3001,#7697);
#7697 = DEFINITIONAL_REPRESENTATION('',(#7698),#7702);
#7698 = LINE('',#7699,#7700);
#7699 = CARTESIAN_POINT('',(0.,0.));
#7700 = VECTOR('',#7701,1.);
#7701 = DIRECTION('',(1.,0.));
#7702 = ( GEOMETRIC_REPRESENTATION_CONTEXT(2) 
PARAMETRIC_REPRESENTATION_CONTEXT() REPRESENTATION_CONTEXT('2D SPACE',''
  ) );
#7703 = PCURVE('',#3423,#7704);
#7704 = DEFINITIONAL_REPRESENTATION('',(#7705),#7709);
#7705 = LINE('',#7706,#7707);
#7706 = CARTESIAN_POINT('',(-1.570796326795,0.));
#7707 = VECTOR('',#7708,1.);
#7708 = DIRECTION('',(-0.,-1.));
#7709 = ( GEOMETRIC_REPRESENTATION_CONTEXT(2) 
PARAMETRIC_REPRESENTATION_CONTEXT() REPRESENTATION_CONTEXT('2D SPACE',''
  ) );
#7710 = ORIENTED_EDGE('',*,*,#3383,.T.);
#7711 = ORIENTED_EDGE('',*,*,#2986,.F.);
#7712 = ORIENTED_EDGE('',*,*,#7666,.F.);
#7713 = ADVANCED_FACE('',(#7714),#2930,.T.);
#7714 = FACE_BOUND('',#7715,.T.);
#7715 = EDGE_LOOP('',(#7716,#7717,#7718,#7746));
#7716 = ORIENTED_EDGE('',*,*,#2914,.T.);
#7717 = ORIENTED_EDGE('',*,*,#4443,.T.);
#7718 = ORIENTED_EDGE('',*,*,#7719,.F.);
#7719 = EDGE_CURVE('',#7720,#4416,#7722,.T.);
#7720 = VERTEX_POINT('',#7721);
#7721 = CARTESIAN_POINT('',(48.4,-83.8,1.6));
#7722 = SURFACE_CURVE('',#7723,(#7727,#7734),.PCURVE_S1.);
#7723 = LINE('',#7724,#7725);
#7724 = CARTESIAN_POINT('',(48.4,-48.4,1.6));
#7725 = VECTOR('',#7726,1.);
#7726 = DIRECTION('',(0.,-1.,0.));
#7727 = PCURVE('',#2930,#7728);
#7728 = DEFINITIONAL_REPRESENTATION('',(#7729),#7733);
#7729 = LINE('',#7730,#7731);
#7730 = CARTESIAN_POINT('',(-51.6,51.6));
#7731 = VECTOR('',#7732,1.);
#7732 = DIRECTION('',(0.,-1.));
#7733 = ( GEOMETRIC_REPRESENTATION_CONTEXT(2) 
PARAMETRIC_REPRESENTATION_CONTEXT() REPRESENTATION_CONTEXT('2D SPACE',''
  ) );
#7734 = PCURVE('',#7735,#7740);
#7735 = PLANE('',#7736);
#7736 = AXIS2_PLACEMENT_3D('',#7737,#7738,#7739);
#7737 = CARTESIAN_POINT('',(48.4,-48.4,1.6));
#7738 = DIRECTION('',(1.,0.,-0.));
#7739 = DIRECTION('',(0.,-1.,0.));
#7740 = DEFINITIONAL_REPRESENTATION('',(#7741),#7745);
#7741 = LINE('',#7742,#7743);
#7742 = CARTESIAN_POINT('',(0.,0.));
#7743 = VECTOR('',#7744,1.);
#7744 = DIRECTION('',(1.,0.));
#7745 = ( GEOMETRIC_REPRESENTATION_CONTEXT(2) 
PARAMETRIC_REPRESENTATION_CONTEXT() REPRESENTATION_CONTEXT('2D SPACE',''
  ) );
#7746 = ORIENTED_EDGE('',*,*,#7747,.F.);
#7747 = EDGE_CURVE('',#2887,#7720,#7748,.T.);
#7748 = SURFACE_CURVE('',#7749,(#7753,#7760),.PCURVE_S1.);
#7749 = LINE('',#7750,#7751);
#7750 = CARTESIAN_POINT('',(46.,-83.8,1.6));
#7751 = VECTOR('',#7752,1.);
#7752 = DIRECTION('',(1.,0.,0.));
#7753 = PCURVE('',#2930,#7754);
#7754 = DEFINITIONAL_REPRESENTATION('',(#7755),#7759);
#7755 = LINE('',#7756,#7757);
#7756 = CARTESIAN_POINT('',(-54.,16.2));
#7757 = VECTOR('',#7758,1.);
#7758 = DIRECTION('',(1.,0.));
#7759 = ( GEOMETRIC_REPRESENTATION_CONTEXT(2) 
PARAMETRIC_REPRESENTATION_CONTEXT() REPRESENTATION_CONTEXT('2D SPACE',''
  ) );
#7760 = PCURVE('',#2902,#7761);
#7761 = DEFINITIONAL_REPRESENTATION('',(#7762),#7766);
#7762 = LINE('',#7763,#7764);
#7763 = CARTESIAN_POINT('',(-54.,16.2));
#7764 = VECTOR('',#7765,1.);
#7765 = DIRECTION('',(1.,0.));
#7766 = ( GEOMETRIC_REPRESENTATION_CONTEXT(2) 
PARAMETRIC_REPRESENTATION_CONTEXT() REPRESENTATION_CONTEXT('2D SPACE',''
  ) );
#7767 = ADVANCED_FACE('',(#7768),#2902,.T.);
#7768 = FACE_BOUND('',#7769,.T.);
#7769 = EDGE_LOOP('',(#7770,#7771,#7772,#7800));
#7770 = ORIENTED_EDGE('',*,*,#2886,.T.);
#7771 = ORIENTED_EDGE('',*,*,#7747,.T.);
#7772 = ORIENTED_EDGE('',*,*,#7773,.F.);
#7773 = EDGE_CURVE('',#7774,#7720,#7776,.T.);
#7774 = VERTEX_POINT('',#7775);
#7775 = CARTESIAN_POINT('',(48.4,-75.3,1.6));
#7776 = SURFACE_CURVE('',#7777,(#7781,#7788),.PCURVE_S1.);
#7777 = LINE('',#7778,#7779);
#7778 = CARTESIAN_POINT('',(48.4,-48.4,1.6));
#7779 = VECTOR('',#7780,1.);
#7780 = DIRECTION('',(0.,-1.,0.));
#7781 = PCURVE('',#2902,#7782);
#7782 = DEFINITIONAL_REPRESENTATION('',(#7783),#7787);
#7783 = LINE('',#7784,#7785);
#7784 = CARTESIAN_POINT('',(-51.6,51.6));
#7785 = VECTOR('',#7786,1.);
#7786 = DIRECTION('',(0.,-1.));
#7787 = ( GEOMETRIC_REPRESENTATION_CONTEXT(2) 
PARAMETRIC_REPRESENTATION_CONTEXT() REPRESENTATION_CONTEXT('2D SPACE',''
  ) );
#7788 = PCURVE('',#7789,#7794);
#7789 = PLANE('',#7790);
#7790 = AXIS2_PLACEMENT_3D('',#7791,#7792,#7793);
#7791 = CARTESIAN_POINT('',(46.,-83.8,1.6));
#7792 = DIRECTION('',(0.,0.,1.));
#7793 = DIRECTION('',(1.,0.,0.));
#7794 = DEFINITIONAL_REPRESENTATION('',(#7795),#7799);
#7795 = LINE('',#7796,#7797);
#7796 = CARTESIAN_POINT('',(2.4,35.4));
#7797 = VECTOR('',#7798,1.);
#7798 = DIRECTION('',(0.,-1.));
#7799 = ( GEOMETRIC_REPRESENTATION_CONTEXT(2) 
PARAMETRIC_REPRESENTATION_CONTEXT() REPRESENTATION_CONTEXT('2D SPACE',''
  ) );
#7800 = ORIENTED_EDGE('',*,*,#7801,.F.);
#7801 = EDGE_CURVE('',#2859,#7774,#7802,.T.);
#7802 = SURFACE_CURVE('',#7803,(#7807,#7814),.PCURVE_S1.);
#7803 = LINE('',#7804,#7805);
#7804 = CARTESIAN_POINT('',(46.,-75.3,1.6));
#7805 = VECTOR('',#7806,1.);
#7806 = DIRECTION('',(1.,0.,0.));
#7807 = PCURVE('',#2902,#7808);
#7808 = DEFINITIONAL_REPRESENTATION('',(#7809),#7813);
#7809 = LINE('',#7810,#7811);
#7810 = CARTESIAN_POINT('',(-54.,24.7));
#7811 = VECTOR('',#7812,1.);
#7812 = DIRECTION('',(1.,0.));
#7813 = ( GEOMETRIC_REPRESENTATION_CONTEXT(2) 
PARAMETRIC_REPRESENTATION_CONTEXT() REPRESENTATION_CONTEXT('2D SPACE',''
  ) );
#7814 = PCURVE('',#2874,#7815);
#7815 = DEFINITIONAL_REPRESENTATION('',(#7816),#7820);
#7816 = LINE('',#7817,#7818);
#7817 = CARTESIAN_POINT('',(-54.,24.7));
#7818 = VECTOR('',#7819,1.);
#7819 = DIRECTION('',(1.,0.));
#7820 = ( GEOMETRIC_REPRESENTATION_CONTEXT(2) 
PARAMETRIC_REPRESENTATION_CONTEXT() REPRESENTATION_CONTEXT('2D SPACE',''
  ) );
#7821 = ADVANCED_FACE('',(#7822),#2874,.T.);
#7822 = FACE_BOUND('',#7823,.T.);
#7823 = EDGE_LOOP('',(#7824,#7825,#7826,#7854));
#7824 = ORIENTED_EDGE('',*,*,#2858,.T.);
#7825 = ORIENTED_EDGE('',*,*,#7801,.T.);
#7826 = ORIENTED_EDGE('',*,*,#7827,.F.);
#7827 = EDGE_CURVE('',#7828,#7774,#7830,.T.);
#7828 = VERTEX_POINT('',#7829);
#7829 = CARTESIAN_POINT('',(48.4,-70.2,1.6));
#7830 = SURFACE_CURVE('',#7831,(#7835,#7842),.PCURVE_S1.);
#7831 = LINE('',#7832,#7833);
#7832 = CARTESIAN_POINT('',(48.4,-48.4,1.6));
#7833 = VECTOR('',#7834,1.);
#7834 = DIRECTION('',(0.,-1.,0.));
#7835 = PCURVE('',#2874,#7836);
#7836 = DEFINITIONAL_REPRESENTATION('',(#7837),#7841);
#7837 = LINE('',#7838,#7839);
#7838 = CARTESIAN_POINT('',(-51.6,51.6));
#7839 = VECTOR('',#7840,1.);
#7840 = DIRECTION('',(0.,-1.));
#7841 = ( GEOMETRIC_REPRESENTATION_CONTEXT(2) 
PARAMETRIC_REPRESENTATION_CONTEXT() REPRESENTATION_CONTEXT('2D SPACE',''
  ) );
#7842 = PCURVE('',#7843,#7848);
#7843 = PLANE('',#7844);
#7844 = AXIS2_PLACEMENT_3D('',#7845,#7846,#7847);
#7845 = CARTESIAN_POINT('',(48.4,-48.4,1.6));
#7846 = DIRECTION('',(1.,0.,-0.));
#7847 = DIRECTION('',(0.,-1.,0.));
#7848 = DEFINITIONAL_REPRESENTATION('',(#7849),#7853);
#7849 = LINE('',#7850,#7851);
#7850 = CARTESIAN_POINT('',(0.,0.));
#7851 = VECTOR('',#7852,1.);
#7852 = DIRECTION('',(1.,0.));
#7853 = ( GEOMETRIC_REPRESENTATION_CONTEXT(2) 
PARAMETRIC_REPRESENTATION_CONTEXT() REPRESENTATION_CONTEXT('2D SPACE',''
  ) );
#7854 = ORIENTED_EDGE('',*,*,#7855,.F.);
#7855 = EDGE_CURVE('',#2831,#7828,#7856,.T.);
#7856 = SURFACE_CURVE('',#7857,(#7861,#7868),.PCURVE_S1.);
#7857 = LINE('',#7858,#7859);
#7858 = CARTESIAN_POINT('',(46.,-70.2,1.6));
#7859 = VECTOR('',#7860,1.);
#7860 = DIRECTION('',(1.,0.,0.));
#7861 = PCURVE('',#2874,#7862);
#7862 = DEFINITIONAL_REPRESENTATION('',(#7863),#7867);
#7863 = LINE('',#7864,#7865);
#7864 = CARTESIAN_POINT('',(-54.,29.8));
#7865 = VECTOR('',#7866,1.);
#7866 = DIRECTION('',(1.,0.));
#7867 = ( GEOMETRIC_REPRESENTATION_CONTEXT(2) 
PARAMETRIC_REPRESENTATION_CONTEXT() REPRESENTATION_CONTEXT('2D SPACE',''
  ) );
#7868 = PCURVE('',#2846,#7869);
#7869 = DEFINITIONAL_REPRESENTATION('',(#7870),#7874);
#7870 = LINE('',#7871,#7872);
#7871 = CARTESIAN_POINT('',(-54.,29.8));
#7872 = VECTOR('',#7873,1.);
#7873 = DIRECTION('',(1.,0.));
#7874 = ( GEOMETRIC_REPRESENTATION_CONTEXT(2) 
PARAMETRIC_REPRESENTATION_CONTEXT() REPRESENTATION_CONTEXT('2D SPACE',''
  ) );
#7875 = ADVANCED_FACE('',(#7876),#2846,.T.);
#7876 = FACE_BOUND('',#7877,.T.);
#7877 = EDGE_LOOP('',(#7878,#7879,#7880,#7908));
#7878 = ORIENTED_EDGE('',*,*,#2830,.T.);
#7879 = ORIENTED_EDGE('',*,*,#7855,.T.);
#7880 = ORIENTED_EDGE('',*,*,#7881,.F.);
#7881 = EDGE_CURVE('',#7882,#7828,#7884,.T.);
#7882 = VERTEX_POINT('',#7883);
#7883 = CARTESIAN_POINT('',(48.4,-52.6,1.6));
#7884 = SURFACE_CURVE('',#7885,(#7889,#7896),.PCURVE_S1.);
#7885 = LINE('',#7886,#7887);
#7886 = CARTESIAN_POINT('',(48.4,-48.4,1.6));
#7887 = VECTOR('',#7888,1.);
#7888 = DIRECTION('',(0.,-1.,0.));
#7889 = PCURVE('',#2846,#7890);
#7890 = DEFINITIONAL_REPRESENTATION('',(#7891),#7895);
#7891 = LINE('',#7892,#7893);
#7892 = CARTESIAN_POINT('',(-51.6,51.6));
#7893 = VECTOR('',#7894,1.);
#7894 = DIRECTION('',(0.,-1.));
#7895 = ( GEOMETRIC_REPRESENTATION_CONTEXT(2) 
PARAMETRIC_REPRESENTATION_CONTEXT() REPRESENTATION_CONTEXT('2D SPACE',''
  ) );
#7896 = PCURVE('',#7897,#7902);
#7897 = PLANE('',#7898);
#7898 = AXIS2_PLACEMENT_3D('',#7899,#7900,#7901);
#7899 = CARTESIAN_POINT('',(46.,-70.2,1.6));
#7900 = DIRECTION('',(0.,0.,1.));
#7901 = DIRECTION('',(1.,0.,0.));
#7902 = DEFINITIONAL_REPRESENTATION('',(#7903),#7907);
#7903 = LINE('',#7904,#7905);
#7904 = CARTESIAN_POINT('',(2.4,21.8));
#7905 = VECTOR('',#7906,1.);
#7906 = DIRECTION('',(0.,-1.));
#7907 = ( GEOMETRIC_REPRESENTATION_CONTEXT(2) 
PARAMETRIC_REPRESENTATION_CONTEXT() REPRESENTATION_CONTEXT('2D SPACE',''
  ) );
#7908 = ORIENTED_EDGE('',*,*,#7909,.F.);
#7909 = EDGE_CURVE('',#2803,#7882,#7910,.T.);
#7910 = SURFACE_CURVE('',#7911,(#7915,#7922),.PCURVE_S1.);
#7911 = LINE('',#7912,#7913);
#7912 = CARTESIAN_POINT('',(46.,-52.6,1.6));
#7913 = VECTOR('',#7914,1.);
#7914 = DIRECTION('',(1.,0.,0.));
#7915 = PCURVE('',#2846,#7916);
#7916 = DEFINITIONAL_REPRESENTATION('',(#7917),#7921);
#7917 = LINE('',#7918,#7919);
#7918 = CARTESIAN_POINT('',(-54.,47.4));
#7919 = VECTOR('',#7920,1.);
#7920 = DIRECTION('',(1.,0.));
#7921 = ( GEOMETRIC_REPRESENTATION_CONTEXT(2) 
PARAMETRIC_REPRESENTATION_CONTEXT() REPRESENTATION_CONTEXT('2D SPACE',''
  ) );
#7922 = PCURVE('',#2818,#7923);
#7923 = DEFINITIONAL_REPRESENTATION('',(#7924),#7928);
#7924 = LINE('',#7925,#7926);
#7925 = CARTESIAN_POINT('',(-54.,47.4));
#7926 = VECTOR('',#7927,1.);
#7927 = DIRECTION('',(1.,0.));
#7928 = ( GEOMETRIC_REPRESENTATION_CONTEXT(2) 
PARAMETRIC_REPRESENTATION_CONTEXT() REPRESENTATION_CONTEXT('2D SPACE',''
  ) );
#7929 = ADVANCED_FACE('',(#7930),#2818,.T.);
#7930 = FACE_BOUND('',#7931,.T.);
#7931 = EDGE_LOOP('',(#7932,#7933,#7934,#7962,#7991,#8019,#8048,#8076,
    #8097,#8098,#8122,#8150));
#7932 = ORIENTED_EDGE('',*,*,#2802,.T.);
#7933 = ORIENTED_EDGE('',*,*,#7909,.T.);
#7934 = ORIENTED_EDGE('',*,*,#7935,.F.);
#7935 = EDGE_CURVE('',#7936,#7882,#7938,.T.);
#7936 = VERTEX_POINT('',#7937);
#7937 = CARTESIAN_POINT('',(48.4,-50.1,1.6));
#7938 = SURFACE_CURVE('',#7939,(#7943,#7950),.PCURVE_S1.);
#7939 = LINE('',#7940,#7941);
#7940 = CARTESIAN_POINT('',(48.4,-48.4,1.6));
#7941 = VECTOR('',#7942,1.);
#7942 = DIRECTION('',(0.,-1.,0.));
#7943 = PCURVE('',#2818,#7944);
#7944 = DEFINITIONAL_REPRESENTATION('',(#7945),#7949);
#7945 = LINE('',#7946,#7947);
#7946 = CARTESIAN_POINT('',(-51.6,51.6));
#7947 = VECTOR('',#7948,1.);
#7948 = DIRECTION('',(0.,-1.));
#7949 = ( GEOMETRIC_REPRESENTATION_CONTEXT(2) 
PARAMETRIC_REPRESENTATION_CONTEXT() REPRESENTATION_CONTEXT('2D SPACE',''
  ) );
#7950 = PCURVE('',#7951,#7956);
#7951 = PLANE('',#7952);
#7952 = AXIS2_PLACEMENT_3D('',#7953,#7954,#7955);
#7953 = CARTESIAN_POINT('',(48.4,-48.4,1.6));
#7954 = DIRECTION('',(1.,0.,-0.));
#7955 = DIRECTION('',(0.,-1.,0.));
#7956 = DEFINITIONAL_REPRESENTATION('',(#7957),#7961);
#7957 = LINE('',#7958,#7959);
#7958 = CARTESIAN_POINT('',(0.,0.));
#7959 = VECTOR('',#7960,1.);
#7960 = DIRECTION('',(1.,0.));
#7961 = ( GEOMETRIC_REPRESENTATION_CONTEXT(2) 
PARAMETRIC_REPRESENTATION_CONTEXT() REPRESENTATION_CONTEXT('2D SPACE',''
  ) );
#7962 = ORIENTED_EDGE('',*,*,#7963,.F.);
#7963 = EDGE_CURVE('',#7964,#7936,#7966,.T.);
#7964 = VERTEX_POINT('',#7965);
#7965 = CARTESIAN_POINT('',(50.1,-48.4,1.6));
#7966 = SURFACE_CURVE('',#7967,(#7972,#7979),.PCURVE_S1.);
#7967 = CIRCLE('',#7968,1.7);
#7968 = AXIS2_PLACEMENT_3D('',#7969,#7970,#7971);
#7969 = CARTESIAN_POINT('',(50.1,-50.1,1.6));
#7970 = DIRECTION('',(0.,0.,1.));
#7971 = DIRECTION('',(0.,-1.,0.));
#7972 = PCURVE('',#2818,#7973);
#7973 = DEFINITIONAL_REPRESENTATION('',(#7974),#7978);
#7974 = CIRCLE('',#7975,1.7);
#7975 = AXIS2_PLACEMENT_2D('',#7976,#7977);
#7976 = CARTESIAN_POINT('',(-49.9,49.9));
#7977 = DIRECTION('',(0.,-1.));
#7978 = ( GEOMETRIC_REPRESENTATION_CONTEXT(2) 
PARAMETRIC_REPRESENTATION_CONTEXT() REPRESENTATION_CONTEXT('2D SPACE',''
  ) );
#7979 = PCURVE('',#7980,#7985);
#7980 = CYLINDRICAL_SURFACE('',#7981,1.7);
#7981 = AXIS2_PLACEMENT_3D('',#7982,#7983,#7984);
#7982 = CARTESIAN_POINT('',(50.1,-50.1,1.6));
#7983 = DIRECTION('',(0.,0.,1.));
#7984 = DIRECTION('',(-0.,1.,0.));
#7985 = DEFINITIONAL_REPRESENTATION('',(#7986),#7990);
#7986 = LINE('',#7987,#7988);
#7987 = CARTESIAN_POINT('',(-3.14159265359,-2.22044604925E-16));
#7988 = VECTOR('',#7989,1.);
#7989 = DIRECTION('',(1.,0.));
#7990 = ( GEOMETRIC_REPRESENTATION_CONTEXT(2) 
PARAMETRIC_REPRESENTATION_CONTEXT() REPRESENTATION_CONTEXT('2D SPACE',''
  ) );
#7991 = ORIENTED_EDGE('',*,*,#7992,.F.);
#7992 = EDGE_CURVE('',#7993,#7964,#7995,.T.);
#7993 = VERTEX_POINT('',#7994);
#7994 = CARTESIAN_POINT('',(149.9,-48.4,1.6));
#7995 = SURFACE_CURVE('',#7996,(#8000,#8007),.PCURVE_S1.);
#7996 = LINE('',#7997,#7998);
#7997 = CARTESIAN_POINT('',(151.6,-48.4,1.6));
#7998 = VECTOR('',#7999,1.);
#7999 = DIRECTION('',(-1.,0.,0.));
#8000 = PCURVE('',#2818,#8001);
#8001 = DEFINITIONAL_REPRESENTATION('',(#8002),#8006);
#8002 = LINE('',#8003,#8004);
#8003 = CARTESIAN_POINT('',(51.6,51.6));
#8004 = VECTOR('',#8005,1.);
#8005 = DIRECTION('',(-1.,0.));
#8006 = ( GEOMETRIC_REPRESENTATION_CONTEXT(2) 
PARAMETRIC_REPRESENTATION_CONTEXT() REPRESENTATION_CONTEXT('2D SPACE',''
  ) );
#8007 = PCURVE('',#8008,#8013);
#8008 = PLANE('',#8009);
#8009 = AXIS2_PLACEMENT_3D('',#8010,#8011,#8012);
#8010 = CARTESIAN_POINT('',(151.6,-48.4,1.6));
#8011 = DIRECTION('',(0.,-1.,0.));
#8012 = DIRECTION('',(-1.,0.,0.));
#8013 = DEFINITIONAL_REPRESENTATION('',(#8014),#8018);
#8014 = LINE('',#8015,#8016);
#8015 = CARTESIAN_POINT('',(0.,-0.));
#8016 = VECTOR('',#8017,1.);
#8017 = DIRECTION('',(1.,0.));
#8018 = ( GEOMETRIC_REPRESENTATION_CONTEXT(2) 
PARAMETRIC_REPRESENTATION_CONTEXT() REPRESENTATION_CONTEXT('2D SPACE',''
  ) );
#8019 = ORIENTED_EDGE('',*,*,#8020,.F.);
#8020 = EDGE_CURVE('',#8021,#7993,#8023,.T.);
#8021 = VERTEX_POINT('',#8022);
#8022 = CARTESIAN_POINT('',(151.6,-50.1,1.6));
#8023 = SURFACE_CURVE('',#8024,(#8029,#8036),.PCURVE_S1.);
#8024 = CIRCLE('',#8025,1.7);
#8025 = AXIS2_PLACEMENT_3D('',#8026,#8027,#8028);
#8026 = CARTESIAN_POINT('',(149.9,-50.1,1.6));
#8027 = DIRECTION('',(0.,0.,1.));
#8028 = DIRECTION('',(0.,-1.,0.));
#8029 = PCURVE('',#2818,#8030);
#8030 = DEFINITIONAL_REPRESENTATION('',(#8031),#8035);
#8031 = CIRCLE('',#8032,1.7);
#8032 = AXIS2_PLACEMENT_2D('',#8033,#8034);
#8033 = CARTESIAN_POINT('',(49.9,49.9));
#8034 = DIRECTION('',(0.,-1.));
#8035 = ( GEOMETRIC_REPRESENTATION_CONTEXT(2) 
PARAMETRIC_REPRESENTATION_CONTEXT() REPRESENTATION_CONTEXT('2D SPACE',''
  ) );
#8036 = PCURVE('',#8037,#8042);
#8037 = CYLINDRICAL_SURFACE('',#8038,1.7);
#8038 = AXIS2_PLACEMENT_3D('',#8039,#8040,#8041);
#8039 = CARTESIAN_POINT('',(149.9,-50.1,1.6));
#8040 = DIRECTION('',(0.,0.,1.));
#8041 = DIRECTION('',(1.,0.,-0.));
#8042 = DEFINITIONAL_REPRESENTATION('',(#8043),#8047);
#8043 = LINE('',#8044,#8045);
#8044 = CARTESIAN_POINT('',(-1.570796326795,-2.22044604925E-16));
#8045 = VECTOR('',#8046,1.);
#8046 = DIRECTION('',(1.,0.));
#8047 = ( GEOMETRIC_REPRESENTATION_CONTEXT(2) 
PARAMETRIC_REPRESENTATION_CONTEXT() REPRESENTATION_CONTEXT('2D SPACE',''
  ) );
#8048 = ORIENTED_EDGE('',*,*,#8049,.F.);
#8049 = EDGE_CURVE('',#8050,#8021,#8052,.T.);
#8050 = VERTEX_POINT('',#8051);
#8051 = CARTESIAN_POINT('',(151.6,-79.9,1.6));
#8052 = SURFACE_CURVE('',#8053,(#8057,#8064),.PCURVE_S1.);
#8053 = LINE('',#8054,#8055);
#8054 = CARTESIAN_POINT('',(151.6,-151.6,1.6));
#8055 = VECTOR('',#8056,1.);
#8056 = DIRECTION('',(0.,1.,0.));
#8057 = PCURVE('',#2818,#8058);
#8058 = DEFINITIONAL_REPRESENTATION('',(#8059),#8063);
#8059 = LINE('',#8060,#8061);
#8060 = CARTESIAN_POINT('',(51.6,-51.6));
#8061 = VECTOR('',#8062,1.);
#8062 = DIRECTION('',(0.,1.));
#8063 = ( GEOMETRIC_REPRESENTATION_CONTEXT(2) 
PARAMETRIC_REPRESENTATION_CONTEXT() REPRESENTATION_CONTEXT('2D SPACE',''
  ) );
#8064 = PCURVE('',#8065,#8070);
#8065 = PLANE('',#8066);
#8066 = AXIS2_PLACEMENT_3D('',#8067,#8068,#8069);
#8067 = CARTESIAN_POINT('',(151.6,-151.6,1.6));
#8068 = DIRECTION('',(-1.,0.,0.));
#8069 = DIRECTION('',(0.,1.,0.));
#8070 = DEFINITIONAL_REPRESENTATION('',(#8071),#8075);
#8071 = LINE('',#8072,#8073);
#8072 = CARTESIAN_POINT('',(0.,0.));
#8073 = VECTOR('',#8074,1.);
#8074 = DIRECTION('',(1.,0.));
#8075 = ( GEOMETRIC_REPRESENTATION_CONTEXT(2) 
PARAMETRIC_REPRESENTATION_CONTEXT() REPRESENTATION_CONTEXT('2D SPACE',''
  ) );
#8076 = ORIENTED_EDGE('',*,*,#8077,.T.);
#8077 = EDGE_CURVE('',#8050,#4947,#8078,.T.);
#8078 = SURFACE_CURVE('',#8079,(#8083,#8090),.PCURVE_S1.);
#8079 = LINE('',#8080,#8081);
#8080 = CARTESIAN_POINT('',(150.35,-79.9,1.6));
#8081 = VECTOR('',#8082,1.);
#8082 = DIRECTION('',(1.,0.,0.));
#8083 = PCURVE('',#2818,#8084);
#8084 = DEFINITIONAL_REPRESENTATION('',(#8085),#8089);
#8085 = LINE('',#8086,#8087);
#8086 = CARTESIAN_POINT('',(50.35,20.1));
#8087 = VECTOR('',#8088,1.);
#8088 = DIRECTION('',(1.,0.));
#8089 = ( GEOMETRIC_REPRESENTATION_CONTEXT(2) 
PARAMETRIC_REPRESENTATION_CONTEXT() REPRESENTATION_CONTEXT('2D SPACE',''
  ) );
#8090 = PCURVE('',#4962,#8091);
#8091 = DEFINITIONAL_REPRESENTATION('',(#8092),#8096);
#8092 = LINE('',#8093,#8094);
#8093 = CARTESIAN_POINT('',(50.35,20.1));
#8094 = VECTOR('',#8095,1.);
#8095 = DIRECTION('',(1.,0.));
#8096 = ( GEOMETRIC_REPRESENTATION_CONTEXT(2) 
PARAMETRIC_REPRESENTATION_CONTEXT() REPRESENTATION_CONTEXT('2D SPACE',''
  ) );
#8097 = ORIENTED_EDGE('',*,*,#4974,.T.);
#8098 = ORIENTED_EDGE('',*,*,#8099,.T.);
#8099 = EDGE_CURVE('',#4975,#8100,#8102,.T.);
#8100 = VERTEX_POINT('',#8101);
#8101 = CARTESIAN_POINT('',(149.9,-47.,1.6));
#8102 = SURFACE_CURVE('',#8103,(#8108,#8115),.PCURVE_S1.);
#8103 = CIRCLE('',#8104,3.1);
#8104 = AXIS2_PLACEMENT_3D('',#8105,#8106,#8107);
#8105 = CARTESIAN_POINT('',(149.9,-50.1,1.6));
#8106 = DIRECTION('',(0.,0.,1.));
#8107 = DIRECTION('',(0.,-1.,0.));
#8108 = PCURVE('',#2818,#8109);
#8109 = DEFINITIONAL_REPRESENTATION('',(#8110),#8114);
#8110 = CIRCLE('',#8111,3.1);
#8111 = AXIS2_PLACEMENT_2D('',#8112,#8113);
#8112 = CARTESIAN_POINT('',(49.9,49.9));
#8113 = DIRECTION('',(0.,-1.));
#8114 = ( GEOMETRIC_REPRESENTATION_CONTEXT(2) 
PARAMETRIC_REPRESENTATION_CONTEXT() REPRESENTATION_CONTEXT('2D SPACE',''
  ) );
#8115 = PCURVE('',#5013,#8116);
#8116 = DEFINITIONAL_REPRESENTATION('',(#8117),#8121);
#8117 = LINE('',#8118,#8119);
#8118 = CARTESIAN_POINT('',(-1.570796326795,9.2));
#8119 = VECTOR('',#8120,1.);
#8120 = DIRECTION('',(1.,0.));
#8121 = ( GEOMETRIC_REPRESENTATION_CONTEXT(2) 
PARAMETRIC_REPRESENTATION_CONTEXT() REPRESENTATION_CONTEXT('2D SPACE',''
  ) );
#8122 = ORIENTED_EDGE('',*,*,#8123,.T.);
#8123 = EDGE_CURVE('',#8100,#8124,#8126,.T.);
#8124 = VERTEX_POINT('',#8125);
#8125 = CARTESIAN_POINT('',(50.1,-47.,1.6));
#8126 = SURFACE_CURVE('',#8127,(#8131,#8138),.PCURVE_S1.);
#8127 = LINE('',#8128,#8129);
#8128 = CARTESIAN_POINT('',(153.,-47.,1.6));
#8129 = VECTOR('',#8130,1.);
#8130 = DIRECTION('',(-1.,0.,0.));
#8131 = PCURVE('',#2818,#8132);
#8132 = DEFINITIONAL_REPRESENTATION('',(#8133),#8137);
#8133 = LINE('',#8134,#8135);
#8134 = CARTESIAN_POINT('',(53.,53.));
#8135 = VECTOR('',#8136,1.);
#8136 = DIRECTION('',(-1.,0.));
#8137 = ( GEOMETRIC_REPRESENTATION_CONTEXT(2) 
PARAMETRIC_REPRESENTATION_CONTEXT() REPRESENTATION_CONTEXT('2D SPACE',''
  ) );
#8138 = PCURVE('',#8139,#8144);
#8139 = PLANE('',#8140);
#8140 = AXIS2_PLACEMENT_3D('',#8141,#8142,#8143);
#8141 = CARTESIAN_POINT('',(153.,-47.,-7.6));
#8142 = DIRECTION('',(0.,-1.,0.));
#8143 = DIRECTION('',(-1.,0.,0.));
#8144 = DEFINITIONAL_REPRESENTATION('',(#8145),#8149);
#8145 = LINE('',#8146,#8147);
#8146 = CARTESIAN_POINT('',(0.,-9.2));
#8147 = VECTOR('',#8148,1.);
#8148 = DIRECTION('',(1.,0.));
#8149 = ( GEOMETRIC_REPRESENTATION_CONTEXT(2) 
PARAMETRIC_REPRESENTATION_CONTEXT() REPRESENTATION_CONTEXT('2D SPACE',''
  ) );
#8150 = ORIENTED_EDGE('',*,*,#8151,.T.);
#8151 = EDGE_CURVE('',#8124,#2775,#8152,.T.);
#8152 = SURFACE_CURVE('',#8153,(#8158,#8165),.PCURVE_S1.);
#8153 = CIRCLE('',#8154,3.1);
#8154 = AXIS2_PLACEMENT_3D('',#8155,#8156,#8157);
#8155 = CARTESIAN_POINT('',(50.1,-50.1,1.6));
#8156 = DIRECTION('',(0.,0.,1.));
#8157 = DIRECTION('',(0.,-1.,0.));
#8158 = PCURVE('',#2818,#8159);
#8159 = DEFINITIONAL_REPRESENTATION('',(#8160),#8164);
#8160 = CIRCLE('',#8161,3.1);
#8161 = AXIS2_PLACEMENT_2D('',#8162,#8163);
#8162 = CARTESIAN_POINT('',(-49.9,49.9));
#8163 = DIRECTION('',(0.,-1.));
#8164 = ( GEOMETRIC_REPRESENTATION_CONTEXT(2) 
PARAMETRIC_REPRESENTATION_CONTEXT() REPRESENTATION_CONTEXT('2D SPACE',''
  ) );
#8165 = PCURVE('',#2790,#8166);
#8166 = DEFINITIONAL_REPRESENTATION('',(#8167),#8171);
#8167 = LINE('',#8168,#8169);
#8168 = CARTESIAN_POINT('',(-3.14159265359,9.2));
#8169 = VECTOR('',#8170,1.);
#8170 = DIRECTION('',(1.,0.));
#8171 = ( GEOMETRIC_REPRESENTATION_CONTEXT(2) 
PARAMETRIC_REPRESENTATION_CONTEXT() REPRESENTATION_CONTEXT('2D SPACE',''
  ) );
#8172 = ADVANCED_FACE('',(#8173),#2790,.T.);
#8173 = FACE_BOUND('',#8174,.T.);
#8174 = EDGE_LOOP('',(#8175,#8198,#8222,#8241,#8242,#8243));
#8175 = ORIENTED_EDGE('',*,*,#8176,.F.);
#8176 = EDGE_CURVE('',#8177,#8124,#8179,.T.);
#8177 = VERTEX_POINT('',#8178);
#8178 = CARTESIAN_POINT('',(50.1,-47.,-6.8));
#8179 = SURFACE_CURVE('',#8180,(#8184,#8191),.PCURVE_S1.);
#8180 = LINE('',#8181,#8182);
#8181 = CARTESIAN_POINT('',(50.1,-47.,-7.6));
#8182 = VECTOR('',#8183,1.);
#8183 = DIRECTION('',(0.,0.,1.));
#8184 = PCURVE('',#2790,#8185);
#8185 = DEFINITIONAL_REPRESENTATION('',(#8186),#8190);
#8186 = LINE('',#8187,#8188);
#8187 = CARTESIAN_POINT('',(0.,0.));
#8188 = VECTOR('',#8189,1.);
#8189 = DIRECTION('',(0.,1.));
#8190 = ( GEOMETRIC_REPRESENTATION_CONTEXT(2) 
PARAMETRIC_REPRESENTATION_CONTEXT() REPRESENTATION_CONTEXT('2D SPACE',''
  ) );
#8191 = PCURVE('',#8139,#8192);
#8192 = DEFINITIONAL_REPRESENTATION('',(#8193),#8197);
#8193 = LINE('',#8194,#8195);
#8194 = CARTESIAN_POINT('',(102.9,0.));
#8195 = VECTOR('',#8196,1.);
#8196 = DIRECTION('',(0.,-1.));
#8197 = ( GEOMETRIC_REPRESENTATION_CONTEXT(2) 
PARAMETRIC_REPRESENTATION_CONTEXT() REPRESENTATION_CONTEXT('2D SPACE',''
  ) );
#8198 = ORIENTED_EDGE('',*,*,#8199,.T.);
#8199 = EDGE_CURVE('',#8177,#8200,#8202,.T.);
#8200 = VERTEX_POINT('',#8201);
#8201 = CARTESIAN_POINT('',(47.819649149802,-48.,-6.8));
#8202 = SURFACE_CURVE('',#8203,(#8208,#8215),.PCURVE_S1.);
#8203 = CIRCLE('',#8204,3.1);
#8204 = AXIS2_PLACEMENT_3D('',#8205,#8206,#8207);
#8205 = CARTESIAN_POINT('',(50.1,-50.1,-6.8));
#8206 = DIRECTION('',(0.,0.,1.));
#8207 = DIRECTION('',(-2.292073341162E-15,1.,0.));
#8208 = PCURVE('',#2790,#8209);
#8209 = DEFINITIONAL_REPRESENTATION('',(#8210),#8214);
#8210 = LINE('',#8211,#8212);
#8211 = CARTESIAN_POINT('',(2.292073341162E-15,0.8));
#8212 = VECTOR('',#8213,1.);
#8213 = DIRECTION('',(1.,0.));
#8214 = ( GEOMETRIC_REPRESENTATION_CONTEXT(2) 
PARAMETRIC_REPRESENTATION_CONTEXT() REPRESENTATION_CONTEXT('2D SPACE',''
  ) );
#8215 = PCURVE('',#4001,#8216);
#8216 = DEFINITIONAL_REPRESENTATION('',(#8217),#8221);
#8217 = LINE('',#8218,#8219);
#8218 = CARTESIAN_POINT('',(0.,-0.));
#8219 = VECTOR('',#8220,1.);
#8220 = DIRECTION('',(1.,-0.));
#8221 = ( GEOMETRIC_REPRESENTATION_CONTEXT(2) 
PARAMETRIC_REPRESENTATION_CONTEXT() REPRESENTATION_CONTEXT('2D SPACE',''
  ) );
#8222 = ORIENTED_EDGE('',*,*,#8223,.T.);
#8223 = EDGE_CURVE('',#8200,#7168,#8224,.T.);
#8224 = SURFACE_CURVE('',#8225,(#8229,#8235),.PCURVE_S1.);
#8225 = LINE('',#8226,#8227);
#8226 = CARTESIAN_POINT('',(47.819649149802,-48.,-7.6));
#8227 = VECTOR('',#8228,1.);
#8228 = DIRECTION('',(0.,0.,1.));
#8229 = PCURVE('',#2790,#8230);
#8230 = DEFINITIONAL_REPRESENTATION('',(#8231),#8234);
#8231 = B_SPLINE_CURVE_WITH_KNOTS('',1,(#8232,#8233),.UNSPECIFIED.,.F.,
  .F.,(2,2),(0.7999994,3.96),.PIECEWISE_BEZIER_KNOTS.);
#8232 = CARTESIAN_POINT('',(0.826547616989,0.7999994));
#8233 = CARTESIAN_POINT('',(0.826547616989,3.96));
#8234 = ( GEOMETRIC_REPRESENTATION_CONTEXT(2) 
PARAMETRIC_REPRESENTATION_CONTEXT() REPRESENTATION_CONTEXT('2D SPACE',''
  ) );
#8235 = PCURVE('',#4057,#8236);
#8236 = DEFINITIONAL_REPRESENTATION('',(#8237),#8240);
#8237 = B_SPLINE_CURVE_WITH_KNOTS('',1,(#8238,#8239),.UNSPECIFIED.,.F.,
  .F.,(2,2),(0.7999994,3.96),.PIECEWISE_BEZIER_KNOTS.);
#8238 = CARTESIAN_POINT('',(0.7999994,7.819649149802));
#8239 = CARTESIAN_POINT('',(3.96,7.819649149802));
#8240 = ( GEOMETRIC_REPRESENTATION_CONTEXT(2) 
PARAMETRIC_REPRESENTATION_CONTEXT() REPRESENTATION_CONTEXT('2D SPACE',''
  ) );
#8241 = ORIENTED_EDGE('',*,*,#7283,.T.);
#8242 = ORIENTED_EDGE('',*,*,#2774,.T.);
#8243 = ORIENTED_EDGE('',*,*,#8151,.F.);
#8244 = ADVANCED_FACE('',(#8245),#3187,.T.);
#8245 = FACE_BOUND('',#8246,.T.);
#8246 = EDGE_LOOP('',(#8247,#8270,#8271,#8294));
#8247 = ORIENTED_EDGE('',*,*,#8248,.F.);
#8248 = EDGE_CURVE('',#3171,#8249,#8251,.T.);
#8249 = VERTEX_POINT('',#8250);
#8250 = CARTESIAN_POINT('',(49.6,-87.,-4.4));
#8251 = SURFACE_CURVE('',#8252,(#8256,#8263),.PCURVE_S1.);
#8252 = LINE('',#8253,#8254);
#8253 = CARTESIAN_POINT('',(46.,-87.,-4.4));
#8254 = VECTOR('',#8255,1.);
#8255 = DIRECTION('',(1.,0.,0.));
#8256 = PCURVE('',#3187,#8257);
#8257 = DEFINITIONAL_REPRESENTATION('',(#8258),#8262);
#8258 = LINE('',#8259,#8260);
#8259 = CARTESIAN_POINT('',(0.,10.));
#8260 = VECTOR('',#8261,1.);
#8261 = DIRECTION('',(1.,0.));
#8262 = ( GEOMETRIC_REPRESENTATION_CONTEXT(2) 
PARAMETRIC_REPRESENTATION_CONTEXT() REPRESENTATION_CONTEXT('2D SPACE',''
  ) );
#8263 = PCURVE('',#3263,#8264);
#8264 = DEFINITIONAL_REPRESENTATION('',(#8265),#8269);
#8265 = LINE('',#8266,#8267);
#8266 = CARTESIAN_POINT('',(0.,0.));
#8267 = VECTOR('',#8268,1.);
#8268 = DIRECTION('',(0.,1.));
#8269 = ( GEOMETRIC_REPRESENTATION_CONTEXT(2) 
PARAMETRIC_REPRESENTATION_CONTEXT() REPRESENTATION_CONTEXT('2D SPACE',''
  ) );
#8270 = ORIENTED_EDGE('',*,*,#3170,.T.);
#8271 = ORIENTED_EDGE('',*,*,#8272,.T.);
#8272 = EDGE_CURVE('',#3173,#8273,#8275,.T.);
#8273 = VERTEX_POINT('',#8274);
#8274 = CARTESIAN_POINT('',(49.6,-97.,-4.4));
#8275 = SURFACE_CURVE('',#8276,(#8280,#8287),.PCURVE_S1.);
#8276 = LINE('',#8277,#8278);
#8277 = CARTESIAN_POINT('',(46.,-97.,-4.4));
#8278 = VECTOR('',#8279,1.);
#8279 = DIRECTION('',(1.,0.,0.));
#8280 = PCURVE('',#3187,#8281);
#8281 = DEFINITIONAL_REPRESENTATION('',(#8282),#8286);
#8282 = LINE('',#8283,#8284);
#8283 = CARTESIAN_POINT('',(0.,0.));
#8284 = VECTOR('',#8285,1.);
#8285 = DIRECTION('',(1.,0.));
#8286 = ( GEOMETRIC_REPRESENTATION_CONTEXT(2) 
PARAMETRIC_REPRESENTATION_CONTEXT() REPRESENTATION_CONTEXT('2D SPACE',''
  ) );
#8287 = PCURVE('',#3213,#8288);
#8288 = DEFINITIONAL_REPRESENTATION('',(#8289),#8293);
#8289 = LINE('',#8290,#8291);
#8290 = CARTESIAN_POINT('',(0.,0.));
#8291 = VECTOR('',#8292,1.);
#8292 = DIRECTION('',(0.,1.));
#8293 = ( GEOMETRIC_REPRESENTATION_CONTEXT(2) 
PARAMETRIC_REPRESENTATION_CONTEXT() REPRESENTATION_CONTEXT('2D SPACE',''
  ) );
#8294 = ORIENTED_EDGE('',*,*,#8295,.F.);
#8295 = EDGE_CURVE('',#8249,#8273,#8296,.T.);
#8296 = SURFACE_CURVE('',#8297,(#8301,#8307),.PCURVE_S1.);
#8297 = LINE('',#8298,#8299);
#8298 = CARTESIAN_POINT('',(49.6,-73.3,-4.4));
#8299 = VECTOR('',#8300,1.);
#8300 = DIRECTION('',(0.,-1.,0.));
#8301 = PCURVE('',#3187,#8302);
#8302 = DEFINITIONAL_REPRESENTATION('',(#8303),#8306);
#8303 = B_SPLINE_CURVE_WITH_KNOTS('',1,(#8304,#8305),.UNSPECIFIED.,.F.,
  .F.,(2,2),(13.7,23.7),.PIECEWISE_BEZIER_KNOTS.);
#8304 = CARTESIAN_POINT('',(3.6,10.));
#8305 = CARTESIAN_POINT('',(3.6,0.));
#8306 = ( GEOMETRIC_REPRESENTATION_CONTEXT(2) 
PARAMETRIC_REPRESENTATION_CONTEXT() REPRESENTATION_CONTEXT('2D SPACE',''
  ) );
#8307 = PCURVE('',#7423,#8308);
#8308 = DEFINITIONAL_REPRESENTATION('',(#8309),#8312);
#8309 = B_SPLINE_CURVE_WITH_KNOTS('',1,(#8310,#8311),.UNSPECIFIED.,.F.,
  .F.,(2,2),(13.7,23.7),.PIECEWISE_BEZIER_KNOTS.);
#8310 = CARTESIAN_POINT('',(37.4,5.));
#8311 = CARTESIAN_POINT('',(47.4,5.));
#8312 = ( GEOMETRIC_REPRESENTATION_CONTEXT(2) 
PARAMETRIC_REPRESENTATION_CONTEXT() REPRESENTATION_CONTEXT('2D SPACE',''
  ) );
#8313 = ADVANCED_FACE('',(#8314),#3263,.F.);
#8314 = FACE_BOUND('',#8315,.F.);
#8315 = EDGE_LOOP('',(#8316,#8317,#8318,#8341));
#8316 = ORIENTED_EDGE('',*,*,#8248,.F.);
#8317 = ORIENTED_EDGE('',*,*,#3250,.T.);
#8318 = ORIENTED_EDGE('',*,*,#8319,.T.);
#8319 = EDGE_CURVE('',#3225,#8320,#8322,.T.);
#8320 = VERTEX_POINT('',#8321);
#8321 = CARTESIAN_POINT('',(49.6,-87.,-1.));
#8322 = SURFACE_CURVE('',#8323,(#8327,#8334),.PCURVE_S1.);
#8323 = LINE('',#8324,#8325);
#8324 = CARTESIAN_POINT('',(46.,-87.,-1.));
#8325 = VECTOR('',#8326,1.);
#8326 = DIRECTION('',(1.,0.,0.));
#8327 = PCURVE('',#3263,#8328);
#8328 = DEFINITIONAL_REPRESENTATION('',(#8329),#8333);
#8329 = LINE('',#8330,#8331);
#8330 = CARTESIAN_POINT('',(3.4,0.));
#8331 = VECTOR('',#8332,1.);
#8332 = DIRECTION('',(0.,1.));
#8333 = ( GEOMETRIC_REPRESENTATION_CONTEXT(2) 
PARAMETRIC_REPRESENTATION_CONTEXT() REPRESENTATION_CONTEXT('2D SPACE',''
  ) );
#8334 = PCURVE('',#3239,#8335);
#8335 = DEFINITIONAL_REPRESENTATION('',(#8336),#8340);
#8336 = LINE('',#8337,#8338);
#8337 = CARTESIAN_POINT('',(0.,10.));
#8338 = VECTOR('',#8339,1.);
#8339 = DIRECTION('',(1.,0.));
#8340 = ( GEOMETRIC_REPRESENTATION_CONTEXT(2) 
PARAMETRIC_REPRESENTATION_CONTEXT() REPRESENTATION_CONTEXT('2D SPACE',''
  ) );
#8341 = ORIENTED_EDGE('',*,*,#8342,.F.);
#8342 = EDGE_CURVE('',#8249,#8320,#8343,.T.);
#8343 = SURFACE_CURVE('',#8344,(#8348,#8354),.PCURVE_S1.);
#8344 = LINE('',#8345,#8346);
#8345 = CARTESIAN_POINT('',(49.6,-87.,-1.9));
#8346 = VECTOR('',#8347,1.);
#8347 = DIRECTION('',(0.,-0.,1.));
#8348 = PCURVE('',#3263,#8349);
#8349 = DEFINITIONAL_REPRESENTATION('',(#8350),#8353);
#8350 = B_SPLINE_CURVE_WITH_KNOTS('',1,(#8351,#8352),.UNSPECIFIED.,.F.,
  .F.,(2,2),(-2.5,0.9),.PIECEWISE_BEZIER_KNOTS.);
#8351 = CARTESIAN_POINT('',(0.,3.6));
#8352 = CARTESIAN_POINT('',(3.4,3.6));
#8353 = ( GEOMETRIC_REPRESENTATION_CONTEXT(2) 
PARAMETRIC_REPRESENTATION_CONTEXT() REPRESENTATION_CONTEXT('2D SPACE',''
  ) );
#8354 = PCURVE('',#7423,#8355);
#8355 = DEFINITIONAL_REPRESENTATION('',(#8356),#8359);
#8356 = B_SPLINE_CURVE_WITH_KNOTS('',1,(#8357,#8358),.UNSPECIFIED.,.F.,
  .F.,(2,2),(-2.5,0.9),.PIECEWISE_BEZIER_KNOTS.);
#8357 = CARTESIAN_POINT('',(37.4,5.));
#8358 = CARTESIAN_POINT('',(37.4,1.6));
#8359 = ( GEOMETRIC_REPRESENTATION_CONTEXT(2) 
PARAMETRIC_REPRESENTATION_CONTEXT() REPRESENTATION_CONTEXT('2D SPACE',''
  ) );
#8360 = ADVANCED_FACE('',(#8361),#3239,.F.);
#8361 = FACE_BOUND('',#8362,.F.);
#8362 = EDGE_LOOP('',(#8363,#8364,#8365,#8388));
#8363 = ORIENTED_EDGE('',*,*,#8319,.F.);
#8364 = ORIENTED_EDGE('',*,*,#3224,.T.);
#8365 = ORIENTED_EDGE('',*,*,#8366,.T.);
#8366 = EDGE_CURVE('',#3199,#8367,#8369,.T.);
#8367 = VERTEX_POINT('',#8368);
#8368 = CARTESIAN_POINT('',(49.6,-97.,-1.));
#8369 = SURFACE_CURVE('',#8370,(#8374,#8381),.PCURVE_S1.);
#8370 = LINE('',#8371,#8372);
#8371 = CARTESIAN_POINT('',(46.,-97.,-1.));
#8372 = VECTOR('',#8373,1.);
#8373 = DIRECTION('',(1.,0.,0.));
#8374 = PCURVE('',#3239,#8375);
#8375 = DEFINITIONAL_REPRESENTATION('',(#8376),#8380);
#8376 = LINE('',#8377,#8378);
#8377 = CARTESIAN_POINT('',(0.,0.));
#8378 = VECTOR('',#8379,1.);
#8379 = DIRECTION('',(1.,0.));
#8380 = ( GEOMETRIC_REPRESENTATION_CONTEXT(2) 
PARAMETRIC_REPRESENTATION_CONTEXT() REPRESENTATION_CONTEXT('2D SPACE',''
  ) );
#8381 = PCURVE('',#3213,#8382);
#8382 = DEFINITIONAL_REPRESENTATION('',(#8383),#8387);
#8383 = LINE('',#8384,#8385);
#8384 = CARTESIAN_POINT('',(3.4,0.));
#8385 = VECTOR('',#8386,1.);
#8386 = DIRECTION('',(0.,1.));
#8387 = ( GEOMETRIC_REPRESENTATION_CONTEXT(2) 
PARAMETRIC_REPRESENTATION_CONTEXT() REPRESENTATION_CONTEXT('2D SPACE',''
  ) );
#8388 = ORIENTED_EDGE('',*,*,#8389,.F.);
#8389 = EDGE_CURVE('',#8320,#8367,#8390,.T.);
#8390 = SURFACE_CURVE('',#8391,(#8395,#8401),.PCURVE_S1.);
#8391 = LINE('',#8392,#8393);
#8392 = CARTESIAN_POINT('',(49.6,-73.3,-1.));
#8393 = VECTOR('',#8394,1.);
#8394 = DIRECTION('',(0.,-1.,0.));
#8395 = PCURVE('',#3239,#8396);
#8396 = DEFINITIONAL_REPRESENTATION('',(#8397),#8400);
#8397 = B_SPLINE_CURVE_WITH_KNOTS('',1,(#8398,#8399),.UNSPECIFIED.,.F.,
  .F.,(2,2),(13.7,23.7),.PIECEWISE_BEZIER_KNOTS.);
#8398 = CARTESIAN_POINT('',(3.6,10.));
#8399 = CARTESIAN_POINT('',(3.6,0.));
#8400 = ( GEOMETRIC_REPRESENTATION_CONTEXT(2) 
PARAMETRIC_REPRESENTATION_CONTEXT() REPRESENTATION_CONTEXT('2D SPACE',''
  ) );
#8401 = PCURVE('',#7423,#8402);
#8402 = DEFINITIONAL_REPRESENTATION('',(#8403),#8406);
#8403 = B_SPLINE_CURVE_WITH_KNOTS('',1,(#8404,#8405),.UNSPECIFIED.,.F.,
  .F.,(2,2),(13.7,23.7),.PIECEWISE_BEZIER_KNOTS.);
#8404 = CARTESIAN_POINT('',(37.4,1.6));
#8405 = CARTESIAN_POINT('',(47.4,1.6));
#8406 = ( GEOMETRIC_REPRESENTATION_CONTEXT(2) 
PARAMETRIC_REPRESENTATION_CONTEXT() REPRESENTATION_CONTEXT('2D SPACE',''
  ) );
#8407 = ADVANCED_FACE('',(#8408),#3213,.T.);
#8408 = FACE_BOUND('',#8409,.T.);
#8409 = EDGE_LOOP('',(#8410,#8411,#8412,#8413));
#8410 = ORIENTED_EDGE('',*,*,#8272,.F.);
#8411 = ORIENTED_EDGE('',*,*,#3198,.T.);
#8412 = ORIENTED_EDGE('',*,*,#8366,.T.);
#8413 = ORIENTED_EDGE('',*,*,#8414,.F.);
#8414 = EDGE_CURVE('',#8273,#8367,#8415,.T.);
#8415 = SURFACE_CURVE('',#8416,(#8420,#8426),.PCURVE_S1.);
#8416 = LINE('',#8417,#8418);
#8417 = CARTESIAN_POINT('',(49.6,-97.,-1.9));
#8418 = VECTOR('',#8419,1.);
#8419 = DIRECTION('',(0.,-0.,1.));
#8420 = PCURVE('',#3213,#8421);
#8421 = DEFINITIONAL_REPRESENTATION('',(#8422),#8425);
#8422 = B_SPLINE_CURVE_WITH_KNOTS('',1,(#8423,#8424),.UNSPECIFIED.,.F.,
  .F.,(2,2),(-2.5,0.9),.PIECEWISE_BEZIER_KNOTS.);
#8423 = CARTESIAN_POINT('',(0.,3.6));
#8424 = CARTESIAN_POINT('',(3.4,3.6));
#8425 = ( GEOMETRIC_REPRESENTATION_CONTEXT(2) 
PARAMETRIC_REPRESENTATION_CONTEXT() REPRESENTATION_CONTEXT('2D SPACE',''
  ) );
#8426 = PCURVE('',#7423,#8427);
#8427 = DEFINITIONAL_REPRESENTATION('',(#8428),#8431);
#8428 = B_SPLINE_CURVE_WITH_KNOTS('',1,(#8429,#8430),.UNSPECIFIED.,.F.,
  .F.,(2,2),(-2.5,0.9),.PIECEWISE_BEZIER_KNOTS.);
#8429 = CARTESIAN_POINT('',(47.4,5.));
#8430 = CARTESIAN_POINT('',(47.4,1.6));
#8431 = ( GEOMETRIC_REPRESENTATION_CONTEXT(2) 
PARAMETRIC_REPRESENTATION_CONTEXT() REPRESENTATION_CONTEXT('2D SPACE',''
  ) );
#8432 = ADVANCED_FACE('',(#8433),#3293,.T.);
#8433 = FACE_BOUND('',#8434,.T.);
#8434 = EDGE_LOOP('',(#8435,#8458,#8459,#8482));
#8435 = ORIENTED_EDGE('',*,*,#8436,.F.);
#8436 = EDGE_CURVE('',#3277,#8437,#8439,.T.);
#8437 = VERTEX_POINT('',#8438);
#8438 = CARTESIAN_POINT('',(49.6,-121.,-4.4));
#8439 = SURFACE_CURVE('',#8440,(#8444,#8451),.PCURVE_S1.);
#8440 = LINE('',#8441,#8442);
#8441 = CARTESIAN_POINT('',(46.,-121.,-4.4));
#8442 = VECTOR('',#8443,1.);
#8443 = DIRECTION('',(1.,0.,0.));
#8444 = PCURVE('',#3293,#8445);
#8445 = DEFINITIONAL_REPRESENTATION('',(#8446),#8450);
#8446 = LINE('',#8447,#8448);
#8447 = CARTESIAN_POINT('',(0.,10.));
#8448 = VECTOR('',#8449,1.);
#8449 = DIRECTION('',(1.,0.));
#8450 = ( GEOMETRIC_REPRESENTATION_CONTEXT(2) 
PARAMETRIC_REPRESENTATION_CONTEXT() REPRESENTATION_CONTEXT('2D SPACE',''
  ) );
#8451 = PCURVE('',#3369,#8452);
#8452 = DEFINITIONAL_REPRESENTATION('',(#8453),#8457);
#8453 = LINE('',#8454,#8455);
#8454 = CARTESIAN_POINT('',(0.,0.));
#8455 = VECTOR('',#8456,1.);
#8456 = DIRECTION('',(0.,1.));
#8457 = ( GEOMETRIC_REPRESENTATION_CONTEXT(2) 
PARAMETRIC_REPRESENTATION_CONTEXT() REPRESENTATION_CONTEXT('2D SPACE',''
  ) );
#8458 = ORIENTED_EDGE('',*,*,#3276,.T.);
#8459 = ORIENTED_EDGE('',*,*,#8460,.T.);
#8460 = EDGE_CURVE('',#3279,#8461,#8463,.T.);
#8461 = VERTEX_POINT('',#8462);
#8462 = CARTESIAN_POINT('',(49.6,-131.,-4.4));
#8463 = SURFACE_CURVE('',#8464,(#8468,#8475),.PCURVE_S1.);
#8464 = LINE('',#8465,#8466);
#8465 = CARTESIAN_POINT('',(46.,-131.,-4.4));
#8466 = VECTOR('',#8467,1.);
#8467 = DIRECTION('',(1.,0.,0.));
#8468 = PCURVE('',#3293,#8469);
#8469 = DEFINITIONAL_REPRESENTATION('',(#8470),#8474);
#8470 = LINE('',#8471,#8472);
#8471 = CARTESIAN_POINT('',(0.,0.));
#8472 = VECTOR('',#8473,1.);
#8473 = DIRECTION('',(1.,0.));
#8474 = ( GEOMETRIC_REPRESENTATION_CONTEXT(2) 
PARAMETRIC_REPRESENTATION_CONTEXT() REPRESENTATION_CONTEXT('2D SPACE',''
  ) );
#8475 = PCURVE('',#3319,#8476);
#8476 = DEFINITIONAL_REPRESENTATION('',(#8477),#8481);
#8477 = LINE('',#8478,#8479);
#8478 = CARTESIAN_POINT('',(0.,0.));
#8479 = VECTOR('',#8480,1.);
#8480 = DIRECTION('',(0.,1.));
#8481 = ( GEOMETRIC_REPRESENTATION_CONTEXT(2) 
PARAMETRIC_REPRESENTATION_CONTEXT() REPRESENTATION_CONTEXT('2D SPACE',''
  ) );
#8482 = ORIENTED_EDGE('',*,*,#8483,.F.);
#8483 = EDGE_CURVE('',#8437,#8461,#8484,.T.);
#8484 = SURFACE_CURVE('',#8485,(#8489,#8495),.PCURVE_S1.);
#8485 = LINE('',#8486,#8487);
#8486 = CARTESIAN_POINT('',(49.6,-90.3,-4.4));
#8487 = VECTOR('',#8488,1.);
#8488 = DIRECTION('',(0.,-1.,0.));
#8489 = PCURVE('',#3293,#8490);
#8490 = DEFINITIONAL_REPRESENTATION('',(#8491),#8494);
#8491 = B_SPLINE_CURVE_WITH_KNOTS('',1,(#8492,#8493),.UNSPECIFIED.,.F.,
  .F.,(2,2),(30.7,40.7),.PIECEWISE_BEZIER_KNOTS.);
#8492 = CARTESIAN_POINT('',(3.6,10.));
#8493 = CARTESIAN_POINT('',(3.6,0.));
#8494 = ( GEOMETRIC_REPRESENTATION_CONTEXT(2) 
PARAMETRIC_REPRESENTATION_CONTEXT() REPRESENTATION_CONTEXT('2D SPACE',''
  ) );
#8495 = PCURVE('',#7423,#8496);
#8496 = DEFINITIONAL_REPRESENTATION('',(#8497),#8500);
#8497 = B_SPLINE_CURVE_WITH_KNOTS('',1,(#8498,#8499),.UNSPECIFIED.,.F.,
  .F.,(2,2),(30.7,40.7),.PIECEWISE_BEZIER_KNOTS.);
#8498 = CARTESIAN_POINT('',(71.4,5.));
#8499 = CARTESIAN_POINT('',(81.4,5.));
#8500 = ( GEOMETRIC_REPRESENTATION_CONTEXT(2) 
PARAMETRIC_REPRESENTATION_CONTEXT() REPRESENTATION_CONTEXT('2D SPACE',''
  ) );
#8501 = ADVANCED_FACE('',(#8502),#3369,.F.);
#8502 = FACE_BOUND('',#8503,.F.);
#8503 = EDGE_LOOP('',(#8504,#8505,#8506,#8529));
#8504 = ORIENTED_EDGE('',*,*,#8436,.F.);
#8505 = ORIENTED_EDGE('',*,*,#3356,.T.);
#8506 = ORIENTED_EDGE('',*,*,#8507,.T.);
#8507 = EDGE_CURVE('',#3331,#8508,#8510,.T.);
#8508 = VERTEX_POINT('',#8509);
#8509 = CARTESIAN_POINT('',(49.6,-121.,-1.));
#8510 = SURFACE_CURVE('',#8511,(#8515,#8522),.PCURVE_S1.);
#8511 = LINE('',#8512,#8513);
#8512 = CARTESIAN_POINT('',(46.,-121.,-1.));
#8513 = VECTOR('',#8514,1.);
#8514 = DIRECTION('',(1.,0.,0.));
#8515 = PCURVE('',#3369,#8516);
#8516 = DEFINITIONAL_REPRESENTATION('',(#8517),#8521);
#8517 = LINE('',#8518,#8519);
#8518 = CARTESIAN_POINT('',(3.4,0.));
#8519 = VECTOR('',#8520,1.);
#8520 = DIRECTION('',(0.,1.));
#8521 = ( GEOMETRIC_REPRESENTATION_CONTEXT(2) 
PARAMETRIC_REPRESENTATION_CONTEXT() REPRESENTATION_CONTEXT('2D SPACE',''
  ) );
#8522 = PCURVE('',#3345,#8523);
#8523 = DEFINITIONAL_REPRESENTATION('',(#8524),#8528);
#8524 = LINE('',#8525,#8526);
#8525 = CARTESIAN_POINT('',(0.,10.));
#8526 = VECTOR('',#8527,1.);
#8527 = DIRECTION('',(1.,0.));
#8528 = ( GEOMETRIC_REPRESENTATION_CONTEXT(2) 
PARAMETRIC_REPRESENTATION_CONTEXT() REPRESENTATION_CONTEXT('2D SPACE',''
  ) );
#8529 = ORIENTED_EDGE('',*,*,#8530,.F.);
#8530 = EDGE_CURVE('',#8437,#8508,#8531,.T.);
#8531 = SURFACE_CURVE('',#8532,(#8536,#8542),.PCURVE_S1.);
#8532 = LINE('',#8533,#8534);
#8533 = CARTESIAN_POINT('',(49.6,-121.,-1.9));
#8534 = VECTOR('',#8535,1.);
#8535 = DIRECTION('',(0.,-0.,1.));
#8536 = PCURVE('',#3369,#8537);
#8537 = DEFINITIONAL_REPRESENTATION('',(#8538),#8541);
#8538 = B_SPLINE_CURVE_WITH_KNOTS('',1,(#8539,#8540),.UNSPECIFIED.,.F.,
  .F.,(2,2),(-2.5,0.9),.PIECEWISE_BEZIER_KNOTS.);
#8539 = CARTESIAN_POINT('',(0.,3.6));
#8540 = CARTESIAN_POINT('',(3.4,3.6));
#8541 = ( GEOMETRIC_REPRESENTATION_CONTEXT(2) 
PARAMETRIC_REPRESENTATION_CONTEXT() REPRESENTATION_CONTEXT('2D SPACE',''
  ) );
#8542 = PCURVE('',#7423,#8543);
#8543 = DEFINITIONAL_REPRESENTATION('',(#8544),#8547);
#8544 = B_SPLINE_CURVE_WITH_KNOTS('',1,(#8545,#8546),.UNSPECIFIED.,.F.,
  .F.,(2,2),(-2.5,0.9),.PIECEWISE_BEZIER_KNOTS.);
#8545 = CARTESIAN_POINT('',(71.4,5.));
#8546 = CARTESIAN_POINT('',(71.4,1.6));
#8547 = ( GEOMETRIC_REPRESENTATION_CONTEXT(2) 
PARAMETRIC_REPRESENTATION_CONTEXT() REPRESENTATION_CONTEXT('2D SPACE',''
  ) );
#8548 = ADVANCED_FACE('',(#8549),#3345,.F.);
#8549 = FACE_BOUND('',#8550,.F.);
#8550 = EDGE_LOOP('',(#8551,#8552,#8553,#8576));
#8551 = ORIENTED_EDGE('',*,*,#8507,.F.);
#8552 = ORIENTED_EDGE('',*,*,#3330,.T.);
#8553 = ORIENTED_EDGE('',*,*,#8554,.T.);
#8554 = EDGE_CURVE('',#3305,#8555,#8557,.T.);
#8555 = VERTEX_POINT('',#8556);
#8556 = CARTESIAN_POINT('',(49.6,-131.,-1.));
#8557 = SURFACE_CURVE('',#8558,(#8562,#8569),.PCURVE_S1.);
#8558 = LINE('',#8559,#8560);
#8559 = CARTESIAN_POINT('',(46.,-131.,-1.));
#8560 = VECTOR('',#8561,1.);
#8561 = DIRECTION('',(1.,0.,0.));
#8562 = PCURVE('',#3345,#8563);
#8563 = DEFINITIONAL_REPRESENTATION('',(#8564),#8568);
#8564 = LINE('',#8565,#8566);
#8565 = CARTESIAN_POINT('',(0.,0.));
#8566 = VECTOR('',#8567,1.);
#8567 = DIRECTION('',(1.,0.));
#8568 = ( GEOMETRIC_REPRESENTATION_CONTEXT(2) 
PARAMETRIC_REPRESENTATION_CONTEXT() REPRESENTATION_CONTEXT('2D SPACE',''
  ) );
#8569 = PCURVE('',#3319,#8570);
#8570 = DEFINITIONAL_REPRESENTATION('',(#8571),#8575);
#8571 = LINE('',#8572,#8573);
#8572 = CARTESIAN_POINT('',(3.4,0.));
#8573 = VECTOR('',#8574,1.);
#8574 = DIRECTION('',(0.,1.));
#8575 = ( GEOMETRIC_REPRESENTATION_CONTEXT(2) 
PARAMETRIC_REPRESENTATION_CONTEXT() REPRESENTATION_CONTEXT('2D SPACE',''
  ) );
#8576 = ORIENTED_EDGE('',*,*,#8577,.F.);
#8577 = EDGE_CURVE('',#8508,#8555,#8578,.T.);
#8578 = SURFACE_CURVE('',#8579,(#8583,#8589),.PCURVE_S1.);
#8579 = LINE('',#8580,#8581);
#8580 = CARTESIAN_POINT('',(49.6,-90.3,-1.));
#8581 = VECTOR('',#8582,1.);
#8582 = DIRECTION('',(0.,-1.,0.));
#8583 = PCURVE('',#3345,#8584);
#8584 = DEFINITIONAL_REPRESENTATION('',(#8585),#8588);
#8585 = B_SPLINE_CURVE_WITH_KNOTS('',1,(#8586,#8587),.UNSPECIFIED.,.F.,
  .F.,(2,2),(30.7,40.7),.PIECEWISE_BEZIER_KNOTS.);
#8586 = CARTESIAN_POINT('',(3.6,10.));
#8587 = CARTESIAN_POINT('',(3.6,0.));
#8588 = ( GEOMETRIC_REPRESENTATION_CONTEXT(2) 
PARAMETRIC_REPRESENTATION_CONTEXT() REPRESENTATION_CONTEXT('2D SPACE',''
  ) );
#8589 = PCURVE('',#7423,#8590);
#8590 = DEFINITIONAL_REPRESENTATION('',(#8591),#8594);
#8591 = B_SPLINE_CURVE_WITH_KNOTS('',1,(#8592,#8593),.UNSPECIFIED.,.F.,
  .F.,(2,2),(30.7,40.7),.PIECEWISE_BEZIER_KNOTS.);
#8592 = CARTESIAN_POINT('',(71.4,1.6));
#8593 = CARTESIAN_POINT('',(81.4,1.6));
#8594 = ( GEOMETRIC_REPRESENTATION_CONTEXT(2) 
PARAMETRIC_REPRESENTATION_CONTEXT() REPRESENTATION_CONTEXT('2D SPACE',''
  ) );
#8595 = ADVANCED_FACE('',(#8596),#3319,.T.);
#8596 = FACE_BOUND('',#8597,.T.);
#8597 = EDGE_LOOP('',(#8598,#8599,#8600,#8601));
#8598 = ORIENTED_EDGE('',*,*,#8460,.F.);
#8599 = ORIENTED_EDGE('',*,*,#3304,.T.);
#8600 = ORIENTED_EDGE('',*,*,#8554,.T.);
#8601 = ORIENTED_EDGE('',*,*,#8602,.F.);
#8602 = EDGE_CURVE('',#8461,#8555,#8603,.T.);
#8603 = SURFACE_CURVE('',#8604,(#8608,#8614),.PCURVE_S1.);
#8604 = LINE('',#8605,#8606);
#8605 = CARTESIAN_POINT('',(49.6,-131.,-1.9));
#8606 = VECTOR('',#8607,1.);
#8607 = DIRECTION('',(0.,-0.,1.));
#8608 = PCURVE('',#3319,#8609);
#8609 = DEFINITIONAL_REPRESENTATION('',(#8610),#8613);
#8610 = B_SPLINE_CURVE_WITH_KNOTS('',1,(#8611,#8612),.UNSPECIFIED.,.F.,
  .F.,(2,2),(-2.5,0.9),.PIECEWISE_BEZIER_KNOTS.);
#8611 = CARTESIAN_POINT('',(0.,3.6));
#8612 = CARTESIAN_POINT('',(3.4,3.6));
#8613 = ( GEOMETRIC_REPRESENTATION_CONTEXT(2) 
PARAMETRIC_REPRESENTATION_CONTEXT() REPRESENTATION_CONTEXT('2D SPACE',''
  ) );
#8614 = PCURVE('',#7423,#8615);
#8615 = DEFINITIONAL_REPRESENTATION('',(#8616),#8619);
#8616 = B_SPLINE_CURVE_WITH_KNOTS('',1,(#8617,#8618),.UNSPECIFIED.,.F.,
  .F.,(2,2),(-2.5,0.9),.PIECEWISE_BEZIER_KNOTS.);
#8617 = CARTESIAN_POINT('',(81.4,5.));
#8618 = CARTESIAN_POINT('',(81.4,1.6));
#8619 = ( GEOMETRIC_REPRESENTATION_CONTEXT(2) 
PARAMETRIC_REPRESENTATION_CONTEXT() REPRESENTATION_CONTEXT('2D SPACE',''
  ) );
#8620 = ADVANCED_FACE('',(#8621),#3423,.T.);
#8621 = FACE_BOUND('',#8622,.F.);
#8622 = EDGE_LOOP('',(#8623,#8624,#8625,#8626));
#8623 = ORIENTED_EDGE('',*,*,#4167,.F.);
#8624 = ORIENTED_EDGE('',*,*,#7690,.T.);
#8625 = ORIENTED_EDGE('',*,*,#3406,.T.);
#8626 = ORIENTED_EDGE('',*,*,#3545,.F.);
#8627 = ADVANCED_FACE('',(#8628),#3477,.F.);
#8628 = FACE_BOUND('',#8629,.F.);
#8629 = EDGE_LOOP('',(#8630,#8631,#8654,#8676));
#8630 = ORIENTED_EDGE('',*,*,#3460,.F.);
#8631 = ORIENTED_EDGE('',*,*,#8632,.F.);
#8632 = EDGE_CURVE('',#8633,#3461,#8635,.T.);
#8633 = VERTEX_POINT('',#8634);
#8634 = CARTESIAN_POINT('',(42.25,-146.,-6.05));
#8635 = SEAM_CURVE('',#8636,(#8640,#8647),.PCURVE_S1.);
#8636 = LINE('',#8637,#8638);
#8637 = CARTESIAN_POINT('',(42.25,-146.,-6.05));
#8638 = VECTOR('',#8639,1.);
#8639 = DIRECTION('',(0.707106781187,-1.731912112471E-16,0.707106781187)
  );
#8640 = PCURVE('',#3477,#8641);
#8641 = DEFINITIONAL_REPRESENTATION('',(#8642),#8646);
#8642 = LINE('',#8643,#8644);
#8643 = CARTESIAN_POINT('',(6.28318530718,-0.));
#8644 = VECTOR('',#8645,1.);
#8645 = DIRECTION('',(0.,1.));
#8646 = ( GEOMETRIC_REPRESENTATION_CONTEXT(2) 
PARAMETRIC_REPRESENTATION_CONTEXT() REPRESENTATION_CONTEXT('2D SPACE',''
  ) );
#8647 = PCURVE('',#3477,#8648);
#8648 = DEFINITIONAL_REPRESENTATION('',(#8649),#8653);
#8649 = LINE('',#8650,#8651);
#8650 = CARTESIAN_POINT('',(0.,-0.));
#8651 = VECTOR('',#8652,1.);
#8652 = DIRECTION('',(0.,1.));
#8653 = ( GEOMETRIC_REPRESENTATION_CONTEXT(2) 
PARAMETRIC_REPRESENTATION_CONTEXT() REPRESENTATION_CONTEXT('2D SPACE',''
  ) );
#8654 = ORIENTED_EDGE('',*,*,#8655,.T.);
#8655 = EDGE_CURVE('',#8633,#8633,#8656,.T.);
#8656 = SURFACE_CURVE('',#8657,(#8662,#8669),.PCURVE_S1.);
#8657 = CIRCLE('',#8658,2.25);
#8658 = AXIS2_PLACEMENT_3D('',#8659,#8660,#8661);
#8659 = CARTESIAN_POINT('',(40.,-146.,-6.05));
#8660 = DIRECTION('',(0.,0.,1.));
#8661 = DIRECTION('',(1.,0.,-0.));
#8662 = PCURVE('',#3477,#8663);
#8663 = DEFINITIONAL_REPRESENTATION('',(#8664),#8668);
#8664 = LINE('',#8665,#8666);
#8665 = CARTESIAN_POINT('',(0.,0.));
#8666 = VECTOR('',#8667,1.);
#8667 = DIRECTION('',(1.,0.));
#8668 = ( GEOMETRIC_REPRESENTATION_CONTEXT(2) 
PARAMETRIC_REPRESENTATION_CONTEXT() REPRESENTATION_CONTEXT('2D SPACE',''
  ) );
#8669 = PCURVE('',#4234,#8670);
#8670 = DEFINITIONAL_REPRESENTATION('',(#8671),#8675);
#8671 = LINE('',#8672,#8673);
#8672 = CARTESIAN_POINT('',(-0.,-2.55));
#8673 = VECTOR('',#8674,1.);
#8674 = DIRECTION('',(-1.,0.));
#8675 = ( GEOMETRIC_REPRESENTATION_CONTEXT(2) 
PARAMETRIC_REPRESENTATION_CONTEXT() REPRESENTATION_CONTEXT('2D SPACE',''
  ) );
#8676 = ORIENTED_EDGE('',*,*,#8632,.T.);
#8677 = ADVANCED_FACE('',(#8678),#3510,.T.);
#8678 = FACE_BOUND('',#8679,.T.);
#8679 = EDGE_LOOP('',(#8680,#8681,#8682));
#8680 = ORIENTED_EDGE('',*,*,#3492,.F.);
#8681 = ORIENTED_EDGE('',*,*,#4190,.T.);
#8682 = ORIENTED_EDGE('',*,*,#3623,.T.);
#8683 = ADVANCED_FACE('',(#8684),#3694,.F.);
#8684 = FACE_BOUND('',#8685,.F.);
#8685 = EDGE_LOOP('',(#8686,#8687,#8688));
#8686 = ORIENTED_EDGE('',*,*,#5562,.F.);
#8687 = ORIENTED_EDGE('',*,*,#3678,.T.);
#8688 = ORIENTED_EDGE('',*,*,#4383,.T.);
#8689 = ADVANCED_FACE('',(#8690),#3746,.T.);
#8690 = FACE_BOUND('',#8691,.F.);
#8691 = EDGE_LOOP('',(#8692,#8693,#8694,#8695));
#8692 = ORIENTED_EDGE('',*,*,#3729,.F.);
#8693 = ORIENTED_EDGE('',*,*,#5541,.T.);
#8694 = ORIENTED_EDGE('',*,*,#5433,.F.);
#8695 = ORIENTED_EDGE('',*,*,#8696,.F.);
#8696 = EDGE_CURVE('',#3730,#5434,#8697,.T.);
#8697 = SURFACE_CURVE('',#8698,(#8702,#8708),.PCURVE_S1.);
#8698 = LINE('',#8699,#8700);
#8699 = CARTESIAN_POINT('',(160.,-140.,-7.6));
#8700 = VECTOR('',#8701,1.);
#8701 = DIRECTION('',(0.,0.,1.));
#8702 = PCURVE('',#3746,#8703);
#8703 = DEFINITIONAL_REPRESENTATION('',(#8704),#8707);
#8704 = B_SPLINE_CURVE_WITH_KNOTS('',1,(#8705,#8706),.UNSPECIFIED.,.F.,
  .F.,(2,2),(0.,3.6),.PIECEWISE_BEZIER_KNOTS.);
#8705 = CARTESIAN_POINT('',(-7.853981633974,0.));
#8706 = CARTESIAN_POINT('',(-7.853981633974,-3.6));
#8707 = ( GEOMETRIC_REPRESENTATION_CONTEXT(2) 
PARAMETRIC_REPRESENTATION_CONTEXT() REPRESENTATION_CONTEXT('2D SPACE',''
  ) );
#8708 = PCURVE('',#3774,#8709);
#8709 = DEFINITIONAL_REPRESENTATION('',(#8710),#8714);
#8710 = LINE('',#8711,#8712);
#8711 = CARTESIAN_POINT('',(0.,8.));
#8712 = VECTOR('',#8713,1.);
#8713 = DIRECTION('',(1.,0.));
#8714 = ( GEOMETRIC_REPRESENTATION_CONTEXT(2) 
PARAMETRIC_REPRESENTATION_CONTEXT() REPRESENTATION_CONTEXT('2D SPACE',''
  ) );
#8715 = ADVANCED_FACE('',(#8716),#3774,.T.);
#8716 = FACE_BOUND('',#8717,.T.);
#8717 = EDGE_LOOP('',(#8718,#8719,#8738,#8739,#8740));
#8718 = ORIENTED_EDGE('',*,*,#3758,.F.);
#8719 = ORIENTED_EDGE('',*,*,#8720,.F.);
#8720 = EDGE_CURVE('',#5177,#3759,#8721,.T.);
#8721 = SURFACE_CURVE('',#8722,(#8726,#8732),.PCURVE_S1.);
#8722 = LINE('',#8723,#8724);
#8723 = CARTESIAN_POINT('',(152.35,-140.,-7.45));
#8724 = VECTOR('',#8725,1.);
#8725 = DIRECTION('',(-0.707106781187,0.,-0.707106781187));
#8726 = PCURVE('',#3774,#8727);
#8727 = DEFINITIONAL_REPRESENTATION('',(#8728),#8731);
#8728 = B_SPLINE_CURVE_WITH_KNOTS('',1,(#8729,#8730),.UNSPECIFIED.,.F.,
  .F.,(2,2),(-0.919238815543,0.212132034356),.PIECEWISE_BEZIER_KNOTS.);
#8729 = CARTESIAN_POINT('',(0.8,1.));
#8730 = CARTESIAN_POINT('',(3.10862446895E-15,0.2));
#8731 = ( GEOMETRIC_REPRESENTATION_CONTEXT(2) 
PARAMETRIC_REPRESENTATION_CONTEXT() REPRESENTATION_CONTEXT('2D SPACE',''
  ) );
#8732 = PCURVE('',#3802,#8733);
#8733 = DEFINITIONAL_REPRESENTATION('',(#8734),#8737);
#8734 = B_SPLINE_CURVE_WITH_KNOTS('',1,(#8735,#8736),.UNSPECIFIED.,.F.,
  .F.,(2,2),(-0.919238815543,0.212132034356),.PIECEWISE_BEZIER_KNOTS.);
#8735 = CARTESIAN_POINT('',(-9.9,-0.565685424949));
#8736 = CARTESIAN_POINT('',(-9.9,0.565685424949));
#8737 = ( GEOMETRIC_REPRESENTATION_CONTEXT(2) 
PARAMETRIC_REPRESENTATION_CONTEXT() REPRESENTATION_CONTEXT('2D SPACE',''
  ) );
#8738 = ORIENTED_EDGE('',*,*,#5199,.F.);
#8739 = ORIENTED_EDGE('',*,*,#5463,.T.);
#8740 = ORIENTED_EDGE('',*,*,#8696,.F.);
#8741 = ADVANCED_FACE('',(#8742),#4086,.T.);
#8742 = FACE_BOUND('',#8743,.F.);
#8743 = EDGE_LOOP('',(#8744,#8745,#8766,#8767));
#8744 = ORIENTED_EDGE('',*,*,#4069,.F.);
#8745 = ORIENTED_EDGE('',*,*,#8746,.T.);
#8746 = EDGE_CURVE('',#4042,#7166,#8747,.T.);
#8747 = SURFACE_CURVE('',#8748,(#8752,#8759),.PCURVE_S1.);
#8748 = LINE('',#8749,#8750);
#8749 = CARTESIAN_POINT('',(40.,-48.,-7.6));
#8750 = VECTOR('',#8751,1.);
#8751 = DIRECTION('',(0.,0.,1.));
#8752 = PCURVE('',#4086,#8753);
#8753 = DEFINITIONAL_REPRESENTATION('',(#8754),#8758);
#8754 = LINE('',#8755,#8756);
#8755 = CARTESIAN_POINT('',(-1.570796326795,0.));
#8756 = VECTOR('',#8757,1.);
#8757 = DIRECTION('',(-0.,-1.));
#8758 = ( GEOMETRIC_REPRESENTATION_CONTEXT(2) 
PARAMETRIC_REPRESENTATION_CONTEXT() REPRESENTATION_CONTEXT('2D SPACE',''
  ) );
#8759 = PCURVE('',#4057,#8760);
#8760 = DEFINITIONAL_REPRESENTATION('',(#8761),#8765);
#8761 = LINE('',#8762,#8763);
#8762 = CARTESIAN_POINT('',(0.,0.));
#8763 = VECTOR('',#8764,1.);
#8764 = DIRECTION('',(1.,0.));
#8765 = ( GEOMETRIC_REPRESENTATION_CONTEXT(2) 
PARAMETRIC_REPRESENTATION_CONTEXT() REPRESENTATION_CONTEXT('2D SPACE',''
  ) );
#8766 = ORIENTED_EDGE('',*,*,#7190,.T.);
#8767 = ORIENTED_EDGE('',*,*,#7599,.F.);
#8768 = ADVANCED_FACE('',(#8769),#3802,.T.);
#8769 = FACE_BOUND('',#8770,.F.);
#8770 = EDGE_LOOP('',(#8771,#8772,#8773,#8792));
#8771 = ORIENTED_EDGE('',*,*,#8720,.F.);
#8772 = ORIENTED_EDGE('',*,*,#5176,.T.);
#8773 = ORIENTED_EDGE('',*,*,#8774,.T.);
#8774 = EDGE_CURVE('',#5156,#3787,#8775,.T.);
#8775 = SURFACE_CURVE('',#8776,(#8780,#8786),.PCURVE_S1.);
#8776 = LINE('',#8777,#8778);
#8777 = CARTESIAN_POINT('',(152.35,-60.,-7.45));
#8778 = VECTOR('',#8779,1.);
#8779 = DIRECTION('',(-0.707106781187,0.,-0.707106781187));
#8780 = PCURVE('',#3802,#8781);
#8781 = DEFINITIONAL_REPRESENTATION('',(#8782),#8785);
#8782 = B_SPLINE_CURVE_WITH_KNOTS('',1,(#8783,#8784),.UNSPECIFIED.,.F.,
  .F.,(2,2),(-0.919238815543,0.212132034356),.PIECEWISE_BEZIER_KNOTS.);
#8783 = CARTESIAN_POINT('',(-89.9,-0.565685424949));
#8784 = CARTESIAN_POINT('',(-89.9,0.565685424949));
#8785 = ( GEOMETRIC_REPRESENTATION_CONTEXT(2) 
PARAMETRIC_REPRESENTATION_CONTEXT() REPRESENTATION_CONTEXT('2D SPACE',''
  ) );
#8786 = PCURVE('',#3830,#8787);
#8787 = DEFINITIONAL_REPRESENTATION('',(#8788),#8791);
#8788 = B_SPLINE_CURVE_WITH_KNOTS('',1,(#8789,#8790),.UNSPECIFIED.,.F.,
  .F.,(2,2),(-0.919238815543,0.212132034356),.PIECEWISE_BEZIER_KNOTS.);
#8789 = CARTESIAN_POINT('',(0.8,1.));
#8790 = CARTESIAN_POINT('',(3.10862446895E-15,0.2));
#8791 = ( GEOMETRIC_REPRESENTATION_CONTEXT(2) 
PARAMETRIC_REPRESENTATION_CONTEXT() REPRESENTATION_CONTEXT('2D SPACE',''
  ) );
#8792 = ORIENTED_EDGE('',*,*,#3786,.F.);
#8793 = ADVANCED_FACE('',(#8794),#4057,.T.);
#8794 = FACE_BOUND('',#8795,.T.);
#8795 = EDGE_LOOP('',(#8796,#8819,#8820,#8821,#8822,#8823));
#8796 = ORIENTED_EDGE('',*,*,#8797,.F.);
#8797 = EDGE_CURVE('',#4014,#8798,#8800,.T.);
#8798 = VERTEX_POINT('',#8799);
#8799 = CARTESIAN_POINT('',(48.,-48.,-6.930151519016));
#8800 = SURFACE_CURVE('',#8801,(#8805,#8812),.PCURVE_S1.);
#8801 = LINE('',#8802,#8803);
#8802 = CARTESIAN_POINT('',(48.,-48.,-7.6));
#8803 = VECTOR('',#8804,1.);
#8804 = DIRECTION('',(0.,0.,1.));
#8805 = PCURVE('',#4057,#8806);
#8806 = DEFINITIONAL_REPRESENTATION('',(#8807),#8811);
#8807 = LINE('',#8808,#8809);
#8808 = CARTESIAN_POINT('',(0.,8.));
#8809 = VECTOR('',#8810,1.);
#8810 = DIRECTION('',(1.,0.));
#8811 = ( GEOMETRIC_REPRESENTATION_CONTEXT(2) 
PARAMETRIC_REPRESENTATION_CONTEXT() REPRESENTATION_CONTEXT('2D SPACE',''
  ) );
#8812 = PCURVE('',#4029,#8813);
#8813 = DEFINITIONAL_REPRESENTATION('',(#8814),#8818);
#8814 = LINE('',#8815,#8816);
#8815 = CARTESIAN_POINT('',(0.,-12.));
#8816 = VECTOR('',#8817,1.);
#8817 = DIRECTION('',(1.,0.));
#8818 = ( GEOMETRIC_REPRESENTATION_CONTEXT(2) 
PARAMETRIC_REPRESENTATION_CONTEXT() REPRESENTATION_CONTEXT('2D SPACE',''
  ) );
#8819 = ORIENTED_EDGE('',*,*,#4041,.F.);
#8820 = ORIENTED_EDGE('',*,*,#8746,.T.);
#8821 = ORIENTED_EDGE('',*,*,#7165,.T.);
#8822 = ORIENTED_EDGE('',*,*,#8223,.F.);
#8823 = ORIENTED_EDGE('',*,*,#8824,.T.);
#8824 = EDGE_CURVE('',#8200,#8798,#8825,.T.);
#8825 = SURFACE_CURVE('',#8826,(#8831,#8838),.PCURVE_S1.);
#8826 = HYPERBOLA('',#8827,2.1,2.1);
#8827 = AXIS2_PLACEMENT_3D('',#8828,#8829,#8830);
#8828 = CARTESIAN_POINT('',(50.1,-48.,-9.9));
#8829 = DIRECTION('',(0.,1.,0.));
#8830 = DIRECTION('',(0.,-0.,1.));
#8831 = PCURVE('',#4057,#8832);
#8832 = DEFINITIONAL_REPRESENTATION('',(#8833),#8837);
#8833 = ( BOUNDED_CURVE() B_SPLINE_CURVE(2,(#8834,#8835,#8836),
.UNSPECIFIED.,.F.,.F.) B_SPLINE_CURVE_WITH_KNOTS((3,3),(-0.940816241109,
-0.585089328519),.PIECEWISE_BEZIER_KNOTS.) CURVE() 
GEOMETRIC_REPRESENTATION_ITEM() RATIONAL_B_SPLINE_CURVE((1.,
1.015859448503,1.)) REPRESENTATION_ITEM('') );
#8834 = CARTESIAN_POINT('',(0.8,7.819649149802));
#8835 = CARTESIAN_POINT('',(0.398632491728,8.365284167121));
#8836 = CARTESIAN_POINT('',(0.169817807046,8.8));
#8837 = ( GEOMETRIC_REPRESENTATION_CONTEXT(2) 
PARAMETRIC_REPRESENTATION_CONTEXT() REPRESENTATION_CONTEXT('2D SPACE',''
  ) );
#8838 = PCURVE('',#4001,#8839);
#8839 = DEFINITIONAL_REPRESENTATION('',(#8840),#8847);
#8840 = B_SPLINE_CURVE_WITH_KNOTS('',5,(#8841,#8842,#8843,#8844,#8845,
    #8846),.UNSPECIFIED.,.F.,.F.,(6,6),(-0.940816241109,-0.585089328519)
  ,.PIECEWISE_BEZIER_KNOTS.);
#8841 = CARTESIAN_POINT('',(0.826547616989,-6.661338147751E-16));
#8842 = CARTESIAN_POINT('',(0.778352357864,-0.162236433513));
#8843 = CARTESIAN_POINT('',(0.727004451319,-0.304859084756));
#8844 = CARTESIAN_POINT('',(0.672461002533,-0.429577626083));
#8845 = CARTESIAN_POINT('',(0.614799935304,-0.537693195681));
#8846 = CARTESIAN_POINT('',(0.554307496202,-0.630182192954));
#8847 = ( GEOMETRIC_REPRESENTATION_CONTEXT(2) 
PARAMETRIC_REPRESENTATION_CONTEXT() REPRESENTATION_CONTEXT('2D SPACE',''
  ) );
#8848 = ADVANCED_FACE('',(#8849),#3830,.F.);
#8849 = FACE_BOUND('',#8850,.F.);
#8850 = EDGE_LOOP('',(#8851,#8852,#8853,#8854,#8875,#8901,#8924));
#8851 = ORIENTED_EDGE('',*,*,#3814,.F.);
#8852 = ORIENTED_EDGE('',*,*,#8774,.F.);
#8853 = ORIENTED_EDGE('',*,*,#5155,.F.);
#8854 = ORIENTED_EDGE('',*,*,#8855,.T.);
#8855 = EDGE_CURVE('',#5130,#8856,#8858,.T.);
#8856 = VERTEX_POINT('',#8857);
#8857 = CARTESIAN_POINT('',(154.,-60.,-4.4));
#8858 = SURFACE_CURVE('',#8859,(#8863,#8869),.PCURVE_S1.);
#8859 = LINE('',#8860,#8861);
#8860 = CARTESIAN_POINT('',(151.175,-60.,-4.4));
#8861 = VECTOR('',#8862,1.);
#8862 = DIRECTION('',(1.,0.,0.));
#8863 = PCURVE('',#3830,#8864);
#8864 = DEFINITIONAL_REPRESENTATION('',(#8865),#8868);
#8865 = B_SPLINE_CURVE_WITH_KNOTS('',1,(#8866,#8867),.UNSPECIFIED.,.F.,
  .F.,(2,2),(1.025,2.825),.PIECEWISE_BEZIER_KNOTS.);
#8866 = CARTESIAN_POINT('',(3.2,0.2));
#8867 = CARTESIAN_POINT('',(3.2,2.));
#8868 = ( GEOMETRIC_REPRESENTATION_CONTEXT(2) 
PARAMETRIC_REPRESENTATION_CONTEXT() REPRESENTATION_CONTEXT('2D SPACE',''
  ) );
#8869 = PCURVE('',#5144,#8870);
#8870 = DEFINITIONAL_REPRESENTATION('',(#8871),#8874);
#8871 = B_SPLINE_CURVE_WITH_KNOTS('',1,(#8872,#8873),.UNSPECIFIED.,.F.,
  .F.,(2,2),(1.025,2.825),.PIECEWISE_BEZIER_KNOTS.);
#8872 = CARTESIAN_POINT('',(1.85,9.));
#8873 = CARTESIAN_POINT('',(3.65,9.));
#8874 = ( GEOMETRIC_REPRESENTATION_CONTEXT(2) 
PARAMETRIC_REPRESENTATION_CONTEXT() REPRESENTATION_CONTEXT('2D SPACE',''
  ) );
#8875 = ORIENTED_EDGE('',*,*,#8876,.F.);
#8876 = EDGE_CURVE('',#8877,#8856,#8879,.T.);
#8877 = VERTEX_POINT('',#8878);
#8878 = CARTESIAN_POINT('',(154.,-60.,-4.));
#8879 = SURFACE_CURVE('',#8880,(#8884,#8890),.PCURVE_S1.);
#8880 = LINE('',#8881,#8882);
#8881 = CARTESIAN_POINT('',(154.,-60.,-6.));
#8882 = VECTOR('',#8883,1.);
#8883 = DIRECTION('',(0.,0.,-1.));
#8884 = PCURVE('',#3830,#8885);
#8885 = DEFINITIONAL_REPRESENTATION('',(#8886),#8889);
#8886 = B_SPLINE_CURVE_WITH_KNOTS('',1,(#8887,#8888),.UNSPECIFIED.,.F.,
  .F.,(2,2),(-2.,-1.6),.PIECEWISE_BEZIER_KNOTS.);
#8887 = CARTESIAN_POINT('',(3.6,2.));
#8888 = CARTESIAN_POINT('',(3.2,2.));
#8889 = ( GEOMETRIC_REPRESENTATION_CONTEXT(2) 
PARAMETRIC_REPRESENTATION_CONTEXT() REPRESENTATION_CONTEXT('2D SPACE',''
  ) );
#8890 = PCURVE('',#8891,#8896);
#8891 = PLANE('',#8892);
#8892 = AXIS2_PLACEMENT_3D('',#8893,#8894,#8895);
#8893 = CARTESIAN_POINT('',(154.,-69.,-4.4));
#8894 = DIRECTION('',(1.,0.,0.));
#8895 = DIRECTION('',(0.,0.,1.));
#8896 = DEFINITIONAL_REPRESENTATION('',(#8897),#8900);
#8897 = B_SPLINE_CURVE_WITH_KNOTS('',1,(#8898,#8899),.UNSPECIFIED.,.F.,
  .F.,(2,2),(-2.,-1.6),.PIECEWISE_BEZIER_KNOTS.);
#8898 = CARTESIAN_POINT('',(0.4,-9.));
#8899 = CARTESIAN_POINT('',(0.,-9.));
#8900 = ( GEOMETRIC_REPRESENTATION_CONTEXT(2) 
PARAMETRIC_REPRESENTATION_CONTEXT() REPRESENTATION_CONTEXT('2D SPACE',''
  ) );
#8901 = ORIENTED_EDGE('',*,*,#8902,.T.);
#8902 = EDGE_CURVE('',#8877,#8903,#8905,.T.);
#8903 = VERTEX_POINT('',#8904);
#8904 = CARTESIAN_POINT('',(160.,-60.,-4.));
#8905 = SURFACE_CURVE('',#8906,(#8910,#8917),.PCURVE_S1.);
#8906 = LINE('',#8907,#8908);
#8907 = CARTESIAN_POINT('',(152.,-60.,-4.));
#8908 = VECTOR('',#8909,1.);
#8909 = DIRECTION('',(1.,0.,0.));
#8910 = PCURVE('',#3830,#8911);
#8911 = DEFINITIONAL_REPRESENTATION('',(#8912),#8916);
#8912 = LINE('',#8913,#8914);
#8913 = CARTESIAN_POINT('',(3.6,0.));
#8914 = VECTOR('',#8915,1.);
#8915 = DIRECTION('',(0.,1.));
#8916 = ( GEOMETRIC_REPRESENTATION_CONTEXT(2) 
PARAMETRIC_REPRESENTATION_CONTEXT() REPRESENTATION_CONTEXT('2D SPACE',''
  ) );
#8917 = PCURVE('',#5040,#8918);
#8918 = DEFINITIONAL_REPRESENTATION('',(#8919),#8923);
#8919 = LINE('',#8920,#8921);
#8920 = CARTESIAN_POINT('',(-8.,-6.));
#8921 = VECTOR('',#8922,1.);
#8922 = DIRECTION('',(1.,0.));
#8923 = ( GEOMETRIC_REPRESENTATION_CONTEXT(2) 
PARAMETRIC_REPRESENTATION_CONTEXT() REPRESENTATION_CONTEXT('2D SPACE',''
  ) );
#8924 = ORIENTED_EDGE('',*,*,#8925,.F.);
#8925 = EDGE_CURVE('',#3815,#8903,#8926,.T.);
#8926 = SURFACE_CURVE('',#8927,(#8931,#8938),.PCURVE_S1.);
#8927 = LINE('',#8928,#8929);
#8928 = CARTESIAN_POINT('',(160.,-60.,-7.6));
#8929 = VECTOR('',#8930,1.);
#8930 = DIRECTION('',(0.,0.,1.));
#8931 = PCURVE('',#3830,#8932);
#8932 = DEFINITIONAL_REPRESENTATION('',(#8933),#8937);
#8933 = LINE('',#8934,#8935);
#8934 = CARTESIAN_POINT('',(0.,8.));
#8935 = VECTOR('',#8936,1.);
#8936 = DIRECTION('',(1.,0.));
#8937 = ( GEOMETRIC_REPRESENTATION_CONTEXT(2) 
PARAMETRIC_REPRESENTATION_CONTEXT() REPRESENTATION_CONTEXT('2D SPACE',''
  ) );
#8938 = PCURVE('',#3859,#8939);
#8939 = DEFINITIONAL_REPRESENTATION('',(#8940),#8943);
#8940 = B_SPLINE_CURVE_WITH_KNOTS('',1,(#8941,#8942),.UNSPECIFIED.,.F.,
  .F.,(2,2),(0.,3.6),.PIECEWISE_BEZIER_KNOTS.);
#8941 = CARTESIAN_POINT('',(-4.712388980385,0.));
#8942 = CARTESIAN_POINT('',(-4.712388980385,-3.6));
#8943 = ( GEOMETRIC_REPRESENTATION_CONTEXT(2) 
PARAMETRIC_REPRESENTATION_CONTEXT() REPRESENTATION_CONTEXT('2D SPACE',''
  ) );
#8944 = ADVANCED_FACE('',(#8945),#4029,.T.);
#8945 = FACE_BOUND('',#8946,.T.);
#8946 = EDGE_LOOP('',(#8947,#8973,#8974));
#8947 = ORIENTED_EDGE('',*,*,#8948,.T.);
#8948 = EDGE_CURVE('',#8798,#3985,#8949,.T.);
#8949 = SURFACE_CURVE('',#8950,(#8955,#8962),.PCURVE_S1.);
#8950 = HYPERBOLA('',#8951,2.1,2.1);
#8951 = AXIS2_PLACEMENT_3D('',#8952,#8953,#8954);
#8952 = CARTESIAN_POINT('',(48.,-50.1,-9.9));
#8953 = DIRECTION('',(1.,0.,0.));
#8954 = DIRECTION('',(0.,-0.,1.));
#8955 = PCURVE('',#4029,#8956);
#8956 = DEFINITIONAL_REPRESENTATION('',(#8957),#8961);
#8957 = ( BOUNDED_CURVE() B_SPLINE_CURVE(2,(#8958,#8959,#8960),
.UNSPECIFIED.,.F.,.F.) B_SPLINE_CURVE_WITH_KNOTS((3,3),(-0.940816241109,
-0.433044190235),.PIECEWISE_BEZIER_KNOTS.) CURVE() 
GEOMETRIC_REPRESENTATION_ITEM() RATIONAL_B_SPLINE_CURVE((1.,
1.032402548033,1.)) REPRESENTATION_ITEM('') );
#8958 = CARTESIAN_POINT('',(0.8,-12.18035085019));
#8959 = CARTESIAN_POINT('',(0.23317753947,-11.40978976417));
#8960 = CARTESIAN_POINT('',(-5.773159728051E-15,-10.83808315196));
#8961 = ( GEOMETRIC_REPRESENTATION_CONTEXT(2) 
PARAMETRIC_REPRESENTATION_CONTEXT() REPRESENTATION_CONTEXT('2D SPACE',''
  ) );
#8962 = PCURVE('',#4001,#8963);
#8963 = DEFINITIONAL_REPRESENTATION('',(#8964),#8972);
#8964 = B_SPLINE_CURVE_WITH_KNOTS('',6,(#8965,#8966,#8967,#8968,#8969,
    #8970,#8971),.UNSPECIFIED.,.F.,.F.,(7,7),(-0.940816241109,
    -0.433044190235),.PIECEWISE_BEZIER_KNOTS.);
#8965 = CARTESIAN_POINT('',(0.744248709806,-2.22044604925E-16));
#8966 = CARTESIAN_POINT('',(0.801577812324,-0.19298307132));
#8967 = CARTESIAN_POINT('',(0.863189879621,-0.359323471808));
#8968 = CARTESIAN_POINT('',(0.929143484503,-0.501508945731));
#8969 = CARTESIAN_POINT('',(0.999345745848,-0.621455361372));
#8970 = CARTESIAN_POINT('',(1.073415188737,-0.720611265673));
#8971 = CARTESIAN_POINT('',(1.150684848652,-0.8));
#8972 = ( GEOMETRIC_REPRESENTATION_CONTEXT(2) 
PARAMETRIC_REPRESENTATION_CONTEXT() REPRESENTATION_CONTEXT('2D SPACE',''
  ) );
#8973 = ORIENTED_EDGE('',*,*,#4013,.T.);
#8974 = ORIENTED_EDGE('',*,*,#8797,.T.);
#8975 = ADVANCED_FACE('',(#8976),#3859,.T.);
#8976 = FACE_BOUND('',#8977,.F.);
#8977 = EDGE_LOOP('',(#8978,#8979,#8980,#9008));
#8978 = ORIENTED_EDGE('',*,*,#3842,.F.);
#8979 = ORIENTED_EDGE('',*,*,#8925,.T.);
#8980 = ORIENTED_EDGE('',*,*,#8981,.F.);
#8981 = EDGE_CURVE('',#8982,#8903,#8984,.T.);
#8982 = VERTEX_POINT('',#8983);
#8983 = CARTESIAN_POINT('',(160.,-48.,-4.));
#8984 = SURFACE_CURVE('',#8985,(#8990,#8997),.PCURVE_S1.);
#8985 = CIRCLE('',#8986,6.);
#8986 = AXIS2_PLACEMENT_3D('',#8987,#8988,#8989);
#8987 = CARTESIAN_POINT('',(160.,-54.,-4.));
#8988 = DIRECTION('',(0.,0.,-1.));
#8989 = DIRECTION('',(0.,1.,0.));
#8990 = PCURVE('',#3859,#8991);
#8991 = DEFINITIONAL_REPRESENTATION('',(#8992),#8996);
#8992 = LINE('',#8993,#8994);
#8993 = CARTESIAN_POINT('',(-7.853981633974,-3.6));
#8994 = VECTOR('',#8995,1.);
#8995 = DIRECTION('',(1.,-0.));
#8996 = ( GEOMETRIC_REPRESENTATION_CONTEXT(2) 
PARAMETRIC_REPRESENTATION_CONTEXT() REPRESENTATION_CONTEXT('2D SPACE',''
  ) );
#8997 = PCURVE('',#5040,#8998);
#8998 = DEFINITIONAL_REPRESENTATION('',(#8999),#9007);
#8999 = ( BOUNDED_CURVE() B_SPLINE_CURVE(2,(#9000,#9001,#9002,#9003,
#9004,#9005,#9006),.UNSPECIFIED.,.T.,.F.) B_SPLINE_CURVE_WITH_KNOTS((1,2
    ,2,2,2,1),(-2.094395102393,0.,2.094395102393,4.188790204786,
6.28318530718,8.377580409573),.UNSPECIFIED.) CURVE() 
GEOMETRIC_REPRESENTATION_ITEM() RATIONAL_B_SPLINE_CURVE((1.,0.5,1.,0.5,
1.,0.5,1.)) REPRESENTATION_ITEM('') );
#9000 = CARTESIAN_POINT('',(0.,6.));
#9001 = CARTESIAN_POINT('',(10.392304845413,6.));
#9002 = CARTESIAN_POINT('',(5.196152422707,-3.));
#9003 = CARTESIAN_POINT('',(1.469576158977E-15,-12.));
#9004 = CARTESIAN_POINT('',(-5.196152422707,-3.));
#9005 = CARTESIAN_POINT('',(-10.39230484541,6.));
#9006 = CARTESIAN_POINT('',(0.,6.));
#9007 = ( GEOMETRIC_REPRESENTATION_CONTEXT(2) 
PARAMETRIC_REPRESENTATION_CONTEXT() REPRESENTATION_CONTEXT('2D SPACE',''
  ) );
#9008 = ORIENTED_EDGE('',*,*,#9009,.F.);
#9009 = EDGE_CURVE('',#3843,#8982,#9010,.T.);
#9010 = SURFACE_CURVE('',#9011,(#9015,#9021),.PCURVE_S1.);
#9011 = LINE('',#9012,#9013);
#9012 = CARTESIAN_POINT('',(160.,-48.,-7.6));
#9013 = VECTOR('',#9014,1.);
#9014 = DIRECTION('',(0.,0.,1.));
#9015 = PCURVE('',#3859,#9016);
#9016 = DEFINITIONAL_REPRESENTATION('',(#9017),#9020);
#9017 = B_SPLINE_CURVE_WITH_KNOTS('',1,(#9018,#9019),.UNSPECIFIED.,.F.,
  .F.,(2,2),(0.,3.6),.PIECEWISE_BEZIER_KNOTS.);
#9018 = CARTESIAN_POINT('',(-7.853981633974,0.));
#9019 = CARTESIAN_POINT('',(-7.853981633974,-3.6));
#9020 = ( GEOMETRIC_REPRESENTATION_CONTEXT(2) 
PARAMETRIC_REPRESENTATION_CONTEXT() REPRESENTATION_CONTEXT('2D SPACE',''
  ) );
#9021 = PCURVE('',#3887,#9022);
#9022 = DEFINITIONAL_REPRESENTATION('',(#9023),#9027);
#9023 = LINE('',#9024,#9025);
#9024 = CARTESIAN_POINT('',(0.,8.));
#9025 = VECTOR('',#9026,1.);
#9026 = DIRECTION('',(1.,0.));
#9027 = ( GEOMETRIC_REPRESENTATION_CONTEXT(2) 
PARAMETRIC_REPRESENTATION_CONTEXT() REPRESENTATION_CONTEXT('2D SPACE',''
  ) );
#9028 = ADVANCED_FACE('',(#9029),#4001,.T.);
#9029 = FACE_BOUND('',#9030,.F.);
#9030 = EDGE_LOOP('',(#9031,#9050,#9051,#9052,#9053));
#9031 = ORIENTED_EDGE('',*,*,#9032,.F.);
#9032 = EDGE_CURVE('',#8177,#3957,#9033,.T.);
#9033 = SURFACE_CURVE('',#9034,(#9038,#9044),.PCURVE_S1.);
#9034 = LINE('',#9035,#9036);
#9035 = CARTESIAN_POINT('',(50.1,-47.4,-7.2));
#9036 = VECTOR('',#9037,1.);
#9037 = DIRECTION('',(-0.,-0.707106781187,-0.707106781187));
#9038 = PCURVE('',#4001,#9039);
#9039 = DEFINITIONAL_REPRESENTATION('',(#9040),#9043);
#9040 = B_SPLINE_CURVE_WITH_KNOTS('',1,(#9041,#9042),.UNSPECIFIED.,.F.,
  .F.,(2,2),(-0.565685424949,0.565685424949),.PIECEWISE_BEZIER_KNOTS.);
#9041 = CARTESIAN_POINT('',(-2.292073341162E-15,0.));
#9042 = CARTESIAN_POINT('',(-2.292073341162E-15,-0.8));
#9043 = ( GEOMETRIC_REPRESENTATION_CONTEXT(2) 
PARAMETRIC_REPRESENTATION_CONTEXT() REPRESENTATION_CONTEXT('2D SPACE',''
  ) );
#9044 = PCURVE('',#3972,#9045);
#9045 = DEFINITIONAL_REPRESENTATION('',(#9046),#9049);
#9046 = B_SPLINE_CURVE_WITH_KNOTS('',1,(#9047,#9048),.UNSPECIFIED.,.F.,
  .F.,(2,2),(-0.565685424949,0.565685424949),.PIECEWISE_BEZIER_KNOTS.);
#9047 = CARTESIAN_POINT('',(-99.8,-0.565685424949));
#9048 = CARTESIAN_POINT('',(-99.8,0.565685424949));
#9049 = ( GEOMETRIC_REPRESENTATION_CONTEXT(2) 
PARAMETRIC_REPRESENTATION_CONTEXT() REPRESENTATION_CONTEXT('2D SPACE',''
  ) );
#9050 = ORIENTED_EDGE('',*,*,#8199,.T.);
#9051 = ORIENTED_EDGE('',*,*,#8824,.T.);
#9052 = ORIENTED_EDGE('',*,*,#8948,.T.);
#9053 = ORIENTED_EDGE('',*,*,#3984,.F.);
#9054 = ADVANCED_FACE('',(#9055),#3887,.T.);
#9055 = FACE_BOUND('',#9056,.T.);
#9056 = EDGE_LOOP('',(#9057,#9058,#9059,#9082,#9109,#9130));
#9057 = ORIENTED_EDGE('',*,*,#9009,.F.);
#9058 = ORIENTED_EDGE('',*,*,#3871,.F.);
#9059 = ORIENTED_EDGE('',*,*,#9060,.T.);
#9060 = EDGE_CURVE('',#3872,#9061,#9063,.T.);
#9061 = VERTEX_POINT('',#9062);
#9062 = CARTESIAN_POINT('',(152.,-48.,-6.930151519017));
#9063 = SURFACE_CURVE('',#9064,(#9068,#9075),.PCURVE_S1.);
#9064 = LINE('',#9065,#9066);
#9065 = CARTESIAN_POINT('',(152.,-48.,-7.6));
#9066 = VECTOR('',#9067,1.);
#9067 = DIRECTION('',(0.,0.,1.));
#9068 = PCURVE('',#3887,#9069);
#9069 = DEFINITIONAL_REPRESENTATION('',(#9070),#9074);
#9070 = LINE('',#9071,#9072);
#9071 = CARTESIAN_POINT('',(0.,0.));
#9072 = VECTOR('',#9073,1.);
#9073 = DIRECTION('',(1.,0.));
#9074 = ( GEOMETRIC_REPRESENTATION_CONTEXT(2) 
PARAMETRIC_REPRESENTATION_CONTEXT() REPRESENTATION_CONTEXT('2D SPACE',''
  ) );
#9075 = PCURVE('',#3915,#9076);
#9076 = DEFINITIONAL_REPRESENTATION('',(#9077),#9081);
#9077 = LINE('',#9078,#9079);
#9078 = CARTESIAN_POINT('',(0.,-12.));
#9079 = VECTOR('',#9080,1.);
#9080 = DIRECTION('',(1.,0.));
#9081 = ( GEOMETRIC_REPRESENTATION_CONTEXT(2) 
PARAMETRIC_REPRESENTATION_CONTEXT() REPRESENTATION_CONTEXT('2D SPACE',''
  ) );
#9082 = ORIENTED_EDGE('',*,*,#9083,.T.);
#9083 = EDGE_CURVE('',#9061,#9084,#9086,.T.);
#9084 = VERTEX_POINT('',#9085);
#9085 = CARTESIAN_POINT('',(152.18035085019,-48.,-6.8));
#9086 = SURFACE_CURVE('',#9087,(#9092,#9099),.PCURVE_S1.);
#9087 = HYPERBOLA('',#9088,2.1,2.1);
#9088 = AXIS2_PLACEMENT_3D('',#9089,#9090,#9091);
#9089 = CARTESIAN_POINT('',(149.9,-48.,-9.9));
#9090 = DIRECTION('',(0.,1.,0.));
#9091 = DIRECTION('',(0.,-0.,1.));
#9092 = PCURVE('',#3887,#9093);
#9093 = DEFINITIONAL_REPRESENTATION('',(#9094),#9098);
#9094 = ( BOUNDED_CURVE() B_SPLINE_CURVE(2,(#9095,#9096,#9097),
.UNSPECIFIED.,.F.,.F.) B_SPLINE_CURVE_WITH_KNOTS((3,3),(0.585089328519,
0.940816241109),.PIECEWISE_BEZIER_KNOTS.) CURVE() 
GEOMETRIC_REPRESENTATION_ITEM() RATIONAL_B_SPLINE_CURVE((1.,
1.015859448503,1.)) REPRESENTATION_ITEM('') );
#9095 = CARTESIAN_POINT('',(0.169817807046,-0.8));
#9096 = CARTESIAN_POINT('',(0.398632491728,-0.365284167121));
#9097 = CARTESIAN_POINT('',(0.8,0.180350850198));
#9098 = ( GEOMETRIC_REPRESENTATION_CONTEXT(2) 
PARAMETRIC_REPRESENTATION_CONTEXT() REPRESENTATION_CONTEXT('2D SPACE',''
  ) );
#9099 = PCURVE('',#3944,#9100);
#9100 = DEFINITIONAL_REPRESENTATION('',(#9101),#9108);
#9101 = B_SPLINE_CURVE_WITH_KNOTS('',5,(#9102,#9103,#9104,#9105,#9106,
    #9107),.UNSPECIFIED.,.F.,.F.,(6,6),(0.585089328519,0.940816241109),
  .PIECEWISE_BEZIER_KNOTS.);
#9102 = CARTESIAN_POINT('',(1.016488830593,-0.630182192954));
#9103 = CARTESIAN_POINT('',(0.95599639149,-0.537693195681));
#9104 = CARTESIAN_POINT('',(0.898335324262,-0.429577626083));
#9105 = CARTESIAN_POINT('',(0.843791875476,-0.304859084755));
#9106 = CARTESIAN_POINT('',(0.792443968931,-0.162236433513));
#9107 = CARTESIAN_POINT('',(0.744248709806,8.215650382226E-15));
#9108 = ( GEOMETRIC_REPRESENTATION_CONTEXT(2) 
PARAMETRIC_REPRESENTATION_CONTEXT() REPRESENTATION_CONTEXT('2D SPACE',''
  ) );
#9109 = ORIENTED_EDGE('',*,*,#9110,.T.);
#9110 = EDGE_CURVE('',#9084,#9111,#9113,.T.);
#9111 = VERTEX_POINT('',#9112);
#9112 = CARTESIAN_POINT('',(152.18035085019,-48.,-4.));
#9113 = SURFACE_CURVE('',#9114,(#9118,#9124),.PCURVE_S1.);
#9114 = LINE('',#9115,#9116);
#9115 = CARTESIAN_POINT('',(152.18035085019,-48.,-7.6));
#9116 = VECTOR('',#9117,1.);
#9117 = DIRECTION('',(0.,0.,1.));
#9118 = PCURVE('',#3887,#9119);
#9119 = DEFINITIONAL_REPRESENTATION('',(#9120),#9123);
#9120 = B_SPLINE_CURVE_WITH_KNOTS('',1,(#9121,#9122),.UNSPECIFIED.,.F.,
  .F.,(2,2),(0.7999994,3.96),.PIECEWISE_BEZIER_KNOTS.);
#9121 = CARTESIAN_POINT('',(0.7999994,0.180350850198));
#9122 = CARTESIAN_POINT('',(3.96,0.180350850198));
#9123 = ( GEOMETRIC_REPRESENTATION_CONTEXT(2) 
PARAMETRIC_REPRESENTATION_CONTEXT() REPRESENTATION_CONTEXT('2D SPACE',''
  ) );
#9124 = PCURVE('',#5013,#9125);
#9125 = DEFINITIONAL_REPRESENTATION('',(#9126),#9129);
#9126 = B_SPLINE_CURVE_WITH_KNOTS('',1,(#9127,#9128),.UNSPECIFIED.,.F.,
  .F.,(2,2),(0.7999994,3.96),.PIECEWISE_BEZIER_KNOTS.);
#9127 = CARTESIAN_POINT('',(0.744248709806,0.7999994));
#9128 = CARTESIAN_POINT('',(0.744248709806,3.96));
#9129 = ( GEOMETRIC_REPRESENTATION_CONTEXT(2) 
PARAMETRIC_REPRESENTATION_CONTEXT() REPRESENTATION_CONTEXT('2D SPACE',''
  ) );
#9130 = ORIENTED_EDGE('',*,*,#9131,.T.);
#9131 = EDGE_CURVE('',#9111,#8982,#9132,.T.);
#9132 = SURFACE_CURVE('',#9133,(#9137,#9144),.PCURVE_S1.);
#9133 = LINE('',#9134,#9135);
#9134 = CARTESIAN_POINT('',(152.,-48.,-4.));
#9135 = VECTOR('',#9136,1.);
#9136 = DIRECTION('',(1.,0.,0.));
#9137 = PCURVE('',#3887,#9138);
#9138 = DEFINITIONAL_REPRESENTATION('',(#9139),#9143);
#9139 = LINE('',#9140,#9141);
#9140 = CARTESIAN_POINT('',(3.6,0.));
#9141 = VECTOR('',#9142,1.);
#9142 = DIRECTION('',(0.,1.));
#9143 = ( GEOMETRIC_REPRESENTATION_CONTEXT(2) 
PARAMETRIC_REPRESENTATION_CONTEXT() REPRESENTATION_CONTEXT('2D SPACE',''
  ) );
#9144 = PCURVE('',#5040,#9145);
#9145 = DEFINITIONAL_REPRESENTATION('',(#9146),#9150);
#9146 = LINE('',#9147,#9148);
#9147 = CARTESIAN_POINT('',(-8.,6.));
#9148 = VECTOR('',#9149,1.);
#9149 = DIRECTION('',(1.,0.));
#9150 = ( GEOMETRIC_REPRESENTATION_CONTEXT(2) 
PARAMETRIC_REPRESENTATION_CONTEXT() REPRESENTATION_CONTEXT('2D SPACE',''
  ) );
#9151 = ADVANCED_FACE('',(#9152),#3972,.T.);
#9152 = FACE_BOUND('',#9153,.F.);
#9153 = EDGE_LOOP('',(#9154,#9175,#9196,#9197));
#9154 = ORIENTED_EDGE('',*,*,#9155,.F.);
#9155 = EDGE_CURVE('',#9156,#3928,#9158,.T.);
#9156 = VERTEX_POINT('',#9157);
#9157 = CARTESIAN_POINT('',(149.9,-47.,-6.8));
#9158 = SURFACE_CURVE('',#9159,(#9163,#9169),.PCURVE_S1.);
#9159 = LINE('',#9160,#9161);
#9160 = CARTESIAN_POINT('',(149.9,-47.,-6.8));
#9161 = VECTOR('',#9162,1.);
#9162 = DIRECTION('',(7.350341016737E-18,-0.707106781187,-0.707106781187
    ));
#9163 = PCURVE('',#3972,#9164);
#9164 = DEFINITIONAL_REPRESENTATION('',(#9165),#9168);
#9165 = B_SPLINE_CURVE_WITH_KNOTS('',1,(#9166,#9167),.UNSPECIFIED.,.F.,
  .F.,(2,2),(0.,1.131370849898),.PIECEWISE_BEZIER_KNOTS.);
#9166 = CARTESIAN_POINT('',(0.,-0.565685424949));
#9167 = CARTESIAN_POINT('',(0.,0.565685424949));
#9168 = ( GEOMETRIC_REPRESENTATION_CONTEXT(2) 
PARAMETRIC_REPRESENTATION_CONTEXT() REPRESENTATION_CONTEXT('2D SPACE',''
  ) );
#9169 = PCURVE('',#3944,#9170);
#9170 = DEFINITIONAL_REPRESENTATION('',(#9171),#9174);
#9171 = B_SPLINE_CURVE_WITH_KNOTS('',1,(#9172,#9173),.UNSPECIFIED.,.F.,
  .F.,(2,2),(0.,1.131370849898),.PIECEWISE_BEZIER_KNOTS.);
#9172 = CARTESIAN_POINT('',(1.570796326795,0.));
#9173 = CARTESIAN_POINT('',(1.570796326795,-0.8));
#9174 = ( GEOMETRIC_REPRESENTATION_CONTEXT(2) 
PARAMETRIC_REPRESENTATION_CONTEXT() REPRESENTATION_CONTEXT('2D SPACE',''
  ) );
#9175 = ORIENTED_EDGE('',*,*,#9176,.T.);
#9176 = EDGE_CURVE('',#9156,#8177,#9177,.T.);
#9177 = SURFACE_CURVE('',#9178,(#9182,#9189),.PCURVE_S1.);
#9178 = LINE('',#9179,#9180);
#9179 = CARTESIAN_POINT('',(149.9,-47.,-6.8));
#9180 = VECTOR('',#9181,1.);
#9181 = DIRECTION('',(-1.,0.,0.));
#9182 = PCURVE('',#3972,#9183);
#9183 = DEFINITIONAL_REPRESENTATION('',(#9184),#9188);
#9184 = LINE('',#9185,#9186);
#9185 = CARTESIAN_POINT('',(-0.,-0.565685424949));
#9186 = VECTOR('',#9187,1.);
#9187 = DIRECTION('',(-1.,0.));
#9188 = ( GEOMETRIC_REPRESENTATION_CONTEXT(2) 
PARAMETRIC_REPRESENTATION_CONTEXT() REPRESENTATION_CONTEXT('2D SPACE',''
  ) );
#9189 = PCURVE('',#8139,#9190);
#9190 = DEFINITIONAL_REPRESENTATION('',(#9191),#9195);
#9191 = LINE('',#9192,#9193);
#9192 = CARTESIAN_POINT('',(3.1,-0.8));
#9193 = VECTOR('',#9194,1.);
#9194 = DIRECTION('',(1.,0.));
#9195 = ( GEOMETRIC_REPRESENTATION_CONTEXT(2) 
PARAMETRIC_REPRESENTATION_CONTEXT() REPRESENTATION_CONTEXT('2D SPACE',''
  ) );
#9196 = ORIENTED_EDGE('',*,*,#9032,.T.);
#9197 = ORIENTED_EDGE('',*,*,#3956,.F.);
#9198 = ADVANCED_FACE('',(#9199),#3915,.F.);
#9199 = FACE_BOUND('',#9200,.F.);
#9200 = EDGE_LOOP('',(#9201,#9227,#9228));
#9201 = ORIENTED_EDGE('',*,*,#9202,.T.);
#9202 = EDGE_CURVE('',#9061,#3900,#9203,.T.);
#9203 = SURFACE_CURVE('',#9204,(#9209,#9216),.PCURVE_S1.);
#9204 = HYPERBOLA('',#9205,2.1,2.1);
#9205 = AXIS2_PLACEMENT_3D('',#9206,#9207,#9208);
#9206 = CARTESIAN_POINT('',(152.,-50.1,-9.9));
#9207 = DIRECTION('',(1.,0.,0.));
#9208 = DIRECTION('',(0.,-0.,1.));
#9209 = PCURVE('',#3915,#9210);
#9210 = DEFINITIONAL_REPRESENTATION('',(#9211),#9215);
#9211 = ( BOUNDED_CURVE() B_SPLINE_CURVE(2,(#9212,#9213,#9214),
.UNSPECIFIED.,.F.,.F.) B_SPLINE_CURVE_WITH_KNOTS((3,3),(-0.940816241109,
-0.433044190235),.PIECEWISE_BEZIER_KNOTS.) CURVE() 
GEOMETRIC_REPRESENTATION_ITEM() RATIONAL_B_SPLINE_CURVE((1.,
1.032402548033,1.)) REPRESENTATION_ITEM('') );
#9212 = CARTESIAN_POINT('',(0.8,-12.18035085019));
#9213 = CARTESIAN_POINT('',(0.23317753947,-11.40978976417));
#9214 = CARTESIAN_POINT('',(-3.10862446895E-15,-10.83808315196));
#9215 = ( GEOMETRIC_REPRESENTATION_CONTEXT(2) 
PARAMETRIC_REPRESENTATION_CONTEXT() REPRESENTATION_CONTEXT('2D SPACE',''
  ) );
#9216 = PCURVE('',#3944,#9217);
#9217 = DEFINITIONAL_REPRESENTATION('',(#9218),#9226);
#9218 = B_SPLINE_CURVE_WITH_KNOTS('',6,(#9219,#9220,#9221,#9222,#9223,
    #9224,#9225),.UNSPECIFIED.,.F.,.F.,(7,7),(-0.940816241109,
    -0.433044190235),.PIECEWISE_BEZIER_KNOTS.);
#9219 = CARTESIAN_POINT('',(0.826547616989,-2.442490654175E-15));
#9220 = CARTESIAN_POINT('',(0.769218514471,-0.19298307132));
#9221 = CARTESIAN_POINT('',(0.707606447174,-0.359323471808));
#9222 = CARTESIAN_POINT('',(0.641652842291,-0.501508945731));
#9223 = CARTESIAN_POINT('',(0.571450580947,-0.621455361372));
#9224 = CARTESIAN_POINT('',(0.497381138058,-0.720611265673));
#9225 = CARTESIAN_POINT('',(0.420111478142,-0.8));
#9226 = ( GEOMETRIC_REPRESENTATION_CONTEXT(2) 
PARAMETRIC_REPRESENTATION_CONTEXT() REPRESENTATION_CONTEXT('2D SPACE',''
  ) );
#9227 = ORIENTED_EDGE('',*,*,#3899,.T.);
#9228 = ORIENTED_EDGE('',*,*,#9060,.T.);
#9229 = ADVANCED_FACE('',(#9230),#3944,.T.);
#9230 = FACE_BOUND('',#9231,.F.);
#9231 = EDGE_LOOP('',(#9232,#9233,#9255,#9256,#9257));
#9232 = ORIENTED_EDGE('',*,*,#9083,.T.);
#9233 = ORIENTED_EDGE('',*,*,#9234,.T.);
#9234 = EDGE_CURVE('',#9084,#9156,#9235,.T.);
#9235 = SURFACE_CURVE('',#9236,(#9241,#9248),.PCURVE_S1.);
#9236 = CIRCLE('',#9237,3.1);
#9237 = AXIS2_PLACEMENT_3D('',#9238,#9239,#9240);
#9238 = CARTESIAN_POINT('',(149.9,-50.1,-6.8));
#9239 = DIRECTION('',(0.,0.,1.));
#9240 = DIRECTION('',(1.,2.292073341162E-15,-0.));
#9241 = PCURVE('',#3944,#9242);
#9242 = DEFINITIONAL_REPRESENTATION('',(#9243),#9247);
#9243 = LINE('',#9244,#9245);
#9244 = CARTESIAN_POINT('',(0.,-0.));
#9245 = VECTOR('',#9246,1.);
#9246 = DIRECTION('',(1.,-0.));
#9247 = ( GEOMETRIC_REPRESENTATION_CONTEXT(2) 
PARAMETRIC_REPRESENTATION_CONTEXT() REPRESENTATION_CONTEXT('2D SPACE',''
  ) );
#9248 = PCURVE('',#5013,#9249);
#9249 = DEFINITIONAL_REPRESENTATION('',(#9250),#9254);
#9250 = LINE('',#9251,#9252);
#9251 = CARTESIAN_POINT('',(2.292073341162E-15,0.8));
#9252 = VECTOR('',#9253,1.);
#9253 = DIRECTION('',(1.,0.));
#9254 = ( GEOMETRIC_REPRESENTATION_CONTEXT(2) 
PARAMETRIC_REPRESENTATION_CONTEXT() REPRESENTATION_CONTEXT('2D SPACE',''
  ) );
#9255 = ORIENTED_EDGE('',*,*,#9155,.T.);
#9256 = ORIENTED_EDGE('',*,*,#3927,.F.);
#9257 = ORIENTED_EDGE('',*,*,#9202,.F.);
#9258 = ADVANCED_FACE('',(#9259),#4234,.F.);
#9259 = FACE_BOUND('',#9260,.T.);
#9260 = EDGE_LOOP('',(#9261,#9262,#9283,#9284));
#9261 = ORIENTED_EDGE('',*,*,#4213,.T.);
#9262 = ORIENTED_EDGE('',*,*,#9263,.T.);
#9263 = EDGE_CURVE('',#4214,#8633,#9264,.T.);
#9264 = SEAM_CURVE('',#9265,(#9269,#9276),.PCURVE_S1.);
#9265 = LINE('',#9266,#9267);
#9266 = CARTESIAN_POINT('',(42.25,-146.,-8.6));
#9267 = VECTOR('',#9268,1.);
#9268 = DIRECTION('',(0.,0.,1.));
#9269 = PCURVE('',#4234,#9270);
#9270 = DEFINITIONAL_REPRESENTATION('',(#9271),#9275);
#9271 = LINE('',#9272,#9273);
#9272 = CARTESIAN_POINT('',(-6.28318530718,0.));
#9273 = VECTOR('',#9274,1.);
#9274 = DIRECTION('',(-0.,-1.));
#9275 = ( GEOMETRIC_REPRESENTATION_CONTEXT(2) 
PARAMETRIC_REPRESENTATION_CONTEXT() REPRESENTATION_CONTEXT('2D SPACE',''
  ) );
#9276 = PCURVE('',#4234,#9277);
#9277 = DEFINITIONAL_REPRESENTATION('',(#9278),#9282);
#9278 = LINE('',#9279,#9280);
#9279 = CARTESIAN_POINT('',(-0.,0.));
#9280 = VECTOR('',#9281,1.);
#9281 = DIRECTION('',(-0.,-1.));
#9282 = ( GEOMETRIC_REPRESENTATION_CONTEXT(2) 
PARAMETRIC_REPRESENTATION_CONTEXT() REPRESENTATION_CONTEXT('2D SPACE',''
  ) );
#9283 = ORIENTED_EDGE('',*,*,#8655,.T.);
#9284 = ORIENTED_EDGE('',*,*,#9263,.F.);
#9285 = ADVANCED_FACE('',(#9286),#4269,.F.);
#9286 = FACE_BOUND('',#9287,.T.);
#9287 = EDGE_LOOP('',(#9288,#9289,#9312,#9334));
#9288 = ORIENTED_EDGE('',*,*,#4248,.T.);
#9289 = ORIENTED_EDGE('',*,*,#9290,.T.);
#9290 = EDGE_CURVE('',#4249,#9291,#9293,.T.);
#9291 = VERTEX_POINT('',#9292);
#9292 = CARTESIAN_POINT('',(162.25,-146.,-6.05));
#9293 = SEAM_CURVE('',#9294,(#9298,#9305),.PCURVE_S1.);
#9294 = LINE('',#9295,#9296);
#9295 = CARTESIAN_POINT('',(162.25,-146.,-8.6));
#9296 = VECTOR('',#9297,1.);
#9297 = DIRECTION('',(0.,0.,1.));
#9298 = PCURVE('',#4269,#9299);
#9299 = DEFINITIONAL_REPRESENTATION('',(#9300),#9304);
#9300 = LINE('',#9301,#9302);
#9301 = CARTESIAN_POINT('',(-6.28318530718,0.));
#9302 = VECTOR('',#9303,1.);
#9303 = DIRECTION('',(-0.,-1.));
#9304 = ( GEOMETRIC_REPRESENTATION_CONTEXT(2) 
PARAMETRIC_REPRESENTATION_CONTEXT() REPRESENTATION_CONTEXT('2D SPACE',''
  ) );
#9305 = PCURVE('',#4269,#9306);
#9306 = DEFINITIONAL_REPRESENTATION('',(#9307),#9311);
#9307 = LINE('',#9308,#9309);
#9308 = CARTESIAN_POINT('',(-0.,0.));
#9309 = VECTOR('',#9310,1.);
#9310 = DIRECTION('',(-0.,-1.));
#9311 = ( GEOMETRIC_REPRESENTATION_CONTEXT(2) 
PARAMETRIC_REPRESENTATION_CONTEXT() REPRESENTATION_CONTEXT('2D SPACE',''
  ) );
#9312 = ORIENTED_EDGE('',*,*,#9313,.T.);
#9313 = EDGE_CURVE('',#9291,#9291,#9314,.T.);
#9314 = SURFACE_CURVE('',#9315,(#9320,#9327),.PCURVE_S1.);
#9315 = CIRCLE('',#9316,2.25);
#9316 = AXIS2_PLACEMENT_3D('',#9317,#9318,#9319);
#9317 = CARTESIAN_POINT('',(160.,-146.,-6.05));
#9318 = DIRECTION('',(0.,0.,1.));
#9319 = DIRECTION('',(1.,0.,-0.));
#9320 = PCURVE('',#4269,#9321);
#9321 = DEFINITIONAL_REPRESENTATION('',(#9322),#9326);
#9322 = LINE('',#9323,#9324);
#9323 = CARTESIAN_POINT('',(-0.,-2.55));
#9324 = VECTOR('',#9325,1.);
#9325 = DIRECTION('',(-1.,0.));
#9326 = ( GEOMETRIC_REPRESENTATION_CONTEXT(2) 
PARAMETRIC_REPRESENTATION_CONTEXT() REPRESENTATION_CONTEXT('2D SPACE',''
  ) );
#9327 = PCURVE('',#5526,#9328);
#9328 = DEFINITIONAL_REPRESENTATION('',(#9329),#9333);
#9329 = LINE('',#9330,#9331);
#9330 = CARTESIAN_POINT('',(0.,0.));
#9331 = VECTOR('',#9332,1.);
#9332 = DIRECTION('',(1.,0.));
#9333 = ( GEOMETRIC_REPRESENTATION_CONTEXT(2) 
PARAMETRIC_REPRESENTATION_CONTEXT() REPRESENTATION_CONTEXT('2D SPACE',''
  ) );
#9334 = ORIENTED_EDGE('',*,*,#9290,.F.);
#9335 = ADVANCED_FACE('',(#9336),#4304,.F.);
#9336 = FACE_BOUND('',#9337,.T.);
#9337 = EDGE_LOOP('',(#9338,#9339,#9362,#9384));
#9338 = ORIENTED_EDGE('',*,*,#4283,.T.);
#9339 = ORIENTED_EDGE('',*,*,#9340,.T.);
#9340 = EDGE_CURVE('',#4284,#9341,#9343,.T.);
#9341 = VERTEX_POINT('',#9342);
#9342 = CARTESIAN_POINT('',(42.25,-54.,-6.05));
#9343 = SEAM_CURVE('',#9344,(#9348,#9355),.PCURVE_S1.);
#9344 = LINE('',#9345,#9346);
#9345 = CARTESIAN_POINT('',(42.25,-54.,-8.6));
#9346 = VECTOR('',#9347,1.);
#9347 = DIRECTION('',(0.,0.,1.));
#9348 = PCURVE('',#4304,#9349);
#9349 = DEFINITIONAL_REPRESENTATION('',(#9350),#9354);
#9350 = LINE('',#9351,#9352);
#9351 = CARTESIAN_POINT('',(-6.28318530718,0.));
#9352 = VECTOR('',#9353,1.);
#9353 = DIRECTION('',(-0.,-1.));
#9354 = ( GEOMETRIC_REPRESENTATION_CONTEXT(2) 
PARAMETRIC_REPRESENTATION_CONTEXT() REPRESENTATION_CONTEXT('2D SPACE',''
  ) );
#9355 = PCURVE('',#4304,#9356);
#9356 = DEFINITIONAL_REPRESENTATION('',(#9357),#9361);
#9357 = LINE('',#9358,#9359);
#9358 = CARTESIAN_POINT('',(-0.,0.));
#9359 = VECTOR('',#9360,1.);
#9360 = DIRECTION('',(-0.,-1.));
#9361 = ( GEOMETRIC_REPRESENTATION_CONTEXT(2) 
PARAMETRIC_REPRESENTATION_CONTEXT() REPRESENTATION_CONTEXT('2D SPACE',''
  ) );
#9362 = ORIENTED_EDGE('',*,*,#9363,.T.);
#9363 = EDGE_CURVE('',#9341,#9341,#9364,.T.);
#9364 = SURFACE_CURVE('',#9365,(#9370,#9377),.PCURVE_S1.);
#9365 = CIRCLE('',#9366,2.25);
#9366 = AXIS2_PLACEMENT_3D('',#9367,#9368,#9369);
#9367 = CARTESIAN_POINT('',(40.,-54.,-6.05));
#9368 = DIRECTION('',(0.,0.,1.));
#9369 = DIRECTION('',(1.,0.,-0.));
#9370 = PCURVE('',#4304,#9371);
#9371 = DEFINITIONAL_REPRESENTATION('',(#9372),#9376);
#9372 = LINE('',#9373,#9374);
#9373 = CARTESIAN_POINT('',(-0.,-2.55));
#9374 = VECTOR('',#9375,1.);
#9375 = DIRECTION('',(-1.,0.));
#9376 = ( GEOMETRIC_REPRESENTATION_CONTEXT(2) 
PARAMETRIC_REPRESENTATION_CONTEXT() REPRESENTATION_CONTEXT('2D SPACE',''
  ) );
#9377 = PCURVE('',#7324,#9378);
#9378 = DEFINITIONAL_REPRESENTATION('',(#9379),#9383);
#9379 = LINE('',#9380,#9381);
#9380 = CARTESIAN_POINT('',(0.,0.));
#9381 = VECTOR('',#9382,1.);
#9382 = DIRECTION('',(1.,0.));
#9383 = ( GEOMETRIC_REPRESENTATION_CONTEXT(2) 
PARAMETRIC_REPRESENTATION_CONTEXT() REPRESENTATION_CONTEXT('2D SPACE',''
  ) );
#9384 = ORIENTED_EDGE('',*,*,#9340,.F.);
#9385 = ADVANCED_FACE('',(#9386),#4339,.F.);
#9386 = FACE_BOUND('',#9387,.T.);
#9387 = EDGE_LOOP('',(#9388,#9389,#9412,#9439));
#9388 = ORIENTED_EDGE('',*,*,#4318,.T.);
#9389 = ORIENTED_EDGE('',*,*,#9390,.T.);
#9390 = EDGE_CURVE('',#4319,#9391,#9393,.T.);
#9391 = VERTEX_POINT('',#9392);
#9392 = CARTESIAN_POINT('',(162.25,-54.,-6.05));
#9393 = SEAM_CURVE('',#9394,(#9398,#9405),.PCURVE_S1.);
#9394 = LINE('',#9395,#9396);
#9395 = CARTESIAN_POINT('',(162.25,-54.,-8.6));
#9396 = VECTOR('',#9397,1.);
#9397 = DIRECTION('',(0.,0.,1.));
#9398 = PCURVE('',#4339,#9399);
#9399 = DEFINITIONAL_REPRESENTATION('',(#9400),#9404);
#9400 = LINE('',#9401,#9402);
#9401 = CARTESIAN_POINT('',(-6.28318530718,0.));
#9402 = VECTOR('',#9403,1.);
#9403 = DIRECTION('',(-0.,-1.));
#9404 = ( GEOMETRIC_REPRESENTATION_CONTEXT(2) 
PARAMETRIC_REPRESENTATION_CONTEXT() REPRESENTATION_CONTEXT('2D SPACE',''
  ) );
#9405 = PCURVE('',#4339,#9406);
#9406 = DEFINITIONAL_REPRESENTATION('',(#9407),#9411);
#9407 = LINE('',#9408,#9409);
#9408 = CARTESIAN_POINT('',(-0.,0.));
#9409 = VECTOR('',#9410,1.);
#9410 = DIRECTION('',(-0.,-1.));
#9411 = ( GEOMETRIC_REPRESENTATION_CONTEXT(2) 
PARAMETRIC_REPRESENTATION_CONTEXT() REPRESENTATION_CONTEXT('2D SPACE',''
  ) );
#9412 = ORIENTED_EDGE('',*,*,#9413,.T.);
#9413 = EDGE_CURVE('',#9391,#9391,#9414,.T.);
#9414 = SURFACE_CURVE('',#9415,(#9420,#9427),.PCURVE_S1.);
#9415 = CIRCLE('',#9416,2.25);
#9416 = AXIS2_PLACEMENT_3D('',#9417,#9418,#9419);
#9417 = CARTESIAN_POINT('',(160.,-54.,-6.05));
#9418 = DIRECTION('',(0.,0.,1.));
#9419 = DIRECTION('',(1.,0.,-0.));
#9420 = PCURVE('',#4339,#9421);
#9421 = DEFINITIONAL_REPRESENTATION('',(#9422),#9426);
#9422 = LINE('',#9423,#9424);
#9423 = CARTESIAN_POINT('',(-0.,-2.55));
#9424 = VECTOR('',#9425,1.);
#9425 = DIRECTION('',(-1.,0.));
#9426 = ( GEOMETRIC_REPRESENTATION_CONTEXT(2) 
PARAMETRIC_REPRESENTATION_CONTEXT() REPRESENTATION_CONTEXT('2D SPACE',''
  ) );
#9427 = PCURVE('',#9428,#9433);
#9428 = CONICAL_SURFACE('',#9429,2.25,0.785398163397);
#9429 = AXIS2_PLACEMENT_3D('',#9430,#9431,#9432);
#9430 = CARTESIAN_POINT('',(160.,-54.,-6.05));
#9431 = DIRECTION('',(0.,0.,1.));
#9432 = DIRECTION('',(1.,0.,-0.));
#9433 = DEFINITIONAL_REPRESENTATION('',(#9434),#9438);
#9434 = LINE('',#9435,#9436);
#9435 = CARTESIAN_POINT('',(0.,0.));
#9436 = VECTOR('',#9437,1.);
#9437 = DIRECTION('',(1.,0.));
#9438 = ( GEOMETRIC_REPRESENTATION_CONTEXT(2) 
PARAMETRIC_REPRESENTATION_CONTEXT() REPRESENTATION_CONTEXT('2D SPACE',''
  ) );
#9439 = ORIENTED_EDGE('',*,*,#9390,.F.);
#9440 = ADVANCED_FACE('',(#9441),#4431,.T.);
#9441 = FACE_BOUND('',#9442,.T.);
#9442 = EDGE_LOOP('',(#9443,#9471,#9472,#9495));
#9443 = ORIENTED_EDGE('',*,*,#9444,.F.);
#9444 = EDGE_CURVE('',#4416,#9445,#9447,.T.);
#9445 = VERTEX_POINT('',#9446);
#9446 = CARTESIAN_POINT('',(49.6,-89.3,1.6));
#9447 = SURFACE_CURVE('',#9448,(#9452,#9459),.PCURVE_S1.);
#9448 = LINE('',#9449,#9450);
#9449 = CARTESIAN_POINT('',(46.,-89.3,1.6));
#9450 = VECTOR('',#9451,1.);
#9451 = DIRECTION('',(1.,0.,0.));
#9452 = PCURVE('',#4431,#9453);
#9453 = DEFINITIONAL_REPRESENTATION('',(#9454),#9458);
#9454 = LINE('',#9455,#9456);
#9455 = CARTESIAN_POINT('',(0.,8.5));
#9456 = VECTOR('',#9457,1.);
#9457 = DIRECTION('',(1.,0.));
#9458 = ( GEOMETRIC_REPRESENTATION_CONTEXT(2) 
PARAMETRIC_REPRESENTATION_CONTEXT() REPRESENTATION_CONTEXT('2D SPACE',''
  ) );
#9459 = PCURVE('',#9460,#9465);
#9460 = PLANE('',#9461);
#9461 = AXIS2_PLACEMENT_3D('',#9462,#9463,#9464);
#9462 = CARTESIAN_POINT('',(46.,-89.3,1.6));
#9463 = DIRECTION('',(0.,1.,0.));
#9464 = DIRECTION('',(0.,0.,1.));
#9465 = DEFINITIONAL_REPRESENTATION('',(#9466),#9470);
#9466 = LINE('',#9467,#9468);
#9467 = CARTESIAN_POINT('',(0.,0.));
#9468 = VECTOR('',#9469,1.);
#9469 = DIRECTION('',(0.,1.));
#9470 = ( GEOMETRIC_REPRESENTATION_CONTEXT(2) 
PARAMETRIC_REPRESENTATION_CONTEXT() REPRESENTATION_CONTEXT('2D SPACE',''
  ) );
#9471 = ORIENTED_EDGE('',*,*,#4415,.T.);
#9472 = ORIENTED_EDGE('',*,*,#9473,.T.);
#9473 = EDGE_CURVE('',#1151,#9474,#9476,.T.);
#9474 = VERTEX_POINT('',#9475);
#9475 = CARTESIAN_POINT('',(49.6,-97.8,1.6));
#9476 = SURFACE_CURVE('',#9477,(#9481,#9488),.PCURVE_S1.);
#9477 = LINE('',#9478,#9479);
#9478 = CARTESIAN_POINT('',(46.,-97.8,1.6));
#9479 = VECTOR('',#9480,1.);
#9480 = DIRECTION('',(1.,0.,0.));
#9481 = PCURVE('',#4431,#9482);
#9482 = DEFINITIONAL_REPRESENTATION('',(#9483),#9487);
#9483 = LINE('',#9484,#9485);
#9484 = CARTESIAN_POINT('',(0.,0.));
#9485 = VECTOR('',#9486,1.);
#9486 = DIRECTION('',(1.,0.));
#9487 = ( GEOMETRIC_REPRESENTATION_CONTEXT(2) 
PARAMETRIC_REPRESENTATION_CONTEXT() REPRESENTATION_CONTEXT('2D SPACE',''
  ) );
#9488 = PCURVE('',#4483,#9489);
#9489 = DEFINITIONAL_REPRESENTATION('',(#9490),#9494);
#9490 = LINE('',#9491,#9492);
#9491 = CARTESIAN_POINT('',(0.,0.));
#9492 = VECTOR('',#9493,1.);
#9493 = DIRECTION('',(0.,1.));
#9494 = ( GEOMETRIC_REPRESENTATION_CONTEXT(2) 
PARAMETRIC_REPRESENTATION_CONTEXT() REPRESENTATION_CONTEXT('2D SPACE',''
  ) );
#9495 = ORIENTED_EDGE('',*,*,#9496,.F.);
#9496 = EDGE_CURVE('',#9445,#9474,#9497,.T.);
#9497 = SURFACE_CURVE('',#9498,(#9502,#9508),.PCURVE_S1.);
#9498 = LINE('',#9499,#9500);
#9499 = CARTESIAN_POINT('',(49.6,-73.7,1.6));
#9500 = VECTOR('',#9501,1.);
#9501 = DIRECTION('',(0.,-1.,0.));
#9502 = PCURVE('',#4431,#9503);
#9503 = DEFINITIONAL_REPRESENTATION('',(#9504),#9507);
#9504 = B_SPLINE_CURVE_WITH_KNOTS('',1,(#9505,#9506),.UNSPECIFIED.,.F.,
  .F.,(2,2),(15.6,24.1),.PIECEWISE_BEZIER_KNOTS.);
#9505 = CARTESIAN_POINT('',(3.6,8.5));
#9506 = CARTESIAN_POINT('',(3.6,0.));
#9507 = ( GEOMETRIC_REPRESENTATION_CONTEXT(2) 
PARAMETRIC_REPRESENTATION_CONTEXT() REPRESENTATION_CONTEXT('2D SPACE',''
  ) );
#9508 = PCURVE('',#7423,#9509);
#9509 = DEFINITIONAL_REPRESENTATION('',(#9510),#9513);
#9510 = B_SPLINE_CURVE_WITH_KNOTS('',1,(#9511,#9512),.UNSPECIFIED.,.F.,
  .F.,(2,2),(15.6,24.1),.PIECEWISE_BEZIER_KNOTS.);
#9511 = CARTESIAN_POINT('',(39.7,-1.));
#9512 = CARTESIAN_POINT('',(48.2,-1.));
#9513 = ( GEOMETRIC_REPRESENTATION_CONTEXT(2) 
PARAMETRIC_REPRESENTATION_CONTEXT() REPRESENTATION_CONTEXT('2D SPACE',''
  ) );
#9514 = ADVANCED_FACE('',(#9515),#4510,.T.);
#9515 = FACE_BOUND('',#9516,.T.);
#9516 = EDGE_LOOP('',(#9517,#9518,#9519,#9538,#9539,#9563,#9585,#9604));
#9517 = ORIENTED_EDGE('',*,*,#4768,.F.);
#9518 = ORIENTED_EDGE('',*,*,#4822,.T.);
#9519 = ORIENTED_EDGE('',*,*,#9520,.T.);
#9520 = EDGE_CURVE('',#4823,#6804,#9521,.T.);
#9521 = SURFACE_CURVE('',#9522,(#9526,#9532),.PCURVE_S1.);
#9522 = LINE('',#9523,#9524);
#9523 = CARTESIAN_POINT('',(57.,-127.,10.6));
#9524 = VECTOR('',#9525,1.);
#9525 = DIRECTION('',(0.,1.,0.));
#9526 = PCURVE('',#4510,#9527);
#9527 = DEFINITIONAL_REPRESENTATION('',(#9528),#9531);
#9528 = B_SPLINE_CURVE_WITH_KNOTS('',1,(#9529,#9530),.UNSPECIFIED.,.F.,
  .F.,(2,2),(-24.6,-23.35),.PIECEWISE_BEZIER_KNOTS.);
#9529 = CARTESIAN_POINT('',(-43.,-51.6));
#9530 = CARTESIAN_POINT('',(-43.,-50.35));
#9531 = ( GEOMETRIC_REPRESENTATION_CONTEXT(2) 
PARAMETRIC_REPRESENTATION_CONTEXT() REPRESENTATION_CONTEXT('2D SPACE',''
  ) );
#9532 = PCURVE('',#4858,#9533);
#9533 = DEFINITIONAL_REPRESENTATION('',(#9534),#9537);
#9534 = B_SPLINE_CURVE_WITH_KNOTS('',1,(#9535,#9536),.UNSPECIFIED.,.F.,
  .F.,(2,2),(-24.6,-23.35),.PIECEWISE_BEZIER_KNOTS.);
#9535 = CARTESIAN_POINT('',(9.,-2.4));
#9536 = CARTESIAN_POINT('',(9.,-3.65));
#9537 = ( GEOMETRIC_REPRESENTATION_CONTEXT(2) 
PARAMETRIC_REPRESENTATION_CONTEXT() REPRESENTATION_CONTEXT('2D SPACE',''
  ) );
#9538 = ORIENTED_EDGE('',*,*,#6803,.T.);
#9539 = ORIENTED_EDGE('',*,*,#9540,.F.);
#9540 = EDGE_CURVE('',#9541,#6776,#9543,.T.);
#9541 = VERTEX_POINT('',#9542);
#9542 = CARTESIAN_POINT('',(49.6,-149.9,10.6));
#9543 = SURFACE_CURVE('',#9544,(#9549,#9556),.PCURVE_S1.);
#9544 = CIRCLE('',#9545,0.5);
#9545 = AXIS2_PLACEMENT_3D('',#9546,#9547,#9548);
#9546 = CARTESIAN_POINT('',(50.1,-149.9,10.6));
#9547 = DIRECTION('',(0.,0.,1.));
#9548 = DIRECTION('',(0.,-1.,0.));
#9549 = PCURVE('',#4510,#9550);
#9550 = DEFINITIONAL_REPRESENTATION('',(#9551),#9555);
#9551 = CIRCLE('',#9552,0.5);
#9552 = AXIS2_PLACEMENT_2D('',#9553,#9554);
#9553 = CARTESIAN_POINT('',(-49.9,-49.9));
#9554 = DIRECTION('',(0.,-1.));
#9555 = ( GEOMETRIC_REPRESENTATION_CONTEXT(2) 
PARAMETRIC_REPRESENTATION_CONTEXT() REPRESENTATION_CONTEXT('2D SPACE',''
  ) );
#9556 = PCURVE('',#6791,#9557);
#9557 = DEFINITIONAL_REPRESENTATION('',(#9558),#9562);
#9558 = LINE('',#9559,#9560);
#9559 = CARTESIAN_POINT('',(-6.28318530718,10.));
#9560 = VECTOR('',#9561,1.);
#9561 = DIRECTION('',(1.,-0.));
#9562 = ( GEOMETRIC_REPRESENTATION_CONTEXT(2) 
PARAMETRIC_REPRESENTATION_CONTEXT() REPRESENTATION_CONTEXT('2D SPACE',''
  ) );
#9563 = ORIENTED_EDGE('',*,*,#9564,.T.);
#9564 = EDGE_CURVE('',#9541,#9565,#9567,.T.);
#9565 = VERTEX_POINT('',#9566);
#9566 = CARTESIAN_POINT('',(49.6,-97.8,10.6));
#9567 = SURFACE_CURVE('',#9568,(#9572,#9578),.PCURVE_S1.);
#9568 = LINE('',#9569,#9570);
#9569 = CARTESIAN_POINT('',(49.6,-74.8,10.6));
#9570 = VECTOR('',#9571,1.);
#9571 = DIRECTION('',(-0.,1.,0.));
#9572 = PCURVE('',#4510,#9573);
#9573 = DEFINITIONAL_REPRESENTATION('',(#9574),#9577);
#9574 = B_SPLINE_CURVE_WITH_KNOTS('',1,(#9575,#9576),.UNSPECIFIED.,.F.,
  .F.,(2,2),(-75.1,24.7),.PIECEWISE_BEZIER_KNOTS.);
#9575 = CARTESIAN_POINT('',(-50.4,-49.9));
#9576 = CARTESIAN_POINT('',(-50.4,49.9));
#9577 = ( GEOMETRIC_REPRESENTATION_CONTEXT(2) 
PARAMETRIC_REPRESENTATION_CONTEXT() REPRESENTATION_CONTEXT('2D SPACE',''
  ) );
#9578 = PCURVE('',#7423,#9579);
#9579 = DEFINITIONAL_REPRESENTATION('',(#9580),#9584);
#9580 = LINE('',#9581,#9582);
#9581 = CARTESIAN_POINT('',(25.2,-10.));
#9582 = VECTOR('',#9583,1.);
#9583 = DIRECTION('',(-1.,-0.));
#9584 = ( GEOMETRIC_REPRESENTATION_CONTEXT(2) 
PARAMETRIC_REPRESENTATION_CONTEXT() REPRESENTATION_CONTEXT('2D SPACE',''
  ) );
#9585 = ORIENTED_EDGE('',*,*,#9586,.T.);
#9586 = EDGE_CURVE('',#9565,#4469,#9587,.T.);
#9587 = SURFACE_CURVE('',#9588,(#9592,#9598),.PCURVE_S1.);
#9588 = LINE('',#9589,#9590);
#9589 = CARTESIAN_POINT('',(73.,-97.8,10.6));
#9590 = VECTOR('',#9591,1.);
#9591 = DIRECTION('',(-1.,0.,0.));
#9592 = PCURVE('',#4510,#9593);
#9593 = DEFINITIONAL_REPRESENTATION('',(#9594),#9597);
#9594 = B_SPLINE_CURVE_WITH_KNOTS('',1,(#9595,#9596),.UNSPECIFIED.,.F.,
  .F.,(2,2),(23.35,24.6),.PIECEWISE_BEZIER_KNOTS.);
#9595 = CARTESIAN_POINT('',(-50.35,2.2));
#9596 = CARTESIAN_POINT('',(-51.6,2.2));
#9597 = ( GEOMETRIC_REPRESENTATION_CONTEXT(2) 
PARAMETRIC_REPRESENTATION_CONTEXT() REPRESENTATION_CONTEXT('2D SPACE',''
  ) );
#9598 = PCURVE('',#4483,#9599);
#9599 = DEFINITIONAL_REPRESENTATION('',(#9600),#9603);
#9600 = B_SPLINE_CURVE_WITH_KNOTS('',1,(#9601,#9602),.UNSPECIFIED.,.F.,
  .F.,(2,2),(23.35,24.6),.PIECEWISE_BEZIER_KNOTS.);
#9601 = CARTESIAN_POINT('',(9.,3.65));
#9602 = CARTESIAN_POINT('',(9.,2.4));
#9603 = ( GEOMETRIC_REPRESENTATION_CONTEXT(2) 
PARAMETRIC_REPRESENTATION_CONTEXT() REPRESENTATION_CONTEXT('2D SPACE',''
  ) );
#9604 = ORIENTED_EDGE('',*,*,#4494,.T.);
#9605 = ADVANCED_FACE('',(#9606),#4483,.T.);
#9606 = FACE_BOUND('',#9607,.T.);
#9607 = EDGE_LOOP('',(#9608,#9609,#9610,#9611));
#9608 = ORIENTED_EDGE('',*,*,#9473,.F.);
#9609 = ORIENTED_EDGE('',*,*,#4468,.T.);
#9610 = ORIENTED_EDGE('',*,*,#9586,.F.);
#9611 = ORIENTED_EDGE('',*,*,#9612,.F.);
#9612 = EDGE_CURVE('',#9474,#9565,#9613,.T.);
#9613 = SURFACE_CURVE('',#9614,(#9618,#9624),.PCURVE_S1.);
#9614 = LINE('',#9615,#9616);
#9615 = CARTESIAN_POINT('',(49.6,-97.8,1.1));
#9616 = VECTOR('',#9617,1.);
#9617 = DIRECTION('',(0.,-0.,1.));
#9618 = PCURVE('',#4483,#9619);
#9619 = DEFINITIONAL_REPRESENTATION('',(#9620),#9623);
#9620 = B_SPLINE_CURVE_WITH_KNOTS('',1,(#9621,#9622),.UNSPECIFIED.,.F.,
  .F.,(2,2),(0.5,9.5),.PIECEWISE_BEZIER_KNOTS.);
#9621 = CARTESIAN_POINT('',(0.,3.6));
#9622 = CARTESIAN_POINT('',(9.,3.6));
#9623 = ( GEOMETRIC_REPRESENTATION_CONTEXT(2) 
PARAMETRIC_REPRESENTATION_CONTEXT() REPRESENTATION_CONTEXT('2D SPACE',''
  ) );
#9624 = PCURVE('',#7423,#9625);
#9625 = DEFINITIONAL_REPRESENTATION('',(#9626),#9629);
#9626 = B_SPLINE_CURVE_WITH_KNOTS('',1,(#9627,#9628),.UNSPECIFIED.,.F.,
  .F.,(2,2),(0.5,9.5),.PIECEWISE_BEZIER_KNOTS.);
#9627 = CARTESIAN_POINT('',(48.2,-1.));
#9628 = CARTESIAN_POINT('',(48.2,-10.));
#9629 = ( GEOMETRIC_REPRESENTATION_CONTEXT(2) 
PARAMETRIC_REPRESENTATION_CONTEXT() REPRESENTATION_CONTEXT('2D SPACE',''
  ) );
#9630 = ADVANCED_FACE('',(#9631),#4562,.T.);
#9631 = FACE_BOUND('',#9632,.T.);
#9632 = EDGE_LOOP('',(#9633,#9634,#9657,#9685));
#9633 = ORIENTED_EDGE('',*,*,#4545,.F.);
#9634 = ORIENTED_EDGE('',*,*,#9635,.T.);
#9635 = EDGE_CURVE('',#4546,#9636,#9638,.T.);
#9636 = VERTEX_POINT('',#9637);
#9637 = CARTESIAN_POINT('',(47.8,-103.3,6.533333333333));
#9638 = SURFACE_CURVE('',#9639,(#9643,#9650),.PCURVE_S1.);
#9639 = LINE('',#9640,#9641);
#9640 = CARTESIAN_POINT('',(48.4,-103.3,5.133333333333));
#9641 = VECTOR('',#9642,1.);
#9642 = DIRECTION('',(-0.393919298579,8.746765502536E-17,0.919145030018)
  );
#9643 = PCURVE('',#4562,#9644);
#9644 = DEFINITIONAL_REPRESENTATION('',(#9645),#9649);
#9645 = LINE('',#9646,#9647);
#9646 = CARTESIAN_POINT('',(1.537682944461,-7.150574922719E-02));
#9647 = VECTOR('',#9648,1.);
#9648 = DIRECTION('',(-0.919145030018,0.393919298579));
#9649 = ( GEOMETRIC_REPRESENTATION_CONTEXT(2) 
PARAMETRIC_REPRESENTATION_CONTEXT() REPRESENTATION_CONTEXT('2D SPACE',''
  ) );
#9650 = PCURVE('',#4589,#9651);
#9651 = DEFINITIONAL_REPRESENTATION('',(#9652),#9656);
#9652 = LINE('',#9653,#9654);
#9653 = CARTESIAN_POINT('',(0.,0.));
#9654 = VECTOR('',#9655,1.);
#9655 = DIRECTION('',(1.,0.));
#9656 = ( GEOMETRIC_REPRESENTATION_CONTEXT(2) 
PARAMETRIC_REPRESENTATION_CONTEXT() REPRESENTATION_CONTEXT('2D SPACE',''
  ) );
#9657 = ORIENTED_EDGE('',*,*,#9658,.T.);
#9658 = EDGE_CURVE('',#9636,#9659,#9661,.T.);
#9659 = VERTEX_POINT('',#9660);
#9660 = CARTESIAN_POINT('',(47.8,-103.3,7.));
#9661 = SURFACE_CURVE('',#9662,(#9666,#9673),.PCURVE_S1.);
#9662 = LINE('',#9663,#9664);
#9663 = CARTESIAN_POINT('',(47.8,-103.3,6.533333333333));
#9664 = VECTOR('',#9665,1.);
#9665 = DIRECTION('',(0.,0.,1.));
#9666 = PCURVE('',#4562,#9667);
#9667 = DEFINITIONAL_REPRESENTATION('',(#9668),#9672);
#9668 = LINE('',#9669,#9670);
#9669 = CARTESIAN_POINT('',(0.137682944461,0.528494250773));
#9670 = VECTOR('',#9671,1.);
#9671 = DIRECTION('',(-1.,0.));
#9672 = ( GEOMETRIC_REPRESENTATION_CONTEXT(2) 
PARAMETRIC_REPRESENTATION_CONTEXT() REPRESENTATION_CONTEXT('2D SPACE',''
  ) );
#9673 = PCURVE('',#9674,#9679);
#9674 = PLANE('',#9675);
#9675 = AXIS2_PLACEMENT_3D('',#9676,#9677,#9678);
#9676 = CARTESIAN_POINT('',(47.8,-103.3,6.533333333333));
#9677 = DIRECTION('',(-1.,2.22044604925E-16,0.));
#9678 = DIRECTION('',(0.,0.,1.));
#9679 = DEFINITIONAL_REPRESENTATION('',(#9680),#9684);
#9680 = LINE('',#9681,#9682);
#9681 = CARTESIAN_POINT('',(0.,0.));
#9682 = VECTOR('',#9683,1.);
#9683 = DIRECTION('',(1.,0.));
#9684 = ( GEOMETRIC_REPRESENTATION_CONTEXT(2) 
PARAMETRIC_REPRESENTATION_CONTEXT() REPRESENTATION_CONTEXT('2D SPACE',''
  ) );
#9685 = ORIENTED_EDGE('',*,*,#9686,.T.);
#9686 = EDGE_CURVE('',#9659,#4548,#9687,.T.);
#9687 = SURFACE_CURVE('',#9688,(#9692,#9699),.PCURVE_S1.);
#9688 = LINE('',#9689,#9690);
#9689 = CARTESIAN_POINT('',(47.8,-103.3,7.));
#9690 = VECTOR('',#9691,1.);
#9691 = DIRECTION('',(0.4472135955,-9.930136612989E-17,0.894427191));
#9692 = PCURVE('',#4562,#9693);
#9693 = DEFINITIONAL_REPRESENTATION('',(#9694),#9698);
#9694 = LINE('',#9695,#9696);
#9695 = CARTESIAN_POINT('',(-0.328983722205,0.528494250773));
#9696 = VECTOR('',#9697,1.);
#9697 = DIRECTION('',(-0.894427191,-0.4472135955));
#9698 = ( GEOMETRIC_REPRESENTATION_CONTEXT(2) 
PARAMETRIC_REPRESENTATION_CONTEXT() REPRESENTATION_CONTEXT('2D SPACE',''
  ) );
#9699 = PCURVE('',#4641,#9700);
#9700 = DEFINITIONAL_REPRESENTATION('',(#9701),#9705);
#9701 = LINE('',#9702,#9703);
#9702 = CARTESIAN_POINT('',(0.,0.));
#9703 = VECTOR('',#9704,1.);
#9704 = DIRECTION('',(1.,0.));
#9705 = ( GEOMETRIC_REPRESENTATION_CONTEXT(2) 
PARAMETRIC_REPRESENTATION_CONTEXT() REPRESENTATION_CONTEXT('2D SPACE',''
  ) );
#9706 = ADVANCED_FACE('',(#9707),#4589,.T.);
#9707 = FACE_BOUND('',#9708,.T.);
#9708 = EDGE_LOOP('',(#9709,#9710,#9733,#9754));
#9709 = ORIENTED_EDGE('',*,*,#4573,.T.);
#9710 = ORIENTED_EDGE('',*,*,#9711,.T.);
#9711 = EDGE_CURVE('',#4574,#9712,#9714,.T.);
#9712 = VERTEX_POINT('',#9713);
#9713 = CARTESIAN_POINT('',(47.8,-108.7,6.533333333333));
#9714 = SURFACE_CURVE('',#9715,(#9719,#9726),.PCURVE_S1.);
#9715 = LINE('',#9716,#9717);
#9716 = CARTESIAN_POINT('',(48.4,-108.7,5.133333333333));
#9717 = VECTOR('',#9718,1.);
#9718 = DIRECTION('',(-0.393919298579,8.746765502536E-17,0.919145030018)
  );
#9719 = PCURVE('',#4589,#9720);
#9720 = DEFINITIONAL_REPRESENTATION('',(#9721),#9725);
#9721 = LINE('',#9722,#9723);
#9722 = CARTESIAN_POINT('',(-4.723253371369E-16,-5.4));
#9723 = VECTOR('',#9724,1.);
#9724 = DIRECTION('',(1.,0.));
#9725 = ( GEOMETRIC_REPRESENTATION_CONTEXT(2) 
PARAMETRIC_REPRESENTATION_CONTEXT() REPRESENTATION_CONTEXT('2D SPACE',''
  ) );
#9726 = PCURVE('',#4616,#9727);
#9727 = DEFINITIONAL_REPRESENTATION('',(#9728),#9732);
#9728 = LINE('',#9729,#9730);
#9729 = CARTESIAN_POINT('',(1.537682944461,-7.150574922719E-02));
#9730 = VECTOR('',#9731,1.);
#9731 = DIRECTION('',(-0.919145030018,0.393919298579));
#9732 = ( GEOMETRIC_REPRESENTATION_CONTEXT(2) 
PARAMETRIC_REPRESENTATION_CONTEXT() REPRESENTATION_CONTEXT('2D SPACE',''
  ) );
#9733 = ORIENTED_EDGE('',*,*,#9734,.F.);
#9734 = EDGE_CURVE('',#9636,#9712,#9735,.T.);
#9735 = SURFACE_CURVE('',#9736,(#9740,#9747),.PCURVE_S1.);
#9736 = LINE('',#9737,#9738);
#9737 = CARTESIAN_POINT('',(47.8,-103.3,6.533333333333));
#9738 = VECTOR('',#9739,1.);
#9739 = DIRECTION('',(-2.22044604925E-16,-1.,0.));
#9740 = PCURVE('',#4589,#9741);
#9741 = DEFINITIONAL_REPRESENTATION('',(#9742),#9746);
#9742 = LINE('',#9743,#9744);
#9743 = CARTESIAN_POINT('',(1.523154621173,-1.33226762955E-16));
#9744 = VECTOR('',#9745,1.);
#9745 = DIRECTION('',(0.,-1.));
#9746 = ( GEOMETRIC_REPRESENTATION_CONTEXT(2) 
PARAMETRIC_REPRESENTATION_CONTEXT() REPRESENTATION_CONTEXT('2D SPACE',''
  ) );
#9747 = PCURVE('',#9674,#9748);
#9748 = DEFINITIONAL_REPRESENTATION('',(#9749),#9753);
#9749 = LINE('',#9750,#9751);
#9750 = CARTESIAN_POINT('',(0.,0.));
#9751 = VECTOR('',#9752,1.);
#9752 = DIRECTION('',(0.,-1.));
#9753 = ( GEOMETRIC_REPRESENTATION_CONTEXT(2) 
PARAMETRIC_REPRESENTATION_CONTEXT() REPRESENTATION_CONTEXT('2D SPACE',''
  ) );
#9754 = ORIENTED_EDGE('',*,*,#9635,.F.);
#9755 = ADVANCED_FACE('',(#9756),#4641,.T.);
#9756 = FACE_BOUND('',#9757,.T.);
#9757 = EDGE_LOOP('',(#9758,#9781,#9802,#9803));
#9758 = ORIENTED_EDGE('',*,*,#9759,.T.);
#9759 = EDGE_CURVE('',#9659,#9760,#9762,.T.);
#9760 = VERTEX_POINT('',#9761);
#9761 = CARTESIAN_POINT('',(47.8,-108.7,7.));
#9762 = SURFACE_CURVE('',#9763,(#9767,#9774),.PCURVE_S1.);
#9763 = LINE('',#9764,#9765);
#9764 = CARTESIAN_POINT('',(47.8,-103.3,7.));
#9765 = VECTOR('',#9766,1.);
#9766 = DIRECTION('',(-2.22044604925E-16,-1.,0.));
#9767 = PCURVE('',#4641,#9768);
#9768 = DEFINITIONAL_REPRESENTATION('',(#9769),#9773);
#9769 = LINE('',#9770,#9771);
#9770 = CARTESIAN_POINT('',(0.,0.));
#9771 = VECTOR('',#9772,1.);
#9772 = DIRECTION('',(0.,-1.));
#9773 = ( GEOMETRIC_REPRESENTATION_CONTEXT(2) 
PARAMETRIC_REPRESENTATION_CONTEXT() REPRESENTATION_CONTEXT('2D SPACE',''
  ) );
#9774 = PCURVE('',#9674,#9775);
#9775 = DEFINITIONAL_REPRESENTATION('',(#9776),#9780);
#9776 = LINE('',#9777,#9778);
#9777 = CARTESIAN_POINT('',(0.466666666667,0.));
#9778 = VECTOR('',#9779,1.);
#9779 = DIRECTION('',(0.,-1.));
#9780 = ( GEOMETRIC_REPRESENTATION_CONTEXT(2) 
PARAMETRIC_REPRESENTATION_CONTEXT() REPRESENTATION_CONTEXT('2D SPACE',''
  ) );
#9781 = ORIENTED_EDGE('',*,*,#9782,.T.);
#9782 = EDGE_CURVE('',#9760,#4602,#9783,.T.);
#9783 = SURFACE_CURVE('',#9784,(#9788,#9795),.PCURVE_S1.);
#9784 = LINE('',#9785,#9786);
#9785 = CARTESIAN_POINT('',(47.8,-108.7,7.));
#9786 = VECTOR('',#9787,1.);
#9787 = DIRECTION('',(0.4472135955,-9.930136612989E-17,0.894427191));
#9788 = PCURVE('',#4641,#9789);
#9789 = DEFINITIONAL_REPRESENTATION('',(#9790),#9794);
#9790 = LINE('',#9791,#9792);
#9791 = CARTESIAN_POINT('',(1.330638306141E-15,-5.4));
#9792 = VECTOR('',#9793,1.);
#9793 = DIRECTION('',(1.,0.));
#9794 = ( GEOMETRIC_REPRESENTATION_CONTEXT(2) 
PARAMETRIC_REPRESENTATION_CONTEXT() REPRESENTATION_CONTEXT('2D SPACE',''
  ) );
#9795 = PCURVE('',#4616,#9796);
#9796 = DEFINITIONAL_REPRESENTATION('',(#9797),#9801);
#9797 = LINE('',#9798,#9799);
#9798 = CARTESIAN_POINT('',(-0.328983722205,0.528494250773));
#9799 = VECTOR('',#9800,1.);
#9800 = DIRECTION('',(-0.894427191,-0.4472135955));
#9801 = ( GEOMETRIC_REPRESENTATION_CONTEXT(2) 
PARAMETRIC_REPRESENTATION_CONTEXT() REPRESENTATION_CONTEXT('2D SPACE',''
  ) );
#9802 = ORIENTED_EDGE('',*,*,#4627,.F.);
#9803 = ORIENTED_EDGE('',*,*,#9686,.F.);
#9804 = ADVANCED_FACE('',(#9805),#4616,.F.);
#9805 = FACE_BOUND('',#9806,.F.);
#9806 = EDGE_LOOP('',(#9807,#9808,#9809,#9830));
#9807 = ORIENTED_EDGE('',*,*,#4601,.F.);
#9808 = ORIENTED_EDGE('',*,*,#9711,.T.);
#9809 = ORIENTED_EDGE('',*,*,#9810,.T.);
#9810 = EDGE_CURVE('',#9712,#9760,#9811,.T.);
#9811 = SURFACE_CURVE('',#9812,(#9816,#9823),.PCURVE_S1.);
#9812 = LINE('',#9813,#9814);
#9813 = CARTESIAN_POINT('',(47.8,-108.7,6.533333333333));
#9814 = VECTOR('',#9815,1.);
#9815 = DIRECTION('',(0.,0.,1.));
#9816 = PCURVE('',#4616,#9817);
#9817 = DEFINITIONAL_REPRESENTATION('',(#9818),#9822);
#9818 = LINE('',#9819,#9820);
#9819 = CARTESIAN_POINT('',(0.137682944461,0.528494250773));
#9820 = VECTOR('',#9821,1.);
#9821 = DIRECTION('',(-1.,0.));
#9822 = ( GEOMETRIC_REPRESENTATION_CONTEXT(2) 
PARAMETRIC_REPRESENTATION_CONTEXT() REPRESENTATION_CONTEXT('2D SPACE',''
  ) );
#9823 = PCURVE('',#9674,#9824);
#9824 = DEFINITIONAL_REPRESENTATION('',(#9825),#9829);
#9825 = LINE('',#9826,#9827);
#9826 = CARTESIAN_POINT('',(0.,-5.4));
#9827 = VECTOR('',#9828,1.);
#9828 = DIRECTION('',(1.,0.));
#9829 = ( GEOMETRIC_REPRESENTATION_CONTEXT(2) 
PARAMETRIC_REPRESENTATION_CONTEXT() REPRESENTATION_CONTEXT('2D SPACE',''
  ) );
#9830 = ORIENTED_EDGE('',*,*,#9782,.T.);
#9831 = ADVANCED_FACE('',(#9832),#4672,.T.);
#9832 = FACE_BOUND('',#9833,.T.);
#9833 = EDGE_LOOP('',(#9834,#9835,#9858,#9886));
#9834 = ORIENTED_EDGE('',*,*,#4655,.F.);
#9835 = ORIENTED_EDGE('',*,*,#9836,.T.);
#9836 = EDGE_CURVE('',#4656,#9837,#9839,.T.);
#9837 = VERTEX_POINT('',#9838);
#9838 = CARTESIAN_POINT('',(47.8,-127.3,6.533333333333));
#9839 = SURFACE_CURVE('',#9840,(#9844,#9851),.PCURVE_S1.);
#9840 = LINE('',#9841,#9842);
#9841 = CARTESIAN_POINT('',(48.4,-127.3,5.133333333333));
#9842 = VECTOR('',#9843,1.);
#9843 = DIRECTION('',(-0.393919298579,8.746765502536E-17,0.919145030018)
  );
#9844 = PCURVE('',#4672,#9845);
#9845 = DEFINITIONAL_REPRESENTATION('',(#9846),#9850);
#9846 = LINE('',#9847,#9848);
#9847 = CARTESIAN_POINT('',(1.537682944461,-7.150574922719E-02));
#9848 = VECTOR('',#9849,1.);
#9849 = DIRECTION('',(-0.919145030018,0.393919298579));
#9850 = ( GEOMETRIC_REPRESENTATION_CONTEXT(2) 
PARAMETRIC_REPRESENTATION_CONTEXT() REPRESENTATION_CONTEXT('2D SPACE',''
  ) );
#9851 = PCURVE('',#4699,#9852);
#9852 = DEFINITIONAL_REPRESENTATION('',(#9853),#9857);
#9853 = LINE('',#9854,#9855);
#9854 = CARTESIAN_POINT('',(0.,0.));
#9855 = VECTOR('',#9856,1.);
#9856 = DIRECTION('',(1.,0.));
#9857 = ( GEOMETRIC_REPRESENTATION_CONTEXT(2) 
PARAMETRIC_REPRESENTATION_CONTEXT() REPRESENTATION_CONTEXT('2D SPACE',''
  ) );
#9858 = ORIENTED_EDGE('',*,*,#9859,.T.);
#9859 = EDGE_CURVE('',#9837,#9860,#9862,.T.);
#9860 = VERTEX_POINT('',#9861);
#9861 = CARTESIAN_POINT('',(47.8,-127.3,7.));
#9862 = SURFACE_CURVE('',#9863,(#9867,#9874),.PCURVE_S1.);
#9863 = LINE('',#9864,#9865);
#9864 = CARTESIAN_POINT('',(47.8,-127.3,6.533333333333));
#9865 = VECTOR('',#9866,1.);
#9866 = DIRECTION('',(0.,0.,1.));
#9867 = PCURVE('',#4672,#9868);
#9868 = DEFINITIONAL_REPRESENTATION('',(#9869),#9873);
#9869 = LINE('',#9870,#9871);
#9870 = CARTESIAN_POINT('',(0.137682944461,0.528494250773));
#9871 = VECTOR('',#9872,1.);
#9872 = DIRECTION('',(-1.,0.));
#9873 = ( GEOMETRIC_REPRESENTATION_CONTEXT(2) 
PARAMETRIC_REPRESENTATION_CONTEXT() REPRESENTATION_CONTEXT('2D SPACE',''
  ) );
#9874 = PCURVE('',#9875,#9880);
#9875 = PLANE('',#9876);
#9876 = AXIS2_PLACEMENT_3D('',#9877,#9878,#9879);
#9877 = CARTESIAN_POINT('',(47.8,-127.3,6.533333333333));
#9878 = DIRECTION('',(-1.,2.22044604925E-16,0.));
#9879 = DIRECTION('',(0.,0.,1.));
#9880 = DEFINITIONAL_REPRESENTATION('',(#9881),#9885);
#9881 = LINE('',#9882,#9883);
#9882 = CARTESIAN_POINT('',(0.,0.));
#9883 = VECTOR('',#9884,1.);
#9884 = DIRECTION('',(1.,0.));
#9885 = ( GEOMETRIC_REPRESENTATION_CONTEXT(2) 
PARAMETRIC_REPRESENTATION_CONTEXT() REPRESENTATION_CONTEXT('2D SPACE',''
  ) );
#9886 = ORIENTED_EDGE('',*,*,#9887,.T.);
#9887 = EDGE_CURVE('',#9860,#4658,#9888,.T.);
#9888 = SURFACE_CURVE('',#9889,(#9893,#9900),.PCURVE_S1.);
#9889 = LINE('',#9890,#9891);
#9890 = CARTESIAN_POINT('',(47.8,-127.3,7.));
#9891 = VECTOR('',#9892,1.);
#9892 = DIRECTION('',(0.4472135955,-9.930136612989E-17,0.894427191));
#9893 = PCURVE('',#4672,#9894);
#9894 = DEFINITIONAL_REPRESENTATION('',(#9895),#9899);
#9895 = LINE('',#9896,#9897);
#9896 = CARTESIAN_POINT('',(-0.328983722205,0.528494250773));
#9897 = VECTOR('',#9898,1.);
#9898 = DIRECTION('',(-0.894427191,-0.4472135955));
#9899 = ( GEOMETRIC_REPRESENTATION_CONTEXT(2) 
PARAMETRIC_REPRESENTATION_CONTEXT() REPRESENTATION_CONTEXT('2D SPACE',''
  ) );
#9900 = PCURVE('',#4751,#9901);
#9901 = DEFINITIONAL_REPRESENTATION('',(#9902),#9906);
#9902 = LINE('',#9903,#9904);
#9903 = CARTESIAN_POINT('',(0.,0.));
#9904 = VECTOR('',#9905,1.);
#9905 = DIRECTION('',(1.,0.));
#9906 = ( GEOMETRIC_REPRESENTATION_CONTEXT(2) 
PARAMETRIC_REPRESENTATION_CONTEXT() REPRESENTATION_CONTEXT('2D SPACE',''
  ) );
#9907 = ADVANCED_FACE('',(#9908),#4699,.T.);
#9908 = FACE_BOUND('',#9909,.T.);
#9909 = EDGE_LOOP('',(#9910,#9911,#9934,#9955));
#9910 = ORIENTED_EDGE('',*,*,#4683,.T.);
#9911 = ORIENTED_EDGE('',*,*,#9912,.T.);
#9912 = EDGE_CURVE('',#4684,#9913,#9915,.T.);
#9913 = VERTEX_POINT('',#9914);
#9914 = CARTESIAN_POINT('',(47.8,-132.7,6.533333333333));
#9915 = SURFACE_CURVE('',#9916,(#9920,#9927),.PCURVE_S1.);
#9916 = LINE('',#9917,#9918);
#9917 = CARTESIAN_POINT('',(48.4,-132.7,5.133333333333));
#9918 = VECTOR('',#9919,1.);
#9919 = DIRECTION('',(-0.393919298579,8.746765502536E-17,0.919145030018)
  );
#9920 = PCURVE('',#4699,#9921);
#9921 = DEFINITIONAL_REPRESENTATION('',(#9922),#9926);
#9922 = LINE('',#9923,#9924);
#9923 = CARTESIAN_POINT('',(-4.723253371369E-16,-5.4));
#9924 = VECTOR('',#9925,1.);
#9925 = DIRECTION('',(1.,0.));
#9926 = ( GEOMETRIC_REPRESENTATION_CONTEXT(2) 
PARAMETRIC_REPRESENTATION_CONTEXT() REPRESENTATION_CONTEXT('2D SPACE',''
  ) );
#9927 = PCURVE('',#4726,#9928);
#9928 = DEFINITIONAL_REPRESENTATION('',(#9929),#9933);
#9929 = LINE('',#9930,#9931);
#9930 = CARTESIAN_POINT('',(1.537682944461,-7.150574922719E-02));
#9931 = VECTOR('',#9932,1.);
#9932 = DIRECTION('',(-0.919145030018,0.393919298579));
#9933 = ( GEOMETRIC_REPRESENTATION_CONTEXT(2) 
PARAMETRIC_REPRESENTATION_CONTEXT() REPRESENTATION_CONTEXT('2D SPACE',''
  ) );
#9934 = ORIENTED_EDGE('',*,*,#9935,.F.);
#9935 = EDGE_CURVE('',#9837,#9913,#9936,.T.);
#9936 = SURFACE_CURVE('',#9937,(#9941,#9948),.PCURVE_S1.);
#9937 = LINE('',#9938,#9939);
#9938 = CARTESIAN_POINT('',(47.8,-127.3,6.533333333333));
#9939 = VECTOR('',#9940,1.);
#9940 = DIRECTION('',(-2.22044604925E-16,-1.,0.));
#9941 = PCURVE('',#4699,#9942);
#9942 = DEFINITIONAL_REPRESENTATION('',(#9943),#9947);
#9943 = LINE('',#9944,#9945);
#9944 = CARTESIAN_POINT('',(1.523154621173,-1.33226762955E-16));
#9945 = VECTOR('',#9946,1.);
#9946 = DIRECTION('',(0.,-1.));
#9947 = ( GEOMETRIC_REPRESENTATION_CONTEXT(2) 
PARAMETRIC_REPRESENTATION_CONTEXT() REPRESENTATION_CONTEXT('2D SPACE',''
  ) );
#9948 = PCURVE('',#9875,#9949);
#9949 = DEFINITIONAL_REPRESENTATION('',(#9950),#9954);
#9950 = LINE('',#9951,#9952);
#9951 = CARTESIAN_POINT('',(0.,0.));
#9952 = VECTOR('',#9953,1.);
#9953 = DIRECTION('',(0.,-1.));
#9954 = ( GEOMETRIC_REPRESENTATION_CONTEXT(2) 
PARAMETRIC_REPRESENTATION_CONTEXT() REPRESENTATION_CONTEXT('2D SPACE',''
  ) );
#9955 = ORIENTED_EDGE('',*,*,#9836,.F.);
#9956 = ADVANCED_FACE('',(#9957),#4751,.T.);
#9957 = FACE_BOUND('',#9958,.T.);
#9958 = EDGE_LOOP('',(#9959,#9982,#10003,#10004));
#9959 = ORIENTED_EDGE('',*,*,#9960,.T.);
#9960 = EDGE_CURVE('',#9860,#9961,#9963,.T.);
#9961 = VERTEX_POINT('',#9962);
#9962 = CARTESIAN_POINT('',(47.8,-132.7,7.));
#9963 = SURFACE_CURVE('',#9964,(#9968,#9975),.PCURVE_S1.);
#9964 = LINE('',#9965,#9966);
#9965 = CARTESIAN_POINT('',(47.8,-127.3,7.));
#9966 = VECTOR('',#9967,1.);
#9967 = DIRECTION('',(-2.22044604925E-16,-1.,0.));
#9968 = PCURVE('',#4751,#9969);
#9969 = DEFINITIONAL_REPRESENTATION('',(#9970),#9974);
#9970 = LINE('',#9971,#9972);
#9971 = CARTESIAN_POINT('',(0.,0.));
#9972 = VECTOR('',#9973,1.);
#9973 = DIRECTION('',(0.,-1.));
#9974 = ( GEOMETRIC_REPRESENTATION_CONTEXT(2) 
PARAMETRIC_REPRESENTATION_CONTEXT() REPRESENTATION_CONTEXT('2D SPACE',''
  ) );
#9975 = PCURVE('',#9875,#9976);
#9976 = DEFINITIONAL_REPRESENTATION('',(#9977),#9981);
#9977 = LINE('',#9978,#9979);
#9978 = CARTESIAN_POINT('',(0.466666666667,0.));
#9979 = VECTOR('',#9980,1.);
#9980 = DIRECTION('',(0.,-1.));
#9981 = ( GEOMETRIC_REPRESENTATION_CONTEXT(2) 
PARAMETRIC_REPRESENTATION_CONTEXT() REPRESENTATION_CONTEXT('2D SPACE',''
  ) );
#9982 = ORIENTED_EDGE('',*,*,#9983,.T.);
#9983 = EDGE_CURVE('',#9961,#4712,#9984,.T.);
#9984 = SURFACE_CURVE('',#9985,(#9989,#9996),.PCURVE_S1.);
#9985 = LINE('',#9986,#9987);
#9986 = CARTESIAN_POINT('',(47.8,-132.7,7.));
#9987 = VECTOR('',#9988,1.);
#9988 = DIRECTION('',(0.4472135955,-9.930136612989E-17,0.894427191));
#9989 = PCURVE('',#4751,#9990);
#9990 = DEFINITIONAL_REPRESENTATION('',(#9991),#9995);
#9991 = LINE('',#9992,#9993);
#9992 = CARTESIAN_POINT('',(1.330638306141E-15,-5.4));
#9993 = VECTOR('',#9994,1.);
#9994 = DIRECTION('',(1.,0.));
#9995 = ( GEOMETRIC_REPRESENTATION_CONTEXT(2) 
PARAMETRIC_REPRESENTATION_CONTEXT() REPRESENTATION_CONTEXT('2D SPACE',''
  ) );
#9996 = PCURVE('',#4726,#9997);
#9997 = DEFINITIONAL_REPRESENTATION('',(#9998),#10002);
#9998 = LINE('',#9999,#10000);
#9999 = CARTESIAN_POINT('',(-0.328983722205,0.528494250773));
#10000 = VECTOR('',#10001,1.);
#10001 = DIRECTION('',(-0.894427191,-0.4472135955));
#10002 = ( GEOMETRIC_REPRESENTATION_CONTEXT(2) 
PARAMETRIC_REPRESENTATION_CONTEXT() REPRESENTATION_CONTEXT('2D SPACE',''
  ) );
#10003 = ORIENTED_EDGE('',*,*,#4737,.F.);
#10004 = ORIENTED_EDGE('',*,*,#9887,.F.);
#10005 = ADVANCED_FACE('',(#10006),#4726,.F.);
#10006 = FACE_BOUND('',#10007,.F.);
#10007 = EDGE_LOOP('',(#10008,#10009,#10010,#10031));
#10008 = ORIENTED_EDGE('',*,*,#4711,.F.);
#10009 = ORIENTED_EDGE('',*,*,#9912,.T.);
#10010 = ORIENTED_EDGE('',*,*,#10011,.T.);
#10011 = EDGE_CURVE('',#9913,#9961,#10012,.T.);
#10012 = SURFACE_CURVE('',#10013,(#10017,#10024),.PCURVE_S1.);
#10013 = LINE('',#10014,#10015);
#10014 = CARTESIAN_POINT('',(47.8,-132.7,6.533333333333));
#10015 = VECTOR('',#10016,1.);
#10016 = DIRECTION('',(0.,0.,1.));
#10017 = PCURVE('',#4726,#10018);
#10018 = DEFINITIONAL_REPRESENTATION('',(#10019),#10023);
#10019 = LINE('',#10020,#10021);
#10020 = CARTESIAN_POINT('',(0.137682944461,0.528494250773));
#10021 = VECTOR('',#10022,1.);
#10022 = DIRECTION('',(-1.,0.));
#10023 = ( GEOMETRIC_REPRESENTATION_CONTEXT(2) 
PARAMETRIC_REPRESENTATION_CONTEXT() REPRESENTATION_CONTEXT('2D SPACE',''
  ) );
#10024 = PCURVE('',#9875,#10025);
#10025 = DEFINITIONAL_REPRESENTATION('',(#10026),#10030);
#10026 = LINE('',#10027,#10028);
#10027 = CARTESIAN_POINT('',(0.,-5.4));
#10028 = VECTOR('',#10029,1.);
#10029 = DIRECTION('',(1.,0.));
#10030 = ( GEOMETRIC_REPRESENTATION_CONTEXT(2) 
PARAMETRIC_REPRESENTATION_CONTEXT() REPRESENTATION_CONTEXT('2D SPACE',''
  ) );
#10031 = ORIENTED_EDGE('',*,*,#9983,.T.);
#10032 = ADVANCED_FACE('',(#10033),#4858,.T.);
#10033 = FACE_BOUND('',#10034,.T.);
#10034 = EDGE_LOOP('',(#10035,#10036,#10037,#10038));
#10035 = ORIENTED_EDGE('',*,*,#4845,.T.);
#10036 = ORIENTED_EDGE('',*,*,#5589,.T.);
#10037 = ORIENTED_EDGE('',*,*,#6825,.F.);
#10038 = ORIENTED_EDGE('',*,*,#9520,.F.);
#10039 = ADVANCED_FACE('',(#10040),#5144,.T.);
#10040 = FACE_BOUND('',#10041,.T.);
#10041 = EDGE_LOOP('',(#10042,#10067,#10093,#10114,#10115,#10116));
#10042 = ORIENTED_EDGE('',*,*,#10043,.F.);
#10043 = EDGE_CURVE('',#10044,#10046,#10048,.T.);
#10044 = VERTEX_POINT('',#10045);
#10045 = CARTESIAN_POINT('',(150.4,-59.,-4.4));
#10046 = VERTEX_POINT('',#10047);
#10047 = CARTESIAN_POINT('',(154.,-59.,-4.4));
#10048 = SURFACE_CURVE('',#10049,(#10053,#10060),.PCURVE_S1.);
#10049 = LINE('',#10050,#10051);
#10050 = CARTESIAN_POINT('',(150.35,-59.,-4.4));
#10051 = VECTOR('',#10052,1.);
#10052 = DIRECTION('',(1.,0.,0.));
#10053 = PCURVE('',#5144,#10054);
#10054 = DEFINITIONAL_REPRESENTATION('',(#10055),#10059);
#10055 = LINE('',#10056,#10057);
#10056 = CARTESIAN_POINT('',(0.,10.));
#10057 = VECTOR('',#10058,1.);
#10058 = DIRECTION('',(1.,0.));
#10059 = ( GEOMETRIC_REPRESENTATION_CONTEXT(2) 
PARAMETRIC_REPRESENTATION_CONTEXT() REPRESENTATION_CONTEXT('2D SPACE',''
  ) );
#10060 = PCURVE('',#5066,#10061);
#10061 = DEFINITIONAL_REPRESENTATION('',(#10062),#10066);
#10062 = LINE('',#10063,#10064);
#10063 = CARTESIAN_POINT('',(0.,0.));
#10064 = VECTOR('',#10065,1.);
#10065 = DIRECTION('',(0.,1.));
#10066 = ( GEOMETRIC_REPRESENTATION_CONTEXT(2) 
PARAMETRIC_REPRESENTATION_CONTEXT() REPRESENTATION_CONTEXT('2D SPACE',''
  ) );
#10067 = ORIENTED_EDGE('',*,*,#10068,.F.);
#10068 = EDGE_CURVE('',#10069,#10044,#10071,.T.);
#10069 = VERTEX_POINT('',#10070);
#10070 = CARTESIAN_POINT('',(150.4,-69.,-4.4));
#10071 = SURFACE_CURVE('',#10072,(#10076,#10082),.PCURVE_S1.);
#10072 = LINE('',#10073,#10074);
#10073 = CARTESIAN_POINT('',(150.4,-109.7,-4.4));
#10074 = VECTOR('',#10075,1.);
#10075 = DIRECTION('',(0.,1.,-0.));
#10076 = PCURVE('',#5144,#10077);
#10077 = DEFINITIONAL_REPRESENTATION('',(#10078),#10081);
#10078 = B_SPLINE_CURVE_WITH_KNOTS('',1,(#10079,#10080),.UNSPECIFIED.,
  .F.,.F.,(2,2),(40.7,50.7),.PIECEWISE_BEZIER_KNOTS.);
#10079 = CARTESIAN_POINT('',(5.000000000001E-02,0.));
#10080 = CARTESIAN_POINT('',(5.000000000001E-02,10.));
#10081 = ( GEOMETRIC_REPRESENTATION_CONTEXT(2) 
PARAMETRIC_REPRESENTATION_CONTEXT() REPRESENTATION_CONTEXT('2D SPACE',''
  ) );
#10082 = PCURVE('',#10083,#10088);
#10083 = PLANE('',#10084);
#10084 = AXIS2_PLACEMENT_3D('',#10085,#10086,#10087);
#10085 = CARTESIAN_POINT('',(150.4,-150.4,0.6));
#10086 = DIRECTION('',(-1.,0.,0.));
#10087 = DIRECTION('',(0.,1.,0.));
#10088 = DEFINITIONAL_REPRESENTATION('',(#10089),#10092);
#10089 = B_SPLINE_CURVE_WITH_KNOTS('',1,(#10090,#10091),.UNSPECIFIED.,
  .F.,.F.,(2,2),(40.7,50.7),.PIECEWISE_BEZIER_KNOTS.);
#10090 = CARTESIAN_POINT('',(81.4,5.));
#10091 = CARTESIAN_POINT('',(91.4,5.));
#10092 = ( GEOMETRIC_REPRESENTATION_CONTEXT(2) 
PARAMETRIC_REPRESENTATION_CONTEXT() REPRESENTATION_CONTEXT('2D SPACE',''
  ) );
#10093 = ORIENTED_EDGE('',*,*,#10094,.T.);
#10094 = EDGE_CURVE('',#10069,#5104,#10095,.T.);
#10095 = SURFACE_CURVE('',#10096,(#10100,#10107),.PCURVE_S1.);
#10096 = LINE('',#10097,#10098);
#10097 = CARTESIAN_POINT('',(150.35,-69.,-4.4));
#10098 = VECTOR('',#10099,1.);
#10099 = DIRECTION('',(1.,0.,0.));
#10100 = PCURVE('',#5144,#10101);
#10101 = DEFINITIONAL_REPRESENTATION('',(#10102),#10106);
#10102 = LINE('',#10103,#10104);
#10103 = CARTESIAN_POINT('',(0.,0.));
#10104 = VECTOR('',#10105,1.);
#10105 = DIRECTION('',(1.,0.));
#10106 = ( GEOMETRIC_REPRESENTATION_CONTEXT(2) 
PARAMETRIC_REPRESENTATION_CONTEXT() REPRESENTATION_CONTEXT('2D SPACE',''
  ) );
#10107 = PCURVE('',#5118,#10108);
#10108 = DEFINITIONAL_REPRESENTATION('',(#10109),#10113);
#10109 = LINE('',#10110,#10111);
#10110 = CARTESIAN_POINT('',(0.,0.));
#10111 = VECTOR('',#10112,1.);
#10112 = DIRECTION('',(0.,1.));
#10113 = ( GEOMETRIC_REPRESENTATION_CONTEXT(2) 
PARAMETRIC_REPRESENTATION_CONTEXT() REPRESENTATION_CONTEXT('2D SPACE',''
  ) );
#10114 = ORIENTED_EDGE('',*,*,#5129,.T.);
#10115 = ORIENTED_EDGE('',*,*,#8855,.T.);
#10116 = ORIENTED_EDGE('',*,*,#10117,.T.);
#10117 = EDGE_CURVE('',#8856,#10046,#10118,.T.);
#10118 = SURFACE_CURVE('',#10119,(#10123,#10130),.PCURVE_S1.);
#10119 = LINE('',#10120,#10121);
#10120 = CARTESIAN_POINT('',(154.,-69.,-4.4));
#10121 = VECTOR('',#10122,1.);
#10122 = DIRECTION('',(0.,1.,0.));
#10123 = PCURVE('',#5144,#10124);
#10124 = DEFINITIONAL_REPRESENTATION('',(#10125),#10129);
#10125 = LINE('',#10126,#10127);
#10126 = CARTESIAN_POINT('',(3.65,0.));
#10127 = VECTOR('',#10128,1.);
#10128 = DIRECTION('',(0.,1.));
#10129 = ( GEOMETRIC_REPRESENTATION_CONTEXT(2) 
PARAMETRIC_REPRESENTATION_CONTEXT() REPRESENTATION_CONTEXT('2D SPACE',''
  ) );
#10130 = PCURVE('',#8891,#10131);
#10131 = DEFINITIONAL_REPRESENTATION('',(#10132),#10136);
#10132 = LINE('',#10133,#10134);
#10133 = CARTESIAN_POINT('',(0.,0.));
#10134 = VECTOR('',#10135,1.);
#10135 = DIRECTION('',(0.,-1.));
#10136 = ( GEOMETRIC_REPRESENTATION_CONTEXT(2) 
PARAMETRIC_REPRESENTATION_CONTEXT() REPRESENTATION_CONTEXT('2D SPACE',''
  ) );
#10137 = ADVANCED_FACE('',(#10138),#5118,.T.);
#10138 = FACE_BOUND('',#10139,.T.);
#10139 = EDGE_LOOP('',(#10140,#10141,#10162,#10183));
#10140 = ORIENTED_EDGE('',*,*,#10094,.F.);
#10141 = ORIENTED_EDGE('',*,*,#10142,.F.);
#10142 = EDGE_CURVE('',#10143,#10069,#10145,.T.);
#10143 = VERTEX_POINT('',#10144);
#10144 = CARTESIAN_POINT('',(150.4,-69.,-1.));
#10145 = SURFACE_CURVE('',#10146,(#10150,#10156),.PCURVE_S1.);
#10146 = LINE('',#10147,#10148);
#10147 = CARTESIAN_POINT('',(150.4,-69.,-1.9));
#10148 = VECTOR('',#10149,1.);
#10149 = DIRECTION('',(0.,0.,-1.));
#10150 = PCURVE('',#5118,#10151);
#10151 = DEFINITIONAL_REPRESENTATION('',(#10152),#10155);
#10152 = B_SPLINE_CURVE_WITH_KNOTS('',1,(#10153,#10154),.UNSPECIFIED.,
  .F.,.F.,(2,2),(-0.9,2.5),.PIECEWISE_BEZIER_KNOTS.);
#10153 = CARTESIAN_POINT('',(3.4,5.000000000001E-02));
#10154 = CARTESIAN_POINT('',(0.,5.000000000001E-02));
#10155 = ( GEOMETRIC_REPRESENTATION_CONTEXT(2) 
PARAMETRIC_REPRESENTATION_CONTEXT() REPRESENTATION_CONTEXT('2D SPACE',''
  ) );
#10156 = PCURVE('',#10083,#10157);
#10157 = DEFINITIONAL_REPRESENTATION('',(#10158),#10161);
#10158 = B_SPLINE_CURVE_WITH_KNOTS('',1,(#10159,#10160),.UNSPECIFIED.,
  .F.,.F.,(2,2),(-0.9,2.5),.PIECEWISE_BEZIER_KNOTS.);
#10159 = CARTESIAN_POINT('',(81.4,1.6));
#10160 = CARTESIAN_POINT('',(81.4,5.));
#10161 = ( GEOMETRIC_REPRESENTATION_CONTEXT(2) 
PARAMETRIC_REPRESENTATION_CONTEXT() REPRESENTATION_CONTEXT('2D SPACE',''
  ) );
#10162 = ORIENTED_EDGE('',*,*,#10163,.T.);
#10163 = EDGE_CURVE('',#10143,#5078,#10164,.T.);
#10164 = SURFACE_CURVE('',#10165,(#10169,#10176),.PCURVE_S1.);
#10165 = LINE('',#10166,#10167);
#10166 = CARTESIAN_POINT('',(150.35,-69.,-1.));
#10167 = VECTOR('',#10168,1.);
#10168 = DIRECTION('',(1.,0.,0.));
#10169 = PCURVE('',#5118,#10170);
#10170 = DEFINITIONAL_REPRESENTATION('',(#10171),#10175);
#10171 = LINE('',#10172,#10173);
#10172 = CARTESIAN_POINT('',(3.4,0.));
#10173 = VECTOR('',#10174,1.);
#10174 = DIRECTION('',(0.,1.));
#10175 = ( GEOMETRIC_REPRESENTATION_CONTEXT(2) 
PARAMETRIC_REPRESENTATION_CONTEXT() REPRESENTATION_CONTEXT('2D SPACE',''
  ) );
#10176 = PCURVE('',#5092,#10177);
#10177 = DEFINITIONAL_REPRESENTATION('',(#10178),#10182);
#10178 = LINE('',#10179,#10180);
#10179 = CARTESIAN_POINT('',(0.,0.));
#10180 = VECTOR('',#10181,1.);
#10181 = DIRECTION('',(1.,0.));
#10182 = ( GEOMETRIC_REPRESENTATION_CONTEXT(2) 
PARAMETRIC_REPRESENTATION_CONTEXT() REPRESENTATION_CONTEXT('2D SPACE',''
  ) );
#10183 = ORIENTED_EDGE('',*,*,#5103,.T.);
#10184 = ADVANCED_FACE('',(#10185),#5092,.F.);
#10185 = FACE_BOUND('',#10186,.F.);
#10186 = EDGE_LOOP('',(#10187,#10210,#10229,#10230));
#10187 = ORIENTED_EDGE('',*,*,#10188,.F.);
#10188 = EDGE_CURVE('',#10189,#5052,#10191,.T.);
#10189 = VERTEX_POINT('',#10190);
#10190 = CARTESIAN_POINT('',(150.4,-59.,-1.));
#10191 = SURFACE_CURVE('',#10192,(#10196,#10203),.PCURVE_S1.);
#10192 = LINE('',#10193,#10194);
#10193 = CARTESIAN_POINT('',(150.35,-59.,-1.));
#10194 = VECTOR('',#10195,1.);
#10195 = DIRECTION('',(1.,0.,0.));
#10196 = PCURVE('',#5092,#10197);
#10197 = DEFINITIONAL_REPRESENTATION('',(#10198),#10202);
#10198 = LINE('',#10199,#10200);
#10199 = CARTESIAN_POINT('',(0.,10.));
#10200 = VECTOR('',#10201,1.);
#10201 = DIRECTION('',(1.,0.));
#10202 = ( GEOMETRIC_REPRESENTATION_CONTEXT(2) 
PARAMETRIC_REPRESENTATION_CONTEXT() REPRESENTATION_CONTEXT('2D SPACE',''
  ) );
#10203 = PCURVE('',#5066,#10204);
#10204 = DEFINITIONAL_REPRESENTATION('',(#10205),#10209);
#10205 = LINE('',#10206,#10207);
#10206 = CARTESIAN_POINT('',(3.4,0.));
#10207 = VECTOR('',#10208,1.);
#10208 = DIRECTION('',(0.,1.));
#10209 = ( GEOMETRIC_REPRESENTATION_CONTEXT(2) 
PARAMETRIC_REPRESENTATION_CONTEXT() REPRESENTATION_CONTEXT('2D SPACE',''
  ) );
#10210 = ORIENTED_EDGE('',*,*,#10211,.F.);
#10211 = EDGE_CURVE('',#10143,#10189,#10212,.T.);
#10212 = SURFACE_CURVE('',#10213,(#10217,#10223),.PCURVE_S1.);
#10213 = LINE('',#10214,#10215);
#10214 = CARTESIAN_POINT('',(150.4,-109.7,-1.));
#10215 = VECTOR('',#10216,1.);
#10216 = DIRECTION('',(0.,1.,-0.));
#10217 = PCURVE('',#5092,#10218);
#10218 = DEFINITIONAL_REPRESENTATION('',(#10219),#10222);
#10219 = B_SPLINE_CURVE_WITH_KNOTS('',1,(#10220,#10221),.UNSPECIFIED.,
  .F.,.F.,(2,2),(40.7,50.7),.PIECEWISE_BEZIER_KNOTS.);
#10220 = CARTESIAN_POINT('',(5.000000000001E-02,0.));
#10221 = CARTESIAN_POINT('',(5.000000000001E-02,10.));
#10222 = ( GEOMETRIC_REPRESENTATION_CONTEXT(2) 
PARAMETRIC_REPRESENTATION_CONTEXT() REPRESENTATION_CONTEXT('2D SPACE',''
  ) );
#10223 = PCURVE('',#10083,#10224);
#10224 = DEFINITIONAL_REPRESENTATION('',(#10225),#10228);
#10225 = B_SPLINE_CURVE_WITH_KNOTS('',1,(#10226,#10227),.UNSPECIFIED.,
  .F.,.F.,(2,2),(40.7,50.7),.PIECEWISE_BEZIER_KNOTS.);
#10226 = CARTESIAN_POINT('',(81.4,1.6));
#10227 = CARTESIAN_POINT('',(91.4,1.6));
#10228 = ( GEOMETRIC_REPRESENTATION_CONTEXT(2) 
PARAMETRIC_REPRESENTATION_CONTEXT() REPRESENTATION_CONTEXT('2D SPACE',''
  ) );
#10229 = ORIENTED_EDGE('',*,*,#10163,.T.);
#10230 = ORIENTED_EDGE('',*,*,#5077,.T.);
#10231 = ADVANCED_FACE('',(#10232),#5066,.F.);
#10232 = FACE_BOUND('',#10233,.F.);
#10233 = EDGE_LOOP('',(#10234,#10235,#10254,#10255,#10256,#10277));
#10234 = ORIENTED_EDGE('',*,*,#10043,.F.);
#10235 = ORIENTED_EDGE('',*,*,#10236,.F.);
#10236 = EDGE_CURVE('',#10189,#10044,#10237,.T.);
#10237 = SURFACE_CURVE('',#10238,(#10242,#10248),.PCURVE_S1.);
#10238 = LINE('',#10239,#10240);
#10239 = CARTESIAN_POINT('',(150.4,-59.,-1.9));
#10240 = VECTOR('',#10241,1.);
#10241 = DIRECTION('',(0.,0.,-1.));
#10242 = PCURVE('',#5066,#10243);
#10243 = DEFINITIONAL_REPRESENTATION('',(#10244),#10247);
#10244 = B_SPLINE_CURVE_WITH_KNOTS('',1,(#10245,#10246),.UNSPECIFIED.,
  .F.,.F.,(2,2),(-0.9,2.5),.PIECEWISE_BEZIER_KNOTS.);
#10245 = CARTESIAN_POINT('',(3.4,5.000000000001E-02));
#10246 = CARTESIAN_POINT('',(0.,5.000000000001E-02));
#10247 = ( GEOMETRIC_REPRESENTATION_CONTEXT(2) 
PARAMETRIC_REPRESENTATION_CONTEXT() REPRESENTATION_CONTEXT('2D SPACE',''
  ) );
#10248 = PCURVE('',#10083,#10249);
#10249 = DEFINITIONAL_REPRESENTATION('',(#10250),#10253);
#10250 = B_SPLINE_CURVE_WITH_KNOTS('',1,(#10251,#10252),.UNSPECIFIED.,
  .F.,.F.,(2,2),(-0.9,2.5),.PIECEWISE_BEZIER_KNOTS.);
#10251 = CARTESIAN_POINT('',(91.4,1.6));
#10252 = CARTESIAN_POINT('',(91.4,5.));
#10253 = ( GEOMETRIC_REPRESENTATION_CONTEXT(2) 
PARAMETRIC_REPRESENTATION_CONTEXT() REPRESENTATION_CONTEXT('2D SPACE',''
  ) );
#10254 = ORIENTED_EDGE('',*,*,#10188,.T.);
#10255 = ORIENTED_EDGE('',*,*,#5051,.T.);
#10256 = ORIENTED_EDGE('',*,*,#10257,.F.);
#10257 = EDGE_CURVE('',#10258,#5026,#10260,.T.);
#10258 = VERTEX_POINT('',#10259);
#10259 = CARTESIAN_POINT('',(154.,-59.,-4.));
#10260 = SURFACE_CURVE('',#10261,(#10265,#10271),.PCURVE_S1.);
#10261 = LINE('',#10262,#10263);
#10262 = CARTESIAN_POINT('',(155.175,-59.,-4.));
#10263 = VECTOR('',#10264,1.);
#10264 = DIRECTION('',(-1.,0.,0.));
#10265 = PCURVE('',#5066,#10266);
#10266 = DEFINITIONAL_REPRESENTATION('',(#10267),#10270);
#10267 = B_SPLINE_CURVE_WITH_KNOTS('',1,(#10268,#10269),.UNSPECIFIED.,
  .F.,.F.,(2,2),(1.175,2.994649149803),.PIECEWISE_BEZIER_KNOTS.);
#10268 = CARTESIAN_POINT('',(0.4,3.65));
#10269 = CARTESIAN_POINT('',(0.4,1.830350850197));
#10270 = ( GEOMETRIC_REPRESENTATION_CONTEXT(2) 
PARAMETRIC_REPRESENTATION_CONTEXT() REPRESENTATION_CONTEXT('2D SPACE',''
  ) );
#10271 = PCURVE('',#5040,#10272);
#10272 = DEFINITIONAL_REPRESENTATION('',(#10273),#10276);
#10273 = B_SPLINE_CURVE_WITH_KNOTS('',1,(#10274,#10275),.UNSPECIFIED.,
  .F.,.F.,(2,2),(1.175,2.994649149803),.PIECEWISE_BEZIER_KNOTS.);
#10274 = CARTESIAN_POINT('',(-6.,-5.));
#10275 = CARTESIAN_POINT('',(-7.819649149803,-5.));
#10276 = ( GEOMETRIC_REPRESENTATION_CONTEXT(2) 
PARAMETRIC_REPRESENTATION_CONTEXT() REPRESENTATION_CONTEXT('2D SPACE',''
  ) );
#10277 = ORIENTED_EDGE('',*,*,#10278,.F.);
#10278 = EDGE_CURVE('',#10046,#10258,#10279,.T.);
#10279 = SURFACE_CURVE('',#10280,(#10284,#10291),.PCURVE_S1.);
#10280 = LINE('',#10281,#10282);
#10281 = CARTESIAN_POINT('',(154.,-59.,-4.4));
#10282 = VECTOR('',#10283,1.);
#10283 = DIRECTION('',(0.,0.,1.));
#10284 = PCURVE('',#5066,#10285);
#10285 = DEFINITIONAL_REPRESENTATION('',(#10286),#10290);
#10286 = LINE('',#10287,#10288);
#10287 = CARTESIAN_POINT('',(0.,3.65));
#10288 = VECTOR('',#10289,1.);
#10289 = DIRECTION('',(1.,0.));
#10290 = ( GEOMETRIC_REPRESENTATION_CONTEXT(2) 
PARAMETRIC_REPRESENTATION_CONTEXT() REPRESENTATION_CONTEXT('2D SPACE',''
  ) );
#10291 = PCURVE('',#8891,#10292);
#10292 = DEFINITIONAL_REPRESENTATION('',(#10293),#10297);
#10293 = LINE('',#10294,#10295);
#10294 = CARTESIAN_POINT('',(0.,-10.));
#10295 = VECTOR('',#10296,1.);
#10296 = DIRECTION('',(1.,0.));
#10297 = ( GEOMETRIC_REPRESENTATION_CONTEXT(2) 
PARAMETRIC_REPRESENTATION_CONTEXT() REPRESENTATION_CONTEXT('2D SPACE',''
  ) );
#10298 = ADVANCED_FACE('',(#10299,#10347),#5040,.T.);
#10299 = FACE_BOUND('',#10300,.T.);
#10300 = EDGE_LOOP('',(#10301,#10302,#10303,#10325,#10326,#10327,#10346)
  );
#10301 = ORIENTED_EDGE('',*,*,#8981,.F.);
#10302 = ORIENTED_EDGE('',*,*,#9131,.F.);
#10303 = ORIENTED_EDGE('',*,*,#10304,.F.);
#10304 = EDGE_CURVE('',#4998,#9111,#10305,.T.);
#10305 = SURFACE_CURVE('',#10306,(#10311,#10318),.PCURVE_S1.);
#10306 = CIRCLE('',#10307,3.1);
#10307 = AXIS2_PLACEMENT_3D('',#10308,#10309,#10310);
#10308 = CARTESIAN_POINT('',(149.9,-50.1,-4.));
#10309 = DIRECTION('',(0.,0.,1.));
#10310 = DIRECTION('',(1.,0.,-0.));
#10311 = PCURVE('',#5040,#10312);
#10312 = DEFINITIONAL_REPRESENTATION('',(#10313),#10317);
#10313 = CIRCLE('',#10314,3.1);
#10314 = AXIS2_PLACEMENT_2D('',#10315,#10316);
#10315 = CARTESIAN_POINT('',(-10.1,3.9));
#10316 = DIRECTION('',(1.,0.));
#10317 = ( GEOMETRIC_REPRESENTATION_CONTEXT(2) 
PARAMETRIC_REPRESENTATION_CONTEXT() REPRESENTATION_CONTEXT('2D SPACE',''
  ) );
#10318 = PCURVE('',#5013,#10319);
#10319 = DEFINITIONAL_REPRESENTATION('',(#10320),#10324);
#10320 = LINE('',#10321,#10322);
#10321 = CARTESIAN_POINT('',(0.,3.6));
#10322 = VECTOR('',#10323,1.);
#10323 = DIRECTION('',(1.,0.));
#10324 = ( GEOMETRIC_REPRESENTATION_CONTEXT(2) 
PARAMETRIC_REPRESENTATION_CONTEXT() REPRESENTATION_CONTEXT('2D SPACE',''
  ) );
#10325 = ORIENTED_EDGE('',*,*,#5025,.F.);
#10326 = ORIENTED_EDGE('',*,*,#10257,.F.);
#10327 = ORIENTED_EDGE('',*,*,#10328,.F.);
#10328 = EDGE_CURVE('',#8877,#10258,#10329,.T.);
#10329 = SURFACE_CURVE('',#10330,(#10334,#10340),.PCURVE_S1.);
#10330 = LINE('',#10331,#10332);
#10331 = CARTESIAN_POINT('',(154.,-61.5,-4.));
#10332 = VECTOR('',#10333,1.);
#10333 = DIRECTION('',(0.,1.,0.));
#10334 = PCURVE('',#5040,#10335);
#10335 = DEFINITIONAL_REPRESENTATION('',(#10336),#10339);
#10336 = B_SPLINE_CURVE_WITH_KNOTS('',1,(#10337,#10338),.UNSPECIFIED.,
  .F.,.F.,(2,2),(1.5,2.5),.PIECEWISE_BEZIER_KNOTS.);
#10337 = CARTESIAN_POINT('',(-6.,-6.));
#10338 = CARTESIAN_POINT('',(-6.,-5.));
#10339 = ( GEOMETRIC_REPRESENTATION_CONTEXT(2) 
PARAMETRIC_REPRESENTATION_CONTEXT() REPRESENTATION_CONTEXT('2D SPACE',''
  ) );
#10340 = PCURVE('',#8891,#10341);
#10341 = DEFINITIONAL_REPRESENTATION('',(#10342),#10345);
#10342 = B_SPLINE_CURVE_WITH_KNOTS('',1,(#10343,#10344),.UNSPECIFIED.,
  .F.,.F.,(2,2),(1.5,2.5),.PIECEWISE_BEZIER_KNOTS.);
#10343 = CARTESIAN_POINT('',(0.4,-9.));
#10344 = CARTESIAN_POINT('',(0.4,-10.));
#10345 = ( GEOMETRIC_REPRESENTATION_CONTEXT(2) 
PARAMETRIC_REPRESENTATION_CONTEXT() REPRESENTATION_CONTEXT('2D SPACE',''
  ) );
#10346 = ORIENTED_EDGE('',*,*,#8902,.T.);
#10347 = FACE_BOUND('',#10348,.T.);
#10348 = EDGE_LOOP('',(#10349));
#10349 = ORIENTED_EDGE('',*,*,#10350,.F.);
#10350 = EDGE_CURVE('',#10351,#10351,#10353,.T.);
#10351 = VERTEX_POINT('',#10352);
#10352 = CARTESIAN_POINT('',(164.3,-54.,-4.));
#10353 = SURFACE_CURVE('',#10354,(#10359,#10366),.PCURVE_S1.);
#10354 = CIRCLE('',#10355,4.3);
#10355 = AXIS2_PLACEMENT_3D('',#10356,#10357,#10358);
#10356 = CARTESIAN_POINT('',(160.,-54.,-4.));
#10357 = DIRECTION('',(0.,0.,1.));
#10358 = DIRECTION('',(1.,0.,-0.));
#10359 = PCURVE('',#5040,#10360);
#10360 = DEFINITIONAL_REPRESENTATION('',(#10361),#10365);
#10361 = CIRCLE('',#10362,4.3);
#10362 = AXIS2_PLACEMENT_2D('',#10363,#10364);
#10363 = CARTESIAN_POINT('',(0.,0.));
#10364 = DIRECTION('',(1.,0.));
#10365 = ( GEOMETRIC_REPRESENTATION_CONTEXT(2) 
PARAMETRIC_REPRESENTATION_CONTEXT() REPRESENTATION_CONTEXT('2D SPACE',''
  ) );
#10366 = PCURVE('',#9428,#10367);
#10367 = DEFINITIONAL_REPRESENTATION('',(#10368),#10372);
#10368 = LINE('',#10369,#10370);
#10369 = CARTESIAN_POINT('',(0.,2.05));
#10370 = VECTOR('',#10371,1.);
#10371 = DIRECTION('',(1.,0.));
#10372 = ( GEOMETRIC_REPRESENTATION_CONTEXT(2) 
PARAMETRIC_REPRESENTATION_CONTEXT() REPRESENTATION_CONTEXT('2D SPACE',''
  ) );
#10373 = ADVANCED_FACE('',(#10374),#5013,.T.);
#10374 = FACE_BOUND('',#10375,.T.);
#10375 = EDGE_LOOP('',(#10376,#10377,#10378,#10379,#10380,#10401));
#10376 = ORIENTED_EDGE('',*,*,#4997,.F.);
#10377 = ORIENTED_EDGE('',*,*,#10304,.T.);
#10378 = ORIENTED_EDGE('',*,*,#9110,.F.);
#10379 = ORIENTED_EDGE('',*,*,#9234,.T.);
#10380 = ORIENTED_EDGE('',*,*,#10381,.T.);
#10381 = EDGE_CURVE('',#9156,#8100,#10382,.T.);
#10382 = SURFACE_CURVE('',#10383,(#10387,#10394),.PCURVE_S1.);
#10383 = LINE('',#10384,#10385);
#10384 = CARTESIAN_POINT('',(149.9,-47.,-7.6));
#10385 = VECTOR('',#10386,1.);
#10386 = DIRECTION('',(0.,0.,1.));
#10387 = PCURVE('',#5013,#10388);
#10388 = DEFINITIONAL_REPRESENTATION('',(#10389),#10393);
#10389 = LINE('',#10390,#10391);
#10390 = CARTESIAN_POINT('',(1.570796326795,0.));
#10391 = VECTOR('',#10392,1.);
#10392 = DIRECTION('',(0.,1.));
#10393 = ( GEOMETRIC_REPRESENTATION_CONTEXT(2) 
PARAMETRIC_REPRESENTATION_CONTEXT() REPRESENTATION_CONTEXT('2D SPACE',''
  ) );
#10394 = PCURVE('',#8139,#10395);
#10395 = DEFINITIONAL_REPRESENTATION('',(#10396),#10400);
#10396 = LINE('',#10397,#10398);
#10397 = CARTESIAN_POINT('',(3.1,0.));
#10398 = VECTOR('',#10399,1.);
#10399 = DIRECTION('',(0.,-1.));
#10400 = ( GEOMETRIC_REPRESENTATION_CONTEXT(2) 
PARAMETRIC_REPRESENTATION_CONTEXT() REPRESENTATION_CONTEXT('2D SPACE',''
  ) );
#10401 = ORIENTED_EDGE('',*,*,#8099,.F.);
#10402 = ADVANCED_FACE('',(#10403),#4962,.T.);
#10403 = FACE_BOUND('',#10404,.T.);
#10404 = EDGE_LOOP('',(#10405,#10406,#10407,#10435));
#10405 = ORIENTED_EDGE('',*,*,#4946,.T.);
#10406 = ORIENTED_EDGE('',*,*,#8077,.F.);
#10407 = ORIENTED_EDGE('',*,*,#10408,.F.);
#10408 = EDGE_CURVE('',#10409,#8050,#10411,.T.);
#10409 = VERTEX_POINT('',#10410);
#10410 = CARTESIAN_POINT('',(151.6,-95.7,1.6));
#10411 = SURFACE_CURVE('',#10412,(#10416,#10423),.PCURVE_S1.);
#10412 = LINE('',#10413,#10414);
#10413 = CARTESIAN_POINT('',(151.6,-151.6,1.6));
#10414 = VECTOR('',#10415,1.);
#10415 = DIRECTION('',(0.,1.,0.));
#10416 = PCURVE('',#4962,#10417);
#10417 = DEFINITIONAL_REPRESENTATION('',(#10418),#10422);
#10418 = LINE('',#10419,#10420);
#10419 = CARTESIAN_POINT('',(51.6,-51.6));
#10420 = VECTOR('',#10421,1.);
#10421 = DIRECTION('',(0.,1.));
#10422 = ( GEOMETRIC_REPRESENTATION_CONTEXT(2) 
PARAMETRIC_REPRESENTATION_CONTEXT() REPRESENTATION_CONTEXT('2D SPACE',''
  ) );
#10423 = PCURVE('',#10424,#10429);
#10424 = PLANE('',#10425);
#10425 = AXIS2_PLACEMENT_3D('',#10426,#10427,#10428);
#10426 = CARTESIAN_POINT('',(150.35,-95.7,1.6));
#10427 = DIRECTION('',(0.,0.,1.));
#10428 = DIRECTION('',(1.,0.,0.));
#10429 = DEFINITIONAL_REPRESENTATION('',(#10430),#10434);
#10430 = LINE('',#10431,#10432);
#10431 = CARTESIAN_POINT('',(1.25,-55.9));
#10432 = VECTOR('',#10433,1.);
#10433 = DIRECTION('',(0.,1.));
#10434 = ( GEOMETRIC_REPRESENTATION_CONTEXT(2) 
PARAMETRIC_REPRESENTATION_CONTEXT() REPRESENTATION_CONTEXT('2D SPACE',''
  ) );
#10435 = ORIENTED_EDGE('',*,*,#10436,.T.);
#10436 = EDGE_CURVE('',#10409,#4919,#10437,.T.);
#10437 = SURFACE_CURVE('',#10438,(#10442,#10449),.PCURVE_S1.);
#10438 = LINE('',#10439,#10440);
#10439 = CARTESIAN_POINT('',(150.35,-95.7,1.6));
#10440 = VECTOR('',#10441,1.);
#10441 = DIRECTION('',(1.,0.,0.));
#10442 = PCURVE('',#4962,#10443);
#10443 = DEFINITIONAL_REPRESENTATION('',(#10444),#10448);
#10444 = LINE('',#10445,#10446);
#10445 = CARTESIAN_POINT('',(50.35,4.3));
#10446 = VECTOR('',#10447,1.);
#10447 = DIRECTION('',(1.,0.));
#10448 = ( GEOMETRIC_REPRESENTATION_CONTEXT(2) 
PARAMETRIC_REPRESENTATION_CONTEXT() REPRESENTATION_CONTEXT('2D SPACE',''
  ) );
#10449 = PCURVE('',#4934,#10450);
#10450 = DEFINITIONAL_REPRESENTATION('',(#10451),#10455);
#10451 = LINE('',#10452,#10453);
#10452 = CARTESIAN_POINT('',(50.35,4.3));
#10453 = VECTOR('',#10454,1.);
#10454 = DIRECTION('',(1.,0.));
#10455 = ( GEOMETRIC_REPRESENTATION_CONTEXT(2) 
PARAMETRIC_REPRESENTATION_CONTEXT() REPRESENTATION_CONTEXT('2D SPACE',''
  ) );
#10456 = ADVANCED_FACE('',(#10457),#4934,.T.);
#10457 = FACE_BOUND('',#10458,.T.);
#10458 = EDGE_LOOP('',(#10459,#10460,#10461,#10482));
#10459 = ORIENTED_EDGE('',*,*,#4918,.T.);
#10460 = ORIENTED_EDGE('',*,*,#10436,.F.);
#10461 = ORIENTED_EDGE('',*,*,#10462,.F.);
#10462 = EDGE_CURVE('',#5957,#10409,#10463,.T.);
#10463 = SURFACE_CURVE('',#10464,(#10468,#10475),.PCURVE_S1.);
#10464 = LINE('',#10465,#10466);
#10465 = CARTESIAN_POINT('',(151.6,-151.6,1.6));
#10466 = VECTOR('',#10467,1.);
#10467 = DIRECTION('',(0.,1.,0.));
#10468 = PCURVE('',#4934,#10469);
#10469 = DEFINITIONAL_REPRESENTATION('',(#10470),#10474);
#10470 = LINE('',#10471,#10472);
#10471 = CARTESIAN_POINT('',(51.6,-51.6));
#10472 = VECTOR('',#10473,1.);
#10473 = DIRECTION('',(0.,1.));
#10474 = ( GEOMETRIC_REPRESENTATION_CONTEXT(2) 
PARAMETRIC_REPRESENTATION_CONTEXT() REPRESENTATION_CONTEXT('2D SPACE',''
  ) );
#10475 = PCURVE('',#8065,#10476);
#10476 = DEFINITIONAL_REPRESENTATION('',(#10477),#10481);
#10477 = LINE('',#10478,#10479);
#10478 = CARTESIAN_POINT('',(0.,0.));
#10479 = VECTOR('',#10480,1.);
#10480 = DIRECTION('',(1.,0.));
#10481 = ( GEOMETRIC_REPRESENTATION_CONTEXT(2) 
PARAMETRIC_REPRESENTATION_CONTEXT() REPRESENTATION_CONTEXT('2D SPACE',''
  ) );
#10482 = ORIENTED_EDGE('',*,*,#5956,.T.);
#10483 = ADVANCED_FACE('',(#10484),#5237,.F.);
#10484 = FACE_BOUND('',#10485,.F.);
#10485 = EDGE_LOOP('',(#10486,#10509,#10530,#10551));
#10486 = ORIENTED_EDGE('',*,*,#10487,.F.);
#10487 = EDGE_CURVE('',#10488,#5223,#10490,.T.);
#10488 = VERTEX_POINT('',#10489);
#10489 = CARTESIAN_POINT('',(150.4,-99.,-1.));
#10490 = SURFACE_CURVE('',#10491,(#10495,#10502),.PCURVE_S1.);
#10491 = LINE('',#10492,#10493);
#10492 = CARTESIAN_POINT('',(150.35,-99.,-1.));
#10493 = VECTOR('',#10494,1.);
#10494 = DIRECTION('',(1.,0.,0.));
#10495 = PCURVE('',#5237,#10496);
#10496 = DEFINITIONAL_REPRESENTATION('',(#10497),#10501);
#10497 = LINE('',#10498,#10499);
#10498 = CARTESIAN_POINT('',(0.,10.));
#10499 = VECTOR('',#10500,1.);
#10500 = DIRECTION('',(1.,0.));
#10501 = ( GEOMETRIC_REPRESENTATION_CONTEXT(2) 
PARAMETRIC_REPRESENTATION_CONTEXT() REPRESENTATION_CONTEXT('2D SPACE',''
  ) );
#10502 = PCURVE('',#5313,#10503);
#10503 = DEFINITIONAL_REPRESENTATION('',(#10504),#10508);
#10504 = LINE('',#10505,#10506);
#10505 = CARTESIAN_POINT('',(3.4,0.));
#10506 = VECTOR('',#10507,1.);
#10507 = DIRECTION('',(0.,1.));
#10508 = ( GEOMETRIC_REPRESENTATION_CONTEXT(2) 
PARAMETRIC_REPRESENTATION_CONTEXT() REPRESENTATION_CONTEXT('2D SPACE',''
  ) );
#10509 = ORIENTED_EDGE('',*,*,#10510,.F.);
#10510 = EDGE_CURVE('',#10511,#10488,#10513,.T.);
#10511 = VERTEX_POINT('',#10512);
#10512 = CARTESIAN_POINT('',(150.4,-109.,-1.));
#10513 = SURFACE_CURVE('',#10514,(#10518,#10524),.PCURVE_S1.);
#10514 = LINE('',#10515,#10516);
#10515 = CARTESIAN_POINT('',(150.4,-129.7,-1.));
#10516 = VECTOR('',#10517,1.);
#10517 = DIRECTION('',(0.,1.,-0.));
#10518 = PCURVE('',#5237,#10519);
#10519 = DEFINITIONAL_REPRESENTATION('',(#10520),#10523);
#10520 = B_SPLINE_CURVE_WITH_KNOTS('',1,(#10521,#10522),.UNSPECIFIED.,
  .F.,.F.,(2,2),(20.7,30.7),.PIECEWISE_BEZIER_KNOTS.);
#10521 = CARTESIAN_POINT('',(5.000000000001E-02,0.));
#10522 = CARTESIAN_POINT('',(5.000000000001E-02,10.));
#10523 = ( GEOMETRIC_REPRESENTATION_CONTEXT(2) 
PARAMETRIC_REPRESENTATION_CONTEXT() REPRESENTATION_CONTEXT('2D SPACE',''
  ) );
#10524 = PCURVE('',#10083,#10525);
#10525 = DEFINITIONAL_REPRESENTATION('',(#10526),#10529);
#10526 = B_SPLINE_CURVE_WITH_KNOTS('',1,(#10527,#10528),.UNSPECIFIED.,
  .F.,.F.,(2,2),(20.7,30.7),.PIECEWISE_BEZIER_KNOTS.);
#10527 = CARTESIAN_POINT('',(41.4,1.6));
#10528 = CARTESIAN_POINT('',(51.4,1.6));
#10529 = ( GEOMETRIC_REPRESENTATION_CONTEXT(2) 
PARAMETRIC_REPRESENTATION_CONTEXT() REPRESENTATION_CONTEXT('2D SPACE',''
  ) );
#10530 = ORIENTED_EDGE('',*,*,#10531,.T.);
#10531 = EDGE_CURVE('',#10511,#5221,#10532,.T.);
#10532 = SURFACE_CURVE('',#10533,(#10537,#10544),.PCURVE_S1.);
#10533 = LINE('',#10534,#10535);
#10534 = CARTESIAN_POINT('',(150.35,-109.,-1.));
#10535 = VECTOR('',#10536,1.);
#10536 = DIRECTION('',(1.,0.,0.));
#10537 = PCURVE('',#5237,#10538);
#10538 = DEFINITIONAL_REPRESENTATION('',(#10539),#10543);
#10539 = LINE('',#10540,#10541);
#10540 = CARTESIAN_POINT('',(0.,0.));
#10541 = VECTOR('',#10542,1.);
#10542 = DIRECTION('',(1.,0.));
#10543 = ( GEOMETRIC_REPRESENTATION_CONTEXT(2) 
PARAMETRIC_REPRESENTATION_CONTEXT() REPRESENTATION_CONTEXT('2D SPACE',''
  ) );
#10544 = PCURVE('',#5263,#10545);
#10545 = DEFINITIONAL_REPRESENTATION('',(#10546),#10550);
#10546 = LINE('',#10547,#10548);
#10547 = CARTESIAN_POINT('',(3.4,0.));
#10548 = VECTOR('',#10549,1.);
#10549 = DIRECTION('',(0.,1.));
#10550 = ( GEOMETRIC_REPRESENTATION_CONTEXT(2) 
PARAMETRIC_REPRESENTATION_CONTEXT() REPRESENTATION_CONTEXT('2D SPACE',''
  ) );
#10551 = ORIENTED_EDGE('',*,*,#5220,.T.);
#10552 = ADVANCED_FACE('',(#10553),#5313,.F.);
#10553 = FACE_BOUND('',#10554,.F.);
#10554 = EDGE_LOOP('',(#10555,#10578,#10597,#10598));
#10555 = ORIENTED_EDGE('',*,*,#10556,.F.);
#10556 = EDGE_CURVE('',#10557,#5275,#10559,.T.);
#10557 = VERTEX_POINT('',#10558);
#10558 = CARTESIAN_POINT('',(150.4,-99.,-4.4));
#10559 = SURFACE_CURVE('',#10560,(#10564,#10571),.PCURVE_S1.);
#10560 = LINE('',#10561,#10562);
#10561 = CARTESIAN_POINT('',(150.35,-99.,-4.4));
#10562 = VECTOR('',#10563,1.);
#10563 = DIRECTION('',(1.,0.,0.));
#10564 = PCURVE('',#5313,#10565);
#10565 = DEFINITIONAL_REPRESENTATION('',(#10566),#10570);
#10566 = LINE('',#10567,#10568);
#10567 = CARTESIAN_POINT('',(0.,0.));
#10568 = VECTOR('',#10569,1.);
#10569 = DIRECTION('',(0.,1.));
#10570 = ( GEOMETRIC_REPRESENTATION_CONTEXT(2) 
PARAMETRIC_REPRESENTATION_CONTEXT() REPRESENTATION_CONTEXT('2D SPACE',''
  ) );
#10571 = PCURVE('',#5289,#10572);
#10572 = DEFINITIONAL_REPRESENTATION('',(#10573),#10577);
#10573 = LINE('',#10574,#10575);
#10574 = CARTESIAN_POINT('',(0.,10.));
#10575 = VECTOR('',#10576,1.);
#10576 = DIRECTION('',(1.,0.));
#10577 = ( GEOMETRIC_REPRESENTATION_CONTEXT(2) 
PARAMETRIC_REPRESENTATION_CONTEXT() REPRESENTATION_CONTEXT('2D SPACE',''
  ) );
#10578 = ORIENTED_EDGE('',*,*,#10579,.F.);
#10579 = EDGE_CURVE('',#10488,#10557,#10580,.T.);
#10580 = SURFACE_CURVE('',#10581,(#10585,#10591),.PCURVE_S1.);
#10581 = LINE('',#10582,#10583);
#10582 = CARTESIAN_POINT('',(150.4,-99.,-1.9));
#10583 = VECTOR('',#10584,1.);
#10584 = DIRECTION('',(0.,0.,-1.));
#10585 = PCURVE('',#5313,#10586);
#10586 = DEFINITIONAL_REPRESENTATION('',(#10587),#10590);
#10587 = B_SPLINE_CURVE_WITH_KNOTS('',1,(#10588,#10589),.UNSPECIFIED.,
  .F.,.F.,(2,2),(-0.9,2.5),.PIECEWISE_BEZIER_KNOTS.);
#10588 = CARTESIAN_POINT('',(3.4,5.000000000001E-02));
#10589 = CARTESIAN_POINT('',(0.,5.000000000001E-02));
#10590 = ( GEOMETRIC_REPRESENTATION_CONTEXT(2) 
PARAMETRIC_REPRESENTATION_CONTEXT() REPRESENTATION_CONTEXT('2D SPACE',''
  ) );
#10591 = PCURVE('',#10083,#10592);
#10592 = DEFINITIONAL_REPRESENTATION('',(#10593),#10596);
#10593 = B_SPLINE_CURVE_WITH_KNOTS('',1,(#10594,#10595),.UNSPECIFIED.,
  .F.,.F.,(2,2),(-0.9,2.5),.PIECEWISE_BEZIER_KNOTS.);
#10594 = CARTESIAN_POINT('',(51.4,1.6));
#10595 = CARTESIAN_POINT('',(51.4,5.));
#10596 = ( GEOMETRIC_REPRESENTATION_CONTEXT(2) 
PARAMETRIC_REPRESENTATION_CONTEXT() REPRESENTATION_CONTEXT('2D SPACE',''
  ) );
#10597 = ORIENTED_EDGE('',*,*,#10487,.T.);
#10598 = ORIENTED_EDGE('',*,*,#5300,.T.);
#10599 = ADVANCED_FACE('',(#10600),#5289,.T.);
#10600 = FACE_BOUND('',#10601,.T.);
#10601 = EDGE_LOOP('',(#10602,#10603,#10624,#10645));
#10602 = ORIENTED_EDGE('',*,*,#10556,.F.);
#10603 = ORIENTED_EDGE('',*,*,#10604,.F.);
#10604 = EDGE_CURVE('',#10605,#10557,#10607,.T.);
#10605 = VERTEX_POINT('',#10606);
#10606 = CARTESIAN_POINT('',(150.4,-109.,-4.4));
#10607 = SURFACE_CURVE('',#10608,(#10612,#10618),.PCURVE_S1.);
#10608 = LINE('',#10609,#10610);
#10609 = CARTESIAN_POINT('',(150.4,-129.7,-4.4));
#10610 = VECTOR('',#10611,1.);
#10611 = DIRECTION('',(0.,1.,-0.));
#10612 = PCURVE('',#5289,#10613);
#10613 = DEFINITIONAL_REPRESENTATION('',(#10614),#10617);
#10614 = B_SPLINE_CURVE_WITH_KNOTS('',1,(#10615,#10616),.UNSPECIFIED.,
  .F.,.F.,(2,2),(20.7,30.7),.PIECEWISE_BEZIER_KNOTS.);
#10615 = CARTESIAN_POINT('',(5.000000000001E-02,0.));
#10616 = CARTESIAN_POINT('',(5.000000000001E-02,10.));
#10617 = ( GEOMETRIC_REPRESENTATION_CONTEXT(2) 
PARAMETRIC_REPRESENTATION_CONTEXT() REPRESENTATION_CONTEXT('2D SPACE',''
  ) );
#10618 = PCURVE('',#10083,#10619);
#10619 = DEFINITIONAL_REPRESENTATION('',(#10620),#10623);
#10620 = B_SPLINE_CURVE_WITH_KNOTS('',1,(#10621,#10622),.UNSPECIFIED.,
  .F.,.F.,(2,2),(20.7,30.7),.PIECEWISE_BEZIER_KNOTS.);
#10621 = CARTESIAN_POINT('',(41.4,5.));
#10622 = CARTESIAN_POINT('',(51.4,5.));
#10623 = ( GEOMETRIC_REPRESENTATION_CONTEXT(2) 
PARAMETRIC_REPRESENTATION_CONTEXT() REPRESENTATION_CONTEXT('2D SPACE',''
  ) );
#10624 = ORIENTED_EDGE('',*,*,#10625,.T.);
#10625 = EDGE_CURVE('',#10605,#5249,#10626,.T.);
#10626 = SURFACE_CURVE('',#10627,(#10631,#10638),.PCURVE_S1.);
#10627 = LINE('',#10628,#10629);
#10628 = CARTESIAN_POINT('',(150.35,-109.,-4.4));
#10629 = VECTOR('',#10630,1.);
#10630 = DIRECTION('',(1.,0.,0.));
#10631 = PCURVE('',#5289,#10632);
#10632 = DEFINITIONAL_REPRESENTATION('',(#10633),#10637);
#10633 = LINE('',#10634,#10635);
#10634 = CARTESIAN_POINT('',(0.,0.));
#10635 = VECTOR('',#10636,1.);
#10636 = DIRECTION('',(1.,0.));
#10637 = ( GEOMETRIC_REPRESENTATION_CONTEXT(2) 
PARAMETRIC_REPRESENTATION_CONTEXT() REPRESENTATION_CONTEXT('2D SPACE',''
  ) );
#10638 = PCURVE('',#5263,#10639);
#10639 = DEFINITIONAL_REPRESENTATION('',(#10640),#10644);
#10640 = LINE('',#10641,#10642);
#10641 = CARTESIAN_POINT('',(0.,0.));
#10642 = VECTOR('',#10643,1.);
#10643 = DIRECTION('',(0.,1.));
#10644 = ( GEOMETRIC_REPRESENTATION_CONTEXT(2) 
PARAMETRIC_REPRESENTATION_CONTEXT() REPRESENTATION_CONTEXT('2D SPACE',''
  ) );
#10645 = ORIENTED_EDGE('',*,*,#5274,.T.);
#10646 = ADVANCED_FACE('',(#10647),#5263,.T.);
#10647 = FACE_BOUND('',#10648,.T.);
#10648 = EDGE_LOOP('',(#10649,#10650,#10669,#10670));
#10649 = ORIENTED_EDGE('',*,*,#10625,.F.);
#10650 = ORIENTED_EDGE('',*,*,#10651,.F.);
#10651 = EDGE_CURVE('',#10511,#10605,#10652,.T.);
#10652 = SURFACE_CURVE('',#10653,(#10657,#10663),.PCURVE_S1.);
#10653 = LINE('',#10654,#10655);
#10654 = CARTESIAN_POINT('',(150.4,-109.,-1.9));
#10655 = VECTOR('',#10656,1.);
#10656 = DIRECTION('',(0.,0.,-1.));
#10657 = PCURVE('',#5263,#10658);
#10658 = DEFINITIONAL_REPRESENTATION('',(#10659),#10662);
#10659 = B_SPLINE_CURVE_WITH_KNOTS('',1,(#10660,#10661),.UNSPECIFIED.,
  .F.,.F.,(2,2),(-0.9,2.5),.PIECEWISE_BEZIER_KNOTS.);
#10660 = CARTESIAN_POINT('',(3.4,5.000000000001E-02));
#10661 = CARTESIAN_POINT('',(0.,5.000000000001E-02));
#10662 = ( GEOMETRIC_REPRESENTATION_CONTEXT(2) 
PARAMETRIC_REPRESENTATION_CONTEXT() REPRESENTATION_CONTEXT('2D SPACE',''
  ) );
#10663 = PCURVE('',#10083,#10664);
#10664 = DEFINITIONAL_REPRESENTATION('',(#10665),#10668);
#10665 = B_SPLINE_CURVE_WITH_KNOTS('',1,(#10666,#10667),.UNSPECIFIED.,
  .F.,.F.,(2,2),(-0.9,2.5),.PIECEWISE_BEZIER_KNOTS.);
#10666 = CARTESIAN_POINT('',(41.4,1.6));
#10667 = CARTESIAN_POINT('',(41.4,5.));
#10668 = ( GEOMETRIC_REPRESENTATION_CONTEXT(2) 
PARAMETRIC_REPRESENTATION_CONTEXT() REPRESENTATION_CONTEXT('2D SPACE',''
  ) );
#10669 = ORIENTED_EDGE('',*,*,#10531,.T.);
#10670 = ORIENTED_EDGE('',*,*,#5248,.T.);
#10671 = ADVANCED_FACE('',(#10672),#5343,.F.);
#10672 = FACE_BOUND('',#10673,.F.);
#10673 = EDGE_LOOP('',(#10674,#10697,#10718,#10739));
#10674 = ORIENTED_EDGE('',*,*,#10675,.F.);
#10675 = EDGE_CURVE('',#10676,#5329,#10678,.T.);
#10676 = VERTEX_POINT('',#10677);
#10677 = CARTESIAN_POINT('',(150.4,-79.,-1.));
#10678 = SURFACE_CURVE('',#10679,(#10683,#10690),.PCURVE_S1.);
#10679 = LINE('',#10680,#10681);
#10680 = CARTESIAN_POINT('',(150.35,-79.,-1.));
#10681 = VECTOR('',#10682,1.);
#10682 = DIRECTION('',(1.,0.,0.));
#10683 = PCURVE('',#5343,#10684);
#10684 = DEFINITIONAL_REPRESENTATION('',(#10685),#10689);
#10685 = LINE('',#10686,#10687);
#10686 = CARTESIAN_POINT('',(0.,10.));
#10687 = VECTOR('',#10688,1.);
#10688 = DIRECTION('',(1.,0.));
#10689 = ( GEOMETRIC_REPRESENTATION_CONTEXT(2) 
PARAMETRIC_REPRESENTATION_CONTEXT() REPRESENTATION_CONTEXT('2D SPACE',''
  ) );
#10690 = PCURVE('',#5419,#10691);
#10691 = DEFINITIONAL_REPRESENTATION('',(#10692),#10696);
#10692 = LINE('',#10693,#10694);
#10693 = CARTESIAN_POINT('',(3.4,0.));
#10694 = VECTOR('',#10695,1.);
#10695 = DIRECTION('',(0.,1.));
#10696 = ( GEOMETRIC_REPRESENTATION_CONTEXT(2) 
PARAMETRIC_REPRESENTATION_CONTEXT() REPRESENTATION_CONTEXT('2D SPACE',''
  ) );
#10697 = ORIENTED_EDGE('',*,*,#10698,.F.);
#10698 = EDGE_CURVE('',#10699,#10676,#10701,.T.);
#10699 = VERTEX_POINT('',#10700);
#10700 = CARTESIAN_POINT('',(150.4,-89.,-1.));
#10701 = SURFACE_CURVE('',#10702,(#10706,#10712),.PCURVE_S1.);
#10702 = LINE('',#10703,#10704);
#10703 = CARTESIAN_POINT('',(150.4,-119.7,-1.));
#10704 = VECTOR('',#10705,1.);
#10705 = DIRECTION('',(0.,1.,-0.));
#10706 = PCURVE('',#5343,#10707);
#10707 = DEFINITIONAL_REPRESENTATION('',(#10708),#10711);
#10708 = B_SPLINE_CURVE_WITH_KNOTS('',1,(#10709,#10710),.UNSPECIFIED.,
  .F.,.F.,(2,2),(30.7,40.7),.PIECEWISE_BEZIER_KNOTS.);
#10709 = CARTESIAN_POINT('',(5.000000000001E-02,0.));
#10710 = CARTESIAN_POINT('',(5.000000000001E-02,10.));
#10711 = ( GEOMETRIC_REPRESENTATION_CONTEXT(2) 
PARAMETRIC_REPRESENTATION_CONTEXT() REPRESENTATION_CONTEXT('2D SPACE',''
  ) );
#10712 = PCURVE('',#10083,#10713);
#10713 = DEFINITIONAL_REPRESENTATION('',(#10714),#10717);
#10714 = B_SPLINE_CURVE_WITH_KNOTS('',1,(#10715,#10716),.UNSPECIFIED.,
  .F.,.F.,(2,2),(30.7,40.7),.PIECEWISE_BEZIER_KNOTS.);
#10715 = CARTESIAN_POINT('',(61.4,1.6));
#10716 = CARTESIAN_POINT('',(71.4,1.6));
#10717 = ( GEOMETRIC_REPRESENTATION_CONTEXT(2) 
PARAMETRIC_REPRESENTATION_CONTEXT() REPRESENTATION_CONTEXT('2D SPACE',''
  ) );
#10718 = ORIENTED_EDGE('',*,*,#10719,.T.);
#10719 = EDGE_CURVE('',#10699,#5327,#10720,.T.);
#10720 = SURFACE_CURVE('',#10721,(#10725,#10732),.PCURVE_S1.);
#10721 = LINE('',#10722,#10723);
#10722 = CARTESIAN_POINT('',(150.35,-89.,-1.));
#10723 = VECTOR('',#10724,1.);
#10724 = DIRECTION('',(1.,0.,0.));
#10725 = PCURVE('',#5343,#10726);
#10726 = DEFINITIONAL_REPRESENTATION('',(#10727),#10731);
#10727 = LINE('',#10728,#10729);
#10728 = CARTESIAN_POINT('',(0.,0.));
#10729 = VECTOR('',#10730,1.);
#10730 = DIRECTION('',(1.,0.));
#10731 = ( GEOMETRIC_REPRESENTATION_CONTEXT(2) 
PARAMETRIC_REPRESENTATION_CONTEXT() REPRESENTATION_CONTEXT('2D SPACE',''
  ) );
#10732 = PCURVE('',#5369,#10733);
#10733 = DEFINITIONAL_REPRESENTATION('',(#10734),#10738);
#10734 = LINE('',#10735,#10736);
#10735 = CARTESIAN_POINT('',(3.4,0.));
#10736 = VECTOR('',#10737,1.);
#10737 = DIRECTION('',(0.,1.));
#10738 = ( GEOMETRIC_REPRESENTATION_CONTEXT(2) 
PARAMETRIC_REPRESENTATION_CONTEXT() REPRESENTATION_CONTEXT('2D SPACE',''
  ) );
#10739 = ORIENTED_EDGE('',*,*,#5326,.T.);
#10740 = ADVANCED_FACE('',(#10741),#5419,.F.);
#10741 = FACE_BOUND('',#10742,.F.);
#10742 = EDGE_LOOP('',(#10743,#10766,#10785,#10786));
#10743 = ORIENTED_EDGE('',*,*,#10744,.F.);
#10744 = EDGE_CURVE('',#10745,#5381,#10747,.T.);
#10745 = VERTEX_POINT('',#10746);
#10746 = CARTESIAN_POINT('',(150.4,-79.,-4.4));
#10747 = SURFACE_CURVE('',#10748,(#10752,#10759),.PCURVE_S1.);
#10748 = LINE('',#10749,#10750);
#10749 = CARTESIAN_POINT('',(150.35,-79.,-4.4));
#10750 = VECTOR('',#10751,1.);
#10751 = DIRECTION('',(1.,0.,0.));
#10752 = PCURVE('',#5419,#10753);
#10753 = DEFINITIONAL_REPRESENTATION('',(#10754),#10758);
#10754 = LINE('',#10755,#10756);
#10755 = CARTESIAN_POINT('',(0.,0.));
#10756 = VECTOR('',#10757,1.);
#10757 = DIRECTION('',(0.,1.));
#10758 = ( GEOMETRIC_REPRESENTATION_CONTEXT(2) 
PARAMETRIC_REPRESENTATION_CONTEXT() REPRESENTATION_CONTEXT('2D SPACE',''
  ) );
#10759 = PCURVE('',#5395,#10760);
#10760 = DEFINITIONAL_REPRESENTATION('',(#10761),#10765);
#10761 = LINE('',#10762,#10763);
#10762 = CARTESIAN_POINT('',(0.,10.));
#10763 = VECTOR('',#10764,1.);
#10764 = DIRECTION('',(1.,0.));
#10765 = ( GEOMETRIC_REPRESENTATION_CONTEXT(2) 
PARAMETRIC_REPRESENTATION_CONTEXT() REPRESENTATION_CONTEXT('2D SPACE',''
  ) );
#10766 = ORIENTED_EDGE('',*,*,#10767,.F.);
#10767 = EDGE_CURVE('',#10676,#10745,#10768,.T.);
#10768 = SURFACE_CURVE('',#10769,(#10773,#10779),.PCURVE_S1.);
#10769 = LINE('',#10770,#10771);
#10770 = CARTESIAN_POINT('',(150.4,-79.,-1.9));
#10771 = VECTOR('',#10772,1.);
#10772 = DIRECTION('',(0.,0.,-1.));
#10773 = PCURVE('',#5419,#10774);
#10774 = DEFINITIONAL_REPRESENTATION('',(#10775),#10778);
#10775 = B_SPLINE_CURVE_WITH_KNOTS('',1,(#10776,#10777),.UNSPECIFIED.,
  .F.,.F.,(2,2),(-0.9,2.5),.PIECEWISE_BEZIER_KNOTS.);
#10776 = CARTESIAN_POINT('',(3.4,5.000000000001E-02));
#10777 = CARTESIAN_POINT('',(0.,5.000000000001E-02));
#10778 = ( GEOMETRIC_REPRESENTATION_CONTEXT(2) 
PARAMETRIC_REPRESENTATION_CONTEXT() REPRESENTATION_CONTEXT('2D SPACE',''
  ) );
#10779 = PCURVE('',#10083,#10780);
#10780 = DEFINITIONAL_REPRESENTATION('',(#10781),#10784);
#10781 = B_SPLINE_CURVE_WITH_KNOTS('',1,(#10782,#10783),.UNSPECIFIED.,
  .F.,.F.,(2,2),(-0.9,2.5),.PIECEWISE_BEZIER_KNOTS.);
#10782 = CARTESIAN_POINT('',(71.4,1.6));
#10783 = CARTESIAN_POINT('',(71.4,5.));
#10784 = ( GEOMETRIC_REPRESENTATION_CONTEXT(2) 
PARAMETRIC_REPRESENTATION_CONTEXT() REPRESENTATION_CONTEXT('2D SPACE',''
  ) );
#10785 = ORIENTED_EDGE('',*,*,#10675,.T.);
#10786 = ORIENTED_EDGE('',*,*,#5406,.T.);
#10787 = ADVANCED_FACE('',(#10788),#5395,.T.);
#10788 = FACE_BOUND('',#10789,.T.);
#10789 = EDGE_LOOP('',(#10790,#10791,#10812,#10833));
#10790 = ORIENTED_EDGE('',*,*,#10744,.F.);
#10791 = ORIENTED_EDGE('',*,*,#10792,.F.);
#10792 = EDGE_CURVE('',#10793,#10745,#10795,.T.);
#10793 = VERTEX_POINT('',#10794);
#10794 = CARTESIAN_POINT('',(150.4,-89.,-4.4));
#10795 = SURFACE_CURVE('',#10796,(#10800,#10806),.PCURVE_S1.);
#10796 = LINE('',#10797,#10798);
#10797 = CARTESIAN_POINT('',(150.4,-119.7,-4.4));
#10798 = VECTOR('',#10799,1.);
#10799 = DIRECTION('',(0.,1.,-0.));
#10800 = PCURVE('',#5395,#10801);
#10801 = DEFINITIONAL_REPRESENTATION('',(#10802),#10805);
#10802 = B_SPLINE_CURVE_WITH_KNOTS('',1,(#10803,#10804),.UNSPECIFIED.,
  .F.,.F.,(2,2),(30.7,40.7),.PIECEWISE_BEZIER_KNOTS.);
#10803 = CARTESIAN_POINT('',(5.000000000001E-02,0.));
#10804 = CARTESIAN_POINT('',(5.000000000001E-02,10.));
#10805 = ( GEOMETRIC_REPRESENTATION_CONTEXT(2) 
PARAMETRIC_REPRESENTATION_CONTEXT() REPRESENTATION_CONTEXT('2D SPACE',''
  ) );
#10806 = PCURVE('',#10083,#10807);
#10807 = DEFINITIONAL_REPRESENTATION('',(#10808),#10811);
#10808 = B_SPLINE_CURVE_WITH_KNOTS('',1,(#10809,#10810),.UNSPECIFIED.,
  .F.,.F.,(2,2),(30.7,40.7),.PIECEWISE_BEZIER_KNOTS.);
#10809 = CARTESIAN_POINT('',(61.4,5.));
#10810 = CARTESIAN_POINT('',(71.4,5.));
#10811 = ( GEOMETRIC_REPRESENTATION_CONTEXT(2) 
PARAMETRIC_REPRESENTATION_CONTEXT() REPRESENTATION_CONTEXT('2D SPACE',''
  ) );
#10812 = ORIENTED_EDGE('',*,*,#10813,.T.);
#10813 = EDGE_CURVE('',#10793,#5355,#10814,.T.);
#10814 = SURFACE_CURVE('',#10815,(#10819,#10826),.PCURVE_S1.);
#10815 = LINE('',#10816,#10817);
#10816 = CARTESIAN_POINT('',(150.35,-89.,-4.4));
#10817 = VECTOR('',#10818,1.);
#10818 = DIRECTION('',(1.,0.,0.));
#10819 = PCURVE('',#5395,#10820);
#10820 = DEFINITIONAL_REPRESENTATION('',(#10821),#10825);
#10821 = LINE('',#10822,#10823);
#10822 = CARTESIAN_POINT('',(0.,0.));
#10823 = VECTOR('',#10824,1.);
#10824 = DIRECTION('',(1.,0.));
#10825 = ( GEOMETRIC_REPRESENTATION_CONTEXT(2) 
PARAMETRIC_REPRESENTATION_CONTEXT() REPRESENTATION_CONTEXT('2D SPACE',''
  ) );
#10826 = PCURVE('',#5369,#10827);
#10827 = DEFINITIONAL_REPRESENTATION('',(#10828),#10832);
#10828 = LINE('',#10829,#10830);
#10829 = CARTESIAN_POINT('',(0.,0.));
#10830 = VECTOR('',#10831,1.);
#10831 = DIRECTION('',(0.,1.));
#10832 = ( GEOMETRIC_REPRESENTATION_CONTEXT(2) 
PARAMETRIC_REPRESENTATION_CONTEXT() REPRESENTATION_CONTEXT('2D SPACE',''
  ) );
#10833 = ORIENTED_EDGE('',*,*,#5380,.T.);
#10834 = ADVANCED_FACE('',(#10835),#5369,.T.);
#10835 = FACE_BOUND('',#10836,.T.);
#10836 = EDGE_LOOP('',(#10837,#10838,#10857,#10858));
#10837 = ORIENTED_EDGE('',*,*,#10813,.F.);
#10838 = ORIENTED_EDGE('',*,*,#10839,.F.);
#10839 = EDGE_CURVE('',#10699,#10793,#10840,.T.);
#10840 = SURFACE_CURVE('',#10841,(#10845,#10851),.PCURVE_S1.);
#10841 = LINE('',#10842,#10843);
#10842 = CARTESIAN_POINT('',(150.4,-89.,-1.9));
#10843 = VECTOR('',#10844,1.);
#10844 = DIRECTION('',(0.,0.,-1.));
#10845 = PCURVE('',#5369,#10846);
#10846 = DEFINITIONAL_REPRESENTATION('',(#10847),#10850);
#10847 = B_SPLINE_CURVE_WITH_KNOTS('',1,(#10848,#10849),.UNSPECIFIED.,
  .F.,.F.,(2,2),(-0.9,2.5),.PIECEWISE_BEZIER_KNOTS.);
#10848 = CARTESIAN_POINT('',(3.4,5.000000000001E-02));
#10849 = CARTESIAN_POINT('',(0.,5.000000000001E-02));
#10850 = ( GEOMETRIC_REPRESENTATION_CONTEXT(2) 
PARAMETRIC_REPRESENTATION_CONTEXT() REPRESENTATION_CONTEXT('2D SPACE',''
  ) );
#10851 = PCURVE('',#10083,#10852);
#10852 = DEFINITIONAL_REPRESENTATION('',(#10853),#10856);
#10853 = B_SPLINE_CURVE_WITH_KNOTS('',1,(#10854,#10855),.UNSPECIFIED.,
  .F.,.F.,(2,2),(-0.9,2.5),.PIECEWISE_BEZIER_KNOTS.);
#10854 = CARTESIAN_POINT('',(61.4,1.6));
#10855 = CARTESIAN_POINT('',(61.4,5.));
#10856 = ( GEOMETRIC_REPRESENTATION_CONTEXT(2) 
PARAMETRIC_REPRESENTATION_CONTEXT() REPRESENTATION_CONTEXT('2D SPACE',''
  ) );
#10857 = ORIENTED_EDGE('',*,*,#10719,.T.);
#10858 = ORIENTED_EDGE('',*,*,#5354,.T.);
#10859 = ADVANCED_FACE('',(#10860),#5526,.F.);
#10860 = FACE_BOUND('',#10861,.F.);
#10861 = EDGE_LOOP('',(#10862,#10863,#10884,#10885));
#10862 = ORIENTED_EDGE('',*,*,#5509,.F.);
#10863 = ORIENTED_EDGE('',*,*,#10864,.F.);
#10864 = EDGE_CURVE('',#9291,#5510,#10865,.T.);
#10865 = SEAM_CURVE('',#10866,(#10870,#10877),.PCURVE_S1.);
#10866 = LINE('',#10867,#10868);
#10867 = CARTESIAN_POINT('',(162.25,-146.,-6.05));
#10868 = VECTOR('',#10869,1.);
#10869 = DIRECTION('',(0.707106781187,-1.731912112471E-16,0.707106781187
    ));
#10870 = PCURVE('',#5526,#10871);
#10871 = DEFINITIONAL_REPRESENTATION('',(#10872),#10876);
#10872 = LINE('',#10873,#10874);
#10873 = CARTESIAN_POINT('',(6.28318530718,-0.));
#10874 = VECTOR('',#10875,1.);
#10875 = DIRECTION('',(0.,1.));
#10876 = ( GEOMETRIC_REPRESENTATION_CONTEXT(2) 
PARAMETRIC_REPRESENTATION_CONTEXT() REPRESENTATION_CONTEXT('2D SPACE',''
  ) );
#10877 = PCURVE('',#5526,#10878);
#10878 = DEFINITIONAL_REPRESENTATION('',(#10879),#10883);
#10879 = LINE('',#10880,#10881);
#10880 = CARTESIAN_POINT('',(0.,-0.));
#10881 = VECTOR('',#10882,1.);
#10882 = DIRECTION('',(0.,1.));
#10883 = ( GEOMETRIC_REPRESENTATION_CONTEXT(2) 
PARAMETRIC_REPRESENTATION_CONTEXT() REPRESENTATION_CONTEXT('2D SPACE',''
  ) );
#10884 = ORIENTED_EDGE('',*,*,#9313,.T.);
#10885 = ORIENTED_EDGE('',*,*,#10864,.T.);
#10886 = ADVANCED_FACE('',(#10887),#5629,.F.);
#10887 = FACE_BOUND('',#10888,.F.);
#10888 = EDGE_LOOP('',(#10889,#10890,#10891,#10892));
#10889 = ORIENTED_EDGE('',*,*,#6009,.T.);
#10890 = ORIENTED_EDGE('',*,*,#5613,.T.);
#10891 = ORIENTED_EDGE('',*,*,#6845,.F.);
#10892 = ORIENTED_EDGE('',*,*,#10893,.F.);
#10893 = EDGE_CURVE('',#6010,#6846,#10894,.T.);
#10894 = SURFACE_CURVE('',#10895,(#10899,#10905),.PCURVE_S1.);
#10895 = LINE('',#10896,#10897);
#10896 = CARTESIAN_POINT('',(68.7,-127.,10.6));
#10897 = VECTOR('',#10898,1.);
#10898 = DIRECTION('',(0.,1.,0.));
#10899 = PCURVE('',#5629,#10900);
#10900 = DEFINITIONAL_REPRESENTATION('',(#10901),#10904);
#10901 = B_SPLINE_CURVE_WITH_KNOTS('',1,(#10902,#10903),.UNSPECIFIED.,
  .F.,.F.,(2,2),(-24.6,-23.35),.PIECEWISE_BEZIER_KNOTS.);
#10902 = CARTESIAN_POINT('',(9.,-2.4));
#10903 = CARTESIAN_POINT('',(9.,-3.65));
#10904 = ( GEOMETRIC_REPRESENTATION_CONTEXT(2) 
PARAMETRIC_REPRESENTATION_CONTEXT() REPRESENTATION_CONTEXT('2D SPACE',''
  ) );
#10905 = PCURVE('',#6046,#10906);
#10906 = DEFINITIONAL_REPRESENTATION('',(#10907),#10910);
#10907 = B_SPLINE_CURVE_WITH_KNOTS('',1,(#10908,#10909),.UNSPECIFIED.,
  .F.,.F.,(2,2),(-24.6,-23.35),.PIECEWISE_BEZIER_KNOTS.);
#10908 = CARTESIAN_POINT('',(-31.3,-51.6));
#10909 = CARTESIAN_POINT('',(-31.3,-50.35));
#10910 = ( GEOMETRIC_REPRESENTATION_CONTEXT(2) 
PARAMETRIC_REPRESENTATION_CONTEXT() REPRESENTATION_CONTEXT('2D SPACE',''
  ) );
#10911 = ADVANCED_FACE('',(#10912),#5706,.T.);
#10912 = FACE_BOUND('',#10913,.T.);
#10913 = EDGE_LOOP('',(#10914,#10933,#10934,#10935,#10936,#10957,#10979,
    #11001));
#10914 = ORIENTED_EDGE('',*,*,#10915,.F.);
#10915 = EDGE_CURVE('',#5665,#7098,#10916,.T.);
#10916 = SURFACE_CURVE('',#10917,(#10921,#10927),.PCURVE_S1.);
#10917 = LINE('',#10918,#10919);
#10918 = CARTESIAN_POINT('',(141.8,-127.,10.6));
#10919 = VECTOR('',#10920,1.);
#10920 = DIRECTION('',(0.,1.,0.));
#10921 = PCURVE('',#5706,#10922);
#10922 = DEFINITIONAL_REPRESENTATION('',(#10923),#10926);
#10923 = B_SPLINE_CURVE_WITH_KNOTS('',1,(#10924,#10925),.UNSPECIFIED.,
  .F.,.F.,(2,2),(-24.6,-23.35),.PIECEWISE_BEZIER_KNOTS.);
#10924 = CARTESIAN_POINT('',(41.8,-51.6));
#10925 = CARTESIAN_POINT('',(41.8,-50.35));
#10926 = ( GEOMETRIC_REPRESENTATION_CONTEXT(2) 
PARAMETRIC_REPRESENTATION_CONTEXT() REPRESENTATION_CONTEXT('2D SPACE',''
  ) );
#10927 = PCURVE('',#5679,#10928);
#10928 = DEFINITIONAL_REPRESENTATION('',(#10929),#10932);
#10929 = B_SPLINE_CURVE_WITH_KNOTS('',1,(#10930,#10931),.UNSPECIFIED.,
  .F.,.F.,(2,2),(-24.6,-23.35),.PIECEWISE_BEZIER_KNOTS.);
#10930 = CARTESIAN_POINT('',(9.,-2.4));
#10931 = CARTESIAN_POINT('',(9.,-3.65));
#10932 = ( GEOMETRIC_REPRESENTATION_CONTEXT(2) 
PARAMETRIC_REPRESENTATION_CONTEXT() REPRESENTATION_CONTEXT('2D SPACE',''
  ) );
#10933 = ORIENTED_EDGE('',*,*,#5690,.T.);
#10934 = ORIENTED_EDGE('',*,*,#5766,.T.);
#10935 = ORIENTED_EDGE('',*,*,#5794,.T.);
#10936 = ORIENTED_EDGE('',*,*,#10937,.T.);
#10937 = EDGE_CURVE('',#5795,#10938,#10940,.T.);
#10938 = VERTEX_POINT('',#10939);
#10939 = CARTESIAN_POINT('',(150.4,-122.7,10.6));
#10940 = SURFACE_CURVE('',#10941,(#10945,#10951),.PCURVE_S1.);
#10941 = LINE('',#10942,#10943);
#10942 = CARTESIAN_POINT('',(125.175,-122.7,10.6));
#10943 = VECTOR('',#10944,1.);
#10944 = DIRECTION('',(-1.,0.,0.));
#10945 = PCURVE('',#5706,#10946);
#10946 = DEFINITIONAL_REPRESENTATION('',(#10947),#10950);
#10947 = B_SPLINE_CURVE_WITH_KNOTS('',1,(#10948,#10949),.UNSPECIFIED.,
  .F.,.F.,(2,2),(-26.425,-25.175),.PIECEWISE_BEZIER_KNOTS.);
#10948 = CARTESIAN_POINT('',(51.6,-22.7));
#10949 = CARTESIAN_POINT('',(50.35,-22.7));
#10950 = ( GEOMETRIC_REPRESENTATION_CONTEXT(2) 
PARAMETRIC_REPRESENTATION_CONTEXT() REPRESENTATION_CONTEXT('2D SPACE',''
  ) );
#10951 = PCURVE('',#5830,#10952);
#10952 = DEFINITIONAL_REPRESENTATION('',(#10953),#10956);
#10953 = B_SPLINE_CURVE_WITH_KNOTS('',1,(#10954,#10955),.UNSPECIFIED.,
  .F.,.F.,(2,2),(-26.425,-25.175),.PIECEWISE_BEZIER_KNOTS.);
#10954 = CARTESIAN_POINT('',(9.,1.25));
#10955 = CARTESIAN_POINT('',(9.,0.));
#10956 = ( GEOMETRIC_REPRESENTATION_CONTEXT(2) 
PARAMETRIC_REPRESENTATION_CONTEXT() REPRESENTATION_CONTEXT('2D SPACE',''
  ) );
#10957 = ORIENTED_EDGE('',*,*,#10958,.T.);
#10958 = EDGE_CURVE('',#10938,#10959,#10961,.T.);
#10959 = VERTEX_POINT('',#10960);
#10960 = CARTESIAN_POINT('',(150.4,-149.9,10.6));
#10961 = SURFACE_CURVE('',#10962,(#10966,#10972),.PCURVE_S1.);
#10962 = LINE('',#10963,#10964);
#10963 = CARTESIAN_POINT('',(150.4,-125.2,10.6));
#10964 = VECTOR('',#10965,1.);
#10965 = DIRECTION('',(0.,-1.,0.));
#10966 = PCURVE('',#5706,#10967);
#10967 = DEFINITIONAL_REPRESENTATION('',(#10968),#10971);
#10968 = B_SPLINE_CURVE_WITH_KNOTS('',1,(#10969,#10970),.UNSPECIFIED.,
  .F.,.F.,(2,2),(-75.1,24.7),.PIECEWISE_BEZIER_KNOTS.);
#10969 = CARTESIAN_POINT('',(50.4,49.9));
#10970 = CARTESIAN_POINT('',(50.4,-49.9));
#10971 = ( GEOMETRIC_REPRESENTATION_CONTEXT(2) 
PARAMETRIC_REPRESENTATION_CONTEXT() REPRESENTATION_CONTEXT('2D SPACE',''
  ) );
#10972 = PCURVE('',#10083,#10973);
#10973 = DEFINITIONAL_REPRESENTATION('',(#10974),#10978);
#10974 = LINE('',#10975,#10976);
#10975 = CARTESIAN_POINT('',(25.2,-10.));
#10976 = VECTOR('',#10977,1.);
#10977 = DIRECTION('',(-1.,0.));
#10978 = ( GEOMETRIC_REPRESENTATION_CONTEXT(2) 
PARAMETRIC_REPRESENTATION_CONTEXT() REPRESENTATION_CONTEXT('2D SPACE',''
  ) );
#10979 = ORIENTED_EDGE('',*,*,#10980,.F.);
#10980 = EDGE_CURVE('',#6610,#10959,#10981,.T.);
#10981 = SURFACE_CURVE('',#10982,(#10987,#10994),.PCURVE_S1.);
#10982 = CIRCLE('',#10983,0.5);
#10983 = AXIS2_PLACEMENT_3D('',#10984,#10985,#10986);
#10984 = CARTESIAN_POINT('',(149.9,-149.9,10.6));
#10985 = DIRECTION('',(0.,0.,1.));
#10986 = DIRECTION('',(0.,-1.,0.));
#10987 = PCURVE('',#5706,#10988);
#10988 = DEFINITIONAL_REPRESENTATION('',(#10989),#10993);
#10989 = CIRCLE('',#10990,0.5);
#10990 = AXIS2_PLACEMENT_2D('',#10991,#10992);
#10991 = CARTESIAN_POINT('',(49.9,-49.9));
#10992 = DIRECTION('',(0.,-1.));
#10993 = ( GEOMETRIC_REPRESENTATION_CONTEXT(2) 
PARAMETRIC_REPRESENTATION_CONTEXT() REPRESENTATION_CONTEXT('2D SPACE',''
  ) );
#10994 = PCURVE('',#6625,#10995);
#10995 = DEFINITIONAL_REPRESENTATION('',(#10996),#11000);
#10996 = LINE('',#10997,#10998);
#10997 = CARTESIAN_POINT('',(0.,10.));
#10998 = VECTOR('',#10999,1.);
#10999 = DIRECTION('',(1.,0.));
#11000 = ( GEOMETRIC_REPRESENTATION_CONTEXT(2) 
PARAMETRIC_REPRESENTATION_CONTEXT() REPRESENTATION_CONTEXT('2D SPACE',''
  ) );
#11001 = ORIENTED_EDGE('',*,*,#7118,.T.);
#11002 = ADVANCED_FACE('',(#11003),#5679,.F.);
#11003 = FACE_BOUND('',#11004,.F.);
#11004 = EDGE_LOOP('',(#11005,#11006,#11007,#11008));
#11005 = ORIENTED_EDGE('',*,*,#5664,.T.);
#11006 = ORIENTED_EDGE('',*,*,#6114,.T.);
#11007 = ORIENTED_EDGE('',*,*,#7097,.F.);
#11008 = ORIENTED_EDGE('',*,*,#10915,.F.);
#11009 = ADVANCED_FACE('',(#11010),#5830,.T.);
#11010 = FACE_BOUND('',#11011,.T.);
#11011 = EDGE_LOOP('',(#11012,#11013,#11036,#11055));
#11012 = ORIENTED_EDGE('',*,*,#5817,.T.);
#11013 = ORIENTED_EDGE('',*,*,#11014,.F.);
#11014 = EDGE_CURVE('',#11015,#1466,#11017,.T.);
#11015 = VERTEX_POINT('',#11016);
#11016 = CARTESIAN_POINT('',(150.4,-122.7,1.6));
#11017 = SURFACE_CURVE('',#11018,(#11022,#11029),.PCURVE_S1.);
#11018 = LINE('',#11019,#11020);
#11019 = CARTESIAN_POINT('',(150.35,-122.7,1.6));
#11020 = VECTOR('',#11021,1.);
#11021 = DIRECTION('',(1.,0.,0.));
#11022 = PCURVE('',#5830,#11023);
#11023 = DEFINITIONAL_REPRESENTATION('',(#11024),#11028);
#11024 = LINE('',#11025,#11026);
#11025 = CARTESIAN_POINT('',(0.,0.));
#11026 = VECTOR('',#11027,1.);
#11027 = DIRECTION('',(0.,1.));
#11028 = ( GEOMETRIC_REPRESENTATION_CONTEXT(2) 
PARAMETRIC_REPRESENTATION_CONTEXT() REPRESENTATION_CONTEXT('2D SPACE',''
  ) );
#11029 = PCURVE('',#5993,#11030);
#11030 = DEFINITIONAL_REPRESENTATION('',(#11031),#11035);
#11031 = LINE('',#11032,#11033);
#11032 = CARTESIAN_POINT('',(0.,0.));
#11033 = VECTOR('',#11034,1.);
#11034 = DIRECTION('',(1.,0.));
#11035 = ( GEOMETRIC_REPRESENTATION_CONTEXT(2) 
PARAMETRIC_REPRESENTATION_CONTEXT() REPRESENTATION_CONTEXT('2D SPACE',''
  ) );
#11036 = ORIENTED_EDGE('',*,*,#11037,.F.);
#11037 = EDGE_CURVE('',#10938,#11015,#11038,.T.);
#11038 = SURFACE_CURVE('',#11039,(#11043,#11049),.PCURVE_S1.);
#11039 = LINE('',#11040,#11041);
#11040 = CARTESIAN_POINT('',(150.4,-122.7,1.1));
#11041 = VECTOR('',#11042,1.);
#11042 = DIRECTION('',(0.,0.,-1.));
#11043 = PCURVE('',#5830,#11044);
#11044 = DEFINITIONAL_REPRESENTATION('',(#11045),#11048);
#11045 = B_SPLINE_CURVE_WITH_KNOTS('',1,(#11046,#11047),.UNSPECIFIED.,
  .F.,.F.,(2,2),(-9.5,-0.5),.PIECEWISE_BEZIER_KNOTS.);
#11046 = CARTESIAN_POINT('',(9.,5.000000000001E-02));
#11047 = CARTESIAN_POINT('',(0.,5.000000000001E-02));
#11048 = ( GEOMETRIC_REPRESENTATION_CONTEXT(2) 
PARAMETRIC_REPRESENTATION_CONTEXT() REPRESENTATION_CONTEXT('2D SPACE',''
  ) );
#11049 = PCURVE('',#10083,#11050);
#11050 = DEFINITIONAL_REPRESENTATION('',(#11051),#11054);
#11051 = B_SPLINE_CURVE_WITH_KNOTS('',1,(#11052,#11053),.UNSPECIFIED.,
  .F.,.F.,(2,2),(-9.5,-0.5),.PIECEWISE_BEZIER_KNOTS.);
#11052 = CARTESIAN_POINT('',(27.7,-10.));
#11053 = CARTESIAN_POINT('',(27.7,-1.));
#11054 = ( GEOMETRIC_REPRESENTATION_CONTEXT(2) 
PARAMETRIC_REPRESENTATION_CONTEXT() REPRESENTATION_CONTEXT('2D SPACE',''
  ) );
#11055 = ORIENTED_EDGE('',*,*,#10937,.F.);
#11056 = ADVANCED_FACE('',(#11057),#5860,.T.);
#11057 = FACE_BOUND('',#11058,.T.);
#11058 = EDGE_LOOP('',(#11059,#11060,#11083,#11111));
#11059 = ORIENTED_EDGE('',*,*,#5843,.F.);
#11060 = ORIENTED_EDGE('',*,*,#11061,.T.);
#11061 = EDGE_CURVE('',#5844,#11062,#11064,.T.);
#11062 = VERTEX_POINT('',#11063);
#11063 = CARTESIAN_POINT('',(152.2,-136.7,6.533333333333));
#11064 = SURFACE_CURVE('',#11065,(#11069,#11076),.PCURVE_S1.);
#11065 = LINE('',#11066,#11067);
#11066 = CARTESIAN_POINT('',(151.6,-136.7,5.133333333333));
#11067 = VECTOR('',#11068,1.);
#11068 = DIRECTION('',(0.393919298579,-4.373382751268E-17,0.919145030018
    ));
#11069 = PCURVE('',#5860,#11070);
#11070 = DEFINITIONAL_REPRESENTATION('',(#11071),#11075);
#11071 = LINE('',#11072,#11073);
#11072 = CARTESIAN_POINT('',(1.537682944461,-7.150574922719E-02));
#11073 = VECTOR('',#11074,1.);
#11074 = DIRECTION('',(-0.919145030018,0.393919298579));
#11075 = ( GEOMETRIC_REPRESENTATION_CONTEXT(2) 
PARAMETRIC_REPRESENTATION_CONTEXT() REPRESENTATION_CONTEXT('2D SPACE',''
  ) );
#11076 = PCURVE('',#5887,#11077);
#11077 = DEFINITIONAL_REPRESENTATION('',(#11078),#11082);
#11078 = LINE('',#11079,#11080);
#11079 = CARTESIAN_POINT('',(0.,0.));
#11080 = VECTOR('',#11081,1.);
#11081 = DIRECTION('',(1.,0.));
#11082 = ( GEOMETRIC_REPRESENTATION_CONTEXT(2) 
PARAMETRIC_REPRESENTATION_CONTEXT() REPRESENTATION_CONTEXT('2D SPACE',''
  ) );
#11083 = ORIENTED_EDGE('',*,*,#11084,.T.);
#11084 = EDGE_CURVE('',#11062,#11085,#11087,.T.);
#11085 = VERTEX_POINT('',#11086);
#11086 = CARTESIAN_POINT('',(152.2,-136.7,7.));
#11087 = SURFACE_CURVE('',#11088,(#11092,#11099),.PCURVE_S1.);
#11088 = LINE('',#11089,#11090);
#11089 = CARTESIAN_POINT('',(152.2,-136.7,6.533333333333));
#11090 = VECTOR('',#11091,1.);
#11091 = DIRECTION('',(0.,0.,1.));
#11092 = PCURVE('',#5860,#11093);
#11093 = DEFINITIONAL_REPRESENTATION('',(#11094),#11098);
#11094 = LINE('',#11095,#11096);
#11095 = CARTESIAN_POINT('',(0.137682944461,0.528494250773));
#11096 = VECTOR('',#11097,1.);
#11097 = DIRECTION('',(-1.,0.));
#11098 = ( GEOMETRIC_REPRESENTATION_CONTEXT(2) 
PARAMETRIC_REPRESENTATION_CONTEXT() REPRESENTATION_CONTEXT('2D SPACE',''
  ) );
#11099 = PCURVE('',#11100,#11105);
#11100 = PLANE('',#11101);
#11101 = AXIS2_PLACEMENT_3D('',#11102,#11103,#11104);
#11102 = CARTESIAN_POINT('',(152.2,-136.7,6.533333333333));
#11103 = DIRECTION('',(1.,-1.110223024625E-16,0.));
#11104 = DIRECTION('',(0.,0.,1.));
#11105 = DEFINITIONAL_REPRESENTATION('',(#11106),#11110);
#11106 = LINE('',#11107,#11108);
#11107 = CARTESIAN_POINT('',(0.,0.));
#11108 = VECTOR('',#11109,1.);
#11109 = DIRECTION('',(1.,0.));
#11110 = ( GEOMETRIC_REPRESENTATION_CONTEXT(2) 
PARAMETRIC_REPRESENTATION_CONTEXT() REPRESENTATION_CONTEXT('2D SPACE',''
  ) );
#11111 = ORIENTED_EDGE('',*,*,#11112,.T.);
#11112 = EDGE_CURVE('',#11085,#5846,#11113,.T.);
#11113 = SURFACE_CURVE('',#11114,(#11118,#11125),.PCURVE_S1.);
#11114 = LINE('',#11115,#11116);
#11115 = CARTESIAN_POINT('',(152.2,-136.7,7.));
#11116 = VECTOR('',#11117,1.);
#11117 = DIRECTION('',(-0.4472135955,4.965068306495E-17,0.894427191));
#11118 = PCURVE('',#5860,#11119);
#11119 = DEFINITIONAL_REPRESENTATION('',(#11120),#11124);
#11120 = LINE('',#11121,#11122);
#11121 = CARTESIAN_POINT('',(-0.328983722205,0.528494250773));
#11122 = VECTOR('',#11123,1.);
#11123 = DIRECTION('',(-0.894427191,-0.4472135955));
#11124 = ( GEOMETRIC_REPRESENTATION_CONTEXT(2) 
PARAMETRIC_REPRESENTATION_CONTEXT() REPRESENTATION_CONTEXT('2D SPACE',''
  ) );
#11125 = PCURVE('',#5939,#11126);
#11126 = DEFINITIONAL_REPRESENTATION('',(#11127),#11131);
#11127 = LINE('',#11128,#11129);
#11128 = CARTESIAN_POINT('',(0.,0.));
#11129 = VECTOR('',#11130,1.);
#11130 = DIRECTION('',(1.,0.));
#11131 = ( GEOMETRIC_REPRESENTATION_CONTEXT(2) 
PARAMETRIC_REPRESENTATION_CONTEXT() REPRESENTATION_CONTEXT('2D SPACE',''
  ) );
#11132 = ADVANCED_FACE('',(#11133),#5887,.T.);
#11133 = FACE_BOUND('',#11134,.T.);
#11134 = EDGE_LOOP('',(#11135,#11136,#11159,#11180));
#11135 = ORIENTED_EDGE('',*,*,#5871,.T.);
#11136 = ORIENTED_EDGE('',*,*,#11137,.T.);
#11137 = EDGE_CURVE('',#5872,#11138,#11140,.T.);
#11138 = VERTEX_POINT('',#11139);
#11139 = CARTESIAN_POINT('',(152.2,-131.3,6.533333333333));
#11140 = SURFACE_CURVE('',#11141,(#11145,#11152),.PCURVE_S1.);
#11141 = LINE('',#11142,#11143);
#11142 = CARTESIAN_POINT('',(151.6,-131.3,5.133333333333));
#11143 = VECTOR('',#11144,1.);
#11144 = DIRECTION('',(0.393919298579,-4.373382751268E-17,0.919145030018
    ));
#11145 = PCURVE('',#5887,#11146);
#11146 = DEFINITIONAL_REPRESENTATION('',(#11147),#11151);
#11147 = LINE('',#11148,#11149);
#11148 = CARTESIAN_POINT('',(-2.361626685685E-16,-5.4));
#11149 = VECTOR('',#11150,1.);
#11150 = DIRECTION('',(1.,0.));
#11151 = ( GEOMETRIC_REPRESENTATION_CONTEXT(2) 
PARAMETRIC_REPRESENTATION_CONTEXT() REPRESENTATION_CONTEXT('2D SPACE',''
  ) );
#11152 = PCURVE('',#5914,#11153);
#11153 = DEFINITIONAL_REPRESENTATION('',(#11154),#11158);
#11154 = LINE('',#11155,#11156);
#11155 = CARTESIAN_POINT('',(1.537682944461,-7.150574922719E-02));
#11156 = VECTOR('',#11157,1.);
#11157 = DIRECTION('',(-0.919145030018,0.393919298579));
#11158 = ( GEOMETRIC_REPRESENTATION_CONTEXT(2) 
PARAMETRIC_REPRESENTATION_CONTEXT() REPRESENTATION_CONTEXT('2D SPACE',''
  ) );
#11159 = ORIENTED_EDGE('',*,*,#11160,.F.);
#11160 = EDGE_CURVE('',#11062,#11138,#11161,.T.);
#11161 = SURFACE_CURVE('',#11162,(#11166,#11173),.PCURVE_S1.);
#11162 = LINE('',#11163,#11164);
#11163 = CARTESIAN_POINT('',(152.2,-136.7,6.533333333333));
#11164 = VECTOR('',#11165,1.);
#11165 = DIRECTION('',(1.110223024625E-16,1.,0.));
#11166 = PCURVE('',#5887,#11167);
#11167 = DEFINITIONAL_REPRESENTATION('',(#11168),#11172);
#11168 = LINE('',#11169,#11170);
#11169 = CARTESIAN_POINT('',(1.523154621173,-6.661338147751E-17));
#11170 = VECTOR('',#11171,1.);
#11171 = DIRECTION('',(0.,-1.));
#11172 = ( GEOMETRIC_REPRESENTATION_CONTEXT(2) 
PARAMETRIC_REPRESENTATION_CONTEXT() REPRESENTATION_CONTEXT('2D SPACE',''
  ) );
#11173 = PCURVE('',#11100,#11174);
#11174 = DEFINITIONAL_REPRESENTATION('',(#11175),#11179);
#11175 = LINE('',#11176,#11177);
#11176 = CARTESIAN_POINT('',(0.,0.));
#11177 = VECTOR('',#11178,1.);
#11178 = DIRECTION('',(0.,-1.));
#11179 = ( GEOMETRIC_REPRESENTATION_CONTEXT(2) 
PARAMETRIC_REPRESENTATION_CONTEXT() REPRESENTATION_CONTEXT('2D SPACE',''
  ) );
#11180 = ORIENTED_EDGE('',*,*,#11061,.F.);
#11181 = ADVANCED_FACE('',(#11182),#5939,.T.);
#11182 = FACE_BOUND('',#11183,.T.);
#11183 = EDGE_LOOP('',(#11184,#11207,#11228,#11229));
#11184 = ORIENTED_EDGE('',*,*,#11185,.T.);
#11185 = EDGE_CURVE('',#11085,#11186,#11188,.T.);
#11186 = VERTEX_POINT('',#11187);
#11187 = CARTESIAN_POINT('',(152.2,-131.3,7.));
#11188 = SURFACE_CURVE('',#11189,(#11193,#11200),.PCURVE_S1.);
#11189 = LINE('',#11190,#11191);
#11190 = CARTESIAN_POINT('',(152.2,-136.7,7.));
#11191 = VECTOR('',#11192,1.);
#11192 = DIRECTION('',(1.110223024625E-16,1.,0.));
#11193 = PCURVE('',#5939,#11194);
#11194 = DEFINITIONAL_REPRESENTATION('',(#11195),#11199);
#11195 = LINE('',#11196,#11197);
#11196 = CARTESIAN_POINT('',(0.,0.));
#11197 = VECTOR('',#11198,1.);
#11198 = DIRECTION('',(0.,-1.));
#11199 = ( GEOMETRIC_REPRESENTATION_CONTEXT(2) 
PARAMETRIC_REPRESENTATION_CONTEXT() REPRESENTATION_CONTEXT('2D SPACE',''
  ) );
#11200 = PCURVE('',#11100,#11201);
#11201 = DEFINITIONAL_REPRESENTATION('',(#11202),#11206);
#11202 = LINE('',#11203,#11204);
#11203 = CARTESIAN_POINT('',(0.466666666667,0.));
#11204 = VECTOR('',#11205,1.);
#11205 = DIRECTION('',(0.,-1.));
#11206 = ( GEOMETRIC_REPRESENTATION_CONTEXT(2) 
PARAMETRIC_REPRESENTATION_CONTEXT() REPRESENTATION_CONTEXT('2D SPACE',''
  ) );
#11207 = ORIENTED_EDGE('',*,*,#11208,.T.);
#11208 = EDGE_CURVE('',#11186,#5900,#11209,.T.);
#11209 = SURFACE_CURVE('',#11210,(#11214,#11221),.PCURVE_S1.);
#11210 = LINE('',#11211,#11212);
#11211 = CARTESIAN_POINT('',(152.2,-131.3,7.));
#11212 = VECTOR('',#11213,1.);
#11213 = DIRECTION('',(-0.4472135955,4.965068306495E-17,0.894427191));
#11214 = PCURVE('',#5939,#11215);
#11215 = DEFINITIONAL_REPRESENTATION('',(#11216),#11220);
#11216 = LINE('',#11217,#11218);
#11217 = CARTESIAN_POINT('',(2.681136885507E-16,-5.4));
#11218 = VECTOR('',#11219,1.);
#11219 = DIRECTION('',(1.,0.));
#11220 = ( GEOMETRIC_REPRESENTATION_CONTEXT(2) 
PARAMETRIC_REPRESENTATION_CONTEXT() REPRESENTATION_CONTEXT('2D SPACE',''
  ) );
#11221 = PCURVE('',#5914,#11222);
#11222 = DEFINITIONAL_REPRESENTATION('',(#11223),#11227);
#11223 = LINE('',#11224,#11225);
#11224 = CARTESIAN_POINT('',(-0.328983722205,0.528494250773));
#11225 = VECTOR('',#11226,1.);
#11226 = DIRECTION('',(-0.894427191,-0.4472135955));
#11227 = ( GEOMETRIC_REPRESENTATION_CONTEXT(2) 
PARAMETRIC_REPRESENTATION_CONTEXT() REPRESENTATION_CONTEXT('2D SPACE',''
  ) );
#11228 = ORIENTED_EDGE('',*,*,#5925,.F.);
#11229 = ORIENTED_EDGE('',*,*,#11112,.F.);
#11230 = ADVANCED_FACE('',(#11231),#5914,.F.);
#11231 = FACE_BOUND('',#11232,.F.);
#11232 = EDGE_LOOP('',(#11233,#11234,#11235,#11256));
#11233 = ORIENTED_EDGE('',*,*,#5899,.F.);
#11234 = ORIENTED_EDGE('',*,*,#11137,.T.);
#11235 = ORIENTED_EDGE('',*,*,#11236,.T.);
#11236 = EDGE_CURVE('',#11138,#11186,#11237,.T.);
#11237 = SURFACE_CURVE('',#11238,(#11242,#11249),.PCURVE_S1.);
#11238 = LINE('',#11239,#11240);
#11239 = CARTESIAN_POINT('',(152.2,-131.3,6.533333333333));
#11240 = VECTOR('',#11241,1.);
#11241 = DIRECTION('',(0.,0.,1.));
#11242 = PCURVE('',#5914,#11243);
#11243 = DEFINITIONAL_REPRESENTATION('',(#11244),#11248);
#11244 = LINE('',#11245,#11246);
#11245 = CARTESIAN_POINT('',(0.137682944461,0.528494250773));
#11246 = VECTOR('',#11247,1.);
#11247 = DIRECTION('',(-1.,0.));
#11248 = ( GEOMETRIC_REPRESENTATION_CONTEXT(2) 
PARAMETRIC_REPRESENTATION_CONTEXT() REPRESENTATION_CONTEXT('2D SPACE',''
  ) );
#11249 = PCURVE('',#11100,#11250);
#11250 = DEFINITIONAL_REPRESENTATION('',(#11251),#11255);
#11251 = LINE('',#11252,#11253);
#11252 = CARTESIAN_POINT('',(0.,-5.4));
#11253 = VECTOR('',#11254,1.);
#11254 = DIRECTION('',(1.,0.));
#11255 = ( GEOMETRIC_REPRESENTATION_CONTEXT(2) 
PARAMETRIC_REPRESENTATION_CONTEXT() REPRESENTATION_CONTEXT('2D SPACE',''
  ) );
#11256 = ORIENTED_EDGE('',*,*,#11208,.T.);
#11257 = ADVANCED_FACE('',(#11258),#5993,.T.);
#11258 = FACE_BOUND('',#11259,.T.);
#11259 = EDGE_LOOP('',(#11260,#11288,#11307,#11308));
#11260 = ORIENTED_EDGE('',*,*,#11261,.F.);
#11261 = EDGE_CURVE('',#11262,#5957,#11264,.T.);
#11262 = VERTEX_POINT('',#11263);
#11263 = CARTESIAN_POINT('',(150.4,-114.2,1.6));
#11264 = SURFACE_CURVE('',#11265,(#11269,#11276),.PCURVE_S1.);
#11265 = LINE('',#11266,#11267);
#11266 = CARTESIAN_POINT('',(150.35,-114.2,1.6));
#11267 = VECTOR('',#11268,1.);
#11268 = DIRECTION('',(1.,0.,0.));
#11269 = PCURVE('',#5993,#11270);
#11270 = DEFINITIONAL_REPRESENTATION('',(#11271),#11275);
#11271 = LINE('',#11272,#11273);
#11272 = CARTESIAN_POINT('',(0.,8.5));
#11273 = VECTOR('',#11274,1.);
#11274 = DIRECTION('',(1.,0.));
#11275 = ( GEOMETRIC_REPRESENTATION_CONTEXT(2) 
PARAMETRIC_REPRESENTATION_CONTEXT() REPRESENTATION_CONTEXT('2D SPACE',''
  ) );
#11276 = PCURVE('',#11277,#11282);
#11277 = PLANE('',#11278);
#11278 = AXIS2_PLACEMENT_3D('',#11279,#11280,#11281);
#11279 = CARTESIAN_POINT('',(150.35,-114.2,1.6));
#11280 = DIRECTION('',(0.,1.,0.));
#11281 = DIRECTION('',(0.,0.,1.));
#11282 = DEFINITIONAL_REPRESENTATION('',(#11283),#11287);
#11283 = LINE('',#11284,#11285);
#11284 = CARTESIAN_POINT('',(0.,0.));
#11285 = VECTOR('',#11286,1.);
#11286 = DIRECTION('',(0.,1.));
#11287 = ( GEOMETRIC_REPRESENTATION_CONTEXT(2) 
PARAMETRIC_REPRESENTATION_CONTEXT() REPRESENTATION_CONTEXT('2D SPACE',''
  ) );
#11288 = ORIENTED_EDGE('',*,*,#11289,.F.);
#11289 = EDGE_CURVE('',#11015,#11262,#11290,.T.);
#11290 = SURFACE_CURVE('',#11291,(#11295,#11301),.PCURVE_S1.);
#11291 = LINE('',#11292,#11293);
#11292 = CARTESIAN_POINT('',(150.4,-136.55,1.6));
#11293 = VECTOR('',#11294,1.);
#11294 = DIRECTION('',(0.,1.,-0.));
#11295 = PCURVE('',#5993,#11296);
#11296 = DEFINITIONAL_REPRESENTATION('',(#11297),#11300);
#11297 = B_SPLINE_CURVE_WITH_KNOTS('',1,(#11298,#11299),.UNSPECIFIED.,
  .F.,.F.,(2,2),(13.85,22.35),.PIECEWISE_BEZIER_KNOTS.);
#11298 = CARTESIAN_POINT('',(5.000000000001E-02,0.));
#11299 = CARTESIAN_POINT('',(5.000000000001E-02,8.5));
#11300 = ( GEOMETRIC_REPRESENTATION_CONTEXT(2) 
PARAMETRIC_REPRESENTATION_CONTEXT() REPRESENTATION_CONTEXT('2D SPACE',''
  ) );
#11301 = PCURVE('',#10083,#11302);
#11302 = DEFINITIONAL_REPRESENTATION('',(#11303),#11306);
#11303 = B_SPLINE_CURVE_WITH_KNOTS('',1,(#11304,#11305),.UNSPECIFIED.,
  .F.,.F.,(2,2),(13.85,22.35),.PIECEWISE_BEZIER_KNOTS.);
#11304 = CARTESIAN_POINT('',(27.7,-1.));
#11305 = CARTESIAN_POINT('',(36.2,-1.));
#11306 = ( GEOMETRIC_REPRESENTATION_CONTEXT(2) 
PARAMETRIC_REPRESENTATION_CONTEXT() REPRESENTATION_CONTEXT('2D SPACE',''
  ) );
#11307 = ORIENTED_EDGE('',*,*,#11014,.T.);
#11308 = ORIENTED_EDGE('',*,*,#5979,.T.);
#11309 = ADVANCED_FACE('',(#11310),#6071,.T.);
#11310 = FACE_BOUND('',#11311,.T.);
#11311 = EDGE_LOOP('',(#11312,#11313,#11314,#11315));
#11312 = ORIENTED_EDGE('',*,*,#6058,.T.);
#11313 = ORIENTED_EDGE('',*,*,#6159,.T.);
#11314 = ORIENTED_EDGE('',*,*,#6888,.F.);
#11315 = ORIENTED_EDGE('',*,*,#11316,.F.);
#11316 = EDGE_CURVE('',#6031,#6867,#11317,.T.);
#11317 = SURFACE_CURVE('',#11318,(#11322,#11328),.PCURVE_S1.);
#11318 = LINE('',#11319,#11320);
#11319 = CARTESIAN_POINT('',(74.,-127.,10.6));
#11320 = VECTOR('',#11321,1.);
#11321 = DIRECTION('',(0.,1.,0.));
#11322 = PCURVE('',#6071,#11323);
#11323 = DEFINITIONAL_REPRESENTATION('',(#11324),#11327);
#11324 = B_SPLINE_CURVE_WITH_KNOTS('',1,(#11325,#11326),.UNSPECIFIED.,
  .F.,.F.,(2,2),(-24.6,-23.35),.PIECEWISE_BEZIER_KNOTS.);
#11325 = CARTESIAN_POINT('',(9.,-2.4));
#11326 = CARTESIAN_POINT('',(9.,-3.65));
#11327 = ( GEOMETRIC_REPRESENTATION_CONTEXT(2) 
PARAMETRIC_REPRESENTATION_CONTEXT() REPRESENTATION_CONTEXT('2D SPACE',''
  ) );
#11328 = PCURVE('',#6046,#11329);
#11329 = DEFINITIONAL_REPRESENTATION('',(#11330),#11333);
#11330 = B_SPLINE_CURVE_WITH_KNOTS('',1,(#11331,#11332),.UNSPECIFIED.,
  .F.,.F.,(2,2),(-24.6,-23.35),.PIECEWISE_BEZIER_KNOTS.);
#11331 = CARTESIAN_POINT('',(-26.,-51.6));
#11332 = CARTESIAN_POINT('',(-26.,-50.35));
#11333 = ( GEOMETRIC_REPRESENTATION_CONTEXT(2) 
PARAMETRIC_REPRESENTATION_CONTEXT() REPRESENTATION_CONTEXT('2D SPACE',''
  ) );
#11334 = ADVANCED_FACE('',(#11335),#6046,.T.);
#11335 = FACE_BOUND('',#11336,.T.);
#11336 = EDGE_LOOP('',(#11337,#11338,#11339,#11340));
#11337 = ORIENTED_EDGE('',*,*,#10893,.F.);
#11338 = ORIENTED_EDGE('',*,*,#6030,.T.);
#11339 = ORIENTED_EDGE('',*,*,#11316,.T.);
#11340 = ORIENTED_EDGE('',*,*,#6866,.T.);
#11341 = ADVANCED_FACE('',(#11342),#6101,.T.);
#11342 = FACE_BOUND('',#11343,.T.);
#11343 = EDGE_LOOP('',(#11344,#11345,#11346,#11347));
#11344 = ORIENTED_EDGE('',*,*,#6288,.T.);
#11345 = ORIENTED_EDGE('',*,*,#6085,.T.);
#11346 = ORIENTED_EDGE('',*,*,#7077,.F.);
#11347 = ORIENTED_EDGE('',*,*,#11348,.F.);
#11348 = EDGE_CURVE('',#6261,#7056,#11349,.T.);
#11349 = SURFACE_CURVE('',#11350,(#11354,#11360),.PCURVE_S1.);
#11350 = LINE('',#11351,#11352);
#11351 = CARTESIAN_POINT('',(126.3,-127.,10.6));
#11352 = VECTOR('',#11353,1.);
#11353 = DIRECTION('',(0.,1.,0.));
#11354 = PCURVE('',#6101,#11355);
#11355 = DEFINITIONAL_REPRESENTATION('',(#11356),#11359);
#11356 = B_SPLINE_CURVE_WITH_KNOTS('',1,(#11357,#11358),.UNSPECIFIED.,
  .F.,.F.,(2,2),(-24.6,-23.35),.PIECEWISE_BEZIER_KNOTS.);
#11357 = CARTESIAN_POINT('',(9.,-2.4));
#11358 = CARTESIAN_POINT('',(9.,-3.65));
#11359 = ( GEOMETRIC_REPRESENTATION_CONTEXT(2) 
PARAMETRIC_REPRESENTATION_CONTEXT() REPRESENTATION_CONTEXT('2D SPACE',''
  ) );
#11360 = PCURVE('',#6276,#11361);
#11361 = DEFINITIONAL_REPRESENTATION('',(#11362),#11365);
#11362 = B_SPLINE_CURVE_WITH_KNOTS('',1,(#11363,#11364),.UNSPECIFIED.,
  .F.,.F.,(2,2),(-24.6,-23.35),.PIECEWISE_BEZIER_KNOTS.);
#11363 = CARTESIAN_POINT('',(26.3,-51.6));
#11364 = CARTESIAN_POINT('',(26.3,-50.35));
#11365 = ( GEOMETRIC_REPRESENTATION_CONTEXT(2) 
PARAMETRIC_REPRESENTATION_CONTEXT() REPRESENTATION_CONTEXT('2D SPACE',''
  ) );
#11366 = ADVANCED_FACE('',(#11367),#6199,.F.);
#11367 = FACE_BOUND('',#11368,.F.);
#11368 = EDGE_LOOP('',(#11369,#11370,#11371,#11372));
#11369 = ORIENTED_EDGE('',*,*,#6311,.T.);
#11370 = ORIENTED_EDGE('',*,*,#6183,.T.);
#11371 = ORIENTED_EDGE('',*,*,#6908,.F.);
#11372 = ORIENTED_EDGE('',*,*,#11373,.F.);
#11373 = EDGE_CURVE('',#6312,#6909,#11374,.T.);
#11374 = SURFACE_CURVE('',#11375,(#11379,#11385),.PCURVE_S1.);
#11375 = LINE('',#11376,#11377);
#11376 = CARTESIAN_POINT('',(85.7,-127.,10.6));
#11377 = VECTOR('',#11378,1.);
#11378 = DIRECTION('',(0.,1.,0.));
#11379 = PCURVE('',#6199,#11380);
#11380 = DEFINITIONAL_REPRESENTATION('',(#11381),#11384);
#11381 = B_SPLINE_CURVE_WITH_KNOTS('',1,(#11382,#11383),.UNSPECIFIED.,
  .F.,.F.,(2,2),(-24.6,-23.35),.PIECEWISE_BEZIER_KNOTS.);
#11382 = CARTESIAN_POINT('',(9.,-2.4));
#11383 = CARTESIAN_POINT('',(9.,-3.65));
#11384 = ( GEOMETRIC_REPRESENTATION_CONTEXT(2) 
PARAMETRIC_REPRESENTATION_CONTEXT() REPRESENTATION_CONTEXT('2D SPACE',''
  ) );
#11385 = PCURVE('',#6348,#11386);
#11386 = DEFINITIONAL_REPRESENTATION('',(#11387),#11390);
#11387 = B_SPLINE_CURVE_WITH_KNOTS('',1,(#11388,#11389),.UNSPECIFIED.,
  .F.,.F.,(2,2),(-24.6,-23.35),.PIECEWISE_BEZIER_KNOTS.);
#11388 = CARTESIAN_POINT('',(-14.3,-51.6));
#11389 = CARTESIAN_POINT('',(-14.3,-50.35));
#11390 = ( GEOMETRIC_REPRESENTATION_CONTEXT(2) 
PARAMETRIC_REPRESENTATION_CONTEXT() REPRESENTATION_CONTEXT('2D SPACE',''
  ) );
#11391 = ADVANCED_FACE('',(#11392),#6276,.T.);
#11392 = FACE_BOUND('',#11393,.T.);
#11393 = EDGE_LOOP('',(#11394,#11413,#11414,#11415));
#11394 = ORIENTED_EDGE('',*,*,#11395,.F.);
#11395 = EDGE_CURVE('',#6235,#7035,#11396,.T.);
#11396 = SURFACE_CURVE('',#11397,(#11401,#11407),.PCURVE_S1.);
#11397 = LINE('',#11398,#11399);
#11398 = CARTESIAN_POINT('',(121.8,-127.,10.6));
#11399 = VECTOR('',#11400,1.);
#11400 = DIRECTION('',(0.,1.,0.));
#11401 = PCURVE('',#6276,#11402);
#11402 = DEFINITIONAL_REPRESENTATION('',(#11403),#11406);
#11403 = B_SPLINE_CURVE_WITH_KNOTS('',1,(#11404,#11405),.UNSPECIFIED.,
  .F.,.F.,(2,2),(-24.6,-23.35),.PIECEWISE_BEZIER_KNOTS.);
#11404 = CARTESIAN_POINT('',(21.8,-51.6));
#11405 = CARTESIAN_POINT('',(21.8,-50.35));
#11406 = ( GEOMETRIC_REPRESENTATION_CONTEXT(2) 
PARAMETRIC_REPRESENTATION_CONTEXT() REPRESENTATION_CONTEXT('2D SPACE',''
  ) );
#11407 = PCURVE('',#6249,#11408);
#11408 = DEFINITIONAL_REPRESENTATION('',(#11409),#11412);
#11409 = B_SPLINE_CURVE_WITH_KNOTS('',1,(#11410,#11411),.UNSPECIFIED.,
  .F.,.F.,(2,2),(-24.6,-23.35),.PIECEWISE_BEZIER_KNOTS.);
#11410 = CARTESIAN_POINT('',(9.,-2.4));
#11411 = CARTESIAN_POINT('',(9.,-3.65));
#11412 = ( GEOMETRIC_REPRESENTATION_CONTEXT(2) 
PARAMETRIC_REPRESENTATION_CONTEXT() REPRESENTATION_CONTEXT('2D SPACE',''
  ) );
#11413 = ORIENTED_EDGE('',*,*,#6260,.T.);
#11414 = ORIENTED_EDGE('',*,*,#11348,.T.);
#11415 = ORIENTED_EDGE('',*,*,#7055,.T.);
#11416 = ADVANCED_FACE('',(#11417),#6249,.F.);
#11417 = FACE_BOUND('',#11418,.F.);
#11418 = EDGE_LOOP('',(#11419,#11420,#11421,#11422));
#11419 = ORIENTED_EDGE('',*,*,#6234,.T.);
#11420 = ORIENTED_EDGE('',*,*,#6416,.T.);
#11421 = ORIENTED_EDGE('',*,*,#7034,.F.);
#11422 = ORIENTED_EDGE('',*,*,#11395,.F.);
#11423 = ADVANCED_FACE('',(#11424),#6373,.T.);
#11424 = FACE_BOUND('',#11425,.T.);
#11425 = EDGE_LOOP('',(#11426,#11427,#11428,#11429));
#11426 = ORIENTED_EDGE('',*,*,#6360,.T.);
#11427 = ORIENTED_EDGE('',*,*,#6461,.T.);
#11428 = ORIENTED_EDGE('',*,*,#6951,.F.);
#11429 = ORIENTED_EDGE('',*,*,#11430,.F.);
#11430 = EDGE_CURVE('',#6333,#6930,#11431,.T.);
#11431 = SURFACE_CURVE('',#11432,(#11436,#11442),.PCURVE_S1.);
#11432 = LINE('',#11433,#11434);
#11433 = CARTESIAN_POINT('',(91.,-127.,10.6));
#11434 = VECTOR('',#11435,1.);
#11435 = DIRECTION('',(0.,1.,0.));
#11436 = PCURVE('',#6373,#11437);
#11437 = DEFINITIONAL_REPRESENTATION('',(#11438),#11441);
#11438 = B_SPLINE_CURVE_WITH_KNOTS('',1,(#11439,#11440),.UNSPECIFIED.,
  .F.,.F.,(2,2),(-24.6,-23.35),.PIECEWISE_BEZIER_KNOTS.);
#11439 = CARTESIAN_POINT('',(9.,-2.4));
#11440 = CARTESIAN_POINT('',(9.,-3.65));
#11441 = ( GEOMETRIC_REPRESENTATION_CONTEXT(2) 
PARAMETRIC_REPRESENTATION_CONTEXT() REPRESENTATION_CONTEXT('2D SPACE',''
  ) );
#11442 = PCURVE('',#6348,#11443);
#11443 = DEFINITIONAL_REPRESENTATION('',(#11444),#11447);
#11444 = B_SPLINE_CURVE_WITH_KNOTS('',1,(#11445,#11446),.UNSPECIFIED.,
  .F.,.F.,(2,2),(-24.6,-23.35),.PIECEWISE_BEZIER_KNOTS.);
#11445 = CARTESIAN_POINT('',(-9.,-51.6));
#11446 = CARTESIAN_POINT('',(-9.,-50.35));
#11447 = ( GEOMETRIC_REPRESENTATION_CONTEXT(2) 
PARAMETRIC_REPRESENTATION_CONTEXT() REPRESENTATION_CONTEXT('2D SPACE',''
  ) );
#11448 = ADVANCED_FACE('',(#11449),#6348,.T.);
#11449 = FACE_BOUND('',#11450,.T.);
#11450 = EDGE_LOOP('',(#11451,#11452,#11453,#11454));
#11451 = ORIENTED_EDGE('',*,*,#11373,.F.);
#11452 = ORIENTED_EDGE('',*,*,#6332,.T.);
#11453 = ORIENTED_EDGE('',*,*,#11430,.T.);
#11454 = ORIENTED_EDGE('',*,*,#6929,.T.);
#11455 = ADVANCED_FACE('',(#11456),#6403,.T.);
#11456 = FACE_BOUND('',#11457,.T.);
#11457 = EDGE_LOOP('',(#11458,#11459,#11460,#11461));
#11458 = ORIENTED_EDGE('',*,*,#6585,.T.);
#11459 = ORIENTED_EDGE('',*,*,#6387,.T.);
#11460 = ORIENTED_EDGE('',*,*,#7014,.F.);
#11461 = ORIENTED_EDGE('',*,*,#11462,.F.);
#11462 = EDGE_CURVE('',#6558,#6993,#11463,.T.);
#11463 = SURFACE_CURVE('',#11464,(#11468,#11474),.PCURVE_S1.);
#11464 = LINE('',#11465,#11466);
#11465 = CARTESIAN_POINT('',(106.3,-127.,10.6));
#11466 = VECTOR('',#11467,1.);
#11467 = DIRECTION('',(0.,1.,0.));
#11468 = PCURVE('',#6403,#11469);
#11469 = DEFINITIONAL_REPRESENTATION('',(#11470),#11473);
#11470 = B_SPLINE_CURVE_WITH_KNOTS('',1,(#11471,#11472),.UNSPECIFIED.,
  .F.,.F.,(2,2),(-24.6,-23.35),.PIECEWISE_BEZIER_KNOTS.);
#11471 = CARTESIAN_POINT('',(9.,-2.4));
#11472 = CARTESIAN_POINT('',(9.,-3.65));
#11473 = ( GEOMETRIC_REPRESENTATION_CONTEXT(2) 
PARAMETRIC_REPRESENTATION_CONTEXT() REPRESENTATION_CONTEXT('2D SPACE',''
  ) );
#11474 = PCURVE('',#6573,#11475);
#11475 = DEFINITIONAL_REPRESENTATION('',(#11476),#11479);
#11476 = B_SPLINE_CURVE_WITH_KNOTS('',1,(#11477,#11478),.UNSPECIFIED.,
  .F.,.F.,(2,2),(-24.6,-23.35),.PIECEWISE_BEZIER_KNOTS.);
#11477 = CARTESIAN_POINT('',(6.3,-51.6));
#11478 = CARTESIAN_POINT('',(6.3,-50.35));
#11479 = ( GEOMETRIC_REPRESENTATION_CONTEXT(2) 
PARAMETRIC_REPRESENTATION_CONTEXT() REPRESENTATION_CONTEXT('2D SPACE',''
  ) );
#11480 = ADVANCED_FACE('',(#11481),#6501,.F.);
#11481 = FACE_BOUND('',#11482,.F.);
#11482 = EDGE_LOOP('',(#11483,#11484,#11485,#11486));
#11483 = ORIENTED_EDGE('',*,*,#6536,.T.);
#11484 = ORIENTED_EDGE('',*,*,#6485,.T.);
#11485 = ORIENTED_EDGE('',*,*,#6971,.F.);
#11486 = ORIENTED_EDGE('',*,*,#11487,.F.);
#11487 = EDGE_CURVE('',#6537,#6972,#11488,.T.);
#11488 = SURFACE_CURVE('',#11489,(#11493,#11499),.PCURVE_S1.);
#11489 = LINE('',#11490,#11491);
#11490 = CARTESIAN_POINT('',(102.7,-127.,10.6));
#11491 = VECTOR('',#11492,1.);
#11492 = DIRECTION('',(0.,1.,0.));
#11493 = PCURVE('',#6501,#11494);
#11494 = DEFINITIONAL_REPRESENTATION('',(#11495),#11498);
#11495 = B_SPLINE_CURVE_WITH_KNOTS('',1,(#11496,#11497),.UNSPECIFIED.,
  .F.,.F.,(2,2),(-24.6,-23.35),.PIECEWISE_BEZIER_KNOTS.);
#11496 = CARTESIAN_POINT('',(9.,-2.4));
#11497 = CARTESIAN_POINT('',(9.,-3.65));
#11498 = ( GEOMETRIC_REPRESENTATION_CONTEXT(2) 
PARAMETRIC_REPRESENTATION_CONTEXT() REPRESENTATION_CONTEXT('2D SPACE',''
  ) );
#11499 = PCURVE('',#6573,#11500);
#11500 = DEFINITIONAL_REPRESENTATION('',(#11501),#11504);
#11501 = B_SPLINE_CURVE_WITH_KNOTS('',1,(#11502,#11503),.UNSPECIFIED.,
  .F.,.F.,(2,2),(-24.6,-23.35),.PIECEWISE_BEZIER_KNOTS.);
#11502 = CARTESIAN_POINT('',(2.7,-51.6));
#11503 = CARTESIAN_POINT('',(2.7,-50.35));
#11504 = ( GEOMETRIC_REPRESENTATION_CONTEXT(2) 
PARAMETRIC_REPRESENTATION_CONTEXT() REPRESENTATION_CONTEXT('2D SPACE',''
  ) );
#11505 = ADVANCED_FACE('',(#11506),#6573,.T.);
#11506 = FACE_BOUND('',#11507,.T.);
#11507 = EDGE_LOOP('',(#11508,#11509,#11510,#11511));
#11508 = ORIENTED_EDGE('',*,*,#11487,.F.);
#11509 = ORIENTED_EDGE('',*,*,#6557,.T.);
#11510 = ORIENTED_EDGE('',*,*,#11462,.T.);
#11511 = ORIENTED_EDGE('',*,*,#6992,.T.);
#11512 = ADVANCED_FACE('',(#11513),#6625,.F.);
#11513 = FACE_BOUND('',#11514,.F.);
#11514 = EDGE_LOOP('',(#11515,#11516,#11544,#11565));
#11515 = ORIENTED_EDGE('',*,*,#6607,.F.);
#11516 = ORIENTED_EDGE('',*,*,#11517,.F.);
#11517 = EDGE_CURVE('',#11518,#6608,#11520,.T.);
#11518 = VERTEX_POINT('',#11519);
#11519 = CARTESIAN_POINT('',(150.4,-149.9,0.));
#11520 = SURFACE_CURVE('',#11521,(#11526,#11533),.PCURVE_S1.);
#11521 = CIRCLE('',#11522,0.5);
#11522 = AXIS2_PLACEMENT_3D('',#11523,#11524,#11525);
#11523 = CARTESIAN_POINT('',(149.9,-149.9,0.));
#11524 = DIRECTION('',(0.,0.,-1.));
#11525 = DIRECTION('',(1.,0.,0.));
#11526 = PCURVE('',#6625,#11527);
#11527 = DEFINITIONAL_REPRESENTATION('',(#11528),#11532);
#11528 = LINE('',#11529,#11530);
#11529 = CARTESIAN_POINT('',(1.570796326795,-0.6));
#11530 = VECTOR('',#11531,1.);
#11531 = DIRECTION('',(-1.,-0.));
#11532 = ( GEOMETRIC_REPRESENTATION_CONTEXT(2) 
PARAMETRIC_REPRESENTATION_CONTEXT() REPRESENTATION_CONTEXT('2D SPACE',''
  ) );
#11533 = PCURVE('',#6653,#11534);
#11534 = DEFINITIONAL_REPRESENTATION('',(#11535),#11543);
#11535 = ( BOUNDED_CURVE() B_SPLINE_CURVE(2,(#11536,#11537,#11538,#11539
    ,#11540,#11541,#11542),.UNSPECIFIED.,.T.,.F.) 
B_SPLINE_CURVE_WITH_KNOTS((1,2,2,2,2,1),(-2.094395102393,0.,
    2.094395102393,4.188790204786,6.28318530718,8.377580409573),
.UNSPECIFIED.) CURVE() GEOMETRIC_REPRESENTATION_ITEM() 
RATIONAL_B_SPLINE_CURVE((1.,0.5,1.,0.5,1.,0.5,1.)) REPRESENTATION_ITEM(
  '') );
#11536 = CARTESIAN_POINT('',(3.5,0.5));
#11537 = CARTESIAN_POINT('',(3.5,-0.366025403784));
#11538 = CARTESIAN_POINT('',(2.75,6.698729810778E-02));
#11539 = CARTESIAN_POINT('',(2.,0.5));
#11540 = CARTESIAN_POINT('',(2.75,0.933012701892));
#11541 = CARTESIAN_POINT('',(3.5,1.366025403784));
#11542 = CARTESIAN_POINT('',(3.5,0.5));
#11543 = ( GEOMETRIC_REPRESENTATION_CONTEXT(2) 
PARAMETRIC_REPRESENTATION_CONTEXT() REPRESENTATION_CONTEXT('2D SPACE',''
  ) );
#11544 = ORIENTED_EDGE('',*,*,#11545,.F.);
#11545 = EDGE_CURVE('',#10959,#11518,#11546,.T.);
#11546 = SURFACE_CURVE('',#11547,(#11551,#11558),.PCURVE_S1.);
#11547 = LINE('',#11548,#11549);
#11548 = CARTESIAN_POINT('',(150.4,-149.9,10.6));
#11549 = VECTOR('',#11550,1.);
#11550 = DIRECTION('',(0.,0.,-1.));
#11551 = PCURVE('',#6625,#11552);
#11552 = DEFINITIONAL_REPRESENTATION('',(#11553),#11557);
#11553 = LINE('',#11554,#11555);
#11554 = CARTESIAN_POINT('',(1.570796326795,10.));
#11555 = VECTOR('',#11556,1.);
#11556 = DIRECTION('',(-0.,-1.));
#11557 = ( GEOMETRIC_REPRESENTATION_CONTEXT(2) 
PARAMETRIC_REPRESENTATION_CONTEXT() REPRESENTATION_CONTEXT('2D SPACE',''
  ) );
#11558 = PCURVE('',#10083,#11559);
#11559 = DEFINITIONAL_REPRESENTATION('',(#11560),#11564);
#11560 = LINE('',#11561,#11562);
#11561 = CARTESIAN_POINT('',(0.5,-10.));
#11562 = VECTOR('',#11563,1.);
#11563 = DIRECTION('',(0.,1.));
#11564 = ( GEOMETRIC_REPRESENTATION_CONTEXT(2) 
PARAMETRIC_REPRESENTATION_CONTEXT() REPRESENTATION_CONTEXT('2D SPACE',''
  ) );
#11565 = ORIENTED_EDGE('',*,*,#10980,.F.);
#11566 = ADVANCED_FACE('',(#11567),#6791,.F.);
#11567 = FACE_BOUND('',#11568,.T.);
#11568 = EDGE_LOOP('',(#11569,#11570,#11594,#11615));
#11569 = ORIENTED_EDGE('',*,*,#6775,.T.);
#11570 = ORIENTED_EDGE('',*,*,#11571,.F.);
#11571 = EDGE_CURVE('',#11572,#6748,#11574,.T.);
#11572 = VERTEX_POINT('',#11573);
#11573 = CARTESIAN_POINT('',(49.6,-149.9,0.));
#11574 = SURFACE_CURVE('',#11575,(#11580,#11587),.PCURVE_S1.);
#11575 = CIRCLE('',#11576,0.5);
#11576 = AXIS2_PLACEMENT_3D('',#11577,#11578,#11579);
#11577 = CARTESIAN_POINT('',(50.1,-149.9,0.));
#11578 = DIRECTION('',(0.,0.,1.));
#11579 = DIRECTION('',(0.,-1.,0.));
#11580 = PCURVE('',#6791,#11581);
#11581 = DEFINITIONAL_REPRESENTATION('',(#11582),#11586);
#11582 = LINE('',#11583,#11584);
#11583 = CARTESIAN_POINT('',(-6.28318530718,-0.6));
#11584 = VECTOR('',#11585,1.);
#11585 = DIRECTION('',(1.,-0.));
#11586 = ( GEOMETRIC_REPRESENTATION_CONTEXT(2) 
PARAMETRIC_REPRESENTATION_CONTEXT() REPRESENTATION_CONTEXT('2D SPACE',''
  ) );
#11587 = PCURVE('',#6763,#11588);
#11588 = DEFINITIONAL_REPRESENTATION('',(#11589),#11593);
#11589 = CIRCLE('',#11590,0.5);
#11590 = AXIS2_PLACEMENT_2D('',#11591,#11592);
#11591 = CARTESIAN_POINT('',(0.5,0.5));
#11592 = DIRECTION('',(0.,-1.));
#11593 = ( GEOMETRIC_REPRESENTATION_CONTEXT(2) 
PARAMETRIC_REPRESENTATION_CONTEXT() REPRESENTATION_CONTEXT('2D SPACE',''
  ) );
#11594 = ORIENTED_EDGE('',*,*,#11595,.F.);
#11595 = EDGE_CURVE('',#9541,#11572,#11596,.T.);
#11596 = SURFACE_CURVE('',#11597,(#11601,#11608),.PCURVE_S1.);
#11597 = LINE('',#11598,#11599);
#11598 = CARTESIAN_POINT('',(49.6,-149.9,10.6));
#11599 = VECTOR('',#11600,1.);
#11600 = DIRECTION('',(0.,0.,-1.));
#11601 = PCURVE('',#6791,#11602);
#11602 = DEFINITIONAL_REPRESENTATION('',(#11603),#11607);
#11603 = LINE('',#11604,#11605);
#11604 = CARTESIAN_POINT('',(-1.570796326795,10.));
#11605 = VECTOR('',#11606,1.);
#11606 = DIRECTION('',(-0.,-1.));
#11607 = ( GEOMETRIC_REPRESENTATION_CONTEXT(2) 
PARAMETRIC_REPRESENTATION_CONTEXT() REPRESENTATION_CONTEXT('2D SPACE',''
  ) );
#11608 = PCURVE('',#7423,#11609);
#11609 = DEFINITIONAL_REPRESENTATION('',(#11610),#11614);
#11610 = LINE('',#11611,#11612);
#11611 = CARTESIAN_POINT('',(100.3,-10.));
#11612 = VECTOR('',#11613,1.);
#11613 = DIRECTION('',(0.,1.));
#11614 = ( GEOMETRIC_REPRESENTATION_CONTEXT(2) 
PARAMETRIC_REPRESENTATION_CONTEXT() REPRESENTATION_CONTEXT('2D SPACE',''
  ) );
#11615 = ORIENTED_EDGE('',*,*,#9540,.T.);
#11616 = ADVANCED_FACE('',(#11617),#6763,.T.);
#11617 = FACE_BOUND('',#11618,.T.);
#11618 = EDGE_LOOP('',(#11619,#11642,#11643,#11644,#11667,#11695,#11723)
  );
#11619 = ORIENTED_EDGE('',*,*,#11620,.F.);
#11620 = EDGE_CURVE('',#11572,#11621,#11623,.T.);
#11621 = VERTEX_POINT('',#11622);
#11622 = CARTESIAN_POINT('',(49.6,-146.9,0.));
#11623 = SURFACE_CURVE('',#11624,(#11628,#11635),.PCURVE_S1.);
#11624 = LINE('',#11625,#11626);
#11625 = CARTESIAN_POINT('',(49.6,-149.9,0.));
#11626 = VECTOR('',#11627,1.);
#11627 = DIRECTION('',(2.368475785867E-15,1.,0.));
#11628 = PCURVE('',#6763,#11629);
#11629 = DEFINITIONAL_REPRESENTATION('',(#11630),#11634);
#11630 = LINE('',#11631,#11632);
#11631 = CARTESIAN_POINT('',(-7.105427357601E-15,0.5));
#11632 = VECTOR('',#11633,1.);
#11633 = DIRECTION('',(2.368475785867E-15,1.));
#11634 = ( GEOMETRIC_REPRESENTATION_CONTEXT(2) 
PARAMETRIC_REPRESENTATION_CONTEXT() REPRESENTATION_CONTEXT('2D SPACE',''
  ) );
#11635 = PCURVE('',#7423,#11636);
#11636 = DEFINITIONAL_REPRESENTATION('',(#11637),#11641);
#11637 = LINE('',#11638,#11639);
#11638 = CARTESIAN_POINT('',(100.3,0.6));
#11639 = VECTOR('',#11640,1.);
#11640 = DIRECTION('',(-1.,0.));
#11641 = ( GEOMETRIC_REPRESENTATION_CONTEXT(2) 
PARAMETRIC_REPRESENTATION_CONTEXT() REPRESENTATION_CONTEXT('2D SPACE',''
  ) );
#11642 = ORIENTED_EDGE('',*,*,#11571,.T.);
#11643 = ORIENTED_EDGE('',*,*,#6747,.F.);
#11644 = ORIENTED_EDGE('',*,*,#11645,.T.);
#11645 = EDGE_CURVE('',#6721,#11646,#11648,.T.);
#11646 = VERTEX_POINT('',#11647);
#11647 = CARTESIAN_POINT('',(57.4,-148.4,0.));
#11648 = SURFACE_CURVE('',#11649,(#11653,#11660),.PCURVE_S1.);
#11649 = LINE('',#11650,#11651);
#11650 = CARTESIAN_POINT('',(57.4,-150.5,0.));
#11651 = VECTOR('',#11652,1.);
#11652 = DIRECTION('',(0.,1.,0.));
#11653 = PCURVE('',#6763,#11654);
#11654 = DEFINITIONAL_REPRESENTATION('',(#11655),#11659);
#11655 = LINE('',#11656,#11657);
#11656 = CARTESIAN_POINT('',(7.8,-9.999999999999E-02));
#11657 = VECTOR('',#11658,1.);
#11658 = DIRECTION('',(0.,1.));
#11659 = ( GEOMETRIC_REPRESENTATION_CONTEXT(2) 
PARAMETRIC_REPRESENTATION_CONTEXT() REPRESENTATION_CONTEXT('2D SPACE',''
  ) );
#11660 = PCURVE('',#6736,#11661);
#11661 = DEFINITIONAL_REPRESENTATION('',(#11662),#11666);
#11662 = LINE('',#11663,#11664);
#11663 = CARTESIAN_POINT('',(5.3,0.));
#11664 = VECTOR('',#11665,1.);
#11665 = DIRECTION('',(0.,-1.));
#11666 = ( GEOMETRIC_REPRESENTATION_CONTEXT(2) 
PARAMETRIC_REPRESENTATION_CONTEXT() REPRESENTATION_CONTEXT('2D SPACE',''
  ) );
#11667 = ORIENTED_EDGE('',*,*,#11668,.F.);
#11668 = EDGE_CURVE('',#11669,#11646,#11671,.T.);
#11669 = VERTEX_POINT('',#11670);
#11670 = CARTESIAN_POINT('',(53.1,-148.4,0.));
#11671 = SURFACE_CURVE('',#11672,(#11676,#11683),.PCURVE_S1.);
#11672 = LINE('',#11673,#11674);
#11673 = CARTESIAN_POINT('',(49.4,-148.4,0.));
#11674 = VECTOR('',#11675,1.);
#11675 = DIRECTION('',(1.,0.,0.));
#11676 = PCURVE('',#6763,#11677);
#11677 = DEFINITIONAL_REPRESENTATION('',(#11678),#11682);
#11678 = LINE('',#11679,#11680);
#11679 = CARTESIAN_POINT('',(-0.2,2.));
#11680 = VECTOR('',#11681,1.);
#11681 = DIRECTION('',(1.,0.));
#11682 = ( GEOMETRIC_REPRESENTATION_CONTEXT(2) 
PARAMETRIC_REPRESENTATION_CONTEXT() REPRESENTATION_CONTEXT('2D SPACE',''
  ) );
#11683 = PCURVE('',#11684,#11689);
#11684 = PLANE('',#11685);
#11685 = AXIS2_PLACEMENT_3D('',#11686,#11687,#11688);
#11686 = CARTESIAN_POINT('',(49.4,-148.4,-5.3));
#11687 = DIRECTION('',(0.,1.,0.));
#11688 = DIRECTION('',(0.,0.,1.));
#11689 = DEFINITIONAL_REPRESENTATION('',(#11690),#11694);
#11690 = LINE('',#11691,#11692);
#11691 = CARTESIAN_POINT('',(5.3,0.));
#11692 = VECTOR('',#11693,1.);
#11693 = DIRECTION('',(0.,1.));
#11694 = ( GEOMETRIC_REPRESENTATION_CONTEXT(2) 
PARAMETRIC_REPRESENTATION_CONTEXT() REPRESENTATION_CONTEXT('2D SPACE',''
  ) );
#11695 = ORIENTED_EDGE('',*,*,#11696,.T.);
#11696 = EDGE_CURVE('',#11669,#11697,#11699,.T.);
#11697 = VERTEX_POINT('',#11698);
#11698 = CARTESIAN_POINT('',(53.1,-146.9,0.));
#11699 = SURFACE_CURVE('',#11700,(#11704,#11711),.PCURVE_S1.);
#11700 = LINE('',#11701,#11702);
#11701 = CARTESIAN_POINT('',(53.1,-150.4,0.));
#11702 = VECTOR('',#11703,1.);
#11703 = DIRECTION('',(0.,1.,0.));
#11704 = PCURVE('',#6763,#11705);
#11705 = DEFINITIONAL_REPRESENTATION('',(#11706),#11710);
#11706 = LINE('',#11707,#11708);
#11707 = CARTESIAN_POINT('',(3.5,0.));
#11708 = VECTOR('',#11709,1.);
#11709 = DIRECTION('',(0.,1.));
#11710 = ( GEOMETRIC_REPRESENTATION_CONTEXT(2) 
PARAMETRIC_REPRESENTATION_CONTEXT() REPRESENTATION_CONTEXT('2D SPACE',''
  ) );
#11711 = PCURVE('',#11712,#11717);
#11712 = PLANE('',#11713);
#11713 = AXIS2_PLACEMENT_3D('',#11714,#11715,#11716);
#11714 = CARTESIAN_POINT('',(53.1,-150.4,-5.3));
#11715 = DIRECTION('',(1.,0.,0.));
#11716 = DIRECTION('',(0.,0.,1.));
#11717 = DEFINITIONAL_REPRESENTATION('',(#11718),#11722);
#11718 = LINE('',#11719,#11720);
#11719 = CARTESIAN_POINT('',(5.3,0.));
#11720 = VECTOR('',#11721,1.);
#11721 = DIRECTION('',(0.,-1.));
#11722 = ( GEOMETRIC_REPRESENTATION_CONTEXT(2) 
PARAMETRIC_REPRESENTATION_CONTEXT() REPRESENTATION_CONTEXT('2D SPACE',''
  ) );
#11723 = ORIENTED_EDGE('',*,*,#11724,.F.);
#11724 = EDGE_CURVE('',#11621,#11697,#11725,.T.);
#11725 = SURFACE_CURVE('',#11726,(#11730,#11737),.PCURVE_S1.);
#11726 = LINE('',#11727,#11728);
#11727 = CARTESIAN_POINT('',(49.6,-146.9,0.));
#11728 = VECTOR('',#11729,1.);
#11729 = DIRECTION('',(1.,0.,0.));
#11730 = PCURVE('',#6763,#11731);
#11731 = DEFINITIONAL_REPRESENTATION('',(#11732),#11736);
#11732 = LINE('',#11733,#11734);
#11733 = CARTESIAN_POINT('',(0.,3.5));
#11734 = VECTOR('',#11735,1.);
#11735 = DIRECTION('',(1.,0.));
#11736 = ( GEOMETRIC_REPRESENTATION_CONTEXT(2) 
PARAMETRIC_REPRESENTATION_CONTEXT() REPRESENTATION_CONTEXT('2D SPACE',''
  ) );
#11737 = PCURVE('',#11738,#11743);
#11738 = PLANE('',#11739);
#11739 = AXIS2_PLACEMENT_3D('',#11740,#11741,#11742);
#11740 = CARTESIAN_POINT('',(49.6,-146.9,-5.3));
#11741 = DIRECTION('',(0.,1.,0.));
#11742 = DIRECTION('',(0.,0.,1.));
#11743 = DEFINITIONAL_REPRESENTATION('',(#11744),#11748);
#11744 = LINE('',#11745,#11746);
#11745 = CARTESIAN_POINT('',(5.3,0.));
#11746 = VECTOR('',#11747,1.);
#11747 = DIRECTION('',(0.,1.));
#11748 = ( GEOMETRIC_REPRESENTATION_CONTEXT(2) 
PARAMETRIC_REPRESENTATION_CONTEXT() REPRESENTATION_CONTEXT('2D SPACE',''
  ) );
#11749 = ADVANCED_FACE('',(#11750),#6736,.T.);
#11750 = FACE_BOUND('',#11751,.T.);
#11751 = EDGE_LOOP('',(#11752,#11753,#11754,#11775));
#11752 = ORIENTED_EDGE('',*,*,#11645,.F.);
#11753 = ORIENTED_EDGE('',*,*,#6720,.T.);
#11754 = ORIENTED_EDGE('',*,*,#11755,.T.);
#11755 = EDGE_CURVE('',#6693,#11756,#11758,.T.);
#11756 = VERTEX_POINT('',#11757);
#11757 = CARTESIAN_POINT('',(57.4,-148.4,-5.2));
#11758 = SURFACE_CURVE('',#11759,(#11763,#11769),.PCURVE_S1.);
#11759 = LINE('',#11760,#11761);
#11760 = CARTESIAN_POINT('',(57.4,-125.25,-5.2));
#11761 = VECTOR('',#11762,1.);
#11762 = DIRECTION('',(0.,1.,0.));
#11763 = PCURVE('',#6736,#11764);
#11764 = DEFINITIONAL_REPRESENTATION('',(#11765),#11768);
#11765 = B_SPLINE_CURVE_WITH_KNOTS('',1,(#11766,#11767),.UNSPECIFIED.,
  .F.,.F.,(2,2),(-25.15,-23.15),.PIECEWISE_BEZIER_KNOTS.);
#11766 = CARTESIAN_POINT('',(0.1,-9.999999999999E-02));
#11767 = CARTESIAN_POINT('',(0.1,-2.1));
#11768 = ( GEOMETRIC_REPRESENTATION_CONTEXT(2) 
PARAMETRIC_REPRESENTATION_CONTEXT() REPRESENTATION_CONTEXT('2D SPACE',''
  ) );
#11769 = PCURVE('',#6708,#11770);
#11770 = DEFINITIONAL_REPRESENTATION('',(#11771),#11774);
#11771 = B_SPLINE_CURVE_WITH_KNOTS('',1,(#11772,#11773),.UNSPECIFIED.,
  .F.,.F.,(2,2),(-25.15,-23.15),.PIECEWISE_BEZIER_KNOTS.);
#11772 = CARTESIAN_POINT('',(-42.6,-50.4));
#11773 = CARTESIAN_POINT('',(-42.6,-48.4));
#11774 = ( GEOMETRIC_REPRESENTATION_CONTEXT(2) 
PARAMETRIC_REPRESENTATION_CONTEXT() REPRESENTATION_CONTEXT('2D SPACE',''
  ) );
#11775 = ORIENTED_EDGE('',*,*,#11776,.T.);
#11776 = EDGE_CURVE('',#11756,#11646,#11777,.T.);
#11777 = SURFACE_CURVE('',#11778,(#11782,#11789),.PCURVE_S1.);
#11778 = LINE('',#11779,#11780);
#11779 = CARTESIAN_POINT('',(57.4,-148.4,-5.3));
#11780 = VECTOR('',#11781,1.);
#11781 = DIRECTION('',(0.,0.,1.));
#11782 = PCURVE('',#6736,#11783);
#11783 = DEFINITIONAL_REPRESENTATION('',(#11784),#11788);
#11784 = LINE('',#11785,#11786);
#11785 = CARTESIAN_POINT('',(0.,-2.1));
#11786 = VECTOR('',#11787,1.);
#11787 = DIRECTION('',(1.,0.));
#11788 = ( GEOMETRIC_REPRESENTATION_CONTEXT(2) 
PARAMETRIC_REPRESENTATION_CONTEXT() REPRESENTATION_CONTEXT('2D SPACE',''
  ) );
#11789 = PCURVE('',#11684,#11790);
#11790 = DEFINITIONAL_REPRESENTATION('',(#11791),#11795);
#11791 = LINE('',#11792,#11793);
#11792 = CARTESIAN_POINT('',(0.,8.));
#11793 = VECTOR('',#11794,1.);
#11794 = DIRECTION('',(1.,0.));
#11795 = ( GEOMETRIC_REPRESENTATION_CONTEXT(2) 
PARAMETRIC_REPRESENTATION_CONTEXT() REPRESENTATION_CONTEXT('2D SPACE',''
  ) );
#11796 = ADVANCED_FACE('',(#11797),#6708,.T.);
#11797 = FACE_BOUND('',#11798,.T.);
#11798 = EDGE_LOOP('',(#11799,#11800,#11801,#11822,#11848,#11874,#11900,
    #11923,#11949,#11975,#12001,#12024,#12050,#12076,#12104,#12130,
    #12156,#12182,#12205,#12231,#12257,#12283,#12306,#12332,#12358,
    #12381,#12407,#12433,#12459,#12482,#12508,#12534,#12560,#12583,
    #12609,#12635,#12661,#12684,#12705,#12726));
#11799 = ORIENTED_EDGE('',*,*,#11755,.F.);
#11800 = ORIENTED_EDGE('',*,*,#6692,.T.);
#11801 = ORIENTED_EDGE('',*,*,#11802,.T.);
#11802 = EDGE_CURVE('',#6666,#11803,#11805,.T.);
#11803 = VERTEX_POINT('',#11804);
#11804 = CARTESIAN_POINT('',(142.,-148.4,-5.2));
#11805 = SURFACE_CURVE('',#11806,(#11810,#11816),.PCURVE_S1.);
#11806 = LINE('',#11807,#11808);
#11807 = CARTESIAN_POINT('',(142.,-125.25,-5.2));
#11808 = VECTOR('',#11809,1.);
#11809 = DIRECTION('',(0.,1.,0.));
#11810 = PCURVE('',#6708,#11811);
#11811 = DEFINITIONAL_REPRESENTATION('',(#11812),#11815);
#11812 = B_SPLINE_CURVE_WITH_KNOTS('',1,(#11813,#11814),.UNSPECIFIED.,
  .F.,.F.,(2,2),(-25.15,-23.15),.PIECEWISE_BEZIER_KNOTS.);
#11813 = CARTESIAN_POINT('',(42.,-50.4));
#11814 = CARTESIAN_POINT('',(42.,-48.4));
#11815 = ( GEOMETRIC_REPRESENTATION_CONTEXT(2) 
PARAMETRIC_REPRESENTATION_CONTEXT() REPRESENTATION_CONTEXT('2D SPACE',''
  ) );
#11816 = PCURVE('',#6681,#11817);
#11817 = DEFINITIONAL_REPRESENTATION('',(#11818),#11821);
#11818 = B_SPLINE_CURVE_WITH_KNOTS('',1,(#11819,#11820),.UNSPECIFIED.,
  .F.,.F.,(2,2),(-25.15,-23.15),.PIECEWISE_BEZIER_KNOTS.);
#11819 = CARTESIAN_POINT('',(0.1,-9.999999999999E-02));
#11820 = CARTESIAN_POINT('',(0.1,-2.1));
#11821 = ( GEOMETRIC_REPRESENTATION_CONTEXT(2) 
PARAMETRIC_REPRESENTATION_CONTEXT() REPRESENTATION_CONTEXT('2D SPACE',''
  ) );
#11822 = ORIENTED_EDGE('',*,*,#11823,.F.);
#11823 = EDGE_CURVE('',#11824,#11803,#11826,.T.);
#11824 = VERTEX_POINT('',#11825);
#11825 = CARTESIAN_POINT('',(146.9,-148.4,-5.2));
#11826 = SURFACE_CURVE('',#11827,(#11831,#11837),.PCURVE_S1.);
#11827 = LINE('',#11828,#11829);
#11828 = CARTESIAN_POINT('',(121.,-148.4,-5.2));
#11829 = VECTOR('',#11830,1.);
#11830 = DIRECTION('',(-1.,0.,0.));
#11831 = PCURVE('',#6708,#11832);
#11832 = DEFINITIONAL_REPRESENTATION('',(#11833),#11836);
#11833 = B_SPLINE_CURVE_WITH_KNOTS('',1,(#11834,#11835),.UNSPECIFIED.,
  .F.,.F.,(2,2),(-29.,-21.),.PIECEWISE_BEZIER_KNOTS.);
#11834 = CARTESIAN_POINT('',(50.,-48.4));
#11835 = CARTESIAN_POINT('',(42.,-48.4));
#11836 = ( GEOMETRIC_REPRESENTATION_CONTEXT(2) 
PARAMETRIC_REPRESENTATION_CONTEXT() REPRESENTATION_CONTEXT('2D SPACE',''
  ) );
#11837 = PCURVE('',#11838,#11843);
#11838 = PLANE('',#11839);
#11839 = AXIS2_PLACEMENT_3D('',#11840,#11841,#11842);
#11840 = CARTESIAN_POINT('',(142.,-148.4,-5.3));
#11841 = DIRECTION('',(0.,1.,0.));
#11842 = DIRECTION('',(0.,0.,1.));
#11843 = DEFINITIONAL_REPRESENTATION('',(#11844),#11847);
#11844 = B_SPLINE_CURVE_WITH_KNOTS('',1,(#11845,#11846),.UNSPECIFIED.,
  .F.,.F.,(2,2),(-29.,-21.),.PIECEWISE_BEZIER_KNOTS.);
#11845 = CARTESIAN_POINT('',(0.1,8.));
#11846 = CARTESIAN_POINT('',(0.1,0.));
#11847 = ( GEOMETRIC_REPRESENTATION_CONTEXT(2) 
PARAMETRIC_REPRESENTATION_CONTEXT() REPRESENTATION_CONTEXT('2D SPACE',''
  ) );
#11848 = ORIENTED_EDGE('',*,*,#11849,.T.);
#11849 = EDGE_CURVE('',#11824,#11850,#11852,.T.);
#11850 = VERTEX_POINT('',#11851);
#11851 = CARTESIAN_POINT('',(146.9,-146.9,-5.2));
#11852 = SURFACE_CURVE('',#11853,(#11857,#11863),.PCURVE_S1.);
#11853 = LINE('',#11854,#11855);
#11854 = CARTESIAN_POINT('',(146.9,-125.2,-5.2));
#11855 = VECTOR('',#11856,1.);
#11856 = DIRECTION('',(0.,1.,0.));
#11857 = PCURVE('',#6708,#11858);
#11858 = DEFINITIONAL_REPRESENTATION('',(#11859),#11862);
#11859 = B_SPLINE_CURVE_WITH_KNOTS('',1,(#11860,#11861),.UNSPECIFIED.,
  .F.,.F.,(2,2),(-25.2,-21.7),.PIECEWISE_BEZIER_KNOTS.);
#11860 = CARTESIAN_POINT('',(46.9,-50.4));
#11861 = CARTESIAN_POINT('',(46.9,-46.9));
#11862 = ( GEOMETRIC_REPRESENTATION_CONTEXT(2) 
PARAMETRIC_REPRESENTATION_CONTEXT() REPRESENTATION_CONTEXT('2D SPACE',''
  ) );
#11863 = PCURVE('',#11864,#11869);
#11864 = PLANE('',#11865);
#11865 = AXIS2_PLACEMENT_3D('',#11866,#11867,#11868);
#11866 = CARTESIAN_POINT('',(146.9,-150.4,-5.3));
#11867 = DIRECTION('',(1.,0.,0.));
#11868 = DIRECTION('',(0.,0.,1.));
#11869 = DEFINITIONAL_REPRESENTATION('',(#11870),#11873);
#11870 = B_SPLINE_CURVE_WITH_KNOTS('',1,(#11871,#11872),.UNSPECIFIED.,
  .F.,.F.,(2,2),(-25.2,-21.7),.PIECEWISE_BEZIER_KNOTS.);
#11871 = CARTESIAN_POINT('',(0.1,0.));
#11872 = CARTESIAN_POINT('',(0.1,-3.5));
#11873 = ( GEOMETRIC_REPRESENTATION_CONTEXT(2) 
PARAMETRIC_REPRESENTATION_CONTEXT() REPRESENTATION_CONTEXT('2D SPACE',''
  ) );
#11874 = ORIENTED_EDGE('',*,*,#11875,.F.);
#11875 = EDGE_CURVE('',#11876,#11850,#11878,.T.);
#11876 = VERTEX_POINT('',#11877);
#11877 = CARTESIAN_POINT('',(150.4,-146.9,-5.2));
#11878 = SURFACE_CURVE('',#11879,(#11883,#11889),.PCURVE_S1.);
#11879 = LINE('',#11880,#11881);
#11880 = CARTESIAN_POINT('',(123.45,-146.9,-5.2));
#11881 = VECTOR('',#11882,1.);
#11882 = DIRECTION('',(-1.,0.,0.));
#11883 = PCURVE('',#6708,#11884);
#11884 = DEFINITIONAL_REPRESENTATION('',(#11885),#11888);
#11885 = B_SPLINE_CURVE_WITH_KNOTS('',1,(#11886,#11887),.UNSPECIFIED.,
  .F.,.F.,(2,2),(-26.95,-23.45),.PIECEWISE_BEZIER_KNOTS.);
#11886 = CARTESIAN_POINT('',(50.4,-46.9));
#11887 = CARTESIAN_POINT('',(46.9,-46.9));
#11888 = ( GEOMETRIC_REPRESENTATION_CONTEXT(2) 
PARAMETRIC_REPRESENTATION_CONTEXT() REPRESENTATION_CONTEXT('2D SPACE',''
  ) );
#11889 = PCURVE('',#11890,#11895);
#11890 = PLANE('',#11891);
#11891 = AXIS2_PLACEMENT_3D('',#11892,#11893,#11894);
#11892 = CARTESIAN_POINT('',(146.9,-146.9,-5.3));
#11893 = DIRECTION('',(0.,1.,0.));
#11894 = DIRECTION('',(0.,0.,1.));
#11895 = DEFINITIONAL_REPRESENTATION('',(#11896),#11899);
#11896 = B_SPLINE_CURVE_WITH_KNOTS('',1,(#11897,#11898),.UNSPECIFIED.,
  .F.,.F.,(2,2),(-26.95,-23.45),.PIECEWISE_BEZIER_KNOTS.);
#11897 = CARTESIAN_POINT('',(0.1,3.5));
#11898 = CARTESIAN_POINT('',(0.1,0.));
#11899 = ( GEOMETRIC_REPRESENTATION_CONTEXT(2) 
PARAMETRIC_REPRESENTATION_CONTEXT() REPRESENTATION_CONTEXT('2D SPACE',''
  ) );
#11900 = ORIENTED_EDGE('',*,*,#11901,.T.);
#11901 = EDGE_CURVE('',#11876,#11902,#11904,.T.);
#11902 = VERTEX_POINT('',#11903);
#11903 = CARTESIAN_POINT('',(150.4,-130.,-5.2));
#11904 = SURFACE_CURVE('',#11905,(#11909,#11916),.PCURVE_S1.);
#11905 = LINE('',#11906,#11907);
#11906 = CARTESIAN_POINT('',(150.4,-150.4,-5.2));
#11907 = VECTOR('',#11908,1.);
#11908 = DIRECTION('',(0.,1.,0.));
#11909 = PCURVE('',#6708,#11910);
#11910 = DEFINITIONAL_REPRESENTATION('',(#11911),#11915);
#11911 = LINE('',#11912,#11913);
#11912 = CARTESIAN_POINT('',(50.4,-50.4));
#11913 = VECTOR('',#11914,1.);
#11914 = DIRECTION('',(0.,1.));
#11915 = ( GEOMETRIC_REPRESENTATION_CONTEXT(2) 
PARAMETRIC_REPRESENTATION_CONTEXT() REPRESENTATION_CONTEXT('2D SPACE',''
  ) );
#11916 = PCURVE('',#10083,#11917);
#11917 = DEFINITIONAL_REPRESENTATION('',(#11918),#11922);
#11918 = LINE('',#11919,#11920);
#11919 = CARTESIAN_POINT('',(0.,5.8));
#11920 = VECTOR('',#11921,1.);
#11921 = DIRECTION('',(1.,0.));
#11922 = ( GEOMETRIC_REPRESENTATION_CONTEXT(2) 
PARAMETRIC_REPRESENTATION_CONTEXT() REPRESENTATION_CONTEXT('2D SPACE',''
  ) );
#11923 = ORIENTED_EDGE('',*,*,#11924,.T.);
#11924 = EDGE_CURVE('',#11902,#11925,#11927,.T.);
#11925 = VERTEX_POINT('',#11926);
#11926 = CARTESIAN_POINT('',(148.4,-130.,-5.2));
#11927 = SURFACE_CURVE('',#11928,(#11932,#11938),.PCURVE_S1.);
#11928 = LINE('',#11929,#11930);
#11929 = CARTESIAN_POINT('',(124.2,-130.,-5.2));
#11930 = VECTOR('',#11931,1.);
#11931 = DIRECTION('',(-1.,0.,0.));
#11932 = PCURVE('',#6708,#11933);
#11933 = DEFINITIONAL_REPRESENTATION('',(#11934),#11937);
#11934 = B_SPLINE_CURVE_WITH_KNOTS('',1,(#11935,#11936),.UNSPECIFIED.,
  .F.,.F.,(2,2),(-26.2,-24.2),.PIECEWISE_BEZIER_KNOTS.);
#11935 = CARTESIAN_POINT('',(50.4,-30.));
#11936 = CARTESIAN_POINT('',(48.4,-30.));
#11937 = ( GEOMETRIC_REPRESENTATION_CONTEXT(2) 
PARAMETRIC_REPRESENTATION_CONTEXT() REPRESENTATION_CONTEXT('2D SPACE',''
  ) );
#11938 = PCURVE('',#11939,#11944);
#11939 = PLANE('',#11940);
#11940 = AXIS2_PLACEMENT_3D('',#11941,#11942,#11943);
#11941 = CARTESIAN_POINT('',(148.4,-130.,-5.3));
#11942 = DIRECTION('',(0.,1.,0.));
#11943 = DIRECTION('',(0.,0.,1.));
#11944 = DEFINITIONAL_REPRESENTATION('',(#11945),#11948);
#11945 = B_SPLINE_CURVE_WITH_KNOTS('',1,(#11946,#11947),.UNSPECIFIED.,
  .F.,.F.,(2,2),(-26.2,-24.2),.PIECEWISE_BEZIER_KNOTS.);
#11946 = CARTESIAN_POINT('',(0.1,2.));
#11947 = CARTESIAN_POINT('',(0.1,0.));
#11948 = ( GEOMETRIC_REPRESENTATION_CONTEXT(2) 
PARAMETRIC_REPRESENTATION_CONTEXT() REPRESENTATION_CONTEXT('2D SPACE',''
  ) );
#11949 = ORIENTED_EDGE('',*,*,#11950,.T.);
#11950 = EDGE_CURVE('',#11925,#11951,#11953,.T.);
#11951 = VERTEX_POINT('',#11952);
#11952 = CARTESIAN_POINT('',(148.4,-122.,-5.2));
#11953 = SURFACE_CURVE('',#11954,(#11958,#11964),.PCURVE_S1.);
#11954 = LINE('',#11955,#11956);
#11955 = CARTESIAN_POINT('',(148.4,-115.,-5.2));
#11956 = VECTOR('',#11957,1.);
#11957 = DIRECTION('',(0.,1.,0.));
#11958 = PCURVE('',#6708,#11959);
#11959 = DEFINITIONAL_REPRESENTATION('',(#11960),#11963);
#11960 = B_SPLINE_CURVE_WITH_KNOTS('',1,(#11961,#11962),.UNSPECIFIED.,
  .F.,.F.,(2,2),(-15.,-7.),.PIECEWISE_BEZIER_KNOTS.);
#11961 = CARTESIAN_POINT('',(48.4,-30.));
#11962 = CARTESIAN_POINT('',(48.4,-22.));
#11963 = ( GEOMETRIC_REPRESENTATION_CONTEXT(2) 
PARAMETRIC_REPRESENTATION_CONTEXT() REPRESENTATION_CONTEXT('2D SPACE',''
  ) );
#11964 = PCURVE('',#11965,#11970);
#11965 = PLANE('',#11966);
#11966 = AXIS2_PLACEMENT_3D('',#11967,#11968,#11969);
#11967 = CARTESIAN_POINT('',(148.4,-130.,-5.3));
#11968 = DIRECTION('',(1.,0.,0.));
#11969 = DIRECTION('',(0.,0.,1.));
#11970 = DEFINITIONAL_REPRESENTATION('',(#11971),#11974);
#11971 = B_SPLINE_CURVE_WITH_KNOTS('',1,(#11972,#11973),.UNSPECIFIED.,
  .F.,.F.,(2,2),(-15.,-7.),.PIECEWISE_BEZIER_KNOTS.);
#11972 = CARTESIAN_POINT('',(0.1,0.));
#11973 = CARTESIAN_POINT('',(0.1,-8.));
#11974 = ( GEOMETRIC_REPRESENTATION_CONTEXT(2) 
PARAMETRIC_REPRESENTATION_CONTEXT() REPRESENTATION_CONTEXT('2D SPACE',''
  ) );
#11975 = ORIENTED_EDGE('',*,*,#11976,.F.);
#11976 = EDGE_CURVE('',#11977,#11951,#11979,.T.);
#11977 = VERTEX_POINT('',#11978);
#11978 = CARTESIAN_POINT('',(150.4,-122.,-5.2));
#11979 = SURFACE_CURVE('',#11980,(#11984,#11990),.PCURVE_S1.);
#11980 = LINE('',#11981,#11982);
#11981 = CARTESIAN_POINT('',(124.2,-122.,-5.2));
#11982 = VECTOR('',#11983,1.);
#11983 = DIRECTION('',(-1.,0.,0.));
#11984 = PCURVE('',#6708,#11985);
#11985 = DEFINITIONAL_REPRESENTATION('',(#11986),#11989);
#11986 = B_SPLINE_CURVE_WITH_KNOTS('',1,(#11987,#11988),.UNSPECIFIED.,
  .F.,.F.,(2,2),(-26.2,-24.2),.PIECEWISE_BEZIER_KNOTS.);
#11987 = CARTESIAN_POINT('',(50.4,-22.));
#11988 = CARTESIAN_POINT('',(48.4,-22.));
#11989 = ( GEOMETRIC_REPRESENTATION_CONTEXT(2) 
PARAMETRIC_REPRESENTATION_CONTEXT() REPRESENTATION_CONTEXT('2D SPACE',''
  ) );
#11990 = PCURVE('',#11991,#11996);
#11991 = PLANE('',#11992);
#11992 = AXIS2_PLACEMENT_3D('',#11993,#11994,#11995);
#11993 = CARTESIAN_POINT('',(148.4,-122.,-5.3));
#11994 = DIRECTION('',(0.,1.,0.));
#11995 = DIRECTION('',(0.,0.,1.));
#11996 = DEFINITIONAL_REPRESENTATION('',(#11997),#12000);
#11997 = B_SPLINE_CURVE_WITH_KNOTS('',1,(#11998,#11999),.UNSPECIFIED.,
  .F.,.F.,(2,2),(-26.2,-24.2),.PIECEWISE_BEZIER_KNOTS.);
#11998 = CARTESIAN_POINT('',(0.1,2.));
#11999 = CARTESIAN_POINT('',(0.1,0.));
#12000 = ( GEOMETRIC_REPRESENTATION_CONTEXT(2) 
PARAMETRIC_REPRESENTATION_CONTEXT() REPRESENTATION_CONTEXT('2D SPACE',''
  ) );
#12001 = ORIENTED_EDGE('',*,*,#12002,.T.);
#12002 = EDGE_CURVE('',#11977,#12003,#12005,.T.);
#12003 = VERTEX_POINT('',#12004);
#12004 = CARTESIAN_POINT('',(150.4,-53.1,-5.2));
#12005 = SURFACE_CURVE('',#12006,(#12010,#12017),.PCURVE_S1.);
#12006 = LINE('',#12007,#12008);
#12007 = CARTESIAN_POINT('',(150.4,-150.4,-5.2));
#12008 = VECTOR('',#12009,1.);
#12009 = DIRECTION('',(0.,1.,0.));
#12010 = PCURVE('',#6708,#12011);
#12011 = DEFINITIONAL_REPRESENTATION('',(#12012),#12016);
#12012 = LINE('',#12013,#12014);
#12013 = CARTESIAN_POINT('',(50.4,-50.4));
#12014 = VECTOR('',#12015,1.);
#12015 = DIRECTION('',(0.,1.));
#12016 = ( GEOMETRIC_REPRESENTATION_CONTEXT(2) 
PARAMETRIC_REPRESENTATION_CONTEXT() REPRESENTATION_CONTEXT('2D SPACE',''
  ) );
#12017 = PCURVE('',#10083,#12018);
#12018 = DEFINITIONAL_REPRESENTATION('',(#12019),#12023);
#12019 = LINE('',#12020,#12021);
#12020 = CARTESIAN_POINT('',(0.,5.8));
#12021 = VECTOR('',#12022,1.);
#12022 = DIRECTION('',(1.,0.));
#12023 = ( GEOMETRIC_REPRESENTATION_CONTEXT(2) 
PARAMETRIC_REPRESENTATION_CONTEXT() REPRESENTATION_CONTEXT('2D SPACE',''
  ) );
#12024 = ORIENTED_EDGE('',*,*,#12025,.T.);
#12025 = EDGE_CURVE('',#12003,#12026,#12028,.T.);
#12026 = VERTEX_POINT('',#12027);
#12027 = CARTESIAN_POINT('',(146.9,-53.1,-5.2));
#12028 = SURFACE_CURVE('',#12029,(#12033,#12039),.PCURVE_S1.);
#12029 = LINE('',#12030,#12031);
#12030 = CARTESIAN_POINT('',(123.45,-53.1,-5.2));
#12031 = VECTOR('',#12032,1.);
#12032 = DIRECTION('',(-1.,0.,0.));
#12033 = PCURVE('',#6708,#12034);
#12034 = DEFINITIONAL_REPRESENTATION('',(#12035),#12038);
#12035 = B_SPLINE_CURVE_WITH_KNOTS('',1,(#12036,#12037),.UNSPECIFIED.,
  .F.,.F.,(2,2),(-26.95,-23.45),.PIECEWISE_BEZIER_KNOTS.);
#12036 = CARTESIAN_POINT('',(50.4,46.9));
#12037 = CARTESIAN_POINT('',(46.9,46.9));
#12038 = ( GEOMETRIC_REPRESENTATION_CONTEXT(2) 
PARAMETRIC_REPRESENTATION_CONTEXT() REPRESENTATION_CONTEXT('2D SPACE',''
  ) );
#12039 = PCURVE('',#12040,#12045);
#12040 = PLANE('',#12041);
#12041 = AXIS2_PLACEMENT_3D('',#12042,#12043,#12044);
#12042 = CARTESIAN_POINT('',(146.9,-53.1,-5.3));
#12043 = DIRECTION('',(0.,1.,0.));
#12044 = DIRECTION('',(0.,0.,1.));
#12045 = DEFINITIONAL_REPRESENTATION('',(#12046),#12049);
#12046 = B_SPLINE_CURVE_WITH_KNOTS('',1,(#12047,#12048),.UNSPECIFIED.,
  .F.,.F.,(2,2),(-26.95,-23.45),.PIECEWISE_BEZIER_KNOTS.);
#12047 = CARTESIAN_POINT('',(0.1,3.5));
#12048 = CARTESIAN_POINT('',(0.1,0.));
#12049 = ( GEOMETRIC_REPRESENTATION_CONTEXT(2) 
PARAMETRIC_REPRESENTATION_CONTEXT() REPRESENTATION_CONTEXT('2D SPACE',''
  ) );
#12050 = ORIENTED_EDGE('',*,*,#12051,.T.);
#12051 = EDGE_CURVE('',#12026,#12052,#12054,.T.);
#12052 = VERTEX_POINT('',#12053);
#12053 = CARTESIAN_POINT('',(146.9,-49.6,-5.2));
#12054 = SURFACE_CURVE('',#12055,(#12059,#12065),.PCURVE_S1.);
#12055 = LINE('',#12056,#12057);
#12056 = CARTESIAN_POINT('',(146.9,-76.55,-5.2));
#12057 = VECTOR('',#12058,1.);
#12058 = DIRECTION('',(0.,1.,0.));
#12059 = PCURVE('',#6708,#12060);
#12060 = DEFINITIONAL_REPRESENTATION('',(#12061),#12064);
#12061 = B_SPLINE_CURVE_WITH_KNOTS('',1,(#12062,#12063),.UNSPECIFIED.,
  .F.,.F.,(2,2),(23.45,26.95),.PIECEWISE_BEZIER_KNOTS.);
#12062 = CARTESIAN_POINT('',(46.9,46.9));
#12063 = CARTESIAN_POINT('',(46.9,50.4));
#12064 = ( GEOMETRIC_REPRESENTATION_CONTEXT(2) 
PARAMETRIC_REPRESENTATION_CONTEXT() REPRESENTATION_CONTEXT('2D SPACE',''
  ) );
#12065 = PCURVE('',#12066,#12071);
#12066 = PLANE('',#12067);
#12067 = AXIS2_PLACEMENT_3D('',#12068,#12069,#12070);
#12068 = CARTESIAN_POINT('',(146.9,-53.1,-5.3));
#12069 = DIRECTION('',(1.,0.,0.));
#12070 = DIRECTION('',(0.,0.,1.));
#12071 = DEFINITIONAL_REPRESENTATION('',(#12072),#12075);
#12072 = B_SPLINE_CURVE_WITH_KNOTS('',1,(#12073,#12074),.UNSPECIFIED.,
  .F.,.F.,(2,2),(23.45,26.95),.PIECEWISE_BEZIER_KNOTS.);
#12073 = CARTESIAN_POINT('',(0.1,0.));
#12074 = CARTESIAN_POINT('',(0.1,-3.5));
#12075 = ( GEOMETRIC_REPRESENTATION_CONTEXT(2) 
PARAMETRIC_REPRESENTATION_CONTEXT() REPRESENTATION_CONTEXT('2D SPACE',''
  ) );
#12076 = ORIENTED_EDGE('',*,*,#12077,.T.);
#12077 = EDGE_CURVE('',#12052,#12078,#12080,.T.);
#12078 = VERTEX_POINT('',#12079);
#12079 = CARTESIAN_POINT('',(94.,-49.6,-5.2));
#12080 = SURFACE_CURVE('',#12081,(#12085,#12092),.PCURVE_S1.);
#12081 = LINE('',#12082,#12083);
#12082 = CARTESIAN_POINT('',(150.4,-49.6,-5.2));
#12083 = VECTOR('',#12084,1.);
#12084 = DIRECTION('',(-1.,0.,0.));
#12085 = PCURVE('',#6708,#12086);
#12086 = DEFINITIONAL_REPRESENTATION('',(#12087),#12091);
#12087 = LINE('',#12088,#12089);
#12088 = CARTESIAN_POINT('',(50.4,50.4));
#12089 = VECTOR('',#12090,1.);
#12090 = DIRECTION('',(-1.,0.));
#12091 = ( GEOMETRIC_REPRESENTATION_CONTEXT(2) 
PARAMETRIC_REPRESENTATION_CONTEXT() REPRESENTATION_CONTEXT('2D SPACE',''
  ) );
#12092 = PCURVE('',#12093,#12098);
#12093 = PLANE('',#12094);
#12094 = AXIS2_PLACEMENT_3D('',#12095,#12096,#12097);
#12095 = CARTESIAN_POINT('',(150.4,-49.6,0.6));
#12096 = DIRECTION('',(0.,-1.,0.));
#12097 = DIRECTION('',(-1.,0.,0.));
#12098 = DEFINITIONAL_REPRESENTATION('',(#12099),#12103);
#12099 = LINE('',#12100,#12101);
#12100 = CARTESIAN_POINT('',(0.,5.8));
#12101 = VECTOR('',#12102,1.);
#12102 = DIRECTION('',(1.,0.));
#12103 = ( GEOMETRIC_REPRESENTATION_CONTEXT(2) 
PARAMETRIC_REPRESENTATION_CONTEXT() REPRESENTATION_CONTEXT('2D SPACE',''
  ) );
#12104 = ORIENTED_EDGE('',*,*,#12105,.F.);
#12105 = EDGE_CURVE('',#12106,#12078,#12108,.T.);
#12106 = VERTEX_POINT('',#12107);
#12107 = CARTESIAN_POINT('',(94.,-51.6,-5.2));
#12108 = SURFACE_CURVE('',#12109,(#12113,#12119),.PCURVE_S1.);
#12109 = LINE('',#12110,#12111);
#12110 = CARTESIAN_POINT('',(94.,-75.8,-5.2));
#12111 = VECTOR('',#12112,1.);
#12112 = DIRECTION('',(0.,1.,0.));
#12113 = PCURVE('',#6708,#12114);
#12114 = DEFINITIONAL_REPRESENTATION('',(#12115),#12118);
#12115 = B_SPLINE_CURVE_WITH_KNOTS('',1,(#12116,#12117),.UNSPECIFIED.,
  .F.,.F.,(2,2),(24.2,26.2),.PIECEWISE_BEZIER_KNOTS.);
#12116 = CARTESIAN_POINT('',(-6.,48.4));
#12117 = CARTESIAN_POINT('',(-6.,50.4));
#12118 = ( GEOMETRIC_REPRESENTATION_CONTEXT(2) 
PARAMETRIC_REPRESENTATION_CONTEXT() REPRESENTATION_CONTEXT('2D SPACE',''
  ) );
#12119 = PCURVE('',#12120,#12125);
#12120 = PLANE('',#12121);
#12121 = AXIS2_PLACEMENT_3D('',#12122,#12123,#12124);
#12122 = CARTESIAN_POINT('',(94.,-51.6,-5.3));
#12123 = DIRECTION('',(1.,0.,0.));
#12124 = DIRECTION('',(0.,0.,1.));
#12125 = DEFINITIONAL_REPRESENTATION('',(#12126),#12129);
#12126 = B_SPLINE_CURVE_WITH_KNOTS('',1,(#12127,#12128),.UNSPECIFIED.,
  .F.,.F.,(2,2),(24.2,26.2),.PIECEWISE_BEZIER_KNOTS.);
#12127 = CARTESIAN_POINT('',(0.1,0.));
#12128 = CARTESIAN_POINT('',(0.1,-2.));
#12129 = ( GEOMETRIC_REPRESENTATION_CONTEXT(2) 
PARAMETRIC_REPRESENTATION_CONTEXT() REPRESENTATION_CONTEXT('2D SPACE',''
  ) );
#12130 = ORIENTED_EDGE('',*,*,#12131,.T.);
#12131 = EDGE_CURVE('',#12106,#12132,#12134,.T.);
#12132 = VERTEX_POINT('',#12133);
#12133 = CARTESIAN_POINT('',(86.,-51.6,-5.2));
#12134 = SURFACE_CURVE('',#12135,(#12139,#12145),.PCURVE_S1.);
#12135 = LINE('',#12136,#12137);
#12136 = CARTESIAN_POINT('',(93.,-51.6,-5.2));
#12137 = VECTOR('',#12138,1.);
#12138 = DIRECTION('',(-1.,0.,0.));
#12139 = PCURVE('',#6708,#12140);
#12140 = DEFINITIONAL_REPRESENTATION('',(#12141),#12144);
#12141 = B_SPLINE_CURVE_WITH_KNOTS('',1,(#12142,#12143),.UNSPECIFIED.,
  .F.,.F.,(2,2),(-1.,7.),.PIECEWISE_BEZIER_KNOTS.);
#12142 = CARTESIAN_POINT('',(-6.,48.4));
#12143 = CARTESIAN_POINT('',(-14.,48.4));
#12144 = ( GEOMETRIC_REPRESENTATION_CONTEXT(2) 
PARAMETRIC_REPRESENTATION_CONTEXT() REPRESENTATION_CONTEXT('2D SPACE',''
  ) );
#12145 = PCURVE('',#12146,#12151);
#12146 = PLANE('',#12147);
#12147 = AXIS2_PLACEMENT_3D('',#12148,#12149,#12150);
#12148 = CARTESIAN_POINT('',(86.,-51.6,-5.3));
#12149 = DIRECTION('',(0.,1.,0.));
#12150 = DIRECTION('',(0.,0.,1.));
#12151 = DEFINITIONAL_REPRESENTATION('',(#12152),#12155);
#12152 = B_SPLINE_CURVE_WITH_KNOTS('',1,(#12153,#12154),.UNSPECIFIED.,
  .F.,.F.,(2,2),(-1.,7.),.PIECEWISE_BEZIER_KNOTS.);
#12153 = CARTESIAN_POINT('',(0.1,8.));
#12154 = CARTESIAN_POINT('',(0.1,0.));
#12155 = ( GEOMETRIC_REPRESENTATION_CONTEXT(2) 
PARAMETRIC_REPRESENTATION_CONTEXT() REPRESENTATION_CONTEXT('2D SPACE',''
  ) );
#12156 = ORIENTED_EDGE('',*,*,#12157,.T.);
#12157 = EDGE_CURVE('',#12132,#12158,#12160,.T.);
#12158 = VERTEX_POINT('',#12159);
#12159 = CARTESIAN_POINT('',(86.,-49.6,-5.2));
#12160 = SURFACE_CURVE('',#12161,(#12165,#12171),.PCURVE_S1.);
#12161 = LINE('',#12162,#12163);
#12162 = CARTESIAN_POINT('',(86.,-75.8,-5.2));
#12163 = VECTOR('',#12164,1.);
#12164 = DIRECTION('',(0.,1.,0.));
#12165 = PCURVE('',#6708,#12166);
#12166 = DEFINITIONAL_REPRESENTATION('',(#12167),#12170);
#12167 = B_SPLINE_CURVE_WITH_KNOTS('',1,(#12168,#12169),.UNSPECIFIED.,
  .F.,.F.,(2,2),(24.2,26.2),.PIECEWISE_BEZIER_KNOTS.);
#12168 = CARTESIAN_POINT('',(-14.,48.4));
#12169 = CARTESIAN_POINT('',(-14.,50.4));
#12170 = ( GEOMETRIC_REPRESENTATION_CONTEXT(2) 
PARAMETRIC_REPRESENTATION_CONTEXT() REPRESENTATION_CONTEXT('2D SPACE',''
  ) );
#12171 = PCURVE('',#12172,#12177);
#12172 = PLANE('',#12173);
#12173 = AXIS2_PLACEMENT_3D('',#12174,#12175,#12176);
#12174 = CARTESIAN_POINT('',(86.,-51.6,-5.3));
#12175 = DIRECTION('',(1.,0.,0.));
#12176 = DIRECTION('',(0.,0.,1.));
#12177 = DEFINITIONAL_REPRESENTATION('',(#12178),#12181);
#12178 = B_SPLINE_CURVE_WITH_KNOTS('',1,(#12179,#12180),.UNSPECIFIED.,
  .F.,.F.,(2,2),(24.2,26.2),.PIECEWISE_BEZIER_KNOTS.);
#12179 = CARTESIAN_POINT('',(0.1,0.));
#12180 = CARTESIAN_POINT('',(0.1,-2.));
#12181 = ( GEOMETRIC_REPRESENTATION_CONTEXT(2) 
PARAMETRIC_REPRESENTATION_CONTEXT() REPRESENTATION_CONTEXT('2D SPACE',''
  ) );
#12182 = ORIENTED_EDGE('',*,*,#12183,.T.);
#12183 = EDGE_CURVE('',#12158,#12184,#12186,.T.);
#12184 = VERTEX_POINT('',#12185);
#12185 = CARTESIAN_POINT('',(62.,-49.6,-5.2));
#12186 = SURFACE_CURVE('',#12187,(#12191,#12198),.PCURVE_S1.);
#12187 = LINE('',#12188,#12189);
#12188 = CARTESIAN_POINT('',(150.4,-49.6,-5.2));
#12189 = VECTOR('',#12190,1.);
#12190 = DIRECTION('',(-1.,0.,0.));
#12191 = PCURVE('',#6708,#12192);
#12192 = DEFINITIONAL_REPRESENTATION('',(#12193),#12197);
#12193 = LINE('',#12194,#12195);
#12194 = CARTESIAN_POINT('',(50.4,50.4));
#12195 = VECTOR('',#12196,1.);
#12196 = DIRECTION('',(-1.,0.));
#12197 = ( GEOMETRIC_REPRESENTATION_CONTEXT(2) 
PARAMETRIC_REPRESENTATION_CONTEXT() REPRESENTATION_CONTEXT('2D SPACE',''
  ) );
#12198 = PCURVE('',#12093,#12199);
#12199 = DEFINITIONAL_REPRESENTATION('',(#12200),#12204);
#12200 = LINE('',#12201,#12202);
#12201 = CARTESIAN_POINT('',(0.,5.8));
#12202 = VECTOR('',#12203,1.);
#12203 = DIRECTION('',(1.,0.));
#12204 = ( GEOMETRIC_REPRESENTATION_CONTEXT(2) 
PARAMETRIC_REPRESENTATION_CONTEXT() REPRESENTATION_CONTEXT('2D SPACE',''
  ) );
#12205 = ORIENTED_EDGE('',*,*,#12206,.F.);
#12206 = EDGE_CURVE('',#12207,#12184,#12209,.T.);
#12207 = VERTEX_POINT('',#12208);
#12208 = CARTESIAN_POINT('',(62.,-51.6,-5.2));
#12209 = SURFACE_CURVE('',#12210,(#12214,#12220),.PCURVE_S1.);
#12210 = LINE('',#12211,#12212);
#12211 = CARTESIAN_POINT('',(62.,-75.8,-5.2));
#12212 = VECTOR('',#12213,1.);
#12213 = DIRECTION('',(0.,1.,0.));
#12214 = PCURVE('',#6708,#12215);
#12215 = DEFINITIONAL_REPRESENTATION('',(#12216),#12219);
#12216 = B_SPLINE_CURVE_WITH_KNOTS('',1,(#12217,#12218),.UNSPECIFIED.,
  .F.,.F.,(2,2),(24.2,26.2),.PIECEWISE_BEZIER_KNOTS.);
#12217 = CARTESIAN_POINT('',(-38.,48.4));
#12218 = CARTESIAN_POINT('',(-38.,50.4));
#12219 = ( GEOMETRIC_REPRESENTATION_CONTEXT(2) 
PARAMETRIC_REPRESENTATION_CONTEXT() REPRESENTATION_CONTEXT('2D SPACE',''
  ) );
#12220 = PCURVE('',#12221,#12226);
#12221 = PLANE('',#12222);
#12222 = AXIS2_PLACEMENT_3D('',#12223,#12224,#12225);
#12223 = CARTESIAN_POINT('',(62.,-51.6,-5.3));
#12224 = DIRECTION('',(1.,0.,0.));
#12225 = DIRECTION('',(0.,0.,1.));
#12226 = DEFINITIONAL_REPRESENTATION('',(#12227),#12230);
#12227 = B_SPLINE_CURVE_WITH_KNOTS('',1,(#12228,#12229),.UNSPECIFIED.,
  .F.,.F.,(2,2),(24.2,26.2),.PIECEWISE_BEZIER_KNOTS.);
#12228 = CARTESIAN_POINT('',(0.1,0.));
#12229 = CARTESIAN_POINT('',(0.1,-2.));
#12230 = ( GEOMETRIC_REPRESENTATION_CONTEXT(2) 
PARAMETRIC_REPRESENTATION_CONTEXT() REPRESENTATION_CONTEXT('2D SPACE',''
  ) );
#12231 = ORIENTED_EDGE('',*,*,#12232,.T.);
#12232 = EDGE_CURVE('',#12207,#12233,#12235,.T.);
#12233 = VERTEX_POINT('',#12234);
#12234 = CARTESIAN_POINT('',(54.,-51.6,-5.2));
#12235 = SURFACE_CURVE('',#12236,(#12240,#12246),.PCURVE_S1.);
#12236 = LINE('',#12237,#12238);
#12237 = CARTESIAN_POINT('',(77.,-51.6,-5.2));
#12238 = VECTOR('',#12239,1.);
#12239 = DIRECTION('',(-1.,0.,0.));
#12240 = PCURVE('',#6708,#12241);
#12241 = DEFINITIONAL_REPRESENTATION('',(#12242),#12245);
#12242 = B_SPLINE_CURVE_WITH_KNOTS('',1,(#12243,#12244),.UNSPECIFIED.,
  .F.,.F.,(2,2),(15.,23.),.PIECEWISE_BEZIER_KNOTS.);
#12243 = CARTESIAN_POINT('',(-38.,48.4));
#12244 = CARTESIAN_POINT('',(-46.,48.4));
#12245 = ( GEOMETRIC_REPRESENTATION_CONTEXT(2) 
PARAMETRIC_REPRESENTATION_CONTEXT() REPRESENTATION_CONTEXT('2D SPACE',''
  ) );
#12246 = PCURVE('',#12247,#12252);
#12247 = PLANE('',#12248);
#12248 = AXIS2_PLACEMENT_3D('',#12249,#12250,#12251);
#12249 = CARTESIAN_POINT('',(54.,-51.6,-5.3));
#12250 = DIRECTION('',(0.,1.,0.));
#12251 = DIRECTION('',(0.,0.,1.));
#12252 = DEFINITIONAL_REPRESENTATION('',(#12253),#12256);
#12253 = B_SPLINE_CURVE_WITH_KNOTS('',1,(#12254,#12255),.UNSPECIFIED.,
  .F.,.F.,(2,2),(15.,23.),.PIECEWISE_BEZIER_KNOTS.);
#12254 = CARTESIAN_POINT('',(0.1,8.));
#12255 = CARTESIAN_POINT('',(0.1,0.));
#12256 = ( GEOMETRIC_REPRESENTATION_CONTEXT(2) 
PARAMETRIC_REPRESENTATION_CONTEXT() REPRESENTATION_CONTEXT('2D SPACE',''
  ) );
#12257 = ORIENTED_EDGE('',*,*,#12258,.T.);
#12258 = EDGE_CURVE('',#12233,#12259,#12261,.T.);
#12259 = VERTEX_POINT('',#12260);
#12260 = CARTESIAN_POINT('',(54.,-49.6,-5.2));
#12261 = SURFACE_CURVE('',#12262,(#12266,#12272),.PCURVE_S1.);
#12262 = LINE('',#12263,#12264);
#12263 = CARTESIAN_POINT('',(54.,-75.8,-5.2));
#12264 = VECTOR('',#12265,1.);
#12265 = DIRECTION('',(0.,1.,0.));
#12266 = PCURVE('',#6708,#12267);
#12267 = DEFINITIONAL_REPRESENTATION('',(#12268),#12271);
#12268 = B_SPLINE_CURVE_WITH_KNOTS('',1,(#12269,#12270),.UNSPECIFIED.,
  .F.,.F.,(2,2),(24.2,26.2),.PIECEWISE_BEZIER_KNOTS.);
#12269 = CARTESIAN_POINT('',(-46.,48.4));
#12270 = CARTESIAN_POINT('',(-46.,50.4));
#12271 = ( GEOMETRIC_REPRESENTATION_CONTEXT(2) 
PARAMETRIC_REPRESENTATION_CONTEXT() REPRESENTATION_CONTEXT('2D SPACE',''
  ) );
#12272 = PCURVE('',#12273,#12278);
#12273 = PLANE('',#12274);
#12274 = AXIS2_PLACEMENT_3D('',#12275,#12276,#12277);
#12275 = CARTESIAN_POINT('',(54.,-51.6,-5.3));
#12276 = DIRECTION('',(1.,0.,0.));
#12277 = DIRECTION('',(0.,0.,1.));
#12278 = DEFINITIONAL_REPRESENTATION('',(#12279),#12282);
#12279 = B_SPLINE_CURVE_WITH_KNOTS('',1,(#12280,#12281),.UNSPECIFIED.,
  .F.,.F.,(2,2),(24.2,26.2),.PIECEWISE_BEZIER_KNOTS.);
#12280 = CARTESIAN_POINT('',(0.1,0.));
#12281 = CARTESIAN_POINT('',(0.1,-2.));
#12282 = ( GEOMETRIC_REPRESENTATION_CONTEXT(2) 
PARAMETRIC_REPRESENTATION_CONTEXT() REPRESENTATION_CONTEXT('2D SPACE',''
  ) );
#12283 = ORIENTED_EDGE('',*,*,#12284,.T.);
#12284 = EDGE_CURVE('',#12259,#12285,#12287,.T.);
#12285 = VERTEX_POINT('',#12286);
#12286 = CARTESIAN_POINT('',(53.1,-49.6,-5.2));
#12287 = SURFACE_CURVE('',#12288,(#12292,#12299),.PCURVE_S1.);
#12288 = LINE('',#12289,#12290);
#12289 = CARTESIAN_POINT('',(150.4,-49.6,-5.2));
#12290 = VECTOR('',#12291,1.);
#12291 = DIRECTION('',(-1.,0.,0.));
#12292 = PCURVE('',#6708,#12293);
#12293 = DEFINITIONAL_REPRESENTATION('',(#12294),#12298);
#12294 = LINE('',#12295,#12296);
#12295 = CARTESIAN_POINT('',(50.4,50.4));
#12296 = VECTOR('',#12297,1.);
#12297 = DIRECTION('',(-1.,0.));
#12298 = ( GEOMETRIC_REPRESENTATION_CONTEXT(2) 
PARAMETRIC_REPRESENTATION_CONTEXT() REPRESENTATION_CONTEXT('2D SPACE',''
  ) );
#12299 = PCURVE('',#12093,#12300);
#12300 = DEFINITIONAL_REPRESENTATION('',(#12301),#12305);
#12301 = LINE('',#12302,#12303);
#12302 = CARTESIAN_POINT('',(0.,5.8));
#12303 = VECTOR('',#12304,1.);
#12304 = DIRECTION('',(1.,0.));
#12305 = ( GEOMETRIC_REPRESENTATION_CONTEXT(2) 
PARAMETRIC_REPRESENTATION_CONTEXT() REPRESENTATION_CONTEXT('2D SPACE',''
  ) );
#12306 = ORIENTED_EDGE('',*,*,#12307,.F.);
#12307 = EDGE_CURVE('',#12308,#12285,#12310,.T.);
#12308 = VERTEX_POINT('',#12309);
#12309 = CARTESIAN_POINT('',(53.1,-53.1,-5.2));
#12310 = SURFACE_CURVE('',#12311,(#12315,#12321),.PCURVE_S1.);
#12311 = LINE('',#12312,#12313);
#12312 = CARTESIAN_POINT('',(53.1,-76.55,-5.2));
#12313 = VECTOR('',#12314,1.);
#12314 = DIRECTION('',(0.,1.,0.));
#12315 = PCURVE('',#6708,#12316);
#12316 = DEFINITIONAL_REPRESENTATION('',(#12317),#12320);
#12317 = B_SPLINE_CURVE_WITH_KNOTS('',1,(#12318,#12319),.UNSPECIFIED.,
  .F.,.F.,(2,2),(23.45,26.95),.PIECEWISE_BEZIER_KNOTS.);
#12318 = CARTESIAN_POINT('',(-46.9,46.9));
#12319 = CARTESIAN_POINT('',(-46.9,50.4));
#12320 = ( GEOMETRIC_REPRESENTATION_CONTEXT(2) 
PARAMETRIC_REPRESENTATION_CONTEXT() REPRESENTATION_CONTEXT('2D SPACE',''
  ) );
#12321 = PCURVE('',#12322,#12327);
#12322 = PLANE('',#12323);
#12323 = AXIS2_PLACEMENT_3D('',#12324,#12325,#12326);
#12324 = CARTESIAN_POINT('',(53.1,-53.1,-5.3));
#12325 = DIRECTION('',(1.,0.,0.));
#12326 = DIRECTION('',(0.,0.,1.));
#12327 = DEFINITIONAL_REPRESENTATION('',(#12328),#12331);
#12328 = B_SPLINE_CURVE_WITH_KNOTS('',1,(#12329,#12330),.UNSPECIFIED.,
  .F.,.F.,(2,2),(23.45,26.95),.PIECEWISE_BEZIER_KNOTS.);
#12329 = CARTESIAN_POINT('',(0.1,0.));
#12330 = CARTESIAN_POINT('',(0.1,-3.5));
#12331 = ( GEOMETRIC_REPRESENTATION_CONTEXT(2) 
PARAMETRIC_REPRESENTATION_CONTEXT() REPRESENTATION_CONTEXT('2D SPACE',''
  ) );
#12332 = ORIENTED_EDGE('',*,*,#12333,.T.);
#12333 = EDGE_CURVE('',#12308,#12334,#12336,.T.);
#12334 = VERTEX_POINT('',#12335);
#12335 = CARTESIAN_POINT('',(49.6,-53.1,-5.2));
#12336 = SURFACE_CURVE('',#12337,(#12341,#12347),.PCURVE_S1.);
#12337 = LINE('',#12338,#12339);
#12338 = CARTESIAN_POINT('',(74.8,-53.1,-5.2));
#12339 = VECTOR('',#12340,1.);
#12340 = DIRECTION('',(-1.,0.,0.));
#12341 = PCURVE('',#6708,#12342);
#12342 = DEFINITIONAL_REPRESENTATION('',(#12343),#12346);
#12343 = B_SPLINE_CURVE_WITH_KNOTS('',1,(#12344,#12345),.UNSPECIFIED.,
  .F.,.F.,(2,2),(21.7,25.2),.PIECEWISE_BEZIER_KNOTS.);
#12344 = CARTESIAN_POINT('',(-46.9,46.9));
#12345 = CARTESIAN_POINT('',(-50.4,46.9));
#12346 = ( GEOMETRIC_REPRESENTATION_CONTEXT(2) 
PARAMETRIC_REPRESENTATION_CONTEXT() REPRESENTATION_CONTEXT('2D SPACE',''
  ) );
#12347 = PCURVE('',#12348,#12353);
#12348 = PLANE('',#12349);
#12349 = AXIS2_PLACEMENT_3D('',#12350,#12351,#12352);
#12350 = CARTESIAN_POINT('',(49.6,-53.1,-5.3));
#12351 = DIRECTION('',(0.,1.,0.));
#12352 = DIRECTION('',(0.,0.,1.));
#12353 = DEFINITIONAL_REPRESENTATION('',(#12354),#12357);
#12354 = B_SPLINE_CURVE_WITH_KNOTS('',1,(#12355,#12356),.UNSPECIFIED.,
  .F.,.F.,(2,2),(21.7,25.2),.PIECEWISE_BEZIER_KNOTS.);
#12355 = CARTESIAN_POINT('',(0.1,3.5));
#12356 = CARTESIAN_POINT('',(0.1,0.));
#12357 = ( GEOMETRIC_REPRESENTATION_CONTEXT(2) 
PARAMETRIC_REPRESENTATION_CONTEXT() REPRESENTATION_CONTEXT('2D SPACE',''
  ) );
#12358 = ORIENTED_EDGE('',*,*,#12359,.T.);
#12359 = EDGE_CURVE('',#12334,#12360,#12362,.T.);
#12360 = VERTEX_POINT('',#12361);
#12361 = CARTESIAN_POINT('',(49.6,-68.7,-5.2));
#12362 = SURFACE_CURVE('',#12363,(#12367,#12374),.PCURVE_S1.);
#12363 = LINE('',#12364,#12365);
#12364 = CARTESIAN_POINT('',(49.6,-49.6,-5.2));
#12365 = VECTOR('',#12366,1.);
#12366 = DIRECTION('',(0.,-1.,0.));
#12367 = PCURVE('',#6708,#12368);
#12368 = DEFINITIONAL_REPRESENTATION('',(#12369),#12373);
#12369 = LINE('',#12370,#12371);
#12370 = CARTESIAN_POINT('',(-50.4,50.4));
#12371 = VECTOR('',#12372,1.);
#12372 = DIRECTION('',(0.,-1.));
#12373 = ( GEOMETRIC_REPRESENTATION_CONTEXT(2) 
PARAMETRIC_REPRESENTATION_CONTEXT() REPRESENTATION_CONTEXT('2D SPACE',''
  ) );
#12374 = PCURVE('',#7423,#12375);
#12375 = DEFINITIONAL_REPRESENTATION('',(#12376),#12380);
#12376 = LINE('',#12377,#12378);
#12377 = CARTESIAN_POINT('',(0.,5.8));
#12378 = VECTOR('',#12379,1.);
#12379 = DIRECTION('',(1.,0.));
#12380 = ( GEOMETRIC_REPRESENTATION_CONTEXT(2) 
PARAMETRIC_REPRESENTATION_CONTEXT() REPRESENTATION_CONTEXT('2D SPACE',''
  ) );
#12381 = ORIENTED_EDGE('',*,*,#12382,.F.);
#12382 = EDGE_CURVE('',#12383,#12360,#12385,.T.);
#12383 = VERTEX_POINT('',#12384);
#12384 = CARTESIAN_POINT('',(51.6,-68.7,-5.2));
#12385 = SURFACE_CURVE('',#12386,(#12390,#12396),.PCURVE_S1.);
#12386 = LINE('',#12387,#12388);
#12387 = CARTESIAN_POINT('',(74.75,-68.7,-5.2));
#12388 = VECTOR('',#12389,1.);
#12389 = DIRECTION('',(-1.,0.,0.));
#12390 = PCURVE('',#6708,#12391);
#12391 = DEFINITIONAL_REPRESENTATION('',(#12392),#12395);
#12392 = B_SPLINE_CURVE_WITH_KNOTS('',1,(#12393,#12394),.UNSPECIFIED.,
  .F.,.F.,(2,2),(23.15,25.15),.PIECEWISE_BEZIER_KNOTS.);
#12393 = CARTESIAN_POINT('',(-48.4,31.3));
#12394 = CARTESIAN_POINT('',(-50.4,31.3));
#12395 = ( GEOMETRIC_REPRESENTATION_CONTEXT(2) 
PARAMETRIC_REPRESENTATION_CONTEXT() REPRESENTATION_CONTEXT('2D SPACE',''
  ) );
#12396 = PCURVE('',#12397,#12402);
#12397 = PLANE('',#12398);
#12398 = AXIS2_PLACEMENT_3D('',#12399,#12400,#12401);
#12399 = CARTESIAN_POINT('',(49.5,-68.7,-5.3));
#12400 = DIRECTION('',(0.,1.,0.));
#12401 = DIRECTION('',(0.,0.,1.));
#12402 = DEFINITIONAL_REPRESENTATION('',(#12403),#12406);
#12403 = B_SPLINE_CURVE_WITH_KNOTS('',1,(#12404,#12405),.UNSPECIFIED.,
  .F.,.F.,(2,2),(23.15,25.15),.PIECEWISE_BEZIER_KNOTS.);
#12404 = CARTESIAN_POINT('',(0.1,2.1));
#12405 = CARTESIAN_POINT('',(0.1,9.999999999999E-02));
#12406 = ( GEOMETRIC_REPRESENTATION_CONTEXT(2) 
PARAMETRIC_REPRESENTATION_CONTEXT() REPRESENTATION_CONTEXT('2D SPACE',''
  ) );
#12407 = ORIENTED_EDGE('',*,*,#12408,.F.);
#12408 = EDGE_CURVE('',#12409,#12383,#12411,.T.);
#12409 = VERTEX_POINT('',#12410);
#12410 = CARTESIAN_POINT('',(51.6,-76.7,-5.2));
#12411 = SURFACE_CURVE('',#12412,(#12416,#12422),.PCURVE_S1.);
#12412 = LINE('',#12413,#12414);
#12413 = CARTESIAN_POINT('',(51.6,-88.35,-5.2));
#12414 = VECTOR('',#12415,1.);
#12415 = DIRECTION('',(0.,1.,0.));
#12416 = PCURVE('',#6708,#12417);
#12417 = DEFINITIONAL_REPRESENTATION('',(#12418),#12421);
#12418 = B_SPLINE_CURVE_WITH_KNOTS('',1,(#12419,#12420),.UNSPECIFIED.,
  .F.,.F.,(2,2),(11.65,19.65),.PIECEWISE_BEZIER_KNOTS.);
#12419 = CARTESIAN_POINT('',(-48.4,23.3));
#12420 = CARTESIAN_POINT('',(-48.4,31.3));
#12421 = ( GEOMETRIC_REPRESENTATION_CONTEXT(2) 
PARAMETRIC_REPRESENTATION_CONTEXT() REPRESENTATION_CONTEXT('2D SPACE',''
  ) );
#12422 = PCURVE('',#12423,#12428);
#12423 = PLANE('',#12424);
#12424 = AXIS2_PLACEMENT_3D('',#12425,#12426,#12427);
#12425 = CARTESIAN_POINT('',(51.6,-76.7,-5.3));
#12426 = DIRECTION('',(1.,0.,0.));
#12427 = DIRECTION('',(0.,0.,1.));
#12428 = DEFINITIONAL_REPRESENTATION('',(#12429),#12432);
#12429 = B_SPLINE_CURVE_WITH_KNOTS('',1,(#12430,#12431),.UNSPECIFIED.,
  .F.,.F.,(2,2),(11.65,19.65),.PIECEWISE_BEZIER_KNOTS.);
#12430 = CARTESIAN_POINT('',(0.1,0.));
#12431 = CARTESIAN_POINT('',(0.1,-8.));
#12432 = ( GEOMETRIC_REPRESENTATION_CONTEXT(2) 
PARAMETRIC_REPRESENTATION_CONTEXT() REPRESENTATION_CONTEXT('2D SPACE',''
  ) );
#12433 = ORIENTED_EDGE('',*,*,#12434,.T.);
#12434 = EDGE_CURVE('',#12409,#12435,#12437,.T.);
#12435 = VERTEX_POINT('',#12436);
#12436 = CARTESIAN_POINT('',(49.6,-76.7,-5.2));
#12437 = SURFACE_CURVE('',#12438,(#12442,#12448),.PCURVE_S1.);
#12438 = LINE('',#12439,#12440);
#12439 = CARTESIAN_POINT('',(74.75,-76.7,-5.2));
#12440 = VECTOR('',#12441,1.);
#12441 = DIRECTION('',(-1.,0.,0.));
#12442 = PCURVE('',#6708,#12443);
#12443 = DEFINITIONAL_REPRESENTATION('',(#12444),#12447);
#12444 = B_SPLINE_CURVE_WITH_KNOTS('',1,(#12445,#12446),.UNSPECIFIED.,
  .F.,.F.,(2,2),(23.15,25.15),.PIECEWISE_BEZIER_KNOTS.);
#12445 = CARTESIAN_POINT('',(-48.4,23.3));
#12446 = CARTESIAN_POINT('',(-50.4,23.3));
#12447 = ( GEOMETRIC_REPRESENTATION_CONTEXT(2) 
PARAMETRIC_REPRESENTATION_CONTEXT() REPRESENTATION_CONTEXT('2D SPACE',''
  ) );
#12448 = PCURVE('',#12449,#12454);
#12449 = PLANE('',#12450);
#12450 = AXIS2_PLACEMENT_3D('',#12451,#12452,#12453);
#12451 = CARTESIAN_POINT('',(49.5,-76.7,-5.3));
#12452 = DIRECTION('',(0.,1.,0.));
#12453 = DIRECTION('',(0.,0.,1.));
#12454 = DEFINITIONAL_REPRESENTATION('',(#12455),#12458);
#12455 = B_SPLINE_CURVE_WITH_KNOTS('',1,(#12456,#12457),.UNSPECIFIED.,
  .F.,.F.,(2,2),(23.15,25.15),.PIECEWISE_BEZIER_KNOTS.);
#12456 = CARTESIAN_POINT('',(0.1,2.1));
#12457 = CARTESIAN_POINT('',(0.1,9.999999999999E-02));
#12458 = ( GEOMETRIC_REPRESENTATION_CONTEXT(2) 
PARAMETRIC_REPRESENTATION_CONTEXT() REPRESENTATION_CONTEXT('2D SPACE',''
  ) );
#12459 = ORIENTED_EDGE('',*,*,#12460,.T.);
#12460 = EDGE_CURVE('',#12435,#12461,#12463,.T.);
#12461 = VERTEX_POINT('',#12462);
#12462 = CARTESIAN_POINT('',(49.6,-108.,-5.2));
#12463 = SURFACE_CURVE('',#12464,(#12468,#12475),.PCURVE_S1.);
#12464 = LINE('',#12465,#12466);
#12465 = CARTESIAN_POINT('',(49.6,-49.6,-5.2));
#12466 = VECTOR('',#12467,1.);
#12467 = DIRECTION('',(0.,-1.,0.));
#12468 = PCURVE('',#6708,#12469);
#12469 = DEFINITIONAL_REPRESENTATION('',(#12470),#12474);
#12470 = LINE('',#12471,#12472);
#12471 = CARTESIAN_POINT('',(-50.4,50.4));
#12472 = VECTOR('',#12473,1.);
#12473 = DIRECTION('',(0.,-1.));
#12474 = ( GEOMETRIC_REPRESENTATION_CONTEXT(2) 
PARAMETRIC_REPRESENTATION_CONTEXT() REPRESENTATION_CONTEXT('2D SPACE',''
  ) );
#12475 = PCURVE('',#7423,#12476);
#12476 = DEFINITIONAL_REPRESENTATION('',(#12477),#12481);
#12477 = LINE('',#12478,#12479);
#12478 = CARTESIAN_POINT('',(0.,5.8));
#12479 = VECTOR('',#12480,1.);
#12480 = DIRECTION('',(1.,0.));
#12481 = ( GEOMETRIC_REPRESENTATION_CONTEXT(2) 
PARAMETRIC_REPRESENTATION_CONTEXT() REPRESENTATION_CONTEXT('2D SPACE',''
  ) );
#12482 = ORIENTED_EDGE('',*,*,#12483,.F.);
#12483 = EDGE_CURVE('',#12484,#12461,#12486,.T.);
#12484 = VERTEX_POINT('',#12485);
#12485 = CARTESIAN_POINT('',(51.6,-108.,-5.2));
#12486 = SURFACE_CURVE('',#12487,(#12491,#12497),.PCURVE_S1.);
#12487 = LINE('',#12488,#12489);
#12488 = CARTESIAN_POINT('',(74.75,-108.,-5.2));
#12489 = VECTOR('',#12490,1.);
#12490 = DIRECTION('',(-1.,0.,0.));
#12491 = PCURVE('',#6708,#12492);
#12492 = DEFINITIONAL_REPRESENTATION('',(#12493),#12496);
#12493 = B_SPLINE_CURVE_WITH_KNOTS('',1,(#12494,#12495),.UNSPECIFIED.,
  .F.,.F.,(2,2),(23.15,25.15),.PIECEWISE_BEZIER_KNOTS.);
#12494 = CARTESIAN_POINT('',(-48.4,-8.));
#12495 = CARTESIAN_POINT('',(-50.4,-8.));
#12496 = ( GEOMETRIC_REPRESENTATION_CONTEXT(2) 
PARAMETRIC_REPRESENTATION_CONTEXT() REPRESENTATION_CONTEXT('2D SPACE',''
  ) );
#12497 = PCURVE('',#12498,#12503);
#12498 = PLANE('',#12499);
#12499 = AXIS2_PLACEMENT_3D('',#12500,#12501,#12502);
#12500 = CARTESIAN_POINT('',(49.5,-108.,-5.3));
#12501 = DIRECTION('',(0.,1.,0.));
#12502 = DIRECTION('',(0.,0.,1.));
#12503 = DEFINITIONAL_REPRESENTATION('',(#12504),#12507);
#12504 = B_SPLINE_CURVE_WITH_KNOTS('',1,(#12505,#12506),.UNSPECIFIED.,
  .F.,.F.,(2,2),(23.15,25.15),.PIECEWISE_BEZIER_KNOTS.);
#12505 = CARTESIAN_POINT('',(0.1,2.1));
#12506 = CARTESIAN_POINT('',(0.1,9.999999999999E-02));
#12507 = ( GEOMETRIC_REPRESENTATION_CONTEXT(2) 
PARAMETRIC_REPRESENTATION_CONTEXT() REPRESENTATION_CONTEXT('2D SPACE',''
  ) );
#12508 = ORIENTED_EDGE('',*,*,#12509,.F.);
#12509 = EDGE_CURVE('',#12510,#12484,#12512,.T.);
#12510 = VERTEX_POINT('',#12511);
#12511 = CARTESIAN_POINT('',(51.6,-116.,-5.2));
#12512 = SURFACE_CURVE('',#12513,(#12517,#12523),.PCURVE_S1.);
#12513 = LINE('',#12514,#12515);
#12514 = CARTESIAN_POINT('',(51.6,-108.,-5.2));
#12515 = VECTOR('',#12516,1.);
#12516 = DIRECTION('',(0.,1.,0.));
#12517 = PCURVE('',#6708,#12518);
#12518 = DEFINITIONAL_REPRESENTATION('',(#12519),#12522);
#12519 = B_SPLINE_CURVE_WITH_KNOTS('',1,(#12520,#12521),.UNSPECIFIED.,
  .F.,.F.,(2,2),(-8.,0.),.PIECEWISE_BEZIER_KNOTS.);
#12520 = CARTESIAN_POINT('',(-48.4,-16.));
#12521 = CARTESIAN_POINT('',(-48.4,-8.));
#12522 = ( GEOMETRIC_REPRESENTATION_CONTEXT(2) 
PARAMETRIC_REPRESENTATION_CONTEXT() REPRESENTATION_CONTEXT('2D SPACE',''
  ) );
#12523 = PCURVE('',#12524,#12529);
#12524 = PLANE('',#12525);
#12525 = AXIS2_PLACEMENT_3D('',#12526,#12527,#12528);
#12526 = CARTESIAN_POINT('',(51.6,-116.,-5.3));
#12527 = DIRECTION('',(1.,0.,0.));
#12528 = DIRECTION('',(0.,0.,1.));
#12529 = DEFINITIONAL_REPRESENTATION('',(#12530),#12533);
#12530 = B_SPLINE_CURVE_WITH_KNOTS('',1,(#12531,#12532),.UNSPECIFIED.,
  .F.,.F.,(2,2),(-8.,0.),.PIECEWISE_BEZIER_KNOTS.);
#12531 = CARTESIAN_POINT('',(0.1,0.));
#12532 = CARTESIAN_POINT('',(0.1,-8.));
#12533 = ( GEOMETRIC_REPRESENTATION_CONTEXT(2) 
PARAMETRIC_REPRESENTATION_CONTEXT() REPRESENTATION_CONTEXT('2D SPACE',''
  ) );
#12534 = ORIENTED_EDGE('',*,*,#12535,.T.);
#12535 = EDGE_CURVE('',#12510,#12536,#12538,.T.);
#12536 = VERTEX_POINT('',#12537);
#12537 = CARTESIAN_POINT('',(49.6,-116.,-5.2));
#12538 = SURFACE_CURVE('',#12539,(#12543,#12549),.PCURVE_S1.);
#12539 = LINE('',#12540,#12541);
#12540 = CARTESIAN_POINT('',(74.75,-116.,-5.2));
#12541 = VECTOR('',#12542,1.);
#12542 = DIRECTION('',(-1.,0.,0.));
#12543 = PCURVE('',#6708,#12544);
#12544 = DEFINITIONAL_REPRESENTATION('',(#12545),#12548);
#12545 = B_SPLINE_CURVE_WITH_KNOTS('',1,(#12546,#12547),.UNSPECIFIED.,
  .F.,.F.,(2,2),(23.15,25.15),.PIECEWISE_BEZIER_KNOTS.);
#12546 = CARTESIAN_POINT('',(-48.4,-16.));
#12547 = CARTESIAN_POINT('',(-50.4,-16.));
#12548 = ( GEOMETRIC_REPRESENTATION_CONTEXT(2) 
PARAMETRIC_REPRESENTATION_CONTEXT() REPRESENTATION_CONTEXT('2D SPACE',''
  ) );
#12549 = PCURVE('',#12550,#12555);
#12550 = PLANE('',#12551);
#12551 = AXIS2_PLACEMENT_3D('',#12552,#12553,#12554);
#12552 = CARTESIAN_POINT('',(49.5,-116.,-5.3));
#12553 = DIRECTION('',(0.,1.,0.));
#12554 = DIRECTION('',(0.,0.,1.));
#12555 = DEFINITIONAL_REPRESENTATION('',(#12556),#12559);
#12556 = B_SPLINE_CURVE_WITH_KNOTS('',1,(#12557,#12558),.UNSPECIFIED.,
  .F.,.F.,(2,2),(23.15,25.15),.PIECEWISE_BEZIER_KNOTS.);
#12557 = CARTESIAN_POINT('',(0.1,2.1));
#12558 = CARTESIAN_POINT('',(0.1,9.999999999999E-02));
#12559 = ( GEOMETRIC_REPRESENTATION_CONTEXT(2) 
PARAMETRIC_REPRESENTATION_CONTEXT() REPRESENTATION_CONTEXT('2D SPACE',''
  ) );
#12560 = ORIENTED_EDGE('',*,*,#12561,.T.);
#12561 = EDGE_CURVE('',#12536,#12562,#12564,.T.);
#12562 = VERTEX_POINT('',#12563);
#12563 = CARTESIAN_POINT('',(49.6,-136.,-5.2));
#12564 = SURFACE_CURVE('',#12565,(#12569,#12576),.PCURVE_S1.);
#12565 = LINE('',#12566,#12567);
#12566 = CARTESIAN_POINT('',(49.6,-49.6,-5.2));
#12567 = VECTOR('',#12568,1.);
#12568 = DIRECTION('',(0.,-1.,0.));
#12569 = PCURVE('',#6708,#12570);
#12570 = DEFINITIONAL_REPRESENTATION('',(#12571),#12575);
#12571 = LINE('',#12572,#12573);
#12572 = CARTESIAN_POINT('',(-50.4,50.4));
#12573 = VECTOR('',#12574,1.);
#12574 = DIRECTION('',(0.,-1.));
#12575 = ( GEOMETRIC_REPRESENTATION_CONTEXT(2) 
PARAMETRIC_REPRESENTATION_CONTEXT() REPRESENTATION_CONTEXT('2D SPACE',''
  ) );
#12576 = PCURVE('',#7423,#12577);
#12577 = DEFINITIONAL_REPRESENTATION('',(#12578),#12582);
#12578 = LINE('',#12579,#12580);
#12579 = CARTESIAN_POINT('',(0.,5.8));
#12580 = VECTOR('',#12581,1.);
#12581 = DIRECTION('',(1.,0.));
#12582 = ( GEOMETRIC_REPRESENTATION_CONTEXT(2) 
PARAMETRIC_REPRESENTATION_CONTEXT() REPRESENTATION_CONTEXT('2D SPACE',''
  ) );
#12583 = ORIENTED_EDGE('',*,*,#12584,.F.);
#12584 = EDGE_CURVE('',#12585,#12562,#12587,.T.);
#12585 = VERTEX_POINT('',#12586);
#12586 = CARTESIAN_POINT('',(51.6,-136.,-5.2));
#12587 = SURFACE_CURVE('',#12588,(#12592,#12598),.PCURVE_S1.);
#12588 = LINE('',#12589,#12590);
#12589 = CARTESIAN_POINT('',(74.75,-136.,-5.2));
#12590 = VECTOR('',#12591,1.);
#12591 = DIRECTION('',(-1.,0.,0.));
#12592 = PCURVE('',#6708,#12593);
#12593 = DEFINITIONAL_REPRESENTATION('',(#12594),#12597);
#12594 = B_SPLINE_CURVE_WITH_KNOTS('',1,(#12595,#12596),.UNSPECIFIED.,
  .F.,.F.,(2,2),(23.15,25.15),.PIECEWISE_BEZIER_KNOTS.);
#12595 = CARTESIAN_POINT('',(-48.4,-36.));
#12596 = CARTESIAN_POINT('',(-50.4,-36.));
#12597 = ( GEOMETRIC_REPRESENTATION_CONTEXT(2) 
PARAMETRIC_REPRESENTATION_CONTEXT() REPRESENTATION_CONTEXT('2D SPACE',''
  ) );
#12598 = PCURVE('',#12599,#12604);
#12599 = PLANE('',#12600);
#12600 = AXIS2_PLACEMENT_3D('',#12601,#12602,#12603);
#12601 = CARTESIAN_POINT('',(49.5,-136.,-5.3));
#12602 = DIRECTION('',(0.,1.,0.));
#12603 = DIRECTION('',(0.,0.,1.));
#12604 = DEFINITIONAL_REPRESENTATION('',(#12605),#12608);
#12605 = B_SPLINE_CURVE_WITH_KNOTS('',1,(#12606,#12607),.UNSPECIFIED.,
  .F.,.F.,(2,2),(23.15,25.15),.PIECEWISE_BEZIER_KNOTS.);
#12606 = CARTESIAN_POINT('',(0.1,2.1));
#12607 = CARTESIAN_POINT('',(0.1,9.999999999999E-02));
#12608 = ( GEOMETRIC_REPRESENTATION_CONTEXT(2) 
PARAMETRIC_REPRESENTATION_CONTEXT() REPRESENTATION_CONTEXT('2D SPACE',''
  ) );
#12609 = ORIENTED_EDGE('',*,*,#12610,.F.);
#12610 = EDGE_CURVE('',#12611,#12585,#12613,.T.);
#12611 = VERTEX_POINT('',#12612);
#12612 = CARTESIAN_POINT('',(51.6,-144.,-5.2));
#12613 = SURFACE_CURVE('',#12614,(#12618,#12624),.PCURVE_S1.);
#12614 = LINE('',#12615,#12616);
#12615 = CARTESIAN_POINT('',(51.6,-122.,-5.2));
#12616 = VECTOR('',#12617,1.);
#12617 = DIRECTION('',(0.,1.,0.));
#12618 = PCURVE('',#6708,#12619);
#12619 = DEFINITIONAL_REPRESENTATION('',(#12620),#12623);
#12620 = B_SPLINE_CURVE_WITH_KNOTS('',1,(#12621,#12622),.UNSPECIFIED.,
  .F.,.F.,(2,2),(-22.,-14.),.PIECEWISE_BEZIER_KNOTS.);
#12621 = CARTESIAN_POINT('',(-48.4,-44.));
#12622 = CARTESIAN_POINT('',(-48.4,-36.));
#12623 = ( GEOMETRIC_REPRESENTATION_CONTEXT(2) 
PARAMETRIC_REPRESENTATION_CONTEXT() REPRESENTATION_CONTEXT('2D SPACE',''
  ) );
#12624 = PCURVE('',#12625,#12630);
#12625 = PLANE('',#12626);
#12626 = AXIS2_PLACEMENT_3D('',#12627,#12628,#12629);
#12627 = CARTESIAN_POINT('',(51.6,-144.,-5.3));
#12628 = DIRECTION('',(1.,0.,0.));
#12629 = DIRECTION('',(0.,0.,1.));
#12630 = DEFINITIONAL_REPRESENTATION('',(#12631),#12634);
#12631 = B_SPLINE_CURVE_WITH_KNOTS('',1,(#12632,#12633),.UNSPECIFIED.,
  .F.,.F.,(2,2),(-22.,-14.),.PIECEWISE_BEZIER_KNOTS.);
#12632 = CARTESIAN_POINT('',(0.1,0.));
#12633 = CARTESIAN_POINT('',(0.1,-8.));
#12634 = ( GEOMETRIC_REPRESENTATION_CONTEXT(2) 
PARAMETRIC_REPRESENTATION_CONTEXT() REPRESENTATION_CONTEXT('2D SPACE',''
  ) );
#12635 = ORIENTED_EDGE('',*,*,#12636,.T.);
#12636 = EDGE_CURVE('',#12611,#12637,#12639,.T.);
#12637 = VERTEX_POINT('',#12638);
#12638 = CARTESIAN_POINT('',(49.6,-144.,-5.2));
#12639 = SURFACE_CURVE('',#12640,(#12644,#12650),.PCURVE_S1.);
#12640 = LINE('',#12641,#12642);
#12641 = CARTESIAN_POINT('',(74.75,-144.,-5.2));
#12642 = VECTOR('',#12643,1.);
#12643 = DIRECTION('',(-1.,0.,0.));
#12644 = PCURVE('',#6708,#12645);
#12645 = DEFINITIONAL_REPRESENTATION('',(#12646),#12649);
#12646 = B_SPLINE_CURVE_WITH_KNOTS('',1,(#12647,#12648),.UNSPECIFIED.,
  .F.,.F.,(2,2),(23.15,25.15),.PIECEWISE_BEZIER_KNOTS.);
#12647 = CARTESIAN_POINT('',(-48.4,-44.));
#12648 = CARTESIAN_POINT('',(-50.4,-44.));
#12649 = ( GEOMETRIC_REPRESENTATION_CONTEXT(2) 
PARAMETRIC_REPRESENTATION_CONTEXT() REPRESENTATION_CONTEXT('2D SPACE',''
  ) );
#12650 = PCURVE('',#12651,#12656);
#12651 = PLANE('',#12652);
#12652 = AXIS2_PLACEMENT_3D('',#12653,#12654,#12655);
#12653 = CARTESIAN_POINT('',(49.5,-144.,-5.3));
#12654 = DIRECTION('',(0.,1.,0.));
#12655 = DIRECTION('',(0.,0.,1.));
#12656 = DEFINITIONAL_REPRESENTATION('',(#12657),#12660);
#12657 = B_SPLINE_CURVE_WITH_KNOTS('',1,(#12658,#12659),.UNSPECIFIED.,
  .F.,.F.,(2,2),(23.15,25.15),.PIECEWISE_BEZIER_KNOTS.);
#12658 = CARTESIAN_POINT('',(0.1,2.1));
#12659 = CARTESIAN_POINT('',(0.1,9.999999999999E-02));
#12660 = ( GEOMETRIC_REPRESENTATION_CONTEXT(2) 
PARAMETRIC_REPRESENTATION_CONTEXT() REPRESENTATION_CONTEXT('2D SPACE',''
  ) );
#12661 = ORIENTED_EDGE('',*,*,#12662,.T.);
#12662 = EDGE_CURVE('',#12637,#12663,#12665,.T.);
#12663 = VERTEX_POINT('',#12664);
#12664 = CARTESIAN_POINT('',(49.6,-146.9,-5.2));
#12665 = SURFACE_CURVE('',#12666,(#12670,#12677),.PCURVE_S1.);
#12666 = LINE('',#12667,#12668);
#12667 = CARTESIAN_POINT('',(49.6,-49.6,-5.2));
#12668 = VECTOR('',#12669,1.);
#12669 = DIRECTION('',(0.,-1.,0.));
#12670 = PCURVE('',#6708,#12671);
#12671 = DEFINITIONAL_REPRESENTATION('',(#12672),#12676);
#12672 = LINE('',#12673,#12674);
#12673 = CARTESIAN_POINT('',(-50.4,50.4));
#12674 = VECTOR('',#12675,1.);
#12675 = DIRECTION('',(0.,-1.));
#12676 = ( GEOMETRIC_REPRESENTATION_CONTEXT(2) 
PARAMETRIC_REPRESENTATION_CONTEXT() REPRESENTATION_CONTEXT('2D SPACE',''
  ) );
#12677 = PCURVE('',#7423,#12678);
#12678 = DEFINITIONAL_REPRESENTATION('',(#12679),#12683);
#12679 = LINE('',#12680,#12681);
#12680 = CARTESIAN_POINT('',(0.,5.8));
#12681 = VECTOR('',#12682,1.);
#12682 = DIRECTION('',(1.,0.));
#12683 = ( GEOMETRIC_REPRESENTATION_CONTEXT(2) 
PARAMETRIC_REPRESENTATION_CONTEXT() REPRESENTATION_CONTEXT('2D SPACE',''
  ) );
#12684 = ORIENTED_EDGE('',*,*,#12685,.F.);
#12685 = EDGE_CURVE('',#12686,#12663,#12688,.T.);
#12686 = VERTEX_POINT('',#12687);
#12687 = CARTESIAN_POINT('',(53.1,-146.9,-5.2));
#12688 = SURFACE_CURVE('',#12689,(#12693,#12699),.PCURVE_S1.);
#12689 = LINE('',#12690,#12691);
#12690 = CARTESIAN_POINT('',(74.8,-146.9,-5.2));
#12691 = VECTOR('',#12692,1.);
#12692 = DIRECTION('',(-1.,0.,0.));
#12693 = PCURVE('',#6708,#12694);
#12694 = DEFINITIONAL_REPRESENTATION('',(#12695),#12698);
#12695 = B_SPLINE_CURVE_WITH_KNOTS('',1,(#12696,#12697),.UNSPECIFIED.,
  .F.,.F.,(2,2),(21.7,25.2),.PIECEWISE_BEZIER_KNOTS.);
#12696 = CARTESIAN_POINT('',(-46.9,-46.9));
#12697 = CARTESIAN_POINT('',(-50.4,-46.9));
#12698 = ( GEOMETRIC_REPRESENTATION_CONTEXT(2) 
PARAMETRIC_REPRESENTATION_CONTEXT() REPRESENTATION_CONTEXT('2D SPACE',''
  ) );
#12699 = PCURVE('',#11738,#12700);
#12700 = DEFINITIONAL_REPRESENTATION('',(#12701),#12704);
#12701 = B_SPLINE_CURVE_WITH_KNOTS('',1,(#12702,#12703),.UNSPECIFIED.,
  .F.,.F.,(2,2),(21.7,25.2),.PIECEWISE_BEZIER_KNOTS.);
#12702 = CARTESIAN_POINT('',(0.1,3.5));
#12703 = CARTESIAN_POINT('',(0.1,0.));
#12704 = ( GEOMETRIC_REPRESENTATION_CONTEXT(2) 
PARAMETRIC_REPRESENTATION_CONTEXT() REPRESENTATION_CONTEXT('2D SPACE',''
  ) );
#12705 = ORIENTED_EDGE('',*,*,#12706,.F.);
#12706 = EDGE_CURVE('',#12707,#12686,#12709,.T.);
#12707 = VERTEX_POINT('',#12708);
#12708 = CARTESIAN_POINT('',(53.1,-148.4,-5.2));
#12709 = SURFACE_CURVE('',#12710,(#12714,#12720),.PCURVE_S1.);
#12710 = LINE('',#12711,#12712);
#12711 = CARTESIAN_POINT('',(53.1,-125.2,-5.2));
#12712 = VECTOR('',#12713,1.);
#12713 = DIRECTION('',(0.,1.,0.));
#12714 = PCURVE('',#6708,#12715);
#12715 = DEFINITIONAL_REPRESENTATION('',(#12716),#12719);
#12716 = B_SPLINE_CURVE_WITH_KNOTS('',1,(#12717,#12718),.UNSPECIFIED.,
  .F.,.F.,(2,2),(-25.2,-21.7),.PIECEWISE_BEZIER_KNOTS.);
#12717 = CARTESIAN_POINT('',(-46.9,-50.4));
#12718 = CARTESIAN_POINT('',(-46.9,-46.9));
#12719 = ( GEOMETRIC_REPRESENTATION_CONTEXT(2) 
PARAMETRIC_REPRESENTATION_CONTEXT() REPRESENTATION_CONTEXT('2D SPACE',''
  ) );
#12720 = PCURVE('',#11712,#12721);
#12721 = DEFINITIONAL_REPRESENTATION('',(#12722),#12725);
#12722 = B_SPLINE_CURVE_WITH_KNOTS('',1,(#12723,#12724),.UNSPECIFIED.,
  .F.,.F.,(2,2),(-25.2,-21.7),.PIECEWISE_BEZIER_KNOTS.);
#12723 = CARTESIAN_POINT('',(0.1,0.));
#12724 = CARTESIAN_POINT('',(0.1,-3.5));
#12725 = ( GEOMETRIC_REPRESENTATION_CONTEXT(2) 
PARAMETRIC_REPRESENTATION_CONTEXT() REPRESENTATION_CONTEXT('2D SPACE',''
  ) );
#12726 = ORIENTED_EDGE('',*,*,#12727,.F.);
#12727 = EDGE_CURVE('',#11756,#12707,#12728,.T.);
#12728 = SURFACE_CURVE('',#12729,(#12733,#12739),.PCURVE_S1.);
#12729 = LINE('',#12730,#12731);
#12730 = CARTESIAN_POINT('',(74.7,-148.4,-5.2));
#12731 = VECTOR('',#12732,1.);
#12732 = DIRECTION('',(-1.,0.,0.));
#12733 = PCURVE('',#6708,#12734);
#12734 = DEFINITIONAL_REPRESENTATION('',(#12735),#12738);
#12735 = B_SPLINE_CURVE_WITH_KNOTS('',1,(#12736,#12737),.UNSPECIFIED.,
  .F.,.F.,(2,2),(17.3,25.1),.PIECEWISE_BEZIER_KNOTS.);
#12736 = CARTESIAN_POINT('',(-42.6,-48.4));
#12737 = CARTESIAN_POINT('',(-50.4,-48.4));
#12738 = ( GEOMETRIC_REPRESENTATION_CONTEXT(2) 
PARAMETRIC_REPRESENTATION_CONTEXT() REPRESENTATION_CONTEXT('2D SPACE',''
  ) );
#12739 = PCURVE('',#11684,#12740);
#12740 = DEFINITIONAL_REPRESENTATION('',(#12741),#12744);
#12741 = B_SPLINE_CURVE_WITH_KNOTS('',1,(#12742,#12743),.UNSPECIFIED.,
  .F.,.F.,(2,2),(17.3,25.1),.PIECEWISE_BEZIER_KNOTS.);
#12742 = CARTESIAN_POINT('',(0.1,8.));
#12743 = CARTESIAN_POINT('',(0.1,0.2));
#12744 = ( GEOMETRIC_REPRESENTATION_CONTEXT(2) 
PARAMETRIC_REPRESENTATION_CONTEXT() REPRESENTATION_CONTEXT('2D SPACE',''
  ) );
#12745 = ADVANCED_FACE('',(#12746),#6681,.F.);
#12746 = FACE_BOUND('',#12747,.F.);
#12747 = EDGE_LOOP('',(#12748,#12771,#12772,#12773));
#12748 = ORIENTED_EDGE('',*,*,#12749,.F.);
#12749 = EDGE_CURVE('',#6638,#12750,#12752,.T.);
#12750 = VERTEX_POINT('',#12751);
#12751 = CARTESIAN_POINT('',(142.,-148.4,0.));
#12752 = SURFACE_CURVE('',#12753,(#12757,#12764),.PCURVE_S1.);
#12753 = LINE('',#12754,#12755);
#12754 = CARTESIAN_POINT('',(142.,-150.5,0.));
#12755 = VECTOR('',#12756,1.);
#12756 = DIRECTION('',(0.,1.,0.));
#12757 = PCURVE('',#6681,#12758);
#12758 = DEFINITIONAL_REPRESENTATION('',(#12759),#12763);
#12759 = LINE('',#12760,#12761);
#12760 = CARTESIAN_POINT('',(5.3,0.));
#12761 = VECTOR('',#12762,1.);
#12762 = DIRECTION('',(0.,-1.));
#12763 = ( GEOMETRIC_REPRESENTATION_CONTEXT(2) 
PARAMETRIC_REPRESENTATION_CONTEXT() REPRESENTATION_CONTEXT('2D SPACE',''
  ) );
#12764 = PCURVE('',#6653,#12765);
#12765 = DEFINITIONAL_REPRESENTATION('',(#12766),#12770);
#12766 = LINE('',#12767,#12768);
#12767 = CARTESIAN_POINT('',(-4.9,-9.999999999999E-02));
#12768 = VECTOR('',#12769,1.);
#12769 = DIRECTION('',(0.,1.));
#12770 = ( GEOMETRIC_REPRESENTATION_CONTEXT(2) 
PARAMETRIC_REPRESENTATION_CONTEXT() REPRESENTATION_CONTEXT('2D SPACE',''
  ) );
#12771 = ORIENTED_EDGE('',*,*,#6665,.T.);
#12772 = ORIENTED_EDGE('',*,*,#11802,.T.);
#12773 = ORIENTED_EDGE('',*,*,#12774,.T.);
#12774 = EDGE_CURVE('',#11803,#12750,#12775,.T.);
#12775 = SURFACE_CURVE('',#12776,(#12780,#12787),.PCURVE_S1.);
#12776 = LINE('',#12777,#12778);
#12777 = CARTESIAN_POINT('',(142.,-148.4,-5.3));
#12778 = VECTOR('',#12779,1.);
#12779 = DIRECTION('',(0.,0.,1.));
#12780 = PCURVE('',#6681,#12781);
#12781 = DEFINITIONAL_REPRESENTATION('',(#12782),#12786);
#12782 = LINE('',#12783,#12784);
#12783 = CARTESIAN_POINT('',(0.,-2.1));
#12784 = VECTOR('',#12785,1.);
#12785 = DIRECTION('',(1.,0.));
#12786 = ( GEOMETRIC_REPRESENTATION_CONTEXT(2) 
PARAMETRIC_REPRESENTATION_CONTEXT() REPRESENTATION_CONTEXT('2D SPACE',''
  ) );
#12787 = PCURVE('',#11838,#12788);
#12788 = DEFINITIONAL_REPRESENTATION('',(#12789),#12793);
#12789 = LINE('',#12790,#12791);
#12790 = CARTESIAN_POINT('',(0.,0.));
#12791 = VECTOR('',#12792,1.);
#12792 = DIRECTION('',(1.,0.));
#12793 = ( GEOMETRIC_REPRESENTATION_CONTEXT(2) 
PARAMETRIC_REPRESENTATION_CONTEXT() REPRESENTATION_CONTEXT('2D SPACE',''
  ) );
#12794 = ADVANCED_FACE('',(#12795),#6653,.T.);
#12795 = FACE_BOUND('',#12796,.T.);
#12796 = EDGE_LOOP('',(#12797,#12822,#12843,#12844,#12845,#12846,#12869)
  );
#12797 = ORIENTED_EDGE('',*,*,#12798,.F.);
#12798 = EDGE_CURVE('',#12799,#12801,#12803,.T.);
#12799 = VERTEX_POINT('',#12800);
#12800 = CARTESIAN_POINT('',(146.9,-148.4,0.));
#12801 = VERTEX_POINT('',#12802);
#12802 = CARTESIAN_POINT('',(146.9,-146.9,0.));
#12803 = SURFACE_CURVE('',#12804,(#12808,#12815),.PCURVE_S1.);
#12804 = LINE('',#12805,#12806);
#12805 = CARTESIAN_POINT('',(146.9,-150.4,0.));
#12806 = VECTOR('',#12807,1.);
#12807 = DIRECTION('',(0.,1.,0.));
#12808 = PCURVE('',#6653,#12809);
#12809 = DEFINITIONAL_REPRESENTATION('',(#12810),#12814);
#12810 = LINE('',#12811,#12812);
#12811 = CARTESIAN_POINT('',(0.,0.));
#12812 = VECTOR('',#12813,1.);
#12813 = DIRECTION('',(0.,1.));
#12814 = ( GEOMETRIC_REPRESENTATION_CONTEXT(2) 
PARAMETRIC_REPRESENTATION_CONTEXT() REPRESENTATION_CONTEXT('2D SPACE',''
  ) );
#12815 = PCURVE('',#11864,#12816);
#12816 = DEFINITIONAL_REPRESENTATION('',(#12817),#12821);
#12817 = LINE('',#12818,#12819);
#12818 = CARTESIAN_POINT('',(5.3,0.));
#12819 = VECTOR('',#12820,1.);
#12820 = DIRECTION('',(0.,-1.));
#12821 = ( GEOMETRIC_REPRESENTATION_CONTEXT(2) 
PARAMETRIC_REPRESENTATION_CONTEXT() REPRESENTATION_CONTEXT('2D SPACE',''
  ) );
#12822 = ORIENTED_EDGE('',*,*,#12823,.F.);
#12823 = EDGE_CURVE('',#12750,#12799,#12824,.T.);
#12824 = SURFACE_CURVE('',#12825,(#12829,#12836),.PCURVE_S1.);
#12825 = LINE('',#12826,#12827);
#12826 = CARTESIAN_POINT('',(142.,-148.4,0.));
#12827 = VECTOR('',#12828,1.);
#12828 = DIRECTION('',(1.,0.,0.));
#12829 = PCURVE('',#6653,#12830);
#12830 = DEFINITIONAL_REPRESENTATION('',(#12831),#12835);
#12831 = LINE('',#12832,#12833);
#12832 = CARTESIAN_POINT('',(-4.9,2.));
#12833 = VECTOR('',#12834,1.);
#12834 = DIRECTION('',(1.,0.));
#12835 = ( GEOMETRIC_REPRESENTATION_CONTEXT(2) 
PARAMETRIC_REPRESENTATION_CONTEXT() REPRESENTATION_CONTEXT('2D SPACE',''
  ) );
#12836 = PCURVE('',#11838,#12837);
#12837 = DEFINITIONAL_REPRESENTATION('',(#12838),#12842);
#12838 = LINE('',#12839,#12840);
#12839 = CARTESIAN_POINT('',(5.3,0.));
#12840 = VECTOR('',#12841,1.);
#12841 = DIRECTION('',(0.,1.));
#12842 = ( GEOMETRIC_REPRESENTATION_CONTEXT(2) 
PARAMETRIC_REPRESENTATION_CONTEXT() REPRESENTATION_CONTEXT('2D SPACE',''
  ) );
#12843 = ORIENTED_EDGE('',*,*,#12749,.F.);
#12844 = ORIENTED_EDGE('',*,*,#6637,.F.);
#12845 = ORIENTED_EDGE('',*,*,#11517,.F.);
#12846 = ORIENTED_EDGE('',*,*,#12847,.T.);
#12847 = EDGE_CURVE('',#11518,#12848,#12850,.T.);
#12848 = VERTEX_POINT('',#12849);
#12849 = CARTESIAN_POINT('',(150.4,-146.9,0.));
#12850 = SURFACE_CURVE('',#12851,(#12855,#12862),.PCURVE_S1.);
#12851 = LINE('',#12852,#12853);
#12852 = CARTESIAN_POINT('',(150.4,-150.4,0.));
#12853 = VECTOR('',#12854,1.);
#12854 = DIRECTION('',(0.,1.,0.));
#12855 = PCURVE('',#6653,#12856);
#12856 = DEFINITIONAL_REPRESENTATION('',(#12857),#12861);
#12857 = LINE('',#12858,#12859);
#12858 = CARTESIAN_POINT('',(3.5,0.));
#12859 = VECTOR('',#12860,1.);
#12860 = DIRECTION('',(0.,1.));
#12861 = ( GEOMETRIC_REPRESENTATION_CONTEXT(2) 
PARAMETRIC_REPRESENTATION_CONTEXT() REPRESENTATION_CONTEXT('2D SPACE',''
  ) );
#12862 = PCURVE('',#10083,#12863);
#12863 = DEFINITIONAL_REPRESENTATION('',(#12864),#12868);
#12864 = LINE('',#12865,#12866);
#12865 = CARTESIAN_POINT('',(0.,0.6));
#12866 = VECTOR('',#12867,1.);
#12867 = DIRECTION('',(1.,0.));
#12868 = ( GEOMETRIC_REPRESENTATION_CONTEXT(2) 
PARAMETRIC_REPRESENTATION_CONTEXT() REPRESENTATION_CONTEXT('2D SPACE',''
  ) );
#12869 = ORIENTED_EDGE('',*,*,#12870,.F.);
#12870 = EDGE_CURVE('',#12801,#12848,#12871,.T.);
#12871 = SURFACE_CURVE('',#12872,(#12876,#12883),.PCURVE_S1.);
#12872 = LINE('',#12873,#12874);
#12873 = CARTESIAN_POINT('',(146.9,-146.9,0.));
#12874 = VECTOR('',#12875,1.);
#12875 = DIRECTION('',(1.,0.,0.));
#12876 = PCURVE('',#6653,#12877);
#12877 = DEFINITIONAL_REPRESENTATION('',(#12878),#12882);
#12878 = LINE('',#12879,#12880);
#12879 = CARTESIAN_POINT('',(0.,3.5));
#12880 = VECTOR('',#12881,1.);
#12881 = DIRECTION('',(1.,0.));
#12882 = ( GEOMETRIC_REPRESENTATION_CONTEXT(2) 
PARAMETRIC_REPRESENTATION_CONTEXT() REPRESENTATION_CONTEXT('2D SPACE',''
  ) );
#12883 = PCURVE('',#11890,#12884);
#12884 = DEFINITIONAL_REPRESENTATION('',(#12885),#12889);
#12885 = LINE('',#12886,#12887);
#12886 = CARTESIAN_POINT('',(5.3,0.));
#12887 = VECTOR('',#12888,1.);
#12888 = DIRECTION('',(0.,1.));
#12889 = ( GEOMETRIC_REPRESENTATION_CONTEXT(2) 
PARAMETRIC_REPRESENTATION_CONTEXT() REPRESENTATION_CONTEXT('2D SPACE',''
  ) );
#12890 = ADVANCED_FACE('',(#12891),#7252,.T.);
#12891 = FACE_BOUND('',#12892,.T.);
#12892 = EDGE_LOOP('',(#12893,#12894,#12895,#12896));
#12893 = ORIENTED_EDGE('',*,*,#7621,.T.);
#12894 = ORIENTED_EDGE('',*,*,#7531,.T.);
#12895 = ORIENTED_EDGE('',*,*,#7364,.T.);
#12896 = ORIENTED_EDGE('',*,*,#7237,.F.);
#12897 = ADVANCED_FACE('',(#12898),#7324,.F.);
#12898 = FACE_BOUND('',#12899,.F.);
#12899 = EDGE_LOOP('',(#12900,#12901,#12922,#12923));
#12900 = ORIENTED_EDGE('',*,*,#7307,.F.);
#12901 = ORIENTED_EDGE('',*,*,#12902,.F.);
#12902 = EDGE_CURVE('',#9341,#7308,#12903,.T.);
#12903 = SEAM_CURVE('',#12904,(#12908,#12915),.PCURVE_S1.);
#12904 = LINE('',#12905,#12906);
#12905 = CARTESIAN_POINT('',(42.25,-54.,-6.05));
#12906 = VECTOR('',#12907,1.);
#12907 = DIRECTION('',(0.707106781187,-1.731912112471E-16,0.707106781187
    ));
#12908 = PCURVE('',#7324,#12909);
#12909 = DEFINITIONAL_REPRESENTATION('',(#12910),#12914);
#12910 = LINE('',#12911,#12912);
#12911 = CARTESIAN_POINT('',(6.28318530718,-0.));
#12912 = VECTOR('',#12913,1.);
#12913 = DIRECTION('',(0.,1.));
#12914 = ( GEOMETRIC_REPRESENTATION_CONTEXT(2) 
PARAMETRIC_REPRESENTATION_CONTEXT() REPRESENTATION_CONTEXT('2D SPACE',''
  ) );
#12915 = PCURVE('',#7324,#12916);
#12916 = DEFINITIONAL_REPRESENTATION('',(#12917),#12921);
#12917 = LINE('',#12918,#12919);
#12918 = CARTESIAN_POINT('',(0.,-0.));
#12919 = VECTOR('',#12920,1.);
#12920 = DIRECTION('',(0.,1.));
#12921 = ( GEOMETRIC_REPRESENTATION_CONTEXT(2) 
PARAMETRIC_REPRESENTATION_CONTEXT() REPRESENTATION_CONTEXT('2D SPACE',''
  ) );
#12922 = ORIENTED_EDGE('',*,*,#9363,.T.);
#12923 = ORIENTED_EDGE('',*,*,#12902,.T.);
#12924 = ADVANCED_FACE('',(#12925,#13489,#13495,#13501),#7423,.T.);
#12925 = FACE_BOUND('',#12926,.T.);
#12926 = EDGE_LOOP('',(#12927,#12928,#12929,#12930,#12951,#12952,#12974,
    #13001,#13021,#13022,#13044,#13071,#13091,#13092,#13114,#13141,
    #13161,#13162,#13185,#13213,#13241,#13268,#13294,#13315,#13341,
    #13368,#13394,#13415,#13441,#13468,#13487,#13488));
#12927 = ORIENTED_EDGE('',*,*,#9564,.F.);
#12928 = ORIENTED_EDGE('',*,*,#11595,.T.);
#12929 = ORIENTED_EDGE('',*,*,#11620,.T.);
#12930 = ORIENTED_EDGE('',*,*,#12931,.F.);
#12931 = EDGE_CURVE('',#12663,#11621,#12932,.T.);
#12932 = SURFACE_CURVE('',#12933,(#12937,#12944),.PCURVE_S1.);
#12933 = LINE('',#12934,#12935);
#12934 = CARTESIAN_POINT('',(49.6,-146.9,-5.3));
#12935 = VECTOR('',#12936,1.);
#12936 = DIRECTION('',(0.,0.,1.));
#12937 = PCURVE('',#7423,#12938);
#12938 = DEFINITIONAL_REPRESENTATION('',(#12939),#12943);
#12939 = LINE('',#12940,#12941);
#12940 = CARTESIAN_POINT('',(97.3,5.9));
#12941 = VECTOR('',#12942,1.);
#12942 = DIRECTION('',(0.,-1.));
#12943 = ( GEOMETRIC_REPRESENTATION_CONTEXT(2) 
PARAMETRIC_REPRESENTATION_CONTEXT() REPRESENTATION_CONTEXT('2D SPACE',''
  ) );
#12944 = PCURVE('',#11738,#12945);
#12945 = DEFINITIONAL_REPRESENTATION('',(#12946),#12950);
#12946 = LINE('',#12947,#12948);
#12947 = CARTESIAN_POINT('',(0.,0.));
#12948 = VECTOR('',#12949,1.);
#12949 = DIRECTION('',(1.,0.));
#12950 = ( GEOMETRIC_REPRESENTATION_CONTEXT(2) 
PARAMETRIC_REPRESENTATION_CONTEXT() REPRESENTATION_CONTEXT('2D SPACE',''
  ) );
#12951 = ORIENTED_EDGE('',*,*,#12662,.F.);
#12952 = ORIENTED_EDGE('',*,*,#12953,.T.);
#12953 = EDGE_CURVE('',#12637,#12954,#12956,.T.);
#12954 = VERTEX_POINT('',#12955);
#12955 = CARTESIAN_POINT('',(49.6,-144.,0.));
#12956 = SURFACE_CURVE('',#12957,(#12961,#12968),.PCURVE_S1.);
#12957 = LINE('',#12958,#12959);
#12958 = CARTESIAN_POINT('',(49.6,-144.,-5.25));
#12959 = VECTOR('',#12960,1.);
#12960 = DIRECTION('',(0.,-0.,1.));
#12961 = PCURVE('',#7423,#12962);
#12962 = DEFINITIONAL_REPRESENTATION('',(#12963),#12967);
#12963 = LINE('',#12964,#12965);
#12964 = CARTESIAN_POINT('',(94.4,5.85));
#12965 = VECTOR('',#12966,1.);
#12966 = DIRECTION('',(0.,-1.));
#12967 = ( GEOMETRIC_REPRESENTATION_CONTEXT(2) 
PARAMETRIC_REPRESENTATION_CONTEXT() REPRESENTATION_CONTEXT('2D SPACE',''
  ) );
#12968 = PCURVE('',#12651,#12969);
#12969 = DEFINITIONAL_REPRESENTATION('',(#12970),#12973);
#12970 = B_SPLINE_CURVE_WITH_KNOTS('',1,(#12971,#12972),.UNSPECIFIED.,
  .F.,.F.,(2,2),(5.E-02,5.25),.PIECEWISE_BEZIER_KNOTS.);
#12971 = CARTESIAN_POINT('',(1.E-01,9.999999999999E-02));
#12972 = CARTESIAN_POINT('',(5.3,9.999999999999E-02));
#12973 = ( GEOMETRIC_REPRESENTATION_CONTEXT(2) 
PARAMETRIC_REPRESENTATION_CONTEXT() REPRESENTATION_CONTEXT('2D SPACE',''
  ) );
#12974 = ORIENTED_EDGE('',*,*,#12975,.F.);
#12975 = EDGE_CURVE('',#12976,#12954,#12978,.T.);
#12976 = VERTEX_POINT('',#12977);
#12977 = CARTESIAN_POINT('',(49.6,-136.,0.));
#12978 = SURFACE_CURVE('',#12979,(#12983,#12990),.PCURVE_S1.);
#12979 = LINE('',#12980,#12981);
#12980 = CARTESIAN_POINT('',(49.6,-96.8,0.));
#12981 = VECTOR('',#12982,1.);
#12982 = DIRECTION('',(0.,-1.,0.));
#12983 = PCURVE('',#7423,#12984);
#12984 = DEFINITIONAL_REPRESENTATION('',(#12985),#12989);
#12985 = LINE('',#12986,#12987);
#12986 = CARTESIAN_POINT('',(47.2,0.6));
#12987 = VECTOR('',#12988,1.);
#12988 = DIRECTION('',(1.,0.));
#12989 = ( GEOMETRIC_REPRESENTATION_CONTEXT(2) 
PARAMETRIC_REPRESENTATION_CONTEXT() REPRESENTATION_CONTEXT('2D SPACE',''
  ) );
#12990 = PCURVE('',#12991,#12996);
#12991 = PLANE('',#12992);
#12992 = AXIS2_PLACEMENT_3D('',#12993,#12994,#12995);
#12993 = CARTESIAN_POINT('',(49.5,-144.,0.));
#12994 = DIRECTION('',(0.,0.,1.));
#12995 = DIRECTION('',(1.,0.,0.));
#12996 = DEFINITIONAL_REPRESENTATION('',(#12997),#13000);
#12997 = B_SPLINE_CURVE_WITH_KNOTS('',1,(#12998,#12999),.UNSPECIFIED.,
  .F.,.F.,(2,2),(39.2,47.2),.PIECEWISE_BEZIER_KNOTS.);
#12998 = CARTESIAN_POINT('',(9.999999999999E-02,8.));
#12999 = CARTESIAN_POINT('',(9.999999999999E-02,0.));
#13000 = ( GEOMETRIC_REPRESENTATION_CONTEXT(2) 
PARAMETRIC_REPRESENTATION_CONTEXT() REPRESENTATION_CONTEXT('2D SPACE',''
  ) );
#13001 = ORIENTED_EDGE('',*,*,#13002,.F.);
#13002 = EDGE_CURVE('',#12562,#12976,#13003,.T.);
#13003 = SURFACE_CURVE('',#13004,(#13008,#13015),.PCURVE_S1.);
#13004 = LINE('',#13005,#13006);
#13005 = CARTESIAN_POINT('',(49.6,-136.,-5.25));
#13006 = VECTOR('',#13007,1.);
#13007 = DIRECTION('',(0.,-0.,1.));
#13008 = PCURVE('',#7423,#13009);
#13009 = DEFINITIONAL_REPRESENTATION('',(#13010),#13014);
#13010 = LINE('',#13011,#13012);
#13011 = CARTESIAN_POINT('',(86.4,5.85));
#13012 = VECTOR('',#13013,1.);
#13013 = DIRECTION('',(0.,-1.));
#13014 = ( GEOMETRIC_REPRESENTATION_CONTEXT(2) 
PARAMETRIC_REPRESENTATION_CONTEXT() REPRESENTATION_CONTEXT('2D SPACE',''
  ) );
#13015 = PCURVE('',#12599,#13016);
#13016 = DEFINITIONAL_REPRESENTATION('',(#13017),#13020);
#13017 = B_SPLINE_CURVE_WITH_KNOTS('',1,(#13018,#13019),.UNSPECIFIED.,
  .F.,.F.,(2,2),(5.E-02,5.25),.PIECEWISE_BEZIER_KNOTS.);
#13018 = CARTESIAN_POINT('',(1.E-01,9.999999999999E-02));
#13019 = CARTESIAN_POINT('',(5.3,9.999999999999E-02));
#13020 = ( GEOMETRIC_REPRESENTATION_CONTEXT(2) 
PARAMETRIC_REPRESENTATION_CONTEXT() REPRESENTATION_CONTEXT('2D SPACE',''
  ) );
#13021 = ORIENTED_EDGE('',*,*,#12561,.F.);
#13022 = ORIENTED_EDGE('',*,*,#13023,.T.);
#13023 = EDGE_CURVE('',#12536,#13024,#13026,.T.);
#13024 = VERTEX_POINT('',#13025);
#13025 = CARTESIAN_POINT('',(49.6,-116.,0.));
#13026 = SURFACE_CURVE('',#13027,(#13031,#13038),.PCURVE_S1.);
#13027 = LINE('',#13028,#13029);
#13028 = CARTESIAN_POINT('',(49.6,-116.,-5.25));
#13029 = VECTOR('',#13030,1.);
#13030 = DIRECTION('',(0.,-0.,1.));
#13031 = PCURVE('',#7423,#13032);
#13032 = DEFINITIONAL_REPRESENTATION('',(#13033),#13037);
#13033 = LINE('',#13034,#13035);
#13034 = CARTESIAN_POINT('',(66.4,5.85));
#13035 = VECTOR('',#13036,1.);
#13036 = DIRECTION('',(0.,-1.));
#13037 = ( GEOMETRIC_REPRESENTATION_CONTEXT(2) 
PARAMETRIC_REPRESENTATION_CONTEXT() REPRESENTATION_CONTEXT('2D SPACE',''
  ) );
#13038 = PCURVE('',#12550,#13039);
#13039 = DEFINITIONAL_REPRESENTATION('',(#13040),#13043);
#13040 = B_SPLINE_CURVE_WITH_KNOTS('',1,(#13041,#13042),.UNSPECIFIED.,
  .F.,.F.,(2,2),(5.E-02,5.25),.PIECEWISE_BEZIER_KNOTS.);
#13041 = CARTESIAN_POINT('',(1.E-01,9.999999999999E-02));
#13042 = CARTESIAN_POINT('',(5.3,9.999999999999E-02));
#13043 = ( GEOMETRIC_REPRESENTATION_CONTEXT(2) 
PARAMETRIC_REPRESENTATION_CONTEXT() REPRESENTATION_CONTEXT('2D SPACE',''
  ) );
#13044 = ORIENTED_EDGE('',*,*,#13045,.F.);
#13045 = EDGE_CURVE('',#13046,#13024,#13048,.T.);
#13046 = VERTEX_POINT('',#13047);
#13047 = CARTESIAN_POINT('',(49.6,-108.,0.));
#13048 = SURFACE_CURVE('',#13049,(#13053,#13060),.PCURVE_S1.);
#13049 = LINE('',#13050,#13051);
#13050 = CARTESIAN_POINT('',(49.6,-82.8,0.));
#13051 = VECTOR('',#13052,1.);
#13052 = DIRECTION('',(0.,-1.,0.));
#13053 = PCURVE('',#7423,#13054);
#13054 = DEFINITIONAL_REPRESENTATION('',(#13055),#13059);
#13055 = LINE('',#13056,#13057);
#13056 = CARTESIAN_POINT('',(33.2,0.6));
#13057 = VECTOR('',#13058,1.);
#13058 = DIRECTION('',(1.,0.));
#13059 = ( GEOMETRIC_REPRESENTATION_CONTEXT(2) 
PARAMETRIC_REPRESENTATION_CONTEXT() REPRESENTATION_CONTEXT('2D SPACE',''
  ) );
#13060 = PCURVE('',#13061,#13066);
#13061 = PLANE('',#13062);
#13062 = AXIS2_PLACEMENT_3D('',#13063,#13064,#13065);
#13063 = CARTESIAN_POINT('',(49.5,-116.,0.));
#13064 = DIRECTION('',(0.,0.,1.));
#13065 = DIRECTION('',(1.,0.,0.));
#13066 = DEFINITIONAL_REPRESENTATION('',(#13067),#13070);
#13067 = B_SPLINE_CURVE_WITH_KNOTS('',1,(#13068,#13069),.UNSPECIFIED.,
  .F.,.F.,(2,2),(25.2,33.2),.PIECEWISE_BEZIER_KNOTS.);
#13068 = CARTESIAN_POINT('',(9.999999999999E-02,8.));
#13069 = CARTESIAN_POINT('',(9.999999999999E-02,0.));
#13070 = ( GEOMETRIC_REPRESENTATION_CONTEXT(2) 
PARAMETRIC_REPRESENTATION_CONTEXT() REPRESENTATION_CONTEXT('2D SPACE',''
  ) );
#13071 = ORIENTED_EDGE('',*,*,#13072,.F.);
#13072 = EDGE_CURVE('',#12461,#13046,#13073,.T.);
#13073 = SURFACE_CURVE('',#13074,(#13078,#13085),.PCURVE_S1.);
#13074 = LINE('',#13075,#13076);
#13075 = CARTESIAN_POINT('',(49.6,-108.,-5.25));
#13076 = VECTOR('',#13077,1.);
#13077 = DIRECTION('',(0.,-0.,1.));
#13078 = PCURVE('',#7423,#13079);
#13079 = DEFINITIONAL_REPRESENTATION('',(#13080),#13084);
#13080 = LINE('',#13081,#13082);
#13081 = CARTESIAN_POINT('',(58.4,5.85));
#13082 = VECTOR('',#13083,1.);
#13083 = DIRECTION('',(0.,-1.));
#13084 = ( GEOMETRIC_REPRESENTATION_CONTEXT(2) 
PARAMETRIC_REPRESENTATION_CONTEXT() REPRESENTATION_CONTEXT('2D SPACE',''
  ) );
#13085 = PCURVE('',#12498,#13086);
#13086 = DEFINITIONAL_REPRESENTATION('',(#13087),#13090);
#13087 = B_SPLINE_CURVE_WITH_KNOTS('',1,(#13088,#13089),.UNSPECIFIED.,
  .F.,.F.,(2,2),(5.E-02,5.25),.PIECEWISE_BEZIER_KNOTS.);
#13088 = CARTESIAN_POINT('',(1.E-01,9.999999999999E-02));
#13089 = CARTESIAN_POINT('',(5.3,9.999999999999E-02));
#13090 = ( GEOMETRIC_REPRESENTATION_CONTEXT(2) 
PARAMETRIC_REPRESENTATION_CONTEXT() REPRESENTATION_CONTEXT('2D SPACE',''
  ) );
#13091 = ORIENTED_EDGE('',*,*,#12460,.F.);
#13092 = ORIENTED_EDGE('',*,*,#13093,.T.);
#13093 = EDGE_CURVE('',#12435,#13094,#13096,.T.);
#13094 = VERTEX_POINT('',#13095);
#13095 = CARTESIAN_POINT('',(49.6,-76.7,0.));
#13096 = SURFACE_CURVE('',#13097,(#13101,#13108),.PCURVE_S1.);
#13097 = LINE('',#13098,#13099);
#13098 = CARTESIAN_POINT('',(49.6,-76.7,-5.25));
#13099 = VECTOR('',#13100,1.);
#13100 = DIRECTION('',(0.,-0.,1.));
#13101 = PCURVE('',#7423,#13102);
#13102 = DEFINITIONAL_REPRESENTATION('',(#13103),#13107);
#13103 = LINE('',#13104,#13105);
#13104 = CARTESIAN_POINT('',(27.1,5.85));
#13105 = VECTOR('',#13106,1.);
#13106 = DIRECTION('',(0.,-1.));
#13107 = ( GEOMETRIC_REPRESENTATION_CONTEXT(2) 
PARAMETRIC_REPRESENTATION_CONTEXT() REPRESENTATION_CONTEXT('2D SPACE',''
  ) );
#13108 = PCURVE('',#12449,#13109);
#13109 = DEFINITIONAL_REPRESENTATION('',(#13110),#13113);
#13110 = B_SPLINE_CURVE_WITH_KNOTS('',1,(#13111,#13112),.UNSPECIFIED.,
  .F.,.F.,(2,2),(5.E-02,5.25),.PIECEWISE_BEZIER_KNOTS.);
#13111 = CARTESIAN_POINT('',(1.E-01,9.999999999999E-02));
#13112 = CARTESIAN_POINT('',(5.3,9.999999999999E-02));
#13113 = ( GEOMETRIC_REPRESENTATION_CONTEXT(2) 
PARAMETRIC_REPRESENTATION_CONTEXT() REPRESENTATION_CONTEXT('2D SPACE',''
  ) );
#13114 = ORIENTED_EDGE('',*,*,#13115,.F.);
#13115 = EDGE_CURVE('',#13116,#13094,#13118,.T.);
#13116 = VERTEX_POINT('',#13117);
#13117 = CARTESIAN_POINT('',(49.6,-68.7,0.));
#13118 = SURFACE_CURVE('',#13119,(#13123,#13130),.PCURVE_S1.);
#13119 = LINE('',#13120,#13121);
#13120 = CARTESIAN_POINT('',(49.6,-63.15,0.));
#13121 = VECTOR('',#13122,1.);
#13122 = DIRECTION('',(0.,-1.,0.));
#13123 = PCURVE('',#7423,#13124);
#13124 = DEFINITIONAL_REPRESENTATION('',(#13125),#13129);
#13125 = LINE('',#13126,#13127);
#13126 = CARTESIAN_POINT('',(13.55,0.6));
#13127 = VECTOR('',#13128,1.);
#13128 = DIRECTION('',(1.,0.));
#13129 = ( GEOMETRIC_REPRESENTATION_CONTEXT(2) 
PARAMETRIC_REPRESENTATION_CONTEXT() REPRESENTATION_CONTEXT('2D SPACE',''
  ) );
#13130 = PCURVE('',#13131,#13136);
#13131 = PLANE('',#13132);
#13132 = AXIS2_PLACEMENT_3D('',#13133,#13134,#13135);
#13133 = CARTESIAN_POINT('',(49.5,-76.7,0.));
#13134 = DIRECTION('',(0.,0.,1.));
#13135 = DIRECTION('',(1.,0.,0.));
#13136 = DEFINITIONAL_REPRESENTATION('',(#13137),#13140);
#13137 = B_SPLINE_CURVE_WITH_KNOTS('',1,(#13138,#13139),.UNSPECIFIED.,
  .F.,.F.,(2,2),(5.55,13.55),.PIECEWISE_BEZIER_KNOTS.);
#13138 = CARTESIAN_POINT('',(9.999999999999E-02,8.));
#13139 = CARTESIAN_POINT('',(9.999999999999E-02,0.));
#13140 = ( GEOMETRIC_REPRESENTATION_CONTEXT(2) 
PARAMETRIC_REPRESENTATION_CONTEXT() REPRESENTATION_CONTEXT('2D SPACE',''
  ) );
#13141 = ORIENTED_EDGE('',*,*,#13142,.F.);
#13142 = EDGE_CURVE('',#12360,#13116,#13143,.T.);
#13143 = SURFACE_CURVE('',#13144,(#13148,#13155),.PCURVE_S1.);
#13144 = LINE('',#13145,#13146);
#13145 = CARTESIAN_POINT('',(49.6,-68.7,-5.25));
#13146 = VECTOR('',#13147,1.);
#13147 = DIRECTION('',(0.,-0.,1.));
#13148 = PCURVE('',#7423,#13149);
#13149 = DEFINITIONAL_REPRESENTATION('',(#13150),#13154);
#13150 = LINE('',#13151,#13152);
#13151 = CARTESIAN_POINT('',(19.1,5.85));
#13152 = VECTOR('',#13153,1.);
#13153 = DIRECTION('',(0.,-1.));
#13154 = ( GEOMETRIC_REPRESENTATION_CONTEXT(2) 
PARAMETRIC_REPRESENTATION_CONTEXT() REPRESENTATION_CONTEXT('2D SPACE',''
  ) );
#13155 = PCURVE('',#12397,#13156);
#13156 = DEFINITIONAL_REPRESENTATION('',(#13157),#13160);
#13157 = B_SPLINE_CURVE_WITH_KNOTS('',1,(#13158,#13159),.UNSPECIFIED.,
  .F.,.F.,(2,2),(5.E-02,5.25),.PIECEWISE_BEZIER_KNOTS.);
#13158 = CARTESIAN_POINT('',(1.E-01,9.999999999999E-02));
#13159 = CARTESIAN_POINT('',(5.3,9.999999999999E-02));
#13160 = ( GEOMETRIC_REPRESENTATION_CONTEXT(2) 
PARAMETRIC_REPRESENTATION_CONTEXT() REPRESENTATION_CONTEXT('2D SPACE',''
  ) );
#13161 = ORIENTED_EDGE('',*,*,#12359,.F.);
#13162 = ORIENTED_EDGE('',*,*,#13163,.T.);
#13163 = EDGE_CURVE('',#12334,#13164,#13166,.T.);
#13164 = VERTEX_POINT('',#13165);
#13165 = CARTESIAN_POINT('',(49.6,-53.1,0.));
#13166 = SURFACE_CURVE('',#13167,(#13171,#13178),.PCURVE_S1.);
#13167 = LINE('',#13168,#13169);
#13168 = CARTESIAN_POINT('',(49.6,-53.1,-5.3));
#13169 = VECTOR('',#13170,1.);
#13170 = DIRECTION('',(0.,0.,1.));
#13171 = PCURVE('',#7423,#13172);
#13172 = DEFINITIONAL_REPRESENTATION('',(#13173),#13177);
#13173 = LINE('',#13174,#13175);
#13174 = CARTESIAN_POINT('',(3.5,5.9));
#13175 = VECTOR('',#13176,1.);
#13176 = DIRECTION('',(0.,-1.));
#13177 = ( GEOMETRIC_REPRESENTATION_CONTEXT(2) 
PARAMETRIC_REPRESENTATION_CONTEXT() REPRESENTATION_CONTEXT('2D SPACE',''
  ) );
#13178 = PCURVE('',#12348,#13179);
#13179 = DEFINITIONAL_REPRESENTATION('',(#13180),#13184);
#13180 = LINE('',#13181,#13182);
#13181 = CARTESIAN_POINT('',(0.,0.));
#13182 = VECTOR('',#13183,1.);
#13183 = DIRECTION('',(1.,0.));
#13184 = ( GEOMETRIC_REPRESENTATION_CONTEXT(2) 
PARAMETRIC_REPRESENTATION_CONTEXT() REPRESENTATION_CONTEXT('2D SPACE',''
  ) );
#13185 = ORIENTED_EDGE('',*,*,#13186,.T.);
#13186 = EDGE_CURVE('',#13164,#13187,#13189,.T.);
#13187 = VERTEX_POINT('',#13188);
#13188 = CARTESIAN_POINT('',(49.6,-50.1,0.));
#13189 = SURFACE_CURVE('',#13190,(#13194,#13201),.PCURVE_S1.);
#13190 = LINE('',#13191,#13192);
#13191 = CARTESIAN_POINT('',(49.6,-53.1,0.));
#13192 = VECTOR('',#13193,1.);
#13193 = DIRECTION('',(0.,1.,0.));
#13194 = PCURVE('',#7423,#13195);
#13195 = DEFINITIONAL_REPRESENTATION('',(#13196),#13200);
#13196 = LINE('',#13197,#13198);
#13197 = CARTESIAN_POINT('',(3.5,0.6));
#13198 = VECTOR('',#13199,1.);
#13199 = DIRECTION('',(-1.,0.));
#13200 = ( GEOMETRIC_REPRESENTATION_CONTEXT(2) 
PARAMETRIC_REPRESENTATION_CONTEXT() REPRESENTATION_CONTEXT('2D SPACE',''
  ) );
#13201 = PCURVE('',#13202,#13207);
#13202 = PLANE('',#13203);
#13203 = AXIS2_PLACEMENT_3D('',#13204,#13205,#13206);
#13204 = CARTESIAN_POINT('',(49.6,-53.1,0.));
#13205 = DIRECTION('',(0.,0.,1.));
#13206 = DIRECTION('',(1.,0.,0.));
#13207 = DEFINITIONAL_REPRESENTATION('',(#13208),#13212);
#13208 = LINE('',#13209,#13210);
#13209 = CARTESIAN_POINT('',(0.,0.));
#13210 = VECTOR('',#13211,1.);
#13211 = DIRECTION('',(0.,1.));
#13212 = ( GEOMETRIC_REPRESENTATION_CONTEXT(2) 
PARAMETRIC_REPRESENTATION_CONTEXT() REPRESENTATION_CONTEXT('2D SPACE',''
  ) );
#13213 = ORIENTED_EDGE('',*,*,#13214,.F.);
#13214 = EDGE_CURVE('',#13215,#13187,#13217,.T.);
#13215 = VERTEX_POINT('',#13216);
#13216 = CARTESIAN_POINT('',(49.6,-50.1,10.6));
#13217 = SURFACE_CURVE('',#13218,(#13222,#13229),.PCURVE_S1.);
#13218 = LINE('',#13219,#13220);
#13219 = CARTESIAN_POINT('',(49.6,-50.1,10.6));
#13220 = VECTOR('',#13221,1.);
#13221 = DIRECTION('',(0.,0.,-1.));
#13222 = PCURVE('',#7423,#13223);
#13223 = DEFINITIONAL_REPRESENTATION('',(#13224),#13228);
#13224 = LINE('',#13225,#13226);
#13225 = CARTESIAN_POINT('',(0.5,-10.));
#13226 = VECTOR('',#13227,1.);
#13227 = DIRECTION('',(0.,1.));
#13228 = ( GEOMETRIC_REPRESENTATION_CONTEXT(2) 
PARAMETRIC_REPRESENTATION_CONTEXT() REPRESENTATION_CONTEXT('2D SPACE',''
  ) );
#13229 = PCURVE('',#13230,#13235);
#13230 = CYLINDRICAL_SURFACE('',#13231,0.5);
#13231 = AXIS2_PLACEMENT_3D('',#13232,#13233,#13234);
#13232 = CARTESIAN_POINT('',(50.1,-50.1,0.6));
#13233 = DIRECTION('',(0.,0.,1.));
#13234 = DIRECTION('',(-0.,1.,0.));
#13235 = DEFINITIONAL_REPRESENTATION('',(#13236),#13240);
#13236 = LINE('',#13237,#13238);
#13237 = CARTESIAN_POINT('',(1.570796326795,10.));
#13238 = VECTOR('',#13239,1.);
#13239 = DIRECTION('',(-0.,-1.));
#13240 = ( GEOMETRIC_REPRESENTATION_CONTEXT(2) 
PARAMETRIC_REPRESENTATION_CONTEXT() REPRESENTATION_CONTEXT('2D SPACE',''
  ) );
#13241 = ORIENTED_EDGE('',*,*,#13242,.F.);
#13242 = EDGE_CURVE('',#13243,#13215,#13245,.T.);
#13243 = VERTEX_POINT('',#13244);
#13244 = CARTESIAN_POINT('',(49.6,-52.6,10.6));
#13245 = SURFACE_CURVE('',#13246,(#13250,#13257),.PCURVE_S1.);
#13246 = LINE('',#13247,#13248);
#13247 = CARTESIAN_POINT('',(49.6,-74.8,10.6));
#13248 = VECTOR('',#13249,1.);
#13249 = DIRECTION('',(-0.,1.,0.));
#13250 = PCURVE('',#7423,#13251);
#13251 = DEFINITIONAL_REPRESENTATION('',(#13252),#13256);
#13252 = LINE('',#13253,#13254);
#13253 = CARTESIAN_POINT('',(25.2,-10.));
#13254 = VECTOR('',#13255,1.);
#13255 = DIRECTION('',(-1.,-0.));
#13256 = ( GEOMETRIC_REPRESENTATION_CONTEXT(2) 
PARAMETRIC_REPRESENTATION_CONTEXT() REPRESENTATION_CONTEXT('2D SPACE',''
  ) );
#13257 = PCURVE('',#13258,#13263);
#13258 = PLANE('',#13259);
#13259 = AXIS2_PLACEMENT_3D('',#13260,#13261,#13262);
#13260 = CARTESIAN_POINT('',(100.,-100.,10.6));
#13261 = DIRECTION('',(0.,0.,1.));
#13262 = DIRECTION('',(1.,0.,-0.));
#13263 = DEFINITIONAL_REPRESENTATION('',(#13264),#13267);
#13264 = B_SPLINE_CURVE_WITH_KNOTS('',1,(#13265,#13266),.UNSPECIFIED.,
  .F.,.F.,(2,2),(-75.1,24.7),.PIECEWISE_BEZIER_KNOTS.);
#13265 = CARTESIAN_POINT('',(-50.4,-49.9));
#13266 = CARTESIAN_POINT('',(-50.4,49.9));
#13267 = ( GEOMETRIC_REPRESENTATION_CONTEXT(2) 
PARAMETRIC_REPRESENTATION_CONTEXT() REPRESENTATION_CONTEXT('2D SPACE',''
  ) );
#13268 = ORIENTED_EDGE('',*,*,#13269,.F.);
#13269 = EDGE_CURVE('',#13270,#13243,#13272,.T.);
#13270 = VERTEX_POINT('',#13271);
#13271 = CARTESIAN_POINT('',(49.6,-52.6,1.6));
#13272 = SURFACE_CURVE('',#13273,(#13277,#13283),.PCURVE_S1.);
#13273 = LINE('',#13274,#13275);
#13274 = CARTESIAN_POINT('',(49.6,-52.6,1.1));
#13275 = VECTOR('',#13276,1.);
#13276 = DIRECTION('',(0.,-0.,1.));
#13277 = PCURVE('',#7423,#13278);
#13278 = DEFINITIONAL_REPRESENTATION('',(#13279),#13282);
#13279 = B_SPLINE_CURVE_WITH_KNOTS('',1,(#13280,#13281),.UNSPECIFIED.,
  .F.,.F.,(2,2),(0.5,9.5),.PIECEWISE_BEZIER_KNOTS.);
#13280 = CARTESIAN_POINT('',(3.,-1.));
#13281 = CARTESIAN_POINT('',(3.,-10.));
#13282 = ( GEOMETRIC_REPRESENTATION_CONTEXT(2) 
PARAMETRIC_REPRESENTATION_CONTEXT() REPRESENTATION_CONTEXT('2D SPACE',''
  ) );
#13283 = PCURVE('',#13284,#13289);
#13284 = PLANE('',#13285);
#13285 = AXIS2_PLACEMENT_3D('',#13286,#13287,#13288);
#13286 = CARTESIAN_POINT('',(46.,-52.6,1.6));
#13287 = DIRECTION('',(0.,1.,0.));
#13288 = DIRECTION('',(0.,0.,1.));
#13289 = DEFINITIONAL_REPRESENTATION('',(#13290),#13293);
#13290 = B_SPLINE_CURVE_WITH_KNOTS('',1,(#13291,#13292),.UNSPECIFIED.,
  .F.,.F.,(2,2),(0.5,9.5),.PIECEWISE_BEZIER_KNOTS.);
#13291 = CARTESIAN_POINT('',(0.,3.6));
#13292 = CARTESIAN_POINT('',(9.,3.6));
#13293 = ( GEOMETRIC_REPRESENTATION_CONTEXT(2) 
PARAMETRIC_REPRESENTATION_CONTEXT() REPRESENTATION_CONTEXT('2D SPACE',''
  ) );
#13294 = ORIENTED_EDGE('',*,*,#13295,.T.);
#13295 = EDGE_CURVE('',#13270,#13296,#13298,.T.);
#13296 = VERTEX_POINT('',#13297);
#13297 = CARTESIAN_POINT('',(49.6,-70.2,1.6));
#13298 = SURFACE_CURVE('',#13299,(#13303,#13309),.PCURVE_S1.);
#13299 = LINE('',#13300,#13301);
#13300 = CARTESIAN_POINT('',(49.6,-59.9,1.6));
#13301 = VECTOR('',#13302,1.);
#13302 = DIRECTION('',(0.,-1.,0.));
#13303 = PCURVE('',#7423,#13304);
#13304 = DEFINITIONAL_REPRESENTATION('',(#13305),#13308);
#13305 = B_SPLINE_CURVE_WITH_KNOTS('',1,(#13306,#13307),.UNSPECIFIED.,
  .F.,.F.,(2,2),(-7.3,10.3),.PIECEWISE_BEZIER_KNOTS.);
#13306 = CARTESIAN_POINT('',(3.,-1.));
#13307 = CARTESIAN_POINT('',(20.6,-1.));
#13308 = ( GEOMETRIC_REPRESENTATION_CONTEXT(2) 
PARAMETRIC_REPRESENTATION_CONTEXT() REPRESENTATION_CONTEXT('2D SPACE',''
  ) );
#13309 = PCURVE('',#7897,#13310);
#13310 = DEFINITIONAL_REPRESENTATION('',(#13311),#13314);
#13311 = B_SPLINE_CURVE_WITH_KNOTS('',1,(#13312,#13313),.UNSPECIFIED.,
  .F.,.F.,(2,2),(-7.3,10.3),.PIECEWISE_BEZIER_KNOTS.);
#13312 = CARTESIAN_POINT('',(3.6,17.6));
#13313 = CARTESIAN_POINT('',(3.6,0.));
#13314 = ( GEOMETRIC_REPRESENTATION_CONTEXT(2) 
PARAMETRIC_REPRESENTATION_CONTEXT() REPRESENTATION_CONTEXT('2D SPACE',''
  ) );
#13315 = ORIENTED_EDGE('',*,*,#13316,.T.);
#13316 = EDGE_CURVE('',#13296,#13317,#13319,.T.);
#13317 = VERTEX_POINT('',#13318);
#13318 = CARTESIAN_POINT('',(49.6,-70.2,10.6));
#13319 = SURFACE_CURVE('',#13320,(#13324,#13330),.PCURVE_S1.);
#13320 = LINE('',#13321,#13322);
#13321 = CARTESIAN_POINT('',(49.6,-70.2,1.1));
#13322 = VECTOR('',#13323,1.);
#13323 = DIRECTION('',(0.,-0.,1.));
#13324 = PCURVE('',#7423,#13325);
#13325 = DEFINITIONAL_REPRESENTATION('',(#13326),#13329);
#13326 = B_SPLINE_CURVE_WITH_KNOTS('',1,(#13327,#13328),.UNSPECIFIED.,
  .F.,.F.,(2,2),(0.5,9.5),.PIECEWISE_BEZIER_KNOTS.);
#13327 = CARTESIAN_POINT('',(20.6,-1.));
#13328 = CARTESIAN_POINT('',(20.6,-10.));
#13329 = ( GEOMETRIC_REPRESENTATION_CONTEXT(2) 
PARAMETRIC_REPRESENTATION_CONTEXT() REPRESENTATION_CONTEXT('2D SPACE',''
  ) );
#13330 = PCURVE('',#13331,#13336);
#13331 = PLANE('',#13332);
#13332 = AXIS2_PLACEMENT_3D('',#13333,#13334,#13335);
#13333 = CARTESIAN_POINT('',(46.,-70.2,1.6));
#13334 = DIRECTION('',(0.,1.,0.));
#13335 = DIRECTION('',(0.,0.,1.));
#13336 = DEFINITIONAL_REPRESENTATION('',(#13337),#13340);
#13337 = B_SPLINE_CURVE_WITH_KNOTS('',1,(#13338,#13339),.UNSPECIFIED.,
  .F.,.F.,(2,2),(0.5,9.5),.PIECEWISE_BEZIER_KNOTS.);
#13338 = CARTESIAN_POINT('',(0.,3.6));
#13339 = CARTESIAN_POINT('',(9.,3.6));
#13340 = ( GEOMETRIC_REPRESENTATION_CONTEXT(2) 
PARAMETRIC_REPRESENTATION_CONTEXT() REPRESENTATION_CONTEXT('2D SPACE',''
  ) );
#13341 = ORIENTED_EDGE('',*,*,#13342,.F.);
#13342 = EDGE_CURVE('',#13343,#13317,#13345,.T.);
#13343 = VERTEX_POINT('',#13344);
#13344 = CARTESIAN_POINT('',(49.6,-75.3,10.6));
#13345 = SURFACE_CURVE('',#13346,(#13350,#13357),.PCURVE_S1.);
#13346 = LINE('',#13347,#13348);
#13347 = CARTESIAN_POINT('',(49.6,-74.8,10.6));
#13348 = VECTOR('',#13349,1.);
#13349 = DIRECTION('',(-0.,1.,0.));
#13350 = PCURVE('',#7423,#13351);
#13351 = DEFINITIONAL_REPRESENTATION('',(#13352),#13356);
#13352 = LINE('',#13353,#13354);
#13353 = CARTESIAN_POINT('',(25.2,-10.));
#13354 = VECTOR('',#13355,1.);
#13355 = DIRECTION('',(-1.,-0.));
#13356 = ( GEOMETRIC_REPRESENTATION_CONTEXT(2) 
PARAMETRIC_REPRESENTATION_CONTEXT() REPRESENTATION_CONTEXT('2D SPACE',''
  ) );
#13357 = PCURVE('',#13358,#13363);
#13358 = PLANE('',#13359);
#13359 = AXIS2_PLACEMENT_3D('',#13360,#13361,#13362);
#13360 = CARTESIAN_POINT('',(100.,-100.,10.6));
#13361 = DIRECTION('',(0.,0.,1.));
#13362 = DIRECTION('',(1.,0.,-0.));
#13363 = DEFINITIONAL_REPRESENTATION('',(#13364),#13367);
#13364 = B_SPLINE_CURVE_WITH_KNOTS('',1,(#13365,#13366),.UNSPECIFIED.,
  .F.,.F.,(2,2),(-75.1,24.7),.PIECEWISE_BEZIER_KNOTS.);
#13365 = CARTESIAN_POINT('',(-50.4,-49.9));
#13366 = CARTESIAN_POINT('',(-50.4,49.9));
#13367 = ( GEOMETRIC_REPRESENTATION_CONTEXT(2) 
PARAMETRIC_REPRESENTATION_CONTEXT() REPRESENTATION_CONTEXT('2D SPACE',''
  ) );
#13368 = ORIENTED_EDGE('',*,*,#13369,.F.);
#13369 = EDGE_CURVE('',#13370,#13343,#13372,.T.);
#13370 = VERTEX_POINT('',#13371);
#13371 = CARTESIAN_POINT('',(49.6,-75.3,1.6));
#13372 = SURFACE_CURVE('',#13373,(#13377,#13383),.PCURVE_S1.);
#13373 = LINE('',#13374,#13375);
#13374 = CARTESIAN_POINT('',(49.6,-75.3,1.1));
#13375 = VECTOR('',#13376,1.);
#13376 = DIRECTION('',(0.,-0.,1.));
#13377 = PCURVE('',#7423,#13378);
#13378 = DEFINITIONAL_REPRESENTATION('',(#13379),#13382);
#13379 = B_SPLINE_CURVE_WITH_KNOTS('',1,(#13380,#13381),.UNSPECIFIED.,
  .F.,.F.,(2,2),(0.5,9.5),.PIECEWISE_BEZIER_KNOTS.);
#13380 = CARTESIAN_POINT('',(25.7,-1.));
#13381 = CARTESIAN_POINT('',(25.7,-10.));
#13382 = ( GEOMETRIC_REPRESENTATION_CONTEXT(2) 
PARAMETRIC_REPRESENTATION_CONTEXT() REPRESENTATION_CONTEXT('2D SPACE',''
  ) );
#13383 = PCURVE('',#13384,#13389);
#13384 = PLANE('',#13385);
#13385 = AXIS2_PLACEMENT_3D('',#13386,#13387,#13388);
#13386 = CARTESIAN_POINT('',(46.,-75.3,1.6));
#13387 = DIRECTION('',(0.,1.,0.));
#13388 = DIRECTION('',(0.,0.,1.));
#13389 = DEFINITIONAL_REPRESENTATION('',(#13390),#13393);
#13390 = B_SPLINE_CURVE_WITH_KNOTS('',1,(#13391,#13392),.UNSPECIFIED.,
  .F.,.F.,(2,2),(0.5,9.5),.PIECEWISE_BEZIER_KNOTS.);
#13391 = CARTESIAN_POINT('',(0.,3.6));
#13392 = CARTESIAN_POINT('',(9.,3.6));
#13393 = ( GEOMETRIC_REPRESENTATION_CONTEXT(2) 
PARAMETRIC_REPRESENTATION_CONTEXT() REPRESENTATION_CONTEXT('2D SPACE',''
  ) );
#13394 = ORIENTED_EDGE('',*,*,#13395,.T.);
#13395 = EDGE_CURVE('',#13370,#13396,#13398,.T.);
#13396 = VERTEX_POINT('',#13397);
#13397 = CARTESIAN_POINT('',(49.6,-83.8,1.6));
#13398 = SURFACE_CURVE('',#13399,(#13403,#13409),.PCURVE_S1.);
#13399 = LINE('',#13400,#13401);
#13400 = CARTESIAN_POINT('',(49.6,-66.7,1.6));
#13401 = VECTOR('',#13402,1.);
#13402 = DIRECTION('',(0.,-1.,0.));
#13403 = PCURVE('',#7423,#13404);
#13404 = DEFINITIONAL_REPRESENTATION('',(#13405),#13408);
#13405 = B_SPLINE_CURVE_WITH_KNOTS('',1,(#13406,#13407),.UNSPECIFIED.,
  .F.,.F.,(2,2),(8.6,17.1),.PIECEWISE_BEZIER_KNOTS.);
#13406 = CARTESIAN_POINT('',(25.7,-1.));
#13407 = CARTESIAN_POINT('',(34.2,-1.));
#13408 = ( GEOMETRIC_REPRESENTATION_CONTEXT(2) 
PARAMETRIC_REPRESENTATION_CONTEXT() REPRESENTATION_CONTEXT('2D SPACE',''
  ) );
#13409 = PCURVE('',#7789,#13410);
#13410 = DEFINITIONAL_REPRESENTATION('',(#13411),#13414);
#13411 = B_SPLINE_CURVE_WITH_KNOTS('',1,(#13412,#13413),.UNSPECIFIED.,
  .F.,.F.,(2,2),(8.6,17.1),.PIECEWISE_BEZIER_KNOTS.);
#13412 = CARTESIAN_POINT('',(3.6,8.5));
#13413 = CARTESIAN_POINT('',(3.6,0.));
#13414 = ( GEOMETRIC_REPRESENTATION_CONTEXT(2) 
PARAMETRIC_REPRESENTATION_CONTEXT() REPRESENTATION_CONTEXT('2D SPACE',''
  ) );
#13415 = ORIENTED_EDGE('',*,*,#13416,.T.);
#13416 = EDGE_CURVE('',#13396,#13417,#13419,.T.);
#13417 = VERTEX_POINT('',#13418);
#13418 = CARTESIAN_POINT('',(49.6,-83.8,10.6));
#13419 = SURFACE_CURVE('',#13420,(#13424,#13430),.PCURVE_S1.);
#13420 = LINE('',#13421,#13422);
#13421 = CARTESIAN_POINT('',(49.6,-83.8,1.1));
#13422 = VECTOR('',#13423,1.);
#13423 = DIRECTION('',(0.,-0.,1.));
#13424 = PCURVE('',#7423,#13425);
#13425 = DEFINITIONAL_REPRESENTATION('',(#13426),#13429);
#13426 = B_SPLINE_CURVE_WITH_KNOTS('',1,(#13427,#13428),.UNSPECIFIED.,
  .F.,.F.,(2,2),(0.5,9.5),.PIECEWISE_BEZIER_KNOTS.);
#13427 = CARTESIAN_POINT('',(34.2,-1.));
#13428 = CARTESIAN_POINT('',(34.2,-10.));
#13429 = ( GEOMETRIC_REPRESENTATION_CONTEXT(2) 
PARAMETRIC_REPRESENTATION_CONTEXT() REPRESENTATION_CONTEXT('2D SPACE',''
  ) );
#13430 = PCURVE('',#13431,#13436);
#13431 = PLANE('',#13432);
#13432 = AXIS2_PLACEMENT_3D('',#13433,#13434,#13435);
#13433 = CARTESIAN_POINT('',(46.,-83.8,1.6));
#13434 = DIRECTION('',(0.,1.,0.));
#13435 = DIRECTION('',(0.,0.,1.));
#13436 = DEFINITIONAL_REPRESENTATION('',(#13437),#13440);
#13437 = B_SPLINE_CURVE_WITH_KNOTS('',1,(#13438,#13439),.UNSPECIFIED.,
  .F.,.F.,(2,2),(0.5,9.5),.PIECEWISE_BEZIER_KNOTS.);
#13438 = CARTESIAN_POINT('',(0.,3.6));
#13439 = CARTESIAN_POINT('',(9.,3.6));
#13440 = ( GEOMETRIC_REPRESENTATION_CONTEXT(2) 
PARAMETRIC_REPRESENTATION_CONTEXT() REPRESENTATION_CONTEXT('2D SPACE',''
  ) );
#13441 = ORIENTED_EDGE('',*,*,#13442,.F.);
#13442 = EDGE_CURVE('',#13443,#13417,#13445,.T.);
#13443 = VERTEX_POINT('',#13444);
#13444 = CARTESIAN_POINT('',(49.6,-89.3,10.6));
#13445 = SURFACE_CURVE('',#13446,(#13450,#13457),.PCURVE_S1.);
#13446 = LINE('',#13447,#13448);
#13447 = CARTESIAN_POINT('',(49.6,-74.8,10.6));
#13448 = VECTOR('',#13449,1.);
#13449 = DIRECTION('',(-0.,1.,0.));
#13450 = PCURVE('',#7423,#13451);
#13451 = DEFINITIONAL_REPRESENTATION('',(#13452),#13456);
#13452 = LINE('',#13453,#13454);
#13453 = CARTESIAN_POINT('',(25.2,-10.));
#13454 = VECTOR('',#13455,1.);
#13455 = DIRECTION('',(-1.,-0.));
#13456 = ( GEOMETRIC_REPRESENTATION_CONTEXT(2) 
PARAMETRIC_REPRESENTATION_CONTEXT() REPRESENTATION_CONTEXT('2D SPACE',''
  ) );
#13457 = PCURVE('',#13458,#13463);
#13458 = PLANE('',#13459);
#13459 = AXIS2_PLACEMENT_3D('',#13460,#13461,#13462);
#13460 = CARTESIAN_POINT('',(100.,-100.,10.6));
#13461 = DIRECTION('',(0.,0.,1.));
#13462 = DIRECTION('',(1.,0.,-0.));
#13463 = DEFINITIONAL_REPRESENTATION('',(#13464),#13467);
#13464 = B_SPLINE_CURVE_WITH_KNOTS('',1,(#13465,#13466),.UNSPECIFIED.,
  .F.,.F.,(2,2),(-75.1,24.7),.PIECEWISE_BEZIER_KNOTS.);
#13465 = CARTESIAN_POINT('',(-50.4,-49.9));
#13466 = CARTESIAN_POINT('',(-50.4,49.9));
#13467 = ( GEOMETRIC_REPRESENTATION_CONTEXT(2) 
PARAMETRIC_REPRESENTATION_CONTEXT() REPRESENTATION_CONTEXT('2D SPACE',''
  ) );
#13468 = ORIENTED_EDGE('',*,*,#13469,.F.);
#13469 = EDGE_CURVE('',#9445,#13443,#13470,.T.);
#13470 = SURFACE_CURVE('',#13471,(#13475,#13481),.PCURVE_S1.);
#13471 = LINE('',#13472,#13473);
#13472 = CARTESIAN_POINT('',(49.6,-89.3,1.1));
#13473 = VECTOR('',#13474,1.);
#13474 = DIRECTION('',(0.,-0.,1.));
#13475 = PCURVE('',#7423,#13476);
#13476 = DEFINITIONAL_REPRESENTATION('',(#13477),#13480);
#13477 = B_SPLINE_CURVE_WITH_KNOTS('',1,(#13478,#13479),.UNSPECIFIED.,
  .F.,.F.,(2,2),(0.5,9.5),.PIECEWISE_BEZIER_KNOTS.);
#13478 = CARTESIAN_POINT('',(39.7,-1.));
#13479 = CARTESIAN_POINT('',(39.7,-10.));
#13480 = ( GEOMETRIC_REPRESENTATION_CONTEXT(2) 
PARAMETRIC_REPRESENTATION_CONTEXT() REPRESENTATION_CONTEXT('2D SPACE',''
  ) );
#13481 = PCURVE('',#9460,#13482);
#13482 = DEFINITIONAL_REPRESENTATION('',(#13483),#13486);
#13483 = B_SPLINE_CURVE_WITH_KNOTS('',1,(#13484,#13485),.UNSPECIFIED.,
  .F.,.F.,(2,2),(0.5,9.5),.PIECEWISE_BEZIER_KNOTS.);
#13484 = CARTESIAN_POINT('',(0.,3.6));
#13485 = CARTESIAN_POINT('',(9.,3.6));
#13486 = ( GEOMETRIC_REPRESENTATION_CONTEXT(2) 
PARAMETRIC_REPRESENTATION_CONTEXT() REPRESENTATION_CONTEXT('2D SPACE',''
  ) );
#13487 = ORIENTED_EDGE('',*,*,#9496,.T.);
#13488 = ORIENTED_EDGE('',*,*,#9612,.T.);
#13489 = FACE_BOUND('',#13490,.T.);
#13490 = EDGE_LOOP('',(#13491,#13492,#13493,#13494));
#13491 = ORIENTED_EDGE('',*,*,#7575,.T.);
#13492 = ORIENTED_EDGE('',*,*,#7509,.T.);
#13493 = ORIENTED_EDGE('',*,*,#7462,.F.);
#13494 = ORIENTED_EDGE('',*,*,#7410,.F.);
#13495 = FACE_BOUND('',#13496,.T.);
#13496 = EDGE_LOOP('',(#13497,#13498,#13499,#13500));
#13497 = ORIENTED_EDGE('',*,*,#8295,.T.);
#13498 = ORIENTED_EDGE('',*,*,#8414,.T.);
#13499 = ORIENTED_EDGE('',*,*,#8389,.F.);
#13500 = ORIENTED_EDGE('',*,*,#8342,.F.);
#13501 = FACE_BOUND('',#13502,.T.);
#13502 = EDGE_LOOP('',(#13503,#13504,#13505,#13506));
#13503 = ORIENTED_EDGE('',*,*,#8483,.T.);
#13504 = ORIENTED_EDGE('',*,*,#8602,.T.);
#13505 = ORIENTED_EDGE('',*,*,#8577,.F.);
#13506 = ORIENTED_EDGE('',*,*,#8530,.F.);
#13507 = ADVANCED_FACE('',(#13508),#7735,.F.);
#13508 = FACE_BOUND('',#13509,.F.);
#13509 = EDGE_LOOP('',(#13510,#13511,#13532,#13555));
#13510 = ORIENTED_EDGE('',*,*,#7719,.F.);
#13511 = ORIENTED_EDGE('',*,*,#13512,.T.);
#13512 = EDGE_CURVE('',#7720,#13513,#13515,.T.);
#13513 = VERTEX_POINT('',#13514);
#13514 = CARTESIAN_POINT('',(48.4,-83.8,10.6));
#13515 = SURFACE_CURVE('',#13516,(#13520,#13526),.PCURVE_S1.);
#13516 = LINE('',#13517,#13518);
#13517 = CARTESIAN_POINT('',(48.4,-83.8,1.6));
#13518 = VECTOR('',#13519,1.);
#13519 = DIRECTION('',(0.,-0.,1.));
#13520 = PCURVE('',#7735,#13521);
#13521 = DEFINITIONAL_REPRESENTATION('',(#13522),#13525);
#13522 = B_SPLINE_CURVE_WITH_KNOTS('',1,(#13523,#13524),.UNSPECIFIED.,
  .F.,.F.,(2,2),(0.,9.),.PIECEWISE_BEZIER_KNOTS.);
#13523 = CARTESIAN_POINT('',(35.4,0.));
#13524 = CARTESIAN_POINT('',(35.4,-9.));
#13525 = ( GEOMETRIC_REPRESENTATION_CONTEXT(2) 
PARAMETRIC_REPRESENTATION_CONTEXT() REPRESENTATION_CONTEXT('2D SPACE',''
  ) );
#13526 = PCURVE('',#13431,#13527);
#13527 = DEFINITIONAL_REPRESENTATION('',(#13528),#13531);
#13528 = B_SPLINE_CURVE_WITH_KNOTS('',1,(#13529,#13530),.UNSPECIFIED.,
  .F.,.F.,(2,2),(0.,9.),.PIECEWISE_BEZIER_KNOTS.);
#13529 = CARTESIAN_POINT('',(0.,2.4));
#13530 = CARTESIAN_POINT('',(9.,2.4));
#13531 = ( GEOMETRIC_REPRESENTATION_CONTEXT(2) 
PARAMETRIC_REPRESENTATION_CONTEXT() REPRESENTATION_CONTEXT('2D SPACE',''
  ) );
#13532 = ORIENTED_EDGE('',*,*,#13533,.T.);
#13533 = EDGE_CURVE('',#13513,#13534,#13536,.T.);
#13534 = VERTEX_POINT('',#13535);
#13535 = CARTESIAN_POINT('',(48.4,-89.3,10.6));
#13536 = SURFACE_CURVE('',#13537,(#13541,#13548),.PCURVE_S1.);
#13537 = LINE('',#13538,#13539);
#13538 = CARTESIAN_POINT('',(48.4,-48.4,10.6));
#13539 = VECTOR('',#13540,1.);
#13540 = DIRECTION('',(0.,-1.,0.));
#13541 = PCURVE('',#7735,#13542);
#13542 = DEFINITIONAL_REPRESENTATION('',(#13543),#13547);
#13543 = LINE('',#13544,#13545);
#13544 = CARTESIAN_POINT('',(0.,-9.));
#13545 = VECTOR('',#13546,1.);
#13546 = DIRECTION('',(1.,0.));
#13547 = ( GEOMETRIC_REPRESENTATION_CONTEXT(2) 
PARAMETRIC_REPRESENTATION_CONTEXT() REPRESENTATION_CONTEXT('2D SPACE',''
  ) );
#13548 = PCURVE('',#13458,#13549);
#13549 = DEFINITIONAL_REPRESENTATION('',(#13550),#13554);
#13550 = LINE('',#13551,#13552);
#13551 = CARTESIAN_POINT('',(-51.6,51.6));
#13552 = VECTOR('',#13553,1.);
#13553 = DIRECTION('',(0.,-1.));
#13554 = ( GEOMETRIC_REPRESENTATION_CONTEXT(2) 
PARAMETRIC_REPRESENTATION_CONTEXT() REPRESENTATION_CONTEXT('2D SPACE',''
  ) );
#13555 = ORIENTED_EDGE('',*,*,#13556,.F.);
#13556 = EDGE_CURVE('',#4416,#13534,#13557,.T.);
#13557 = SURFACE_CURVE('',#13558,(#13562,#13568),.PCURVE_S1.);
#13558 = LINE('',#13559,#13560);
#13559 = CARTESIAN_POINT('',(48.4,-89.3,1.6));
#13560 = VECTOR('',#13561,1.);
#13561 = DIRECTION('',(0.,-0.,1.));
#13562 = PCURVE('',#7735,#13563);
#13563 = DEFINITIONAL_REPRESENTATION('',(#13564),#13567);
#13564 = B_SPLINE_CURVE_WITH_KNOTS('',1,(#13565,#13566),.UNSPECIFIED.,
  .F.,.F.,(2,2),(0.,9.),.PIECEWISE_BEZIER_KNOTS.);
#13565 = CARTESIAN_POINT('',(40.9,0.));
#13566 = CARTESIAN_POINT('',(40.9,-9.));
#13567 = ( GEOMETRIC_REPRESENTATION_CONTEXT(2) 
PARAMETRIC_REPRESENTATION_CONTEXT() REPRESENTATION_CONTEXT('2D SPACE',''
  ) );
#13568 = PCURVE('',#9460,#13569);
#13569 = DEFINITIONAL_REPRESENTATION('',(#13570),#13573);
#13570 = B_SPLINE_CURVE_WITH_KNOTS('',1,(#13571,#13572),.UNSPECIFIED.,
  .F.,.F.,(2,2),(0.,9.),.PIECEWISE_BEZIER_KNOTS.);
#13571 = CARTESIAN_POINT('',(0.,2.4));
#13572 = CARTESIAN_POINT('',(9.,2.4));
#13573 = ( GEOMETRIC_REPRESENTATION_CONTEXT(2) 
PARAMETRIC_REPRESENTATION_CONTEXT() REPRESENTATION_CONTEXT('2D SPACE',''
  ) );
#13574 = ADVANCED_FACE('',(#13575),#7789,.T.);
#13575 = FACE_BOUND('',#13576,.T.);
#13576 = EDGE_LOOP('',(#13577,#13598,#13599,#13620));
#13577 = ORIENTED_EDGE('',*,*,#13578,.F.);
#13578 = EDGE_CURVE('',#7774,#13370,#13579,.T.);
#13579 = SURFACE_CURVE('',#13580,(#13584,#13591),.PCURVE_S1.);
#13580 = LINE('',#13581,#13582);
#13581 = CARTESIAN_POINT('',(46.,-75.3,1.6));
#13582 = VECTOR('',#13583,1.);
#13583 = DIRECTION('',(1.,0.,0.));
#13584 = PCURVE('',#7789,#13585);
#13585 = DEFINITIONAL_REPRESENTATION('',(#13586),#13590);
#13586 = LINE('',#13587,#13588);
#13587 = CARTESIAN_POINT('',(0.,8.5));
#13588 = VECTOR('',#13589,1.);
#13589 = DIRECTION('',(1.,0.));
#13590 = ( GEOMETRIC_REPRESENTATION_CONTEXT(2) 
PARAMETRIC_REPRESENTATION_CONTEXT() REPRESENTATION_CONTEXT('2D SPACE',''
  ) );
#13591 = PCURVE('',#13384,#13592);
#13592 = DEFINITIONAL_REPRESENTATION('',(#13593),#13597);
#13593 = LINE('',#13594,#13595);
#13594 = CARTESIAN_POINT('',(0.,0.));
#13595 = VECTOR('',#13596,1.);
#13596 = DIRECTION('',(0.,1.));
#13597 = ( GEOMETRIC_REPRESENTATION_CONTEXT(2) 
PARAMETRIC_REPRESENTATION_CONTEXT() REPRESENTATION_CONTEXT('2D SPACE',''
  ) );
#13598 = ORIENTED_EDGE('',*,*,#7773,.T.);
#13599 = ORIENTED_EDGE('',*,*,#13600,.T.);
#13600 = EDGE_CURVE('',#7720,#13396,#13601,.T.);
#13601 = SURFACE_CURVE('',#13602,(#13606,#13613),.PCURVE_S1.);
#13602 = LINE('',#13603,#13604);
#13603 = CARTESIAN_POINT('',(46.,-83.8,1.6));
#13604 = VECTOR('',#13605,1.);
#13605 = DIRECTION('',(1.,0.,0.));
#13606 = PCURVE('',#7789,#13607);
#13607 = DEFINITIONAL_REPRESENTATION('',(#13608),#13612);
#13608 = LINE('',#13609,#13610);
#13609 = CARTESIAN_POINT('',(0.,0.));
#13610 = VECTOR('',#13611,1.);
#13611 = DIRECTION('',(1.,0.));
#13612 = ( GEOMETRIC_REPRESENTATION_CONTEXT(2) 
PARAMETRIC_REPRESENTATION_CONTEXT() REPRESENTATION_CONTEXT('2D SPACE',''
  ) );
#13613 = PCURVE('',#13431,#13614);
#13614 = DEFINITIONAL_REPRESENTATION('',(#13615),#13619);
#13615 = LINE('',#13616,#13617);
#13616 = CARTESIAN_POINT('',(0.,0.));
#13617 = VECTOR('',#13618,1.);
#13618 = DIRECTION('',(0.,1.));
#13619 = ( GEOMETRIC_REPRESENTATION_CONTEXT(2) 
PARAMETRIC_REPRESENTATION_CONTEXT() REPRESENTATION_CONTEXT('2D SPACE',''
  ) );
#13620 = ORIENTED_EDGE('',*,*,#13395,.F.);
#13621 = ADVANCED_FACE('',(#13622),#7843,.F.);
#13622 = FACE_BOUND('',#13623,.F.);
#13623 = EDGE_LOOP('',(#13624,#13625,#13646,#13669));
#13624 = ORIENTED_EDGE('',*,*,#7827,.F.);
#13625 = ORIENTED_EDGE('',*,*,#13626,.T.);
#13626 = EDGE_CURVE('',#7828,#13627,#13629,.T.);
#13627 = VERTEX_POINT('',#13628);
#13628 = CARTESIAN_POINT('',(48.4,-70.2,10.6));
#13629 = SURFACE_CURVE('',#13630,(#13634,#13640),.PCURVE_S1.);
#13630 = LINE('',#13631,#13632);
#13631 = CARTESIAN_POINT('',(48.4,-70.2,1.6));
#13632 = VECTOR('',#13633,1.);
#13633 = DIRECTION('',(0.,-0.,1.));
#13634 = PCURVE('',#7843,#13635);
#13635 = DEFINITIONAL_REPRESENTATION('',(#13636),#13639);
#13636 = B_SPLINE_CURVE_WITH_KNOTS('',1,(#13637,#13638),.UNSPECIFIED.,
  .F.,.F.,(2,2),(0.,9.),.PIECEWISE_BEZIER_KNOTS.);
#13637 = CARTESIAN_POINT('',(21.8,0.));
#13638 = CARTESIAN_POINT('',(21.8,-9.));
#13639 = ( GEOMETRIC_REPRESENTATION_CONTEXT(2) 
PARAMETRIC_REPRESENTATION_CONTEXT() REPRESENTATION_CONTEXT('2D SPACE',''
  ) );
#13640 = PCURVE('',#13331,#13641);
#13641 = DEFINITIONAL_REPRESENTATION('',(#13642),#13645);
#13642 = B_SPLINE_CURVE_WITH_KNOTS('',1,(#13643,#13644),.UNSPECIFIED.,
  .F.,.F.,(2,2),(0.,9.),.PIECEWISE_BEZIER_KNOTS.);
#13643 = CARTESIAN_POINT('',(0.,2.4));
#13644 = CARTESIAN_POINT('',(9.,2.4));
#13645 = ( GEOMETRIC_REPRESENTATION_CONTEXT(2) 
PARAMETRIC_REPRESENTATION_CONTEXT() REPRESENTATION_CONTEXT('2D SPACE',''
  ) );
#13646 = ORIENTED_EDGE('',*,*,#13647,.T.);
#13647 = EDGE_CURVE('',#13627,#13648,#13650,.T.);
#13648 = VERTEX_POINT('',#13649);
#13649 = CARTESIAN_POINT('',(48.4,-75.3,10.6));
#13650 = SURFACE_CURVE('',#13651,(#13655,#13662),.PCURVE_S1.);
#13651 = LINE('',#13652,#13653);
#13652 = CARTESIAN_POINT('',(48.4,-48.4,10.6));
#13653 = VECTOR('',#13654,1.);
#13654 = DIRECTION('',(0.,-1.,0.));
#13655 = PCURVE('',#7843,#13656);
#13656 = DEFINITIONAL_REPRESENTATION('',(#13657),#13661);
#13657 = LINE('',#13658,#13659);
#13658 = CARTESIAN_POINT('',(0.,-9.));
#13659 = VECTOR('',#13660,1.);
#13660 = DIRECTION('',(1.,0.));
#13661 = ( GEOMETRIC_REPRESENTATION_CONTEXT(2) 
PARAMETRIC_REPRESENTATION_CONTEXT() REPRESENTATION_CONTEXT('2D SPACE',''
  ) );
#13662 = PCURVE('',#13358,#13663);
#13663 = DEFINITIONAL_REPRESENTATION('',(#13664),#13668);
#13664 = LINE('',#13665,#13666);
#13665 = CARTESIAN_POINT('',(-51.6,51.6));
#13666 = VECTOR('',#13667,1.);
#13667 = DIRECTION('',(0.,-1.));
#13668 = ( GEOMETRIC_REPRESENTATION_CONTEXT(2) 
PARAMETRIC_REPRESENTATION_CONTEXT() REPRESENTATION_CONTEXT('2D SPACE',''
  ) );
#13669 = ORIENTED_EDGE('',*,*,#13670,.F.);
#13670 = EDGE_CURVE('',#7774,#13648,#13671,.T.);
#13671 = SURFACE_CURVE('',#13672,(#13676,#13682),.PCURVE_S1.);
#13672 = LINE('',#13673,#13674);
#13673 = CARTESIAN_POINT('',(48.4,-75.3,1.6));
#13674 = VECTOR('',#13675,1.);
#13675 = DIRECTION('',(0.,-0.,1.));
#13676 = PCURVE('',#7843,#13677);
#13677 = DEFINITIONAL_REPRESENTATION('',(#13678),#13681);
#13678 = B_SPLINE_CURVE_WITH_KNOTS('',1,(#13679,#13680),.UNSPECIFIED.,
  .F.,.F.,(2,2),(0.,9.),.PIECEWISE_BEZIER_KNOTS.);
#13679 = CARTESIAN_POINT('',(26.9,0.));
#13680 = CARTESIAN_POINT('',(26.9,-9.));
#13681 = ( GEOMETRIC_REPRESENTATION_CONTEXT(2) 
PARAMETRIC_REPRESENTATION_CONTEXT() REPRESENTATION_CONTEXT('2D SPACE',''
  ) );
#13682 = PCURVE('',#13384,#13683);
#13683 = DEFINITIONAL_REPRESENTATION('',(#13684),#13687);
#13684 = B_SPLINE_CURVE_WITH_KNOTS('',1,(#13685,#13686),.UNSPECIFIED.,
  .F.,.F.,(2,2),(0.,9.),.PIECEWISE_BEZIER_KNOTS.);
#13685 = CARTESIAN_POINT('',(0.,2.4));
#13686 = CARTESIAN_POINT('',(9.,2.4));
#13687 = ( GEOMETRIC_REPRESENTATION_CONTEXT(2) 
PARAMETRIC_REPRESENTATION_CONTEXT() REPRESENTATION_CONTEXT('2D SPACE',''
  ) );
#13688 = ADVANCED_FACE('',(#13689),#7897,.T.);
#13689 = FACE_BOUND('',#13690,.T.);
#13690 = EDGE_LOOP('',(#13691,#13712,#13713,#13734));
#13691 = ORIENTED_EDGE('',*,*,#13692,.F.);
#13692 = EDGE_CURVE('',#7882,#13270,#13693,.T.);
#13693 = SURFACE_CURVE('',#13694,(#13698,#13705),.PCURVE_S1.);
#13694 = LINE('',#13695,#13696);
#13695 = CARTESIAN_POINT('',(46.,-52.6,1.6));
#13696 = VECTOR('',#13697,1.);
#13697 = DIRECTION('',(1.,0.,0.));
#13698 = PCURVE('',#7897,#13699);
#13699 = DEFINITIONAL_REPRESENTATION('',(#13700),#13704);
#13700 = LINE('',#13701,#13702);
#13701 = CARTESIAN_POINT('',(0.,17.6));
#13702 = VECTOR('',#13703,1.);
#13703 = DIRECTION('',(1.,0.));
#13704 = ( GEOMETRIC_REPRESENTATION_CONTEXT(2) 
PARAMETRIC_REPRESENTATION_CONTEXT() REPRESENTATION_CONTEXT('2D SPACE',''
  ) );
#13705 = PCURVE('',#13284,#13706);
#13706 = DEFINITIONAL_REPRESENTATION('',(#13707),#13711);
#13707 = LINE('',#13708,#13709);
#13708 = CARTESIAN_POINT('',(0.,0.));
#13709 = VECTOR('',#13710,1.);
#13710 = DIRECTION('',(0.,1.));
#13711 = ( GEOMETRIC_REPRESENTATION_CONTEXT(2) 
PARAMETRIC_REPRESENTATION_CONTEXT() REPRESENTATION_CONTEXT('2D SPACE',''
  ) );
#13712 = ORIENTED_EDGE('',*,*,#7881,.T.);
#13713 = ORIENTED_EDGE('',*,*,#13714,.T.);
#13714 = EDGE_CURVE('',#7828,#13296,#13715,.T.);
#13715 = SURFACE_CURVE('',#13716,(#13720,#13727),.PCURVE_S1.);
#13716 = LINE('',#13717,#13718);
#13717 = CARTESIAN_POINT('',(46.,-70.2,1.6));
#13718 = VECTOR('',#13719,1.);
#13719 = DIRECTION('',(1.,0.,0.));
#13720 = PCURVE('',#7897,#13721);
#13721 = DEFINITIONAL_REPRESENTATION('',(#13722),#13726);
#13722 = LINE('',#13723,#13724);
#13723 = CARTESIAN_POINT('',(0.,0.));
#13724 = VECTOR('',#13725,1.);
#13725 = DIRECTION('',(1.,0.));
#13726 = ( GEOMETRIC_REPRESENTATION_CONTEXT(2) 
PARAMETRIC_REPRESENTATION_CONTEXT() REPRESENTATION_CONTEXT('2D SPACE',''
  ) );
#13727 = PCURVE('',#13331,#13728);
#13728 = DEFINITIONAL_REPRESENTATION('',(#13729),#13733);
#13729 = LINE('',#13730,#13731);
#13730 = CARTESIAN_POINT('',(0.,0.));
#13731 = VECTOR('',#13732,1.);
#13732 = DIRECTION('',(0.,1.));
#13733 = ( GEOMETRIC_REPRESENTATION_CONTEXT(2) 
PARAMETRIC_REPRESENTATION_CONTEXT() REPRESENTATION_CONTEXT('2D SPACE',''
  ) );
#13734 = ORIENTED_EDGE('',*,*,#13295,.F.);
#13735 = ADVANCED_FACE('',(#13736,#13742,#13848,#13954,#14060),#8139,.F.
  );
#13736 = FACE_BOUND('',#13737,.F.);
#13737 = EDGE_LOOP('',(#13738,#13739,#13740,#13741));
#13738 = ORIENTED_EDGE('',*,*,#10381,.T.);
#13739 = ORIENTED_EDGE('',*,*,#8123,.T.);
#13740 = ORIENTED_EDGE('',*,*,#8176,.F.);
#13741 = ORIENTED_EDGE('',*,*,#9176,.F.);
#13742 = FACE_BOUND('',#13743,.F.);
#13743 = EDGE_LOOP('',(#13744,#13772,#13798,#13824));
#13744 = ORIENTED_EDGE('',*,*,#13745,.T.);
#13745 = EDGE_CURVE('',#13746,#13748,#13750,.T.);
#13746 = VERTEX_POINT('',#13747);
#13747 = CARTESIAN_POINT('',(139.,-47.,-4.4));
#13748 = VERTEX_POINT('',#13749);
#13749 = CARTESIAN_POINT('',(129.,-47.,-4.4));
#13750 = SURFACE_CURVE('',#13751,(#13755,#13761),.PCURVE_S1.);
#13751 = LINE('',#13752,#13753);
#13752 = CARTESIAN_POINT('',(141.,-47.,-4.4));
#13753 = VECTOR('',#13754,1.);
#13754 = DIRECTION('',(-1.,0.,0.));
#13755 = PCURVE('',#8139,#13756);
#13756 = DEFINITIONAL_REPRESENTATION('',(#13757),#13760);
#13757 = B_SPLINE_CURVE_WITH_KNOTS('',1,(#13758,#13759),.UNSPECIFIED.,
  .F.,.F.,(2,2),(2.,12.),.PIECEWISE_BEZIER_KNOTS.);
#13758 = CARTESIAN_POINT('',(14.,-3.2));
#13759 = CARTESIAN_POINT('',(24.,-3.2));
#13760 = ( GEOMETRIC_REPRESENTATION_CONTEXT(2) 
PARAMETRIC_REPRESENTATION_CONTEXT() REPRESENTATION_CONTEXT('2D SPACE',''
  ) );
#13761 = PCURVE('',#13762,#13767);
#13762 = PLANE('',#13763);
#13763 = AXIS2_PLACEMENT_3D('',#13764,#13765,#13766);
#13764 = CARTESIAN_POINT('',(129.,-49.65,-4.4));
#13765 = DIRECTION('',(0.,0.,1.));
#13766 = DIRECTION('',(1.,0.,0.));
#13767 = DEFINITIONAL_REPRESENTATION('',(#13768),#13771);
#13768 = B_SPLINE_CURVE_WITH_KNOTS('',1,(#13769,#13770),.UNSPECIFIED.,
  .F.,.F.,(2,2),(2.,12.),.PIECEWISE_BEZIER_KNOTS.);
#13769 = CARTESIAN_POINT('',(10.,2.65));
#13770 = CARTESIAN_POINT('',(0.,2.65));
#13771 = ( GEOMETRIC_REPRESENTATION_CONTEXT(2) 
PARAMETRIC_REPRESENTATION_CONTEXT() REPRESENTATION_CONTEXT('2D SPACE',''
  ) );
#13772 = ORIENTED_EDGE('',*,*,#13773,.T.);
#13773 = EDGE_CURVE('',#13748,#13774,#13776,.T.);
#13774 = VERTEX_POINT('',#13775);
#13775 = CARTESIAN_POINT('',(129.,-47.,-1.));
#13776 = SURFACE_CURVE('',#13777,(#13781,#13787),.PCURVE_S1.);
#13777 = LINE('',#13778,#13779);
#13778 = CARTESIAN_POINT('',(129.,-47.,-6.));
#13779 = VECTOR('',#13780,1.);
#13780 = DIRECTION('',(-0.,0.,1.));
#13781 = PCURVE('',#8139,#13782);
#13782 = DEFINITIONAL_REPRESENTATION('',(#13783),#13786);
#13783 = B_SPLINE_CURVE_WITH_KNOTS('',1,(#13784,#13785),.UNSPECIFIED.,
  .F.,.F.,(2,2),(1.6,5.),.PIECEWISE_BEZIER_KNOTS.);
#13784 = CARTESIAN_POINT('',(24.,-3.2));
#13785 = CARTESIAN_POINT('',(24.,-6.6));
#13786 = ( GEOMETRIC_REPRESENTATION_CONTEXT(2) 
PARAMETRIC_REPRESENTATION_CONTEXT() REPRESENTATION_CONTEXT('2D SPACE',''
  ) );
#13787 = PCURVE('',#13788,#13793);
#13788 = PLANE('',#13789);
#13789 = AXIS2_PLACEMENT_3D('',#13790,#13791,#13792);
#13790 = CARTESIAN_POINT('',(129.,-49.65,-4.4));
#13791 = DIRECTION('',(1.,0.,0.));
#13792 = DIRECTION('',(0.,0.,1.));
#13793 = DEFINITIONAL_REPRESENTATION('',(#13794),#13797);
#13794 = B_SPLINE_CURVE_WITH_KNOTS('',1,(#13795,#13796),.UNSPECIFIED.,
  .F.,.F.,(2,2),(1.6,5.),.PIECEWISE_BEZIER_KNOTS.);
#13795 = CARTESIAN_POINT('',(0.,-2.65));
#13796 = CARTESIAN_POINT('',(3.4,-2.65));
#13797 = ( GEOMETRIC_REPRESENTATION_CONTEXT(2) 
PARAMETRIC_REPRESENTATION_CONTEXT() REPRESENTATION_CONTEXT('2D SPACE',''
  ) );
#13798 = ORIENTED_EDGE('',*,*,#13799,.F.);
#13799 = EDGE_CURVE('',#13800,#13774,#13802,.T.);
#13800 = VERTEX_POINT('',#13801);
#13801 = CARTESIAN_POINT('',(139.,-47.,-1.));
#13802 = SURFACE_CURVE('',#13803,(#13807,#13813),.PCURVE_S1.);
#13803 = LINE('',#13804,#13805);
#13804 = CARTESIAN_POINT('',(141.,-47.,-1.));
#13805 = VECTOR('',#13806,1.);
#13806 = DIRECTION('',(-1.,0.,0.));
#13807 = PCURVE('',#8139,#13808);
#13808 = DEFINITIONAL_REPRESENTATION('',(#13809),#13812);
#13809 = B_SPLINE_CURVE_WITH_KNOTS('',1,(#13810,#13811),.UNSPECIFIED.,
  .F.,.F.,(2,2),(2.,12.),.PIECEWISE_BEZIER_KNOTS.);
#13810 = CARTESIAN_POINT('',(14.,-6.6));
#13811 = CARTESIAN_POINT('',(24.,-6.6));
#13812 = ( GEOMETRIC_REPRESENTATION_CONTEXT(2) 
PARAMETRIC_REPRESENTATION_CONTEXT() REPRESENTATION_CONTEXT('2D SPACE',''
  ) );
#13813 = PCURVE('',#13814,#13819);
#13814 = PLANE('',#13815);
#13815 = AXIS2_PLACEMENT_3D('',#13816,#13817,#13818);
#13816 = CARTESIAN_POINT('',(129.,-49.65,-1.));
#13817 = DIRECTION('',(0.,0.,1.));
#13818 = DIRECTION('',(1.,0.,0.));
#13819 = DEFINITIONAL_REPRESENTATION('',(#13820),#13823);
#13820 = B_SPLINE_CURVE_WITH_KNOTS('',1,(#13821,#13822),.UNSPECIFIED.,
  .F.,.F.,(2,2),(2.,12.),.PIECEWISE_BEZIER_KNOTS.);
#13821 = CARTESIAN_POINT('',(10.,2.65));
#13822 = CARTESIAN_POINT('',(0.,2.65));
#13823 = ( GEOMETRIC_REPRESENTATION_CONTEXT(2) 
PARAMETRIC_REPRESENTATION_CONTEXT() REPRESENTATION_CONTEXT('2D SPACE',''
  ) );
#13824 = ORIENTED_EDGE('',*,*,#13825,.F.);
#13825 = EDGE_CURVE('',#13746,#13800,#13826,.T.);
#13826 = SURFACE_CURVE('',#13827,(#13831,#13837),.PCURVE_S1.);
#13827 = LINE('',#13828,#13829);
#13828 = CARTESIAN_POINT('',(139.,-47.,-6.));
#13829 = VECTOR('',#13830,1.);
#13830 = DIRECTION('',(-0.,0.,1.));
#13831 = PCURVE('',#8139,#13832);
#13832 = DEFINITIONAL_REPRESENTATION('',(#13833),#13836);
#13833 = B_SPLINE_CURVE_WITH_KNOTS('',1,(#13834,#13835),.UNSPECIFIED.,
  .F.,.F.,(2,2),(1.6,5.),.PIECEWISE_BEZIER_KNOTS.);
#13834 = CARTESIAN_POINT('',(14.,-3.2));
#13835 = CARTESIAN_POINT('',(14.,-6.6));
#13836 = ( GEOMETRIC_REPRESENTATION_CONTEXT(2) 
PARAMETRIC_REPRESENTATION_CONTEXT() REPRESENTATION_CONTEXT('2D SPACE',''
  ) );
#13837 = PCURVE('',#13838,#13843);
#13838 = PLANE('',#13839);
#13839 = AXIS2_PLACEMENT_3D('',#13840,#13841,#13842);
#13840 = CARTESIAN_POINT('',(139.,-49.65,-4.4));
#13841 = DIRECTION('',(1.,0.,0.));
#13842 = DIRECTION('',(0.,0.,1.));
#13843 = DEFINITIONAL_REPRESENTATION('',(#13844),#13847);
#13844 = B_SPLINE_CURVE_WITH_KNOTS('',1,(#13845,#13846),.UNSPECIFIED.,
  .F.,.F.,(2,2),(1.6,5.),.PIECEWISE_BEZIER_KNOTS.);
#13845 = CARTESIAN_POINT('',(0.,-2.65));
#13846 = CARTESIAN_POINT('',(3.4,-2.65));
#13847 = ( GEOMETRIC_REPRESENTATION_CONTEXT(2) 
PARAMETRIC_REPRESENTATION_CONTEXT() REPRESENTATION_CONTEXT('2D SPACE',''
  ) );
#13848 = FACE_BOUND('',#13849,.F.);
#13849 = EDGE_LOOP('',(#13850,#13878,#13904,#13930));
#13850 = ORIENTED_EDGE('',*,*,#13851,.T.);
#13851 = EDGE_CURVE('',#13852,#13854,#13856,.T.);
#13852 = VERTEX_POINT('',#13853);
#13853 = CARTESIAN_POINT('',(125.,-47.,-4.4));
#13854 = VERTEX_POINT('',#13855);
#13855 = CARTESIAN_POINT('',(115.,-47.,-4.4));
#13856 = SURFACE_CURVE('',#13857,(#13861,#13867),.PCURVE_S1.);
#13857 = LINE('',#13858,#13859);
#13858 = CARTESIAN_POINT('',(134.,-47.,-4.4));
#13859 = VECTOR('',#13860,1.);
#13860 = DIRECTION('',(-1.,0.,0.));
#13861 = PCURVE('',#8139,#13862);
#13862 = DEFINITIONAL_REPRESENTATION('',(#13863),#13866);
#13863 = B_SPLINE_CURVE_WITH_KNOTS('',1,(#13864,#13865),.UNSPECIFIED.,
  .F.,.F.,(2,2),(9.,19.),.PIECEWISE_BEZIER_KNOTS.);
#13864 = CARTESIAN_POINT('',(28.,-3.2));
#13865 = CARTESIAN_POINT('',(38.,-3.2));
#13866 = ( GEOMETRIC_REPRESENTATION_CONTEXT(2) 
PARAMETRIC_REPRESENTATION_CONTEXT() REPRESENTATION_CONTEXT('2D SPACE',''
  ) );
#13867 = PCURVE('',#13868,#13873);
#13868 = PLANE('',#13869);
#13869 = AXIS2_PLACEMENT_3D('',#13870,#13871,#13872);
#13870 = CARTESIAN_POINT('',(115.,-49.65,-4.4));
#13871 = DIRECTION('',(0.,0.,1.));
#13872 = DIRECTION('',(1.,0.,0.));
#13873 = DEFINITIONAL_REPRESENTATION('',(#13874),#13877);
#13874 = B_SPLINE_CURVE_WITH_KNOTS('',1,(#13875,#13876),.UNSPECIFIED.,
  .F.,.F.,(2,2),(9.,19.),.PIECEWISE_BEZIER_KNOTS.);
#13875 = CARTESIAN_POINT('',(10.,2.65));
#13876 = CARTESIAN_POINT('',(0.,2.65));
#13877 = ( GEOMETRIC_REPRESENTATION_CONTEXT(2) 
PARAMETRIC_REPRESENTATION_CONTEXT() REPRESENTATION_CONTEXT('2D SPACE',''
  ) );
#13878 = ORIENTED_EDGE('',*,*,#13879,.T.);
#13879 = EDGE_CURVE('',#13854,#13880,#13882,.T.);
#13880 = VERTEX_POINT('',#13881);
#13881 = CARTESIAN_POINT('',(115.,-47.,-1.));
#13882 = SURFACE_CURVE('',#13883,(#13887,#13893),.PCURVE_S1.);
#13883 = LINE('',#13884,#13885);
#13884 = CARTESIAN_POINT('',(115.,-47.,-6.));
#13885 = VECTOR('',#13886,1.);
#13886 = DIRECTION('',(-0.,0.,1.));
#13887 = PCURVE('',#8139,#13888);
#13888 = DEFINITIONAL_REPRESENTATION('',(#13889),#13892);
#13889 = B_SPLINE_CURVE_WITH_KNOTS('',1,(#13890,#13891),.UNSPECIFIED.,
  .F.,.F.,(2,2),(1.6,5.),.PIECEWISE_BEZIER_KNOTS.);
#13890 = CARTESIAN_POINT('',(38.,-3.2));
#13891 = CARTESIAN_POINT('',(38.,-6.6));
#13892 = ( GEOMETRIC_REPRESENTATION_CONTEXT(2) 
PARAMETRIC_REPRESENTATION_CONTEXT() REPRESENTATION_CONTEXT('2D SPACE',''
  ) );
#13893 = PCURVE('',#13894,#13899);
#13894 = PLANE('',#13895);
#13895 = AXIS2_PLACEMENT_3D('',#13896,#13897,#13898);
#13896 = CARTESIAN_POINT('',(115.,-49.65,-4.4));
#13897 = DIRECTION('',(1.,0.,0.));
#13898 = DIRECTION('',(0.,0.,1.));
#13899 = DEFINITIONAL_REPRESENTATION('',(#13900),#13903);
#13900 = B_SPLINE_CURVE_WITH_KNOTS('',1,(#13901,#13902),.UNSPECIFIED.,
  .F.,.F.,(2,2),(1.6,5.),.PIECEWISE_BEZIER_KNOTS.);
#13901 = CARTESIAN_POINT('',(0.,-2.65));
#13902 = CARTESIAN_POINT('',(3.4,-2.65));
#13903 = ( GEOMETRIC_REPRESENTATION_CONTEXT(2) 
PARAMETRIC_REPRESENTATION_CONTEXT() REPRESENTATION_CONTEXT('2D SPACE',''
  ) );
#13904 = ORIENTED_EDGE('',*,*,#13905,.F.);
#13905 = EDGE_CURVE('',#13906,#13880,#13908,.T.);
#13906 = VERTEX_POINT('',#13907);
#13907 = CARTESIAN_POINT('',(125.,-47.,-1.));
#13908 = SURFACE_CURVE('',#13909,(#13913,#13919),.PCURVE_S1.);
#13909 = LINE('',#13910,#13911);
#13910 = CARTESIAN_POINT('',(134.,-47.,-1.));
#13911 = VECTOR('',#13912,1.);
#13912 = DIRECTION('',(-1.,0.,0.));
#13913 = PCURVE('',#8139,#13914);
#13914 = DEFINITIONAL_REPRESENTATION('',(#13915),#13918);
#13915 = B_SPLINE_CURVE_WITH_KNOTS('',1,(#13916,#13917),.UNSPECIFIED.,
  .F.,.F.,(2,2),(9.,19.),.PIECEWISE_BEZIER_KNOTS.);
#13916 = CARTESIAN_POINT('',(28.,-6.6));
#13917 = CARTESIAN_POINT('',(38.,-6.6));
#13918 = ( GEOMETRIC_REPRESENTATION_CONTEXT(2) 
PARAMETRIC_REPRESENTATION_CONTEXT() REPRESENTATION_CONTEXT('2D SPACE',''
  ) );
#13919 = PCURVE('',#13920,#13925);
#13920 = PLANE('',#13921);
#13921 = AXIS2_PLACEMENT_3D('',#13922,#13923,#13924);
#13922 = CARTESIAN_POINT('',(115.,-49.65,-1.));
#13923 = DIRECTION('',(0.,0.,1.));
#13924 = DIRECTION('',(1.,0.,0.));
#13925 = DEFINITIONAL_REPRESENTATION('',(#13926),#13929);
#13926 = B_SPLINE_CURVE_WITH_KNOTS('',1,(#13927,#13928),.UNSPECIFIED.,
  .F.,.F.,(2,2),(9.,19.),.PIECEWISE_BEZIER_KNOTS.);
#13927 = CARTESIAN_POINT('',(10.,2.65));
#13928 = CARTESIAN_POINT('',(0.,2.65));
#13929 = ( GEOMETRIC_REPRESENTATION_CONTEXT(2) 
PARAMETRIC_REPRESENTATION_CONTEXT() REPRESENTATION_CONTEXT('2D SPACE',''
  ) );
#13930 = ORIENTED_EDGE('',*,*,#13931,.F.);
#13931 = EDGE_CURVE('',#13852,#13906,#13932,.T.);
#13932 = SURFACE_CURVE('',#13933,(#13937,#13943),.PCURVE_S1.);
#13933 = LINE('',#13934,#13935);
#13934 = CARTESIAN_POINT('',(125.,-47.,-6.));
#13935 = VECTOR('',#13936,1.);
#13936 = DIRECTION('',(-0.,0.,1.));
#13937 = PCURVE('',#8139,#13938);
#13938 = DEFINITIONAL_REPRESENTATION('',(#13939),#13942);
#13939 = B_SPLINE_CURVE_WITH_KNOTS('',1,(#13940,#13941),.UNSPECIFIED.,
  .F.,.F.,(2,2),(1.6,5.),.PIECEWISE_BEZIER_KNOTS.);
#13940 = CARTESIAN_POINT('',(28.,-3.2));
#13941 = CARTESIAN_POINT('',(28.,-6.6));
#13942 = ( GEOMETRIC_REPRESENTATION_CONTEXT(2) 
PARAMETRIC_REPRESENTATION_CONTEXT() REPRESENTATION_CONTEXT('2D SPACE',''
  ) );
#13943 = PCURVE('',#13944,#13949);
#13944 = PLANE('',#13945);
#13945 = AXIS2_PLACEMENT_3D('',#13946,#13947,#13948);
#13946 = CARTESIAN_POINT('',(125.,-49.65,-4.4));
#13947 = DIRECTION('',(1.,0.,0.));
#13948 = DIRECTION('',(0.,0.,1.));
#13949 = DEFINITIONAL_REPRESENTATION('',(#13950),#13953);
#13950 = B_SPLINE_CURVE_WITH_KNOTS('',1,(#13951,#13952),.UNSPECIFIED.,
  .F.,.F.,(2,2),(1.6,5.),.PIECEWISE_BEZIER_KNOTS.);
#13951 = CARTESIAN_POINT('',(0.,-2.65));
#13952 = CARTESIAN_POINT('',(3.4,-2.65));
#13953 = ( GEOMETRIC_REPRESENTATION_CONTEXT(2) 
PARAMETRIC_REPRESENTATION_CONTEXT() REPRESENTATION_CONTEXT('2D SPACE',''
  ) );
#13954 = FACE_BOUND('',#13955,.F.);
#13955 = EDGE_LOOP('',(#13956,#13984,#14010,#14036));
#13956 = ORIENTED_EDGE('',*,*,#13957,.T.);
#13957 = EDGE_CURVE('',#13958,#13960,#13962,.T.);
#13958 = VERTEX_POINT('',#13959);
#13959 = CARTESIAN_POINT('',(111.,-47.,-4.4));
#13960 = VERTEX_POINT('',#13961);
#13961 = CARTESIAN_POINT('',(101.,-47.,-4.4));
#13962 = SURFACE_CURVE('',#13963,(#13967,#13973),.PCURVE_S1.);
#13963 = LINE('',#13964,#13965);
#13964 = CARTESIAN_POINT('',(127.,-47.,-4.4));
#13965 = VECTOR('',#13966,1.);
#13966 = DIRECTION('',(-1.,0.,0.));
#13967 = PCURVE('',#8139,#13968);
#13968 = DEFINITIONAL_REPRESENTATION('',(#13969),#13972);
#13969 = B_SPLINE_CURVE_WITH_KNOTS('',1,(#13970,#13971),.UNSPECIFIED.,
  .F.,.F.,(2,2),(16.,26.),.PIECEWISE_BEZIER_KNOTS.);
#13970 = CARTESIAN_POINT('',(42.,-3.2));
#13971 = CARTESIAN_POINT('',(52.,-3.2));
#13972 = ( GEOMETRIC_REPRESENTATION_CONTEXT(2) 
PARAMETRIC_REPRESENTATION_CONTEXT() REPRESENTATION_CONTEXT('2D SPACE',''
  ) );
#13973 = PCURVE('',#13974,#13979);
#13974 = PLANE('',#13975);
#13975 = AXIS2_PLACEMENT_3D('',#13976,#13977,#13978);
#13976 = CARTESIAN_POINT('',(101.,-49.65,-4.4));
#13977 = DIRECTION('',(0.,0.,1.));
#13978 = DIRECTION('',(1.,0.,0.));
#13979 = DEFINITIONAL_REPRESENTATION('',(#13980),#13983);
#13980 = B_SPLINE_CURVE_WITH_KNOTS('',1,(#13981,#13982),.UNSPECIFIED.,
  .F.,.F.,(2,2),(16.,26.),.PIECEWISE_BEZIER_KNOTS.);
#13981 = CARTESIAN_POINT('',(10.,2.65));
#13982 = CARTESIAN_POINT('',(0.,2.65));
#13983 = ( GEOMETRIC_REPRESENTATION_CONTEXT(2) 
PARAMETRIC_REPRESENTATION_CONTEXT() REPRESENTATION_CONTEXT('2D SPACE',''
  ) );
#13984 = ORIENTED_EDGE('',*,*,#13985,.T.);
#13985 = EDGE_CURVE('',#13960,#13986,#13988,.T.);
#13986 = VERTEX_POINT('',#13987);
#13987 = CARTESIAN_POINT('',(101.,-47.,-1.));
#13988 = SURFACE_CURVE('',#13989,(#13993,#13999),.PCURVE_S1.);
#13989 = LINE('',#13990,#13991);
#13990 = CARTESIAN_POINT('',(101.,-47.,-6.));
#13991 = VECTOR('',#13992,1.);
#13992 = DIRECTION('',(-0.,0.,1.));
#13993 = PCURVE('',#8139,#13994);
#13994 = DEFINITIONAL_REPRESENTATION('',(#13995),#13998);
#13995 = B_SPLINE_CURVE_WITH_KNOTS('',1,(#13996,#13997),.UNSPECIFIED.,
  .F.,.F.,(2,2),(1.6,5.),.PIECEWISE_BEZIER_KNOTS.);
#13996 = CARTESIAN_POINT('',(52.,-3.2));
#13997 = CARTESIAN_POINT('',(52.,-6.6));
#13998 = ( GEOMETRIC_REPRESENTATION_CONTEXT(2) 
PARAMETRIC_REPRESENTATION_CONTEXT() REPRESENTATION_CONTEXT('2D SPACE',''
  ) );
#13999 = PCURVE('',#14000,#14005);
#14000 = PLANE('',#14001);
#14001 = AXIS2_PLACEMENT_3D('',#14002,#14003,#14004);
#14002 = CARTESIAN_POINT('',(101.,-49.65,-4.4));
#14003 = DIRECTION('',(1.,0.,0.));
#14004 = DIRECTION('',(0.,0.,1.));
#14005 = DEFINITIONAL_REPRESENTATION('',(#14006),#14009);
#14006 = B_SPLINE_CURVE_WITH_KNOTS('',1,(#14007,#14008),.UNSPECIFIED.,
  .F.,.F.,(2,2),(1.6,5.),.PIECEWISE_BEZIER_KNOTS.);
#14007 = CARTESIAN_POINT('',(0.,-2.65));
#14008 = CARTESIAN_POINT('',(3.4,-2.65));
#14009 = ( GEOMETRIC_REPRESENTATION_CONTEXT(2) 
PARAMETRIC_REPRESENTATION_CONTEXT() REPRESENTATION_CONTEXT('2D SPACE',''
  ) );
#14010 = ORIENTED_EDGE('',*,*,#14011,.F.);
#14011 = EDGE_CURVE('',#14012,#13986,#14014,.T.);
#14012 = VERTEX_POINT('',#14013);
#14013 = CARTESIAN_POINT('',(111.,-47.,-1.));
#14014 = SURFACE_CURVE('',#14015,(#14019,#14025),.PCURVE_S1.);
#14015 = LINE('',#14016,#14017);
#14016 = CARTESIAN_POINT('',(127.,-47.,-1.));
#14017 = VECTOR('',#14018,1.);
#14018 = DIRECTION('',(-1.,0.,0.));
#14019 = PCURVE('',#8139,#14020);
#14020 = DEFINITIONAL_REPRESENTATION('',(#14021),#14024);
#14021 = B_SPLINE_CURVE_WITH_KNOTS('',1,(#14022,#14023),.UNSPECIFIED.,
  .F.,.F.,(2,2),(16.,26.),.PIECEWISE_BEZIER_KNOTS.);
#14022 = CARTESIAN_POINT('',(42.,-6.6));
#14023 = CARTESIAN_POINT('',(52.,-6.6));
#14024 = ( GEOMETRIC_REPRESENTATION_CONTEXT(2) 
PARAMETRIC_REPRESENTATION_CONTEXT() REPRESENTATION_CONTEXT('2D SPACE',''
  ) );
#14025 = PCURVE('',#14026,#14031);
#14026 = PLANE('',#14027);
#14027 = AXIS2_PLACEMENT_3D('',#14028,#14029,#14030);
#14028 = CARTESIAN_POINT('',(101.,-49.65,-1.));
#14029 = DIRECTION('',(0.,0.,1.));
#14030 = DIRECTION('',(1.,0.,0.));
#14031 = DEFINITIONAL_REPRESENTATION('',(#14032),#14035);
#14032 = B_SPLINE_CURVE_WITH_KNOTS('',1,(#14033,#14034),.UNSPECIFIED.,
  .F.,.F.,(2,2),(16.,26.),.PIECEWISE_BEZIER_KNOTS.);
#14033 = CARTESIAN_POINT('',(10.,2.65));
#14034 = CARTESIAN_POINT('',(0.,2.65));
#14035 = ( GEOMETRIC_REPRESENTATION_CONTEXT(2) 
PARAMETRIC_REPRESENTATION_CONTEXT() REPRESENTATION_CONTEXT('2D SPACE',''
  ) );
#14036 = ORIENTED_EDGE('',*,*,#14037,.F.);
#14037 = EDGE_CURVE('',#13958,#14012,#14038,.T.);
#14038 = SURFACE_CURVE('',#14039,(#14043,#14049),.PCURVE_S1.);
#14039 = LINE('',#14040,#14041);
#14040 = CARTESIAN_POINT('',(111.,-47.,-6.));
#14041 = VECTOR('',#14042,1.);
#14042 = DIRECTION('',(-0.,0.,1.));
#14043 = PCURVE('',#8139,#14044);
#14044 = DEFINITIONAL_REPRESENTATION('',(#14045),#14048);
#14045 = B_SPLINE_CURVE_WITH_KNOTS('',1,(#14046,#14047),.UNSPECIFIED.,
  .F.,.F.,(2,2),(1.6,5.),.PIECEWISE_BEZIER_KNOTS.);
#14046 = CARTESIAN_POINT('',(42.,-3.2));
#14047 = CARTESIAN_POINT('',(42.,-6.6));
#14048 = ( GEOMETRIC_REPRESENTATION_CONTEXT(2) 
PARAMETRIC_REPRESENTATION_CONTEXT() REPRESENTATION_CONTEXT('2D SPACE',''
  ) );
#14049 = PCURVE('',#14050,#14055);
#14050 = PLANE('',#14051);
#14051 = AXIS2_PLACEMENT_3D('',#14052,#14053,#14054);
#14052 = CARTESIAN_POINT('',(111.,-49.65,-4.4));
#14053 = DIRECTION('',(1.,0.,0.));
#14054 = DIRECTION('',(0.,0.,1.));
#14055 = DEFINITIONAL_REPRESENTATION('',(#14056),#14059);
#14056 = B_SPLINE_CURVE_WITH_KNOTS('',1,(#14057,#14058),.UNSPECIFIED.,
  .F.,.F.,(2,2),(1.6,5.),.PIECEWISE_BEZIER_KNOTS.);
#14057 = CARTESIAN_POINT('',(0.,-2.65));
#14058 = CARTESIAN_POINT('',(3.4,-2.65));
#14059 = ( GEOMETRIC_REPRESENTATION_CONTEXT(2) 
PARAMETRIC_REPRESENTATION_CONTEXT() REPRESENTATION_CONTEXT('2D SPACE',''
  ) );
#14060 = FACE_BOUND('',#14061,.F.);
#14061 = EDGE_LOOP('',(#14062,#14090,#14116,#14142));
#14062 = ORIENTED_EDGE('',*,*,#14063,.T.);
#14063 = EDGE_CURVE('',#14064,#14066,#14068,.T.);
#14064 = VERTEX_POINT('',#14065);
#14065 = CARTESIAN_POINT('',(77.,-47.,-4.4));
#14066 = VERTEX_POINT('',#14067);
#14067 = CARTESIAN_POINT('',(67.,-47.,-4.4));
#14068 = SURFACE_CURVE('',#14069,(#14073,#14079),.PCURVE_S1.);
#14069 = LINE('',#14070,#14071);
#14070 = CARTESIAN_POINT('',(110.,-47.,-4.4));
#14071 = VECTOR('',#14072,1.);
#14072 = DIRECTION('',(-1.,0.,0.));
#14073 = PCURVE('',#8139,#14074);
#14074 = DEFINITIONAL_REPRESENTATION('',(#14075),#14078);
#14075 = B_SPLINE_CURVE_WITH_KNOTS('',1,(#14076,#14077),.UNSPECIFIED.,
  .F.,.F.,(2,2),(33.,43.),.PIECEWISE_BEZIER_KNOTS.);
#14076 = CARTESIAN_POINT('',(76.,-3.2));
#14077 = CARTESIAN_POINT('',(86.,-3.2));
#14078 = ( GEOMETRIC_REPRESENTATION_CONTEXT(2) 
PARAMETRIC_REPRESENTATION_CONTEXT() REPRESENTATION_CONTEXT('2D SPACE',''
  ) );
#14079 = PCURVE('',#14080,#14085);
#14080 = PLANE('',#14081);
#14081 = AXIS2_PLACEMENT_3D('',#14082,#14083,#14084);
#14082 = CARTESIAN_POINT('',(67.,-49.65,-4.4));
#14083 = DIRECTION('',(0.,0.,1.));
#14084 = DIRECTION('',(1.,0.,0.));
#14085 = DEFINITIONAL_REPRESENTATION('',(#14086),#14089);
#14086 = B_SPLINE_CURVE_WITH_KNOTS('',1,(#14087,#14088),.UNSPECIFIED.,
  .F.,.F.,(2,2),(33.,43.),.PIECEWISE_BEZIER_KNOTS.);
#14087 = CARTESIAN_POINT('',(10.,2.65));
#14088 = CARTESIAN_POINT('',(0.,2.65));
#14089 = ( GEOMETRIC_REPRESENTATION_CONTEXT(2) 
PARAMETRIC_REPRESENTATION_CONTEXT() REPRESENTATION_CONTEXT('2D SPACE',''
  ) );
#14090 = ORIENTED_EDGE('',*,*,#14091,.T.);
#14091 = EDGE_CURVE('',#14066,#14092,#14094,.T.);
#14092 = VERTEX_POINT('',#14093);
#14093 = CARTESIAN_POINT('',(67.,-47.,-1.));
#14094 = SURFACE_CURVE('',#14095,(#14099,#14105),.PCURVE_S1.);
#14095 = LINE('',#14096,#14097);
#14096 = CARTESIAN_POINT('',(67.,-47.,-6.));
#14097 = VECTOR('',#14098,1.);
#14098 = DIRECTION('',(-0.,0.,1.));
#14099 = PCURVE('',#8139,#14100);
#14100 = DEFINITIONAL_REPRESENTATION('',(#14101),#14104);
#14101 = B_SPLINE_CURVE_WITH_KNOTS('',1,(#14102,#14103),.UNSPECIFIED.,
  .F.,.F.,(2,2),(1.6,5.),.PIECEWISE_BEZIER_KNOTS.);
#14102 = CARTESIAN_POINT('',(86.,-3.2));
#14103 = CARTESIAN_POINT('',(86.,-6.6));
#14104 = ( GEOMETRIC_REPRESENTATION_CONTEXT(2) 
PARAMETRIC_REPRESENTATION_CONTEXT() REPRESENTATION_CONTEXT('2D SPACE',''
  ) );
#14105 = PCURVE('',#14106,#14111);
#14106 = PLANE('',#14107);
#14107 = AXIS2_PLACEMENT_3D('',#14108,#14109,#14110);
#14108 = CARTESIAN_POINT('',(67.,-49.65,-4.4));
#14109 = DIRECTION('',(1.,0.,0.));
#14110 = DIRECTION('',(0.,0.,1.));
#14111 = DEFINITIONAL_REPRESENTATION('',(#14112),#14115);
#14112 = B_SPLINE_CURVE_WITH_KNOTS('',1,(#14113,#14114),.UNSPECIFIED.,
  .F.,.F.,(2,2),(1.6,5.),.PIECEWISE_BEZIER_KNOTS.);
#14113 = CARTESIAN_POINT('',(0.,-2.65));
#14114 = CARTESIAN_POINT('',(3.4,-2.65));
#14115 = ( GEOMETRIC_REPRESENTATION_CONTEXT(2) 
PARAMETRIC_REPRESENTATION_CONTEXT() REPRESENTATION_CONTEXT('2D SPACE',''
  ) );
#14116 = ORIENTED_EDGE('',*,*,#14117,.F.);
#14117 = EDGE_CURVE('',#14118,#14092,#14120,.T.);
#14118 = VERTEX_POINT('',#14119);
#14119 = CARTESIAN_POINT('',(77.,-47.,-1.));
#14120 = SURFACE_CURVE('',#14121,(#14125,#14131),.PCURVE_S1.);
#14121 = LINE('',#14122,#14123);
#14122 = CARTESIAN_POINT('',(110.,-47.,-1.));
#14123 = VECTOR('',#14124,1.);
#14124 = DIRECTION('',(-1.,0.,0.));
#14125 = PCURVE('',#8139,#14126);
#14126 = DEFINITIONAL_REPRESENTATION('',(#14127),#14130);
#14127 = B_SPLINE_CURVE_WITH_KNOTS('',1,(#14128,#14129),.UNSPECIFIED.,
  .F.,.F.,(2,2),(33.,43.),.PIECEWISE_BEZIER_KNOTS.);
#14128 = CARTESIAN_POINT('',(76.,-6.6));
#14129 = CARTESIAN_POINT('',(86.,-6.6));
#14130 = ( GEOMETRIC_REPRESENTATION_CONTEXT(2) 
PARAMETRIC_REPRESENTATION_CONTEXT() REPRESENTATION_CONTEXT('2D SPACE',''
  ) );
#14131 = PCURVE('',#14132,#14137);
#14132 = PLANE('',#14133);
#14133 = AXIS2_PLACEMENT_3D('',#14134,#14135,#14136);
#14134 = CARTESIAN_POINT('',(67.,-49.65,-1.));
#14135 = DIRECTION('',(0.,0.,1.));
#14136 = DIRECTION('',(1.,0.,0.));
#14137 = DEFINITIONAL_REPRESENTATION('',(#14138),#14141);
#14138 = B_SPLINE_CURVE_WITH_KNOTS('',1,(#14139,#14140),.UNSPECIFIED.,
  .F.,.F.,(2,2),(33.,43.),.PIECEWISE_BEZIER_KNOTS.);
#14139 = CARTESIAN_POINT('',(10.,2.65));
#14140 = CARTESIAN_POINT('',(0.,2.65));
#14141 = ( GEOMETRIC_REPRESENTATION_CONTEXT(2) 
PARAMETRIC_REPRESENTATION_CONTEXT() REPRESENTATION_CONTEXT('2D SPACE',''
  ) );
#14142 = ORIENTED_EDGE('',*,*,#14143,.F.);
#14143 = EDGE_CURVE('',#14064,#14118,#14144,.T.);
#14144 = SURFACE_CURVE('',#14145,(#14149,#14155),.PCURVE_S1.);
#14145 = LINE('',#14146,#14147);
#14146 = CARTESIAN_POINT('',(77.,-47.,-6.));
#14147 = VECTOR('',#14148,1.);
#14148 = DIRECTION('',(-0.,0.,1.));
#14149 = PCURVE('',#8139,#14150);
#14150 = DEFINITIONAL_REPRESENTATION('',(#14151),#14154);
#14151 = B_SPLINE_CURVE_WITH_KNOTS('',1,(#14152,#14153),.UNSPECIFIED.,
  .F.,.F.,(2,2),(1.6,5.),.PIECEWISE_BEZIER_KNOTS.);
#14152 = CARTESIAN_POINT('',(76.,-3.2));
#14153 = CARTESIAN_POINT('',(76.,-6.6));
#14154 = ( GEOMETRIC_REPRESENTATION_CONTEXT(2) 
PARAMETRIC_REPRESENTATION_CONTEXT() REPRESENTATION_CONTEXT('2D SPACE',''
  ) );
#14155 = PCURVE('',#14156,#14161);
#14156 = PLANE('',#14157);
#14157 = AXIS2_PLACEMENT_3D('',#14158,#14159,#14160);
#14158 = CARTESIAN_POINT('',(77.,-49.65,-4.4));
#14159 = DIRECTION('',(1.,0.,0.));
#14160 = DIRECTION('',(0.,0.,1.));
#14161 = DEFINITIONAL_REPRESENTATION('',(#14162),#14165);
#14162 = B_SPLINE_CURVE_WITH_KNOTS('',1,(#14163,#14164),.UNSPECIFIED.,
  .F.,.F.,(2,2),(1.6,5.),.PIECEWISE_BEZIER_KNOTS.);
#14163 = CARTESIAN_POINT('',(0.,-2.65));
#14164 = CARTESIAN_POINT('',(3.4,-2.65));
#14165 = ( GEOMETRIC_REPRESENTATION_CONTEXT(2) 
PARAMETRIC_REPRESENTATION_CONTEXT() REPRESENTATION_CONTEXT('2D SPACE',''
  ) );
#14166 = ADVANCED_FACE('',(#14167,#14312),#8065,.F.);
#14167 = FACE_BOUND('',#14168,.F.);
#14168 = EDGE_LOOP('',(#14169,#14170,#14191,#14214,#14235,#14236,#14262,
    #14288));
#14169 = ORIENTED_EDGE('',*,*,#10462,.F.);
#14170 = ORIENTED_EDGE('',*,*,#14171,.F.);
#14171 = EDGE_CURVE('',#14172,#5957,#14174,.T.);
#14172 = VERTEX_POINT('',#14173);
#14173 = CARTESIAN_POINT('',(151.6,-114.2,10.6));
#14174 = SURFACE_CURVE('',#14175,(#14179,#14185),.PCURVE_S1.);
#14175 = LINE('',#14176,#14177);
#14176 = CARTESIAN_POINT('',(151.6,-114.2,1.6));
#14177 = VECTOR('',#14178,1.);
#14178 = DIRECTION('',(0.,0.,-1.));
#14179 = PCURVE('',#8065,#14180);
#14180 = DEFINITIONAL_REPRESENTATION('',(#14181),#14184);
#14181 = B_SPLINE_CURVE_WITH_KNOTS('',1,(#14182,#14183),.UNSPECIFIED.,
  .F.,.F.,(2,2),(-9.,0.),.PIECEWISE_BEZIER_KNOTS.);
#14182 = CARTESIAN_POINT('',(37.4,-9.));
#14183 = CARTESIAN_POINT('',(37.4,0.));
#14184 = ( GEOMETRIC_REPRESENTATION_CONTEXT(2) 
PARAMETRIC_REPRESENTATION_CONTEXT() REPRESENTATION_CONTEXT('2D SPACE',''
  ) );
#14185 = PCURVE('',#11277,#14186);
#14186 = DEFINITIONAL_REPRESENTATION('',(#14187),#14190);
#14187 = B_SPLINE_CURVE_WITH_KNOTS('',1,(#14188,#14189),.UNSPECIFIED.,
  .F.,.F.,(2,2),(-9.,0.),.PIECEWISE_BEZIER_KNOTS.);
#14188 = CARTESIAN_POINT('',(9.,1.25));
#14189 = CARTESIAN_POINT('',(0.,1.25));
#14190 = ( GEOMETRIC_REPRESENTATION_CONTEXT(2) 
PARAMETRIC_REPRESENTATION_CONTEXT() REPRESENTATION_CONTEXT('2D SPACE',''
  ) );
#14191 = ORIENTED_EDGE('',*,*,#14192,.T.);
#14192 = EDGE_CURVE('',#14172,#14193,#14195,.T.);
#14193 = VERTEX_POINT('',#14194);
#14194 = CARTESIAN_POINT('',(151.6,-50.1,10.6));
#14195 = SURFACE_CURVE('',#14196,(#14200,#14207),.PCURVE_S1.);
#14196 = LINE('',#14197,#14198);
#14197 = CARTESIAN_POINT('',(151.6,-151.6,10.6));
#14198 = VECTOR('',#14199,1.);
#14199 = DIRECTION('',(0.,1.,0.));
#14200 = PCURVE('',#8065,#14201);
#14201 = DEFINITIONAL_REPRESENTATION('',(#14202),#14206);
#14202 = LINE('',#14203,#14204);
#14203 = CARTESIAN_POINT('',(0.,-9.));
#14204 = VECTOR('',#14205,1.);
#14205 = DIRECTION('',(1.,0.));
#14206 = ( GEOMETRIC_REPRESENTATION_CONTEXT(2) 
PARAMETRIC_REPRESENTATION_CONTEXT() REPRESENTATION_CONTEXT('2D SPACE',''
  ) );
#14207 = PCURVE('',#13258,#14208);
#14208 = DEFINITIONAL_REPRESENTATION('',(#14209),#14213);
#14209 = LINE('',#14210,#14211);
#14210 = CARTESIAN_POINT('',(51.6,-51.6));
#14211 = VECTOR('',#14212,1.);
#14212 = DIRECTION('',(0.,1.));
#14213 = ( GEOMETRIC_REPRESENTATION_CONTEXT(2) 
PARAMETRIC_REPRESENTATION_CONTEXT() REPRESENTATION_CONTEXT('2D SPACE',''
  ) );
#14214 = ORIENTED_EDGE('',*,*,#14215,.F.);
#14215 = EDGE_CURVE('',#8021,#14193,#14216,.T.);
#14216 = SURFACE_CURVE('',#14217,(#14221,#14228),.PCURVE_S1.);
#14217 = LINE('',#14218,#14219);
#14218 = CARTESIAN_POINT('',(151.6,-50.1,1.6));
#14219 = VECTOR('',#14220,1.);
#14220 = DIRECTION('',(0.,0.,1.));
#14221 = PCURVE('',#8065,#14222);
#14222 = DEFINITIONAL_REPRESENTATION('',(#14223),#14227);
#14223 = LINE('',#14224,#14225);
#14224 = CARTESIAN_POINT('',(101.5,0.));
#14225 = VECTOR('',#14226,1.);
#14226 = DIRECTION('',(0.,-1.));
#14227 = ( GEOMETRIC_REPRESENTATION_CONTEXT(2) 
PARAMETRIC_REPRESENTATION_CONTEXT() REPRESENTATION_CONTEXT('2D SPACE',''
  ) );
#14228 = PCURVE('',#8037,#14229);
#14229 = DEFINITIONAL_REPRESENTATION('',(#14230),#14234);
#14230 = LINE('',#14231,#14232);
#14231 = CARTESIAN_POINT('',(0.,0.));
#14232 = VECTOR('',#14233,1.);
#14233 = DIRECTION('',(0.,1.));
#14234 = ( GEOMETRIC_REPRESENTATION_CONTEXT(2) 
PARAMETRIC_REPRESENTATION_CONTEXT() REPRESENTATION_CONTEXT('2D SPACE',''
  ) );
#14235 = ORIENTED_EDGE('',*,*,#8049,.F.);
#14236 = ORIENTED_EDGE('',*,*,#14237,.F.);
#14237 = EDGE_CURVE('',#14238,#8050,#14240,.T.);
#14238 = VERTEX_POINT('',#14239);
#14239 = CARTESIAN_POINT('',(151.6,-79.9,5.65));
#14240 = SURFACE_CURVE('',#14241,(#14245,#14251),.PCURVE_S1.);
#14241 = LINE('',#14242,#14243);
#14242 = CARTESIAN_POINT('',(151.6,-79.9,1.6));
#14243 = VECTOR('',#14244,1.);
#14244 = DIRECTION('',(0.,0.,-1.));
#14245 = PCURVE('',#8065,#14246);
#14246 = DEFINITIONAL_REPRESENTATION('',(#14247),#14250);
#14247 = B_SPLINE_CURVE_WITH_KNOTS('',1,(#14248,#14249),.UNSPECIFIED.,
  .F.,.F.,(2,2),(-4.05,0.),.PIECEWISE_BEZIER_KNOTS.);
#14248 = CARTESIAN_POINT('',(71.7,-4.05));
#14249 = CARTESIAN_POINT('',(71.7,0.));
#14250 = ( GEOMETRIC_REPRESENTATION_CONTEXT(2) 
PARAMETRIC_REPRESENTATION_CONTEXT() REPRESENTATION_CONTEXT('2D SPACE',''
  ) );
#14251 = PCURVE('',#14252,#14257);
#14252 = PLANE('',#14253);
#14253 = AXIS2_PLACEMENT_3D('',#14254,#14255,#14256);
#14254 = CARTESIAN_POINT('',(150.35,-79.9,1.6));
#14255 = DIRECTION('',(0.,1.,0.));
#14256 = DIRECTION('',(0.,0.,1.));
#14257 = DEFINITIONAL_REPRESENTATION('',(#14258),#14261);
#14258 = B_SPLINE_CURVE_WITH_KNOTS('',1,(#14259,#14260),.UNSPECIFIED.,
  .F.,.F.,(2,2),(-4.05,0.),.PIECEWISE_BEZIER_KNOTS.);
#14259 = CARTESIAN_POINT('',(4.05,1.25));
#14260 = CARTESIAN_POINT('',(0.,1.25));
#14261 = ( GEOMETRIC_REPRESENTATION_CONTEXT(2) 
PARAMETRIC_REPRESENTATION_CONTEXT() REPRESENTATION_CONTEXT('2D SPACE',''
  ) );
#14262 = ORIENTED_EDGE('',*,*,#14263,.F.);
#14263 = EDGE_CURVE('',#14264,#14238,#14266,.T.);
#14264 = VERTEX_POINT('',#14265);
#14265 = CARTESIAN_POINT('',(151.6,-95.7,5.65));
#14266 = SURFACE_CURVE('',#14267,(#14271,#14277),.PCURVE_S1.);
#14267 = LINE('',#14268,#14269);
#14268 = CARTESIAN_POINT('',(151.6,-123.65,5.65));
#14269 = VECTOR('',#14270,1.);
#14270 = DIRECTION('',(0.,1.,-0.));
#14271 = PCURVE('',#8065,#14272);
#14272 = DEFINITIONAL_REPRESENTATION('',(#14273),#14276);
#14273 = B_SPLINE_CURVE_WITH_KNOTS('',1,(#14274,#14275),.UNSPECIFIED.,
  .F.,.F.,(2,2),(27.95,43.75),.PIECEWISE_BEZIER_KNOTS.);
#14274 = CARTESIAN_POINT('',(55.9,-4.05));
#14275 = CARTESIAN_POINT('',(71.7,-4.05));
#14276 = ( GEOMETRIC_REPRESENTATION_CONTEXT(2) 
PARAMETRIC_REPRESENTATION_CONTEXT() REPRESENTATION_CONTEXT('2D SPACE',''
  ) );
#14277 = PCURVE('',#14278,#14283);
#14278 = PLANE('',#14279);
#14279 = AXIS2_PLACEMENT_3D('',#14280,#14281,#14282);
#14280 = CARTESIAN_POINT('',(150.35,-95.7,5.65));
#14281 = DIRECTION('',(0.,0.,1.));
#14282 = DIRECTION('',(1.,0.,0.));
#14283 = DEFINITIONAL_REPRESENTATION('',(#14284),#14287);
#14284 = B_SPLINE_CURVE_WITH_KNOTS('',1,(#14285,#14286),.UNSPECIFIED.,
  .F.,.F.,(2,2),(27.95,43.75),.PIECEWISE_BEZIER_KNOTS.);
#14285 = CARTESIAN_POINT('',(1.25,0.));
#14286 = CARTESIAN_POINT('',(1.25,15.8));
#14287 = ( GEOMETRIC_REPRESENTATION_CONTEXT(2) 
PARAMETRIC_REPRESENTATION_CONTEXT() REPRESENTATION_CONTEXT('2D SPACE',''
  ) );
#14288 = ORIENTED_EDGE('',*,*,#14289,.T.);
#14289 = EDGE_CURVE('',#14264,#10409,#14290,.T.);
#14290 = SURFACE_CURVE('',#14291,(#14295,#14301),.PCURVE_S1.);
#14291 = LINE('',#14292,#14293);
#14292 = CARTESIAN_POINT('',(151.6,-95.7,1.6));
#14293 = VECTOR('',#14294,1.);
#14294 = DIRECTION('',(0.,0.,-1.));
#14295 = PCURVE('',#8065,#14296);
#14296 = DEFINITIONAL_REPRESENTATION('',(#14297),#14300);
#14297 = B_SPLINE_CURVE_WITH_KNOTS('',1,(#14298,#14299),.UNSPECIFIED.,
  .F.,.F.,(2,2),(-4.05,0.),.PIECEWISE_BEZIER_KNOTS.);
#14298 = CARTESIAN_POINT('',(55.9,-4.05));
#14299 = CARTESIAN_POINT('',(55.9,0.));
#14300 = ( GEOMETRIC_REPRESENTATION_CONTEXT(2) 
PARAMETRIC_REPRESENTATION_CONTEXT() REPRESENTATION_CONTEXT('2D SPACE',''
  ) );
#14301 = PCURVE('',#14302,#14307);
#14302 = PLANE('',#14303);
#14303 = AXIS2_PLACEMENT_3D('',#14304,#14305,#14306);
#14304 = CARTESIAN_POINT('',(150.35,-95.7,1.6));
#14305 = DIRECTION('',(0.,1.,0.));
#14306 = DIRECTION('',(0.,0.,1.));
#14307 = DEFINITIONAL_REPRESENTATION('',(#14308),#14311);
#14308 = B_SPLINE_CURVE_WITH_KNOTS('',1,(#14309,#14310),.UNSPECIFIED.,
  .F.,.F.,(2,2),(-4.05,0.),.PIECEWISE_BEZIER_KNOTS.);
#14309 = CARTESIAN_POINT('',(4.05,1.25));
#14310 = CARTESIAN_POINT('',(0.,1.25));
#14311 = ( GEOMETRIC_REPRESENTATION_CONTEXT(2) 
PARAMETRIC_REPRESENTATION_CONTEXT() REPRESENTATION_CONTEXT('2D SPACE',''
  ) );
#14312 = FACE_BOUND('',#14313,.F.);
#14313 = EDGE_LOOP('',(#14314,#14342,#14370,#14396));
#14314 = ORIENTED_EDGE('',*,*,#14315,.F.);
#14315 = EDGE_CURVE('',#14316,#14318,#14320,.T.);
#14316 = VERTEX_POINT('',#14317);
#14317 = CARTESIAN_POINT('',(151.6,-106.7,5.133333333333));
#14318 = VERTEX_POINT('',#14319);
#14319 = CARTESIAN_POINT('',(151.6,-106.7,8.2));
#14320 = SURFACE_CURVE('',#14321,(#14325,#14331),.PCURVE_S1.);
#14321 = LINE('',#14322,#14323);
#14322 = CARTESIAN_POINT('',(151.6,-106.7,4.135508138897));
#14323 = VECTOR('',#14324,1.);
#14324 = DIRECTION('',(0.,-0.,1.));
#14325 = PCURVE('',#8065,#14326);
#14326 = DEFINITIONAL_REPRESENTATION('',(#14327),#14330);
#14327 = B_SPLINE_CURVE_WITH_KNOTS('',1,(#14328,#14329),.UNSPECIFIED.,
  .F.,.F.,(2,2),(0.997825194436,4.064491861103),
  .PIECEWISE_BEZIER_KNOTS.);
#14328 = CARTESIAN_POINT('',(44.9,-3.533333333333));
#14329 = CARTESIAN_POINT('',(44.9,-6.6));
#14330 = ( GEOMETRIC_REPRESENTATION_CONTEXT(2) 
PARAMETRIC_REPRESENTATION_CONTEXT() REPRESENTATION_CONTEXT('2D SPACE',''
  ) );
#14331 = PCURVE('',#14332,#14337);
#14332 = PLANE('',#14333);
#14333 = AXIS2_PLACEMENT_3D('',#14334,#14335,#14336);
#14334 = CARTESIAN_POINT('',(151.67150574922,-106.7,6.671016277795));
#14335 = DIRECTION('',(-1.110223024625E-16,-1.,-0.));
#14336 = DIRECTION('',(0.,0.,-1.));
#14337 = DEFINITIONAL_REPRESENTATION('',(#14338),#14341);
#14338 = B_SPLINE_CURVE_WITH_KNOTS('',1,(#14339,#14340),.UNSPECIFIED.,
  .F.,.F.,(2,2),(0.997825194436,4.064491861103),
  .PIECEWISE_BEZIER_KNOTS.);
#14339 = CARTESIAN_POINT('',(1.537682944461,-7.150574922721E-02));
#14340 = CARTESIAN_POINT('',(-1.528983722205,-7.150574922721E-02));
#14341 = ( GEOMETRIC_REPRESENTATION_CONTEXT(2) 
PARAMETRIC_REPRESENTATION_CONTEXT() REPRESENTATION_CONTEXT('2D SPACE',''
  ) );
#14342 = ORIENTED_EDGE('',*,*,#14343,.T.);
#14343 = EDGE_CURVE('',#14316,#14344,#14346,.T.);
#14344 = VERTEX_POINT('',#14345);
#14345 = CARTESIAN_POINT('',(151.6,-101.3,5.133333333333));
#14346 = SURFACE_CURVE('',#14347,(#14351,#14358),.PCURVE_S1.);
#14347 = LINE('',#14348,#14349);
#14348 = CARTESIAN_POINT('',(151.6,-106.7,5.133333333333));
#14349 = VECTOR('',#14350,1.);
#14350 = DIRECTION('',(1.110223024625E-16,1.,0.));
#14351 = PCURVE('',#8065,#14352);
#14352 = DEFINITIONAL_REPRESENTATION('',(#14353),#14357);
#14353 = LINE('',#14354,#14355);
#14354 = CARTESIAN_POINT('',(44.9,-3.533333333333));
#14355 = VECTOR('',#14356,1.);
#14356 = DIRECTION('',(1.,0.));
#14357 = ( GEOMETRIC_REPRESENTATION_CONTEXT(2) 
PARAMETRIC_REPRESENTATION_CONTEXT() REPRESENTATION_CONTEXT('2D SPACE',''
  ) );
#14358 = PCURVE('',#14359,#14364);
#14359 = PLANE('',#14360);
#14360 = AXIS2_PLACEMENT_3D('',#14361,#14362,#14363);
#14361 = CARTESIAN_POINT('',(151.6,-106.7,5.133333333333));
#14362 = DIRECTION('',(0.919145030018,-1.020455975296E-16,
    -0.393919298579));
#14363 = DIRECTION('',(0.393919298579,-4.373382751268E-17,0.919145030018
    ));
#14364 = DEFINITIONAL_REPRESENTATION('',(#14365),#14369);
#14365 = LINE('',#14366,#14367);
#14366 = CARTESIAN_POINT('',(0.,0.));
#14367 = VECTOR('',#14368,1.);
#14368 = DIRECTION('',(0.,-1.));
#14369 = ( GEOMETRIC_REPRESENTATION_CONTEXT(2) 
PARAMETRIC_REPRESENTATION_CONTEXT() REPRESENTATION_CONTEXT('2D SPACE',''
  ) );
#14370 = ORIENTED_EDGE('',*,*,#14371,.T.);
#14371 = EDGE_CURVE('',#14344,#14372,#14374,.T.);
#14372 = VERTEX_POINT('',#14373);
#14373 = CARTESIAN_POINT('',(151.6,-101.3,8.2));
#14374 = SURFACE_CURVE('',#14375,(#14379,#14385),.PCURVE_S1.);
#14375 = LINE('',#14376,#14377);
#14376 = CARTESIAN_POINT('',(151.6,-101.3,4.135508138897));
#14377 = VECTOR('',#14378,1.);
#14378 = DIRECTION('',(0.,-0.,1.));
#14379 = PCURVE('',#8065,#14380);
#14380 = DEFINITIONAL_REPRESENTATION('',(#14381),#14384);
#14381 = B_SPLINE_CURVE_WITH_KNOTS('',1,(#14382,#14383),.UNSPECIFIED.,
  .F.,.F.,(2,2),(0.997825194436,4.064491861103),
  .PIECEWISE_BEZIER_KNOTS.);
#14382 = CARTESIAN_POINT('',(50.3,-3.533333333333));
#14383 = CARTESIAN_POINT('',(50.3,-6.6));
#14384 = ( GEOMETRIC_REPRESENTATION_CONTEXT(2) 
PARAMETRIC_REPRESENTATION_CONTEXT() REPRESENTATION_CONTEXT('2D SPACE',''
  ) );
#14385 = PCURVE('',#14386,#14391);
#14386 = PLANE('',#14387);
#14387 = AXIS2_PLACEMENT_3D('',#14388,#14389,#14390);
#14388 = CARTESIAN_POINT('',(151.67150574922,-101.3,6.671016277795));
#14389 = DIRECTION('',(-1.110223024625E-16,-1.,-0.));
#14390 = DIRECTION('',(0.,0.,-1.));
#14391 = DEFINITIONAL_REPRESENTATION('',(#14392),#14395);
#14392 = B_SPLINE_CURVE_WITH_KNOTS('',1,(#14393,#14394),.UNSPECIFIED.,
  .F.,.F.,(2,2),(0.997825194436,4.064491861103),
  .PIECEWISE_BEZIER_KNOTS.);
#14393 = CARTESIAN_POINT('',(1.537682944461,-7.150574922721E-02));
#14394 = CARTESIAN_POINT('',(-1.528983722205,-7.150574922721E-02));
#14395 = ( GEOMETRIC_REPRESENTATION_CONTEXT(2) 
PARAMETRIC_REPRESENTATION_CONTEXT() REPRESENTATION_CONTEXT('2D SPACE',''
  ) );
#14396 = ORIENTED_EDGE('',*,*,#14397,.F.);
#14397 = EDGE_CURVE('',#14318,#14372,#14398,.T.);
#14398 = SURFACE_CURVE('',#14399,(#14403,#14410),.PCURVE_S1.);
#14399 = LINE('',#14400,#14401);
#14400 = CARTESIAN_POINT('',(151.6,-106.7,8.2));
#14401 = VECTOR('',#14402,1.);
#14402 = DIRECTION('',(1.110223024625E-16,1.,0.));
#14403 = PCURVE('',#8065,#14404);
#14404 = DEFINITIONAL_REPRESENTATION('',(#14405),#14409);
#14405 = LINE('',#14406,#14407);
#14406 = CARTESIAN_POINT('',(44.9,-6.6));
#14407 = VECTOR('',#14408,1.);
#14408 = DIRECTION('',(1.,0.));
#14409 = ( GEOMETRIC_REPRESENTATION_CONTEXT(2) 
PARAMETRIC_REPRESENTATION_CONTEXT() REPRESENTATION_CONTEXT('2D SPACE',''
  ) );
#14410 = PCURVE('',#14411,#14416);
#14411 = PLANE('',#14412);
#14412 = AXIS2_PLACEMENT_3D('',#14413,#14414,#14415);
#14413 = CARTESIAN_POINT('',(152.2,-106.7,7.));
#14414 = DIRECTION('',(0.894427191,-9.930136612989E-17,0.4472135955));
#14415 = DIRECTION('',(-0.4472135955,4.965068306495E-17,0.894427191));
#14416 = DEFINITIONAL_REPRESENTATION('',(#14417),#14421);
#14417 = LINE('',#14418,#14419);
#14418 = CARTESIAN_POINT('',(1.3416407865,6.661338147751E-17));
#14419 = VECTOR('',#14420,1.);
#14420 = DIRECTION('',(0.,-1.));
#14421 = ( GEOMETRIC_REPRESENTATION_CONTEXT(2) 
PARAMETRIC_REPRESENTATION_CONTEXT() REPRESENTATION_CONTEXT('2D SPACE',''
  ) );
#14422 = ADVANCED_FACE('',(#14423),#8037,.T.);
#14423 = FACE_BOUND('',#14424,.T.);
#14424 = EDGE_LOOP('',(#14425,#14426,#14449,#14471));
#14425 = ORIENTED_EDGE('',*,*,#8020,.T.);
#14426 = ORIENTED_EDGE('',*,*,#14427,.T.);
#14427 = EDGE_CURVE('',#7993,#14428,#14430,.T.);
#14428 = VERTEX_POINT('',#14429);
#14429 = CARTESIAN_POINT('',(149.9,-48.4,10.6));
#14430 = SURFACE_CURVE('',#14431,(#14435,#14442),.PCURVE_S1.);
#14431 = LINE('',#14432,#14433);
#14432 = CARTESIAN_POINT('',(149.9,-48.4,1.6));
#14433 = VECTOR('',#14434,1.);
#14434 = DIRECTION('',(0.,0.,1.));
#14435 = PCURVE('',#8037,#14436);
#14436 = DEFINITIONAL_REPRESENTATION('',(#14437),#14441);
#14437 = LINE('',#14438,#14439);
#14438 = CARTESIAN_POINT('',(1.570796326795,0.));
#14439 = VECTOR('',#14440,1.);
#14440 = DIRECTION('',(0.,1.));
#14441 = ( GEOMETRIC_REPRESENTATION_CONTEXT(2) 
PARAMETRIC_REPRESENTATION_CONTEXT() REPRESENTATION_CONTEXT('2D SPACE',''
  ) );
#14442 = PCURVE('',#8008,#14443);
#14443 = DEFINITIONAL_REPRESENTATION('',(#14444),#14448);
#14444 = LINE('',#14445,#14446);
#14445 = CARTESIAN_POINT('',(1.7,0.));
#14446 = VECTOR('',#14447,1.);
#14447 = DIRECTION('',(0.,-1.));
#14448 = ( GEOMETRIC_REPRESENTATION_CONTEXT(2) 
PARAMETRIC_REPRESENTATION_CONTEXT() REPRESENTATION_CONTEXT('2D SPACE',''
  ) );
#14449 = ORIENTED_EDGE('',*,*,#14450,.F.);
#14450 = EDGE_CURVE('',#14193,#14428,#14451,.T.);
#14451 = SURFACE_CURVE('',#14452,(#14457,#14464),.PCURVE_S1.);
#14452 = CIRCLE('',#14453,1.7);
#14453 = AXIS2_PLACEMENT_3D('',#14454,#14455,#14456);
#14454 = CARTESIAN_POINT('',(149.9,-50.1,10.6));
#14455 = DIRECTION('',(0.,0.,1.));
#14456 = DIRECTION('',(0.,-1.,0.));
#14457 = PCURVE('',#8037,#14458);
#14458 = DEFINITIONAL_REPRESENTATION('',(#14459),#14463);
#14459 = LINE('',#14460,#14461);
#14460 = CARTESIAN_POINT('',(-1.570796326795,9.));
#14461 = VECTOR('',#14462,1.);
#14462 = DIRECTION('',(1.,0.));
#14463 = ( GEOMETRIC_REPRESENTATION_CONTEXT(2) 
PARAMETRIC_REPRESENTATION_CONTEXT() REPRESENTATION_CONTEXT('2D SPACE',''
  ) );
#14464 = PCURVE('',#13258,#14465);
#14465 = DEFINITIONAL_REPRESENTATION('',(#14466),#14470);
#14466 = CIRCLE('',#14467,1.7);
#14467 = AXIS2_PLACEMENT_2D('',#14468,#14469);
#14468 = CARTESIAN_POINT('',(49.9,49.9));
#14469 = DIRECTION('',(0.,-1.));
#14470 = ( GEOMETRIC_REPRESENTATION_CONTEXT(2) 
PARAMETRIC_REPRESENTATION_CONTEXT() REPRESENTATION_CONTEXT('2D SPACE',''
  ) );
#14471 = ORIENTED_EDGE('',*,*,#14215,.F.);
#14472 = ADVANCED_FACE('',(#14473,#14521,#14631,#14741),#8008,.F.);
#14473 = FACE_BOUND('',#14474,.F.);
#14474 = EDGE_LOOP('',(#14475,#14476,#14477,#14500));
#14475 = ORIENTED_EDGE('',*,*,#7992,.F.);
#14476 = ORIENTED_EDGE('',*,*,#14427,.T.);
#14477 = ORIENTED_EDGE('',*,*,#14478,.T.);
#14478 = EDGE_CURVE('',#14428,#14479,#14481,.T.);
#14479 = VERTEX_POINT('',#14480);
#14480 = CARTESIAN_POINT('',(50.1,-48.4,10.6));
#14481 = SURFACE_CURVE('',#14482,(#14486,#14493),.PCURVE_S1.);
#14482 = LINE('',#14483,#14484);
#14483 = CARTESIAN_POINT('',(151.6,-48.4,10.6));
#14484 = VECTOR('',#14485,1.);
#14485 = DIRECTION('',(-1.,0.,0.));
#14486 = PCURVE('',#8008,#14487);
#14487 = DEFINITIONAL_REPRESENTATION('',(#14488),#14492);
#14488 = LINE('',#14489,#14490);
#14489 = CARTESIAN_POINT('',(0.,-9.));
#14490 = VECTOR('',#14491,1.);
#14491 = DIRECTION('',(1.,0.));
#14492 = ( GEOMETRIC_REPRESENTATION_CONTEXT(2) 
PARAMETRIC_REPRESENTATION_CONTEXT() REPRESENTATION_CONTEXT('2D SPACE',''
  ) );
#14493 = PCURVE('',#13258,#14494);
#14494 = DEFINITIONAL_REPRESENTATION('',(#14495),#14499);
#14495 = LINE('',#14496,#14497);
#14496 = CARTESIAN_POINT('',(51.6,51.6));
#14497 = VECTOR('',#14498,1.);
#14498 = DIRECTION('',(-1.,0.));
#14499 = ( GEOMETRIC_REPRESENTATION_CONTEXT(2) 
PARAMETRIC_REPRESENTATION_CONTEXT() REPRESENTATION_CONTEXT('2D SPACE',''
  ) );
#14500 = ORIENTED_EDGE('',*,*,#14501,.F.);
#14501 = EDGE_CURVE('',#7964,#14479,#14502,.T.);
#14502 = SURFACE_CURVE('',#14503,(#14507,#14514),.PCURVE_S1.);
#14503 = LINE('',#14504,#14505);
#14504 = CARTESIAN_POINT('',(50.1,-48.4,1.6));
#14505 = VECTOR('',#14506,1.);
#14506 = DIRECTION('',(0.,0.,1.));
#14507 = PCURVE('',#8008,#14508);
#14508 = DEFINITIONAL_REPRESENTATION('',(#14509),#14513);
#14509 = LINE('',#14510,#14511);
#14510 = CARTESIAN_POINT('',(101.5,0.));
#14511 = VECTOR('',#14512,1.);
#14512 = DIRECTION('',(0.,-1.));
#14513 = ( GEOMETRIC_REPRESENTATION_CONTEXT(2) 
PARAMETRIC_REPRESENTATION_CONTEXT() REPRESENTATION_CONTEXT('2D SPACE',''
  ) );
#14514 = PCURVE('',#7980,#14515);
#14515 = DEFINITIONAL_REPRESENTATION('',(#14516),#14520);
#14516 = LINE('',#14517,#14518);
#14517 = CARTESIAN_POINT('',(0.,0.));
#14518 = VECTOR('',#14519,1.);
#14519 = DIRECTION('',(0.,1.));
#14520 = ( GEOMETRIC_REPRESENTATION_CONTEXT(2) 
PARAMETRIC_REPRESENTATION_CONTEXT() REPRESENTATION_CONTEXT('2D SPACE',''
  ) );
#14521 = FACE_BOUND('',#14522,.F.);
#14522 = EDGE_LOOP('',(#14523,#14551,#14579,#14605));
#14523 = ORIENTED_EDGE('',*,*,#14524,.F.);
#14524 = EDGE_CURVE('',#14525,#14527,#14529,.T.);
#14525 = VERTEX_POINT('',#14526);
#14526 = CARTESIAN_POINT('',(136.7,-48.4,5.133333333333));
#14527 = VERTEX_POINT('',#14528);
#14528 = CARTESIAN_POINT('',(136.7,-48.4,8.2));
#14529 = SURFACE_CURVE('',#14530,(#14534,#14540),.PCURVE_S1.);
#14530 = LINE('',#14531,#14532);
#14531 = CARTESIAN_POINT('',(136.7,-48.4,4.135508138897));
#14532 = VECTOR('',#14533,1.);
#14533 = DIRECTION('',(0.,0.,1.));
#14534 = PCURVE('',#8008,#14535);
#14535 = DEFINITIONAL_REPRESENTATION('',(#14536),#14539);
#14536 = B_SPLINE_CURVE_WITH_KNOTS('',1,(#14537,#14538),.UNSPECIFIED.,
  .F.,.F.,(2,2),(0.997825194436,4.064491861103),
  .PIECEWISE_BEZIER_KNOTS.);
#14537 = CARTESIAN_POINT('',(14.9,-3.533333333333));
#14538 = CARTESIAN_POINT('',(14.9,-6.6));
#14539 = ( GEOMETRIC_REPRESENTATION_CONTEXT(2) 
PARAMETRIC_REPRESENTATION_CONTEXT() REPRESENTATION_CONTEXT('2D SPACE',''
  ) );
#14540 = PCURVE('',#14541,#14546);
#14541 = PLANE('',#14542);
#14542 = AXIS2_PLACEMENT_3D('',#14543,#14544,#14545);
#14543 = CARTESIAN_POINT('',(136.7,-48.32849425077,6.671016277795));
#14544 = DIRECTION('',(1.,-1.224646799147E-16,-0.));
#14545 = DIRECTION('',(-0.,0.,-1.));
#14546 = DEFINITIONAL_REPRESENTATION('',(#14547),#14550);
#14547 = B_SPLINE_CURVE_WITH_KNOTS('',1,(#14548,#14549),.UNSPECIFIED.,
  .F.,.F.,(2,2),(0.997825194436,4.064491861103),
  .PIECEWISE_BEZIER_KNOTS.);
#14548 = CARTESIAN_POINT('',(1.537682944461,-7.150574922721E-02));
#14549 = CARTESIAN_POINT('',(-1.528983722205,-7.150574922721E-02));
#14550 = ( GEOMETRIC_REPRESENTATION_CONTEXT(2) 
PARAMETRIC_REPRESENTATION_CONTEXT() REPRESENTATION_CONTEXT('2D SPACE',''
  ) );
#14551 = ORIENTED_EDGE('',*,*,#14552,.T.);
#14552 = EDGE_CURVE('',#14525,#14553,#14555,.T.);
#14553 = VERTEX_POINT('',#14554);
#14554 = CARTESIAN_POINT('',(131.3,-48.4,5.133333333333));
#14555 = SURFACE_CURVE('',#14556,(#14560,#14567),.PCURVE_S1.);
#14556 = LINE('',#14557,#14558);
#14557 = CARTESIAN_POINT('',(136.7,-48.4,5.133333333333));
#14558 = VECTOR('',#14559,1.);
#14559 = DIRECTION('',(-1.,1.224646799147E-16,0.));
#14560 = PCURVE('',#8008,#14561);
#14561 = DEFINITIONAL_REPRESENTATION('',(#14562),#14566);
#14562 = LINE('',#14563,#14564);
#14563 = CARTESIAN_POINT('',(14.9,-3.533333333333));
#14564 = VECTOR('',#14565,1.);
#14565 = DIRECTION('',(1.,0.));
#14566 = ( GEOMETRIC_REPRESENTATION_CONTEXT(2) 
PARAMETRIC_REPRESENTATION_CONTEXT() REPRESENTATION_CONTEXT('2D SPACE',''
  ) );
#14567 = PCURVE('',#14568,#14573);
#14568 = PLANE('',#14569);
#14569 = AXIS2_PLACEMENT_3D('',#14570,#14571,#14572);
#14570 = CARTESIAN_POINT('',(136.7,-48.4,5.133333333333));
#14571 = DIRECTION('',(1.125628018964E-16,0.919145030018,-0.393919298579
    ));
#14572 = DIRECTION('',(4.824120081273E-17,0.393919298579,0.919145030018)
  );
#14573 = DEFINITIONAL_REPRESENTATION('',(#14574),#14578);
#14574 = LINE('',#14575,#14576);
#14575 = CARTESIAN_POINT('',(0.,0.));
#14576 = VECTOR('',#14577,1.);
#14577 = DIRECTION('',(0.,-1.));
#14578 = ( GEOMETRIC_REPRESENTATION_CONTEXT(2) 
PARAMETRIC_REPRESENTATION_CONTEXT() REPRESENTATION_CONTEXT('2D SPACE',''
  ) );
#14579 = ORIENTED_EDGE('',*,*,#14580,.T.);
#14580 = EDGE_CURVE('',#14553,#14581,#14583,.T.);
#14581 = VERTEX_POINT('',#14582);
#14582 = CARTESIAN_POINT('',(131.3,-48.4,8.2));
#14583 = SURFACE_CURVE('',#14584,(#14588,#14594),.PCURVE_S1.);
#14584 = LINE('',#14585,#14586);
#14585 = CARTESIAN_POINT('',(131.3,-48.4,4.135508138897));
#14586 = VECTOR('',#14587,1.);
#14587 = DIRECTION('',(0.,0.,1.));
#14588 = PCURVE('',#8008,#14589);
#14589 = DEFINITIONAL_REPRESENTATION('',(#14590),#14593);
#14590 = B_SPLINE_CURVE_WITH_KNOTS('',1,(#14591,#14592),.UNSPECIFIED.,
  .F.,.F.,(2,2),(0.997825194436,4.064491861103),
  .PIECEWISE_BEZIER_KNOTS.);
#14591 = CARTESIAN_POINT('',(20.3,-3.533333333333));
#14592 = CARTESIAN_POINT('',(20.3,-6.6));
#14593 = ( GEOMETRIC_REPRESENTATION_CONTEXT(2) 
PARAMETRIC_REPRESENTATION_CONTEXT() REPRESENTATION_CONTEXT('2D SPACE',''
  ) );
#14594 = PCURVE('',#14595,#14600);
#14595 = PLANE('',#14596);
#14596 = AXIS2_PLACEMENT_3D('',#14597,#14598,#14599);
#14597 = CARTESIAN_POINT('',(131.3,-48.32849425077,6.671016277795));
#14598 = DIRECTION('',(1.,-1.224646799147E-16,-0.));
#14599 = DIRECTION('',(-0.,0.,-1.));
#14600 = DEFINITIONAL_REPRESENTATION('',(#14601),#14604);
#14601 = B_SPLINE_CURVE_WITH_KNOTS('',1,(#14602,#14603),.UNSPECIFIED.,
  .F.,.F.,(2,2),(0.997825194436,4.064491861103),
  .PIECEWISE_BEZIER_KNOTS.);
#14602 = CARTESIAN_POINT('',(1.537682944461,-7.150574922721E-02));
#14603 = CARTESIAN_POINT('',(-1.528983722205,-7.150574922721E-02));
#14604 = ( GEOMETRIC_REPRESENTATION_CONTEXT(2) 
PARAMETRIC_REPRESENTATION_CONTEXT() REPRESENTATION_CONTEXT('2D SPACE',''
  ) );
#14605 = ORIENTED_EDGE('',*,*,#14606,.F.);
#14606 = EDGE_CURVE('',#14527,#14581,#14607,.T.);
#14607 = SURFACE_CURVE('',#14608,(#14612,#14619),.PCURVE_S1.);
#14608 = LINE('',#14609,#14610);
#14609 = CARTESIAN_POINT('',(136.7,-48.4,8.2));
#14610 = VECTOR('',#14611,1.);
#14611 = DIRECTION('',(-1.,1.224646799147E-16,0.));
#14612 = PCURVE('',#8008,#14613);
#14613 = DEFINITIONAL_REPRESENTATION('',(#14614),#14618);
#14614 = LINE('',#14615,#14616);
#14615 = CARTESIAN_POINT('',(14.9,-6.6));
#14616 = VECTOR('',#14617,1.);
#14617 = DIRECTION('',(1.,0.));
#14618 = ( GEOMETRIC_REPRESENTATION_CONTEXT(2) 
PARAMETRIC_REPRESENTATION_CONTEXT() REPRESENTATION_CONTEXT('2D SPACE',''
  ) );
#14619 = PCURVE('',#14620,#14625);
#14620 = PLANE('',#14621);
#14621 = AXIS2_PLACEMENT_3D('',#14622,#14623,#14624);
#14622 = CARTESIAN_POINT('',(136.7,-47.8,7.));
#14623 = DIRECTION('',(1.095357396528E-16,0.894427191,0.4472135955));
#14624 = DIRECTION('',(-5.476786982642E-17,-0.4472135955,0.894427191));
#14625 = DEFINITIONAL_REPRESENTATION('',(#14626),#14630);
#14626 = LINE('',#14627,#14628);
#14627 = CARTESIAN_POINT('',(1.3416407865,7.347880794884E-17));
#14628 = VECTOR('',#14629,1.);
#14629 = DIRECTION('',(0.,-1.));
#14630 = ( GEOMETRIC_REPRESENTATION_CONTEXT(2) 
PARAMETRIC_REPRESENTATION_CONTEXT() REPRESENTATION_CONTEXT('2D SPACE',''
  ) );
#14631 = FACE_BOUND('',#14632,.F.);
#14632 = EDGE_LOOP('',(#14633,#14661,#14689,#14715));
#14633 = ORIENTED_EDGE('',*,*,#14634,.F.);
#14634 = EDGE_CURVE('',#14635,#14637,#14639,.T.);
#14635 = VERTEX_POINT('',#14636);
#14636 = CARTESIAN_POINT('',(102.7,-48.4,5.133333333333));
#14637 = VERTEX_POINT('',#14638);
#14638 = CARTESIAN_POINT('',(102.7,-48.4,8.2));
#14639 = SURFACE_CURVE('',#14640,(#14644,#14650),.PCURVE_S1.);
#14640 = LINE('',#14641,#14642);
#14641 = CARTESIAN_POINT('',(102.7,-48.4,4.135508138897));
#14642 = VECTOR('',#14643,1.);
#14643 = DIRECTION('',(0.,0.,1.));
#14644 = PCURVE('',#8008,#14645);
#14645 = DEFINITIONAL_REPRESENTATION('',(#14646),#14649);
#14646 = B_SPLINE_CURVE_WITH_KNOTS('',1,(#14647,#14648),.UNSPECIFIED.,
  .F.,.F.,(2,2),(0.997825194436,4.064491861103),
  .PIECEWISE_BEZIER_KNOTS.);
#14647 = CARTESIAN_POINT('',(48.9,-3.533333333333));
#14648 = CARTESIAN_POINT('',(48.9,-6.6));
#14649 = ( GEOMETRIC_REPRESENTATION_CONTEXT(2) 
PARAMETRIC_REPRESENTATION_CONTEXT() REPRESENTATION_CONTEXT('2D SPACE',''
  ) );
#14650 = PCURVE('',#14651,#14656);
#14651 = PLANE('',#14652);
#14652 = AXIS2_PLACEMENT_3D('',#14653,#14654,#14655);
#14653 = CARTESIAN_POINT('',(102.7,-48.32849425077,6.671016277795));
#14654 = DIRECTION('',(1.,-1.224646799147E-16,-0.));
#14655 = DIRECTION('',(-0.,0.,-1.));
#14656 = DEFINITIONAL_REPRESENTATION('',(#14657),#14660);
#14657 = B_SPLINE_CURVE_WITH_KNOTS('',1,(#14658,#14659),.UNSPECIFIED.,
  .F.,.F.,(2,2),(0.997825194436,4.064491861103),
  .PIECEWISE_BEZIER_KNOTS.);
#14658 = CARTESIAN_POINT('',(1.537682944461,-7.150574922721E-02));
#14659 = CARTESIAN_POINT('',(-1.528983722205,-7.150574922721E-02));
#14660 = ( GEOMETRIC_REPRESENTATION_CONTEXT(2) 
PARAMETRIC_REPRESENTATION_CONTEXT() REPRESENTATION_CONTEXT('2D SPACE',''
  ) );
#14661 = ORIENTED_EDGE('',*,*,#14662,.T.);
#14662 = EDGE_CURVE('',#14635,#14663,#14665,.T.);
#14663 = VERTEX_POINT('',#14664);
#14664 = CARTESIAN_POINT('',(97.3,-48.4,5.133333333333));
#14665 = SURFACE_CURVE('',#14666,(#14670,#14677),.PCURVE_S1.);
#14666 = LINE('',#14667,#14668);
#14667 = CARTESIAN_POINT('',(102.7,-48.4,5.133333333333));
#14668 = VECTOR('',#14669,1.);
#14669 = DIRECTION('',(-1.,1.224646799147E-16,0.));
#14670 = PCURVE('',#8008,#14671);
#14671 = DEFINITIONAL_REPRESENTATION('',(#14672),#14676);
#14672 = LINE('',#14673,#14674);
#14673 = CARTESIAN_POINT('',(48.9,-3.533333333333));
#14674 = VECTOR('',#14675,1.);
#14675 = DIRECTION('',(1.,0.));
#14676 = ( GEOMETRIC_REPRESENTATION_CONTEXT(2) 
PARAMETRIC_REPRESENTATION_CONTEXT() REPRESENTATION_CONTEXT('2D SPACE',''
  ) );
#14677 = PCURVE('',#14678,#14683);
#14678 = PLANE('',#14679);
#14679 = AXIS2_PLACEMENT_3D('',#14680,#14681,#14682);
#14680 = CARTESIAN_POINT('',(102.7,-48.4,5.133333333333));
#14681 = DIRECTION('',(1.125628018964E-16,0.919145030018,-0.393919298579
    ));
#14682 = DIRECTION('',(4.824120081273E-17,0.393919298579,0.919145030018)
  );
#14683 = DEFINITIONAL_REPRESENTATION('',(#14684),#14688);
#14684 = LINE('',#14685,#14686);
#14685 = CARTESIAN_POINT('',(0.,0.));
#14686 = VECTOR('',#14687,1.);
#14687 = DIRECTION('',(0.,-1.));
#14688 = ( GEOMETRIC_REPRESENTATION_CONTEXT(2) 
PARAMETRIC_REPRESENTATION_CONTEXT() REPRESENTATION_CONTEXT('2D SPACE',''
  ) );
#14689 = ORIENTED_EDGE('',*,*,#14690,.T.);
#14690 = EDGE_CURVE('',#14663,#14691,#14693,.T.);
#14691 = VERTEX_POINT('',#14692);
#14692 = CARTESIAN_POINT('',(97.3,-48.4,8.2));
#14693 = SURFACE_CURVE('',#14694,(#14698,#14704),.PCURVE_S1.);
#14694 = LINE('',#14695,#14696);
#14695 = CARTESIAN_POINT('',(97.3,-48.4,4.135508138897));
#14696 = VECTOR('',#14697,1.);
#14697 = DIRECTION('',(0.,0.,1.));
#14698 = PCURVE('',#8008,#14699);
#14699 = DEFINITIONAL_REPRESENTATION('',(#14700),#14703);
#14700 = B_SPLINE_CURVE_WITH_KNOTS('',1,(#14701,#14702),.UNSPECIFIED.,
  .F.,.F.,(2,2),(0.997825194436,4.064491861103),
  .PIECEWISE_BEZIER_KNOTS.);
#14701 = CARTESIAN_POINT('',(54.3,-3.533333333333));
#14702 = CARTESIAN_POINT('',(54.3,-6.6));
#14703 = ( GEOMETRIC_REPRESENTATION_CONTEXT(2) 
PARAMETRIC_REPRESENTATION_CONTEXT() REPRESENTATION_CONTEXT('2D SPACE',''
  ) );
#14704 = PCURVE('',#14705,#14710);
#14705 = PLANE('',#14706);
#14706 = AXIS2_PLACEMENT_3D('',#14707,#14708,#14709);
#14707 = CARTESIAN_POINT('',(97.3,-48.32849425077,6.671016277795));
#14708 = DIRECTION('',(1.,-1.224646799147E-16,-0.));
#14709 = DIRECTION('',(-0.,0.,-1.));
#14710 = DEFINITIONAL_REPRESENTATION('',(#14711),#14714);
#14711 = B_SPLINE_CURVE_WITH_KNOTS('',1,(#14712,#14713),.UNSPECIFIED.,
  .F.,.F.,(2,2),(0.997825194436,4.064491861103),
  .PIECEWISE_BEZIER_KNOTS.);
#14712 = CARTESIAN_POINT('',(1.537682944461,-7.150574922721E-02));
#14713 = CARTESIAN_POINT('',(-1.528983722205,-7.150574922721E-02));
#14714 = ( GEOMETRIC_REPRESENTATION_CONTEXT(2) 
PARAMETRIC_REPRESENTATION_CONTEXT() REPRESENTATION_CONTEXT('2D SPACE',''
  ) );
#14715 = ORIENTED_EDGE('',*,*,#14716,.F.);
#14716 = EDGE_CURVE('',#14637,#14691,#14717,.T.);
#14717 = SURFACE_CURVE('',#14718,(#14722,#14729),.PCURVE_S1.);
#14718 = LINE('',#14719,#14720);
#14719 = CARTESIAN_POINT('',(102.7,-48.4,8.2));
#14720 = VECTOR('',#14721,1.);
#14721 = DIRECTION('',(-1.,1.224646799147E-16,0.));
#14722 = PCURVE('',#8008,#14723);
#14723 = DEFINITIONAL_REPRESENTATION('',(#14724),#14728);
#14724 = LINE('',#14725,#14726);
#14725 = CARTESIAN_POINT('',(48.9,-6.6));
#14726 = VECTOR('',#14727,1.);
#14727 = DIRECTION('',(1.,0.));
#14728 = ( GEOMETRIC_REPRESENTATION_CONTEXT(2) 
PARAMETRIC_REPRESENTATION_CONTEXT() REPRESENTATION_CONTEXT('2D SPACE',''
  ) );
#14729 = PCURVE('',#14730,#14735);
#14730 = PLANE('',#14731);
#14731 = AXIS2_PLACEMENT_3D('',#14732,#14733,#14734);
#14732 = CARTESIAN_POINT('',(102.7,-47.8,7.));
#14733 = DIRECTION('',(1.095357396528E-16,0.894427191,0.4472135955));
#14734 = DIRECTION('',(-5.476786982642E-17,-0.4472135955,0.894427191));
#14735 = DEFINITIONAL_REPRESENTATION('',(#14736),#14740);
#14736 = LINE('',#14737,#14738);
#14737 = CARTESIAN_POINT('',(1.3416407865,7.347880794884E-17));
#14738 = VECTOR('',#14739,1.);
#14739 = DIRECTION('',(0.,-1.));
#14740 = ( GEOMETRIC_REPRESENTATION_CONTEXT(2) 
PARAMETRIC_REPRESENTATION_CONTEXT() REPRESENTATION_CONTEXT('2D SPACE',''
  ) );
#14741 = FACE_BOUND('',#14742,.F.);
#14742 = EDGE_LOOP('',(#14743,#14771,#14799,#14825));
#14743 = ORIENTED_EDGE('',*,*,#14744,.F.);
#14744 = EDGE_CURVE('',#14745,#14747,#14749,.T.);
#14745 = VERTEX_POINT('',#14746);
#14746 = CARTESIAN_POINT('',(68.7,-48.4,5.133333333333));
#14747 = VERTEX_POINT('',#14748);
#14748 = CARTESIAN_POINT('',(68.7,-48.4,8.2));
#14749 = SURFACE_CURVE('',#14750,(#14754,#14760),.PCURVE_S1.);
#14750 = LINE('',#14751,#14752);
#14751 = CARTESIAN_POINT('',(68.7,-48.4,4.135508138897));
#14752 = VECTOR('',#14753,1.);
#14753 = DIRECTION('',(0.,0.,1.));
#14754 = PCURVE('',#8008,#14755);
#14755 = DEFINITIONAL_REPRESENTATION('',(#14756),#14759);
#14756 = B_SPLINE_CURVE_WITH_KNOTS('',1,(#14757,#14758),.UNSPECIFIED.,
  .F.,.F.,(2,2),(0.997825194436,4.064491861103),
  .PIECEWISE_BEZIER_KNOTS.);
#14757 = CARTESIAN_POINT('',(82.9,-3.533333333333));
#14758 = CARTESIAN_POINT('',(82.9,-6.6));
#14759 = ( GEOMETRIC_REPRESENTATION_CONTEXT(2) 
PARAMETRIC_REPRESENTATION_CONTEXT() REPRESENTATION_CONTEXT('2D SPACE',''
  ) );
#14760 = PCURVE('',#14761,#14766);
#14761 = PLANE('',#14762);
#14762 = AXIS2_PLACEMENT_3D('',#14763,#14764,#14765);
#14763 = CARTESIAN_POINT('',(68.7,-48.32849425077,6.671016277795));
#14764 = DIRECTION('',(1.,-1.224646799147E-16,-0.));
#14765 = DIRECTION('',(-0.,0.,-1.));
#14766 = DEFINITIONAL_REPRESENTATION('',(#14767),#14770);
#14767 = B_SPLINE_CURVE_WITH_KNOTS('',1,(#14768,#14769),.UNSPECIFIED.,
  .F.,.F.,(2,2),(0.997825194436,4.064491861103),
  .PIECEWISE_BEZIER_KNOTS.);
#14768 = CARTESIAN_POINT('',(1.537682944461,-7.150574922724E-02));
#14769 = CARTESIAN_POINT('',(-1.528983722205,-7.150574922724E-02));
#14770 = ( GEOMETRIC_REPRESENTATION_CONTEXT(2) 
PARAMETRIC_REPRESENTATION_CONTEXT() REPRESENTATION_CONTEXT('2D SPACE',''
  ) );
#14771 = ORIENTED_EDGE('',*,*,#14772,.T.);
#14772 = EDGE_CURVE('',#14745,#14773,#14775,.T.);
#14773 = VERTEX_POINT('',#14774);
#14774 = CARTESIAN_POINT('',(63.3,-48.4,5.133333333333));
#14775 = SURFACE_CURVE('',#14776,(#14780,#14787),.PCURVE_S1.);
#14776 = LINE('',#14777,#14778);
#14777 = CARTESIAN_POINT('',(68.7,-48.4,5.133333333333));
#14778 = VECTOR('',#14779,1.);
#14779 = DIRECTION('',(-1.,1.224646799147E-16,0.));
#14780 = PCURVE('',#8008,#14781);
#14781 = DEFINITIONAL_REPRESENTATION('',(#14782),#14786);
#14782 = LINE('',#14783,#14784);
#14783 = CARTESIAN_POINT('',(82.9,-3.533333333333));
#14784 = VECTOR('',#14785,1.);
#14785 = DIRECTION('',(1.,0.));
#14786 = ( GEOMETRIC_REPRESENTATION_CONTEXT(2) 
PARAMETRIC_REPRESENTATION_CONTEXT() REPRESENTATION_CONTEXT('2D SPACE',''
  ) );
#14787 = PCURVE('',#14788,#14793);
#14788 = PLANE('',#14789);
#14789 = AXIS2_PLACEMENT_3D('',#14790,#14791,#14792);
#14790 = CARTESIAN_POINT('',(68.7,-48.4,5.133333333333));
#14791 = DIRECTION('',(1.125628018964E-16,0.919145030018,-0.393919298579
    ));
#14792 = DIRECTION('',(4.824120081273E-17,0.393919298579,0.919145030018)
  );
#14793 = DEFINITIONAL_REPRESENTATION('',(#14794),#14798);
#14794 = LINE('',#14795,#14796);
#14795 = CARTESIAN_POINT('',(0.,0.));
#14796 = VECTOR('',#14797,1.);
#14797 = DIRECTION('',(0.,-1.));
#14798 = ( GEOMETRIC_REPRESENTATION_CONTEXT(2) 
PARAMETRIC_REPRESENTATION_CONTEXT() REPRESENTATION_CONTEXT('2D SPACE',''
  ) );
#14799 = ORIENTED_EDGE('',*,*,#14800,.T.);
#14800 = EDGE_CURVE('',#14773,#14801,#14803,.T.);
#14801 = VERTEX_POINT('',#14802);
#14802 = CARTESIAN_POINT('',(63.3,-48.4,8.2));
#14803 = SURFACE_CURVE('',#14804,(#14808,#14814),.PCURVE_S1.);
#14804 = LINE('',#14805,#14806);
#14805 = CARTESIAN_POINT('',(63.3,-48.4,4.135508138897));
#14806 = VECTOR('',#14807,1.);
#14807 = DIRECTION('',(0.,0.,1.));
#14808 = PCURVE('',#8008,#14809);
#14809 = DEFINITIONAL_REPRESENTATION('',(#14810),#14813);
#14810 = B_SPLINE_CURVE_WITH_KNOTS('',1,(#14811,#14812),.UNSPECIFIED.,
  .F.,.F.,(2,2),(0.997825194436,4.064491861103),
  .PIECEWISE_BEZIER_KNOTS.);
#14811 = CARTESIAN_POINT('',(88.3,-3.533333333333));
#14812 = CARTESIAN_POINT('',(88.3,-6.6));
#14813 = ( GEOMETRIC_REPRESENTATION_CONTEXT(2) 
PARAMETRIC_REPRESENTATION_CONTEXT() REPRESENTATION_CONTEXT('2D SPACE',''
  ) );
#14814 = PCURVE('',#14815,#14820);
#14815 = PLANE('',#14816);
#14816 = AXIS2_PLACEMENT_3D('',#14817,#14818,#14819);
#14817 = CARTESIAN_POINT('',(63.3,-48.32849425077,6.671016277795));
#14818 = DIRECTION('',(1.,-1.224646799147E-16,-0.));
#14819 = DIRECTION('',(-0.,0.,-1.));
#14820 = DEFINITIONAL_REPRESENTATION('',(#14821),#14824);
#14821 = B_SPLINE_CURVE_WITH_KNOTS('',1,(#14822,#14823),.UNSPECIFIED.,
  .F.,.F.,(2,2),(0.997825194436,4.064491861103),
  .PIECEWISE_BEZIER_KNOTS.);
#14822 = CARTESIAN_POINT('',(1.537682944461,-7.150574922724E-02));
#14823 = CARTESIAN_POINT('',(-1.528983722205,-7.150574922724E-02));
#14824 = ( GEOMETRIC_REPRESENTATION_CONTEXT(2) 
PARAMETRIC_REPRESENTATION_CONTEXT() REPRESENTATION_CONTEXT('2D SPACE',''
  ) );
#14825 = ORIENTED_EDGE('',*,*,#14826,.F.);
#14826 = EDGE_CURVE('',#14747,#14801,#14827,.T.);
#14827 = SURFACE_CURVE('',#14828,(#14832,#14839),.PCURVE_S1.);
#14828 = LINE('',#14829,#14830);
#14829 = CARTESIAN_POINT('',(68.7,-48.4,8.2));
#14830 = VECTOR('',#14831,1.);
#14831 = DIRECTION('',(-1.,1.224646799147E-16,0.));
#14832 = PCURVE('',#8008,#14833);
#14833 = DEFINITIONAL_REPRESENTATION('',(#14834),#14838);
#14834 = LINE('',#14835,#14836);
#14835 = CARTESIAN_POINT('',(82.9,-6.6));
#14836 = VECTOR('',#14837,1.);
#14837 = DIRECTION('',(1.,0.));
#14838 = ( GEOMETRIC_REPRESENTATION_CONTEXT(2) 
PARAMETRIC_REPRESENTATION_CONTEXT() REPRESENTATION_CONTEXT('2D SPACE',''
  ) );
#14839 = PCURVE('',#14840,#14845);
#14840 = PLANE('',#14841);
#14841 = AXIS2_PLACEMENT_3D('',#14842,#14843,#14844);
#14842 = CARTESIAN_POINT('',(68.7,-47.8,7.));
#14843 = DIRECTION('',(1.095357396528E-16,0.894427191,0.4472135955));
#14844 = DIRECTION('',(-5.476786982642E-17,-0.4472135955,0.894427191));
#14845 = DEFINITIONAL_REPRESENTATION('',(#14846),#14850);
#14846 = LINE('',#14847,#14848);
#14847 = CARTESIAN_POINT('',(1.3416407865,7.347880794884E-17));
#14848 = VECTOR('',#14849,1.);
#14849 = DIRECTION('',(0.,-1.));
#14850 = ( GEOMETRIC_REPRESENTATION_CONTEXT(2) 
PARAMETRIC_REPRESENTATION_CONTEXT() REPRESENTATION_CONTEXT('2D SPACE',''
  ) );
#14851 = ADVANCED_FACE('',(#14852),#7980,.T.);
#14852 = FACE_BOUND('',#14853,.T.);
#14853 = EDGE_LOOP('',(#14854,#14855,#14878,#14900));
#14854 = ORIENTED_EDGE('',*,*,#7963,.T.);
#14855 = ORIENTED_EDGE('',*,*,#14856,.T.);
#14856 = EDGE_CURVE('',#7936,#14857,#14859,.T.);
#14857 = VERTEX_POINT('',#14858);
#14858 = CARTESIAN_POINT('',(48.4,-50.1,10.6));
#14859 = SURFACE_CURVE('',#14860,(#14864,#14871),.PCURVE_S1.);
#14860 = LINE('',#14861,#14862);
#14861 = CARTESIAN_POINT('',(48.4,-50.1,1.6));
#14862 = VECTOR('',#14863,1.);
#14863 = DIRECTION('',(0.,0.,1.));
#14864 = PCURVE('',#7980,#14865);
#14865 = DEFINITIONAL_REPRESENTATION('',(#14866),#14870);
#14866 = LINE('',#14867,#14868);
#14867 = CARTESIAN_POINT('',(1.570796326795,0.));
#14868 = VECTOR('',#14869,1.);
#14869 = DIRECTION('',(0.,1.));
#14870 = ( GEOMETRIC_REPRESENTATION_CONTEXT(2) 
PARAMETRIC_REPRESENTATION_CONTEXT() REPRESENTATION_CONTEXT('2D SPACE',''
  ) );
#14871 = PCURVE('',#7951,#14872);
#14872 = DEFINITIONAL_REPRESENTATION('',(#14873),#14877);
#14873 = LINE('',#14874,#14875);
#14874 = CARTESIAN_POINT('',(1.7,0.));
#14875 = VECTOR('',#14876,1.);
#14876 = DIRECTION('',(0.,-1.));
#14877 = ( GEOMETRIC_REPRESENTATION_CONTEXT(2) 
PARAMETRIC_REPRESENTATION_CONTEXT() REPRESENTATION_CONTEXT('2D SPACE',''
  ) );
#14878 = ORIENTED_EDGE('',*,*,#14879,.F.);
#14879 = EDGE_CURVE('',#14479,#14857,#14880,.T.);
#14880 = SURFACE_CURVE('',#14881,(#14886,#14893),.PCURVE_S1.);
#14881 = CIRCLE('',#14882,1.7);
#14882 = AXIS2_PLACEMENT_3D('',#14883,#14884,#14885);
#14883 = CARTESIAN_POINT('',(50.1,-50.1,10.6));
#14884 = DIRECTION('',(0.,0.,1.));
#14885 = DIRECTION('',(0.,-1.,0.));
#14886 = PCURVE('',#7980,#14887);
#14887 = DEFINITIONAL_REPRESENTATION('',(#14888),#14892);
#14888 = LINE('',#14889,#14890);
#14889 = CARTESIAN_POINT('',(-3.14159265359,9.));
#14890 = VECTOR('',#14891,1.);
#14891 = DIRECTION('',(1.,0.));
#14892 = ( GEOMETRIC_REPRESENTATION_CONTEXT(2) 
PARAMETRIC_REPRESENTATION_CONTEXT() REPRESENTATION_CONTEXT('2D SPACE',''
  ) );
#14893 = PCURVE('',#13258,#14894);
#14894 = DEFINITIONAL_REPRESENTATION('',(#14895),#14899);
#14895 = CIRCLE('',#14896,1.7);
#14896 = AXIS2_PLACEMENT_2D('',#14897,#14898);
#14897 = CARTESIAN_POINT('',(-49.9,49.9));
#14898 = DIRECTION('',(0.,-1.));
#14899 = ( GEOMETRIC_REPRESENTATION_CONTEXT(2) 
PARAMETRIC_REPRESENTATION_CONTEXT() REPRESENTATION_CONTEXT('2D SPACE',''
  ) );
#14900 = ORIENTED_EDGE('',*,*,#14501,.F.);
#14901 = ADVANCED_FACE('',(#14902),#7951,.F.);
#14902 = FACE_BOUND('',#14903,.F.);
#14903 = EDGE_LOOP('',(#14904,#14905,#14906,#14929));
#14904 = ORIENTED_EDGE('',*,*,#7935,.F.);
#14905 = ORIENTED_EDGE('',*,*,#14856,.T.);
#14906 = ORIENTED_EDGE('',*,*,#14907,.T.);
#14907 = EDGE_CURVE('',#14857,#14908,#14910,.T.);
#14908 = VERTEX_POINT('',#14909);
#14909 = CARTESIAN_POINT('',(48.4,-52.6,10.6));
#14910 = SURFACE_CURVE('',#14911,(#14915,#14922),.PCURVE_S1.);
#14911 = LINE('',#14912,#14913);
#14912 = CARTESIAN_POINT('',(48.4,-48.4,10.6));
#14913 = VECTOR('',#14914,1.);
#14914 = DIRECTION('',(0.,-1.,0.));
#14915 = PCURVE('',#7951,#14916);
#14916 = DEFINITIONAL_REPRESENTATION('',(#14917),#14921);
#14917 = LINE('',#14918,#14919);
#14918 = CARTESIAN_POINT('',(0.,-9.));
#14919 = VECTOR('',#14920,1.);
#14920 = DIRECTION('',(1.,0.));
#14921 = ( GEOMETRIC_REPRESENTATION_CONTEXT(2) 
PARAMETRIC_REPRESENTATION_CONTEXT() REPRESENTATION_CONTEXT('2D SPACE',''
  ) );
#14922 = PCURVE('',#13258,#14923);
#14923 = DEFINITIONAL_REPRESENTATION('',(#14924),#14928);
#14924 = LINE('',#14925,#14926);
#14925 = CARTESIAN_POINT('',(-51.6,51.6));
#14926 = VECTOR('',#14927,1.);
#14927 = DIRECTION('',(0.,-1.));
#14928 = ( GEOMETRIC_REPRESENTATION_CONTEXT(2) 
PARAMETRIC_REPRESENTATION_CONTEXT() REPRESENTATION_CONTEXT('2D SPACE',''
  ) );
#14929 = ORIENTED_EDGE('',*,*,#14930,.F.);
#14930 = EDGE_CURVE('',#7882,#14908,#14931,.T.);
#14931 = SURFACE_CURVE('',#14932,(#14936,#14942),.PCURVE_S1.);
#14932 = LINE('',#14933,#14934);
#14933 = CARTESIAN_POINT('',(48.4,-52.6,1.6));
#14934 = VECTOR('',#14935,1.);
#14935 = DIRECTION('',(0.,-0.,1.));
#14936 = PCURVE('',#7951,#14937);
#14937 = DEFINITIONAL_REPRESENTATION('',(#14938),#14941);
#14938 = B_SPLINE_CURVE_WITH_KNOTS('',1,(#14939,#14940),.UNSPECIFIED.,
  .F.,.F.,(2,2),(0.,9.),.PIECEWISE_BEZIER_KNOTS.);
#14939 = CARTESIAN_POINT('',(4.2,0.));
#14940 = CARTESIAN_POINT('',(4.2,-9.));
#14941 = ( GEOMETRIC_REPRESENTATION_CONTEXT(2) 
PARAMETRIC_REPRESENTATION_CONTEXT() REPRESENTATION_CONTEXT('2D SPACE',''
  ) );
#14942 = PCURVE('',#13284,#14943);
#14943 = DEFINITIONAL_REPRESENTATION('',(#14944),#14947);
#14944 = B_SPLINE_CURVE_WITH_KNOTS('',1,(#14945,#14946),.UNSPECIFIED.,
  .F.,.F.,(2,2),(0.,9.),.PIECEWISE_BEZIER_KNOTS.);
#14945 = CARTESIAN_POINT('',(0.,2.4));
#14946 = CARTESIAN_POINT('',(9.,2.4));
#14947 = ( GEOMETRIC_REPRESENTATION_CONTEXT(2) 
PARAMETRIC_REPRESENTATION_CONTEXT() REPRESENTATION_CONTEXT('2D SPACE',''
  ) );
#14948 = ADVANCED_FACE('',(#14949),#8891,.F.);
#14949 = FACE_BOUND('',#14950,.F.);
#14950 = EDGE_LOOP('',(#14951,#14952,#14953,#14954));
#14951 = ORIENTED_EDGE('',*,*,#8876,.T.);
#14952 = ORIENTED_EDGE('',*,*,#10117,.T.);
#14953 = ORIENTED_EDGE('',*,*,#10278,.T.);
#14954 = ORIENTED_EDGE('',*,*,#10328,.F.);
#14955 = ADVANCED_FACE('',(#14956),#9428,.F.);
#14956 = FACE_BOUND('',#14957,.F.);
#14957 = EDGE_LOOP('',(#14958,#14959,#14980,#14981));
#14958 = ORIENTED_EDGE('',*,*,#10350,.F.);
#14959 = ORIENTED_EDGE('',*,*,#14960,.F.);
#14960 = EDGE_CURVE('',#9391,#10351,#14961,.T.);
#14961 = SEAM_CURVE('',#14962,(#14966,#14973),.PCURVE_S1.);
#14962 = LINE('',#14963,#14964);
#14963 = CARTESIAN_POINT('',(162.25,-54.,-6.05));
#14964 = VECTOR('',#14965,1.);
#14965 = DIRECTION('',(0.707106781187,-1.731912112471E-16,0.707106781187
    ));
#14966 = PCURVE('',#9428,#14967);
#14967 = DEFINITIONAL_REPRESENTATION('',(#14968),#14972);
#14968 = LINE('',#14969,#14970);
#14969 = CARTESIAN_POINT('',(6.28318530718,-0.));
#14970 = VECTOR('',#14971,1.);
#14971 = DIRECTION('',(0.,1.));
#14972 = ( GEOMETRIC_REPRESENTATION_CONTEXT(2) 
PARAMETRIC_REPRESENTATION_CONTEXT() REPRESENTATION_CONTEXT('2D SPACE',''
  ) );
#14973 = PCURVE('',#9428,#14974);
#14974 = DEFINITIONAL_REPRESENTATION('',(#14975),#14979);
#14975 = LINE('',#14976,#14977);
#14976 = CARTESIAN_POINT('',(0.,-0.));
#14977 = VECTOR('',#14978,1.);
#14978 = DIRECTION('',(0.,1.));
#14979 = ( GEOMETRIC_REPRESENTATION_CONTEXT(2) 
PARAMETRIC_REPRESENTATION_CONTEXT() REPRESENTATION_CONTEXT('2D SPACE',''
  ) );
#14980 = ORIENTED_EDGE('',*,*,#9413,.T.);
#14981 = ORIENTED_EDGE('',*,*,#14960,.T.);
#14982 = ADVANCED_FACE('',(#14983),#9460,.F.);
#14983 = FACE_BOUND('',#14984,.F.);
#14984 = EDGE_LOOP('',(#14985,#14986,#14987,#15006));
#14985 = ORIENTED_EDGE('',*,*,#9444,.F.);
#14986 = ORIENTED_EDGE('',*,*,#13556,.T.);
#14987 = ORIENTED_EDGE('',*,*,#14988,.F.);
#14988 = EDGE_CURVE('',#13443,#13534,#14989,.T.);
#14989 = SURFACE_CURVE('',#14990,(#14994,#15000),.PCURVE_S1.);
#14990 = LINE('',#14991,#14992);
#14991 = CARTESIAN_POINT('',(73.,-89.3,10.6));
#14992 = VECTOR('',#14993,1.);
#14993 = DIRECTION('',(-1.,0.,0.));
#14994 = PCURVE('',#9460,#14995);
#14995 = DEFINITIONAL_REPRESENTATION('',(#14996),#14999);
#14996 = B_SPLINE_CURVE_WITH_KNOTS('',1,(#14997,#14998),.UNSPECIFIED.,
  .F.,.F.,(2,2),(23.35,24.6),.PIECEWISE_BEZIER_KNOTS.);
#14997 = CARTESIAN_POINT('',(9.,3.65));
#14998 = CARTESIAN_POINT('',(9.,2.4));
#14999 = ( GEOMETRIC_REPRESENTATION_CONTEXT(2) 
PARAMETRIC_REPRESENTATION_CONTEXT() REPRESENTATION_CONTEXT('2D SPACE',''
  ) );
#15000 = PCURVE('',#13458,#15001);
#15001 = DEFINITIONAL_REPRESENTATION('',(#15002),#15005);
#15002 = B_SPLINE_CURVE_WITH_KNOTS('',1,(#15003,#15004),.UNSPECIFIED.,
  .F.,.F.,(2,2),(23.35,24.6),.PIECEWISE_BEZIER_KNOTS.);
#15003 = CARTESIAN_POINT('',(-50.35,10.7));
#15004 = CARTESIAN_POINT('',(-51.6,10.7));
#15005 = ( GEOMETRIC_REPRESENTATION_CONTEXT(2) 
PARAMETRIC_REPRESENTATION_CONTEXT() REPRESENTATION_CONTEXT('2D SPACE',''
  ) );
#15006 = ORIENTED_EDGE('',*,*,#13469,.F.);
#15007 = ADVANCED_FACE('',(#15008),#9674,.T.);
#15008 = FACE_BOUND('',#15009,.T.);
#15009 = EDGE_LOOP('',(#15010,#15011,#15012,#15013));
#15010 = ORIENTED_EDGE('',*,*,#9734,.T.);
#15011 = ORIENTED_EDGE('',*,*,#9810,.T.);
#15012 = ORIENTED_EDGE('',*,*,#9759,.F.);
#15013 = ORIENTED_EDGE('',*,*,#9658,.F.);
#15014 = ADVANCED_FACE('',(#15015),#9875,.T.);
#15015 = FACE_BOUND('',#15016,.T.);
#15016 = EDGE_LOOP('',(#15017,#15018,#15019,#15020));
#15017 = ORIENTED_EDGE('',*,*,#9935,.T.);
#15018 = ORIENTED_EDGE('',*,*,#10011,.T.);
#15019 = ORIENTED_EDGE('',*,*,#9960,.F.);
#15020 = ORIENTED_EDGE('',*,*,#9859,.F.);
#15021 = ADVANCED_FACE('',(#15022,#15241,#15327,#15333,#15339),#10083,
  .T.);
#15022 = FACE_BOUND('',#15023,.T.);
#15023 = EDGE_LOOP('',(#15024,#15048,#15076,#15104,#15125,#15126,#15148,
    #15175,#15195,#15196,#15217,#15218,#15219,#15220,#15221,#15222));
#15024 = ORIENTED_EDGE('',*,*,#15025,.F.);
#15025 = EDGE_CURVE('',#15026,#15028,#15030,.T.);
#15026 = VERTEX_POINT('',#15027);
#15027 = CARTESIAN_POINT('',(150.4,-50.1,10.6));
#15028 = VERTEX_POINT('',#15029);
#15029 = CARTESIAN_POINT('',(150.4,-114.2,10.6));
#15030 = SURFACE_CURVE('',#15031,(#15035,#15042),.PCURVE_S1.);
#15031 = LINE('',#15032,#15033);
#15032 = CARTESIAN_POINT('',(150.4,-125.2,10.6));
#15033 = VECTOR('',#15034,1.);
#15034 = DIRECTION('',(0.,-1.,0.));
#15035 = PCURVE('',#10083,#15036);
#15036 = DEFINITIONAL_REPRESENTATION('',(#15037),#15041);
#15037 = LINE('',#15038,#15039);
#15038 = CARTESIAN_POINT('',(25.2,-10.));
#15039 = VECTOR('',#15040,1.);
#15040 = DIRECTION('',(-1.,0.));
#15041 = ( GEOMETRIC_REPRESENTATION_CONTEXT(2) 
PARAMETRIC_REPRESENTATION_CONTEXT() REPRESENTATION_CONTEXT('2D SPACE',''
  ) );
#15042 = PCURVE('',#13258,#15043);
#15043 = DEFINITIONAL_REPRESENTATION('',(#15044),#15047);
#15044 = B_SPLINE_CURVE_WITH_KNOTS('',1,(#15045,#15046),.UNSPECIFIED.,
  .F.,.F.,(2,2),(-75.1,24.7),.PIECEWISE_BEZIER_KNOTS.);
#15045 = CARTESIAN_POINT('',(50.4,49.9));
#15046 = CARTESIAN_POINT('',(50.4,-49.9));
#15047 = ( GEOMETRIC_REPRESENTATION_CONTEXT(2) 
PARAMETRIC_REPRESENTATION_CONTEXT() REPRESENTATION_CONTEXT('2D SPACE',''
  ) );
#15048 = ORIENTED_EDGE('',*,*,#15049,.T.);
#15049 = EDGE_CURVE('',#15026,#15050,#15052,.T.);
#15050 = VERTEX_POINT('',#15051);
#15051 = CARTESIAN_POINT('',(150.4,-50.1,0.));
#15052 = SURFACE_CURVE('',#15053,(#15057,#15064),.PCURVE_S1.);
#15053 = LINE('',#15054,#15055);
#15054 = CARTESIAN_POINT('',(150.4,-50.1,10.6));
#15055 = VECTOR('',#15056,1.);
#15056 = DIRECTION('',(0.,0.,-1.));
#15057 = PCURVE('',#10083,#15058);
#15058 = DEFINITIONAL_REPRESENTATION('',(#15059),#15063);
#15059 = LINE('',#15060,#15061);
#15060 = CARTESIAN_POINT('',(100.3,-10.));
#15061 = VECTOR('',#15062,1.);
#15062 = DIRECTION('',(0.,1.));
#15063 = ( GEOMETRIC_REPRESENTATION_CONTEXT(2) 
PARAMETRIC_REPRESENTATION_CONTEXT() REPRESENTATION_CONTEXT('2D SPACE',''
  ) );
#15064 = PCURVE('',#15065,#15070);
#15065 = CYLINDRICAL_SURFACE('',#15066,0.5);
#15066 = AXIS2_PLACEMENT_3D('',#15067,#15068,#15069);
#15067 = CARTESIAN_POINT('',(149.9,-50.1,0.6));
#15068 = DIRECTION('',(0.,0.,1.));
#15069 = DIRECTION('',(1.,0.,-0.));
#15070 = DEFINITIONAL_REPRESENTATION('',(#15071),#15075);
#15071 = LINE('',#15072,#15073);
#15072 = CARTESIAN_POINT('',(0.,10.));
#15073 = VECTOR('',#15074,1.);
#15074 = DIRECTION('',(-0.,-1.));
#15075 = ( GEOMETRIC_REPRESENTATION_CONTEXT(2) 
PARAMETRIC_REPRESENTATION_CONTEXT() REPRESENTATION_CONTEXT('2D SPACE',''
  ) );
#15076 = ORIENTED_EDGE('',*,*,#15077,.F.);
#15077 = EDGE_CURVE('',#15078,#15050,#15080,.T.);
#15078 = VERTEX_POINT('',#15079);
#15079 = CARTESIAN_POINT('',(150.4,-53.1,0.));
#15080 = SURFACE_CURVE('',#15081,(#15085,#15092),.PCURVE_S1.);
#15081 = LINE('',#15082,#15083);
#15082 = CARTESIAN_POINT('',(150.4,-53.1,0.));
#15083 = VECTOR('',#15084,1.);
#15084 = DIRECTION('',(0.,1.,0.));
#15085 = PCURVE('',#10083,#15086);
#15086 = DEFINITIONAL_REPRESENTATION('',(#15087),#15091);
#15087 = LINE('',#15088,#15089);
#15088 = CARTESIAN_POINT('',(97.3,0.6));
#15089 = VECTOR('',#15090,1.);
#15090 = DIRECTION('',(1.,0.));
#15091 = ( GEOMETRIC_REPRESENTATION_CONTEXT(2) 
PARAMETRIC_REPRESENTATION_CONTEXT() REPRESENTATION_CONTEXT('2D SPACE',''
  ) );
#15092 = PCURVE('',#15093,#15098);
#15093 = PLANE('',#15094);
#15094 = AXIS2_PLACEMENT_3D('',#15095,#15096,#15097);
#15095 = CARTESIAN_POINT('',(146.9,-53.1,0.));
#15096 = DIRECTION('',(0.,0.,1.));
#15097 = DIRECTION('',(1.,0.,0.));
#15098 = DEFINITIONAL_REPRESENTATION('',(#15099),#15103);
#15099 = LINE('',#15100,#15101);
#15100 = CARTESIAN_POINT('',(3.5,0.));
#15101 = VECTOR('',#15102,1.);
#15102 = DIRECTION('',(0.,1.));
#15103 = ( GEOMETRIC_REPRESENTATION_CONTEXT(2) 
PARAMETRIC_REPRESENTATION_CONTEXT() REPRESENTATION_CONTEXT('2D SPACE',''
  ) );
#15104 = ORIENTED_EDGE('',*,*,#15105,.F.);
#15105 = EDGE_CURVE('',#12003,#15078,#15106,.T.);
#15106 = SURFACE_CURVE('',#15107,(#15111,#15118),.PCURVE_S1.);
#15107 = LINE('',#15108,#15109);
#15108 = CARTESIAN_POINT('',(150.4,-53.1,-5.3));
#15109 = VECTOR('',#15110,1.);
#15110 = DIRECTION('',(0.,0.,1.));
#15111 = PCURVE('',#10083,#15112);
#15112 = DEFINITIONAL_REPRESENTATION('',(#15113),#15117);
#15113 = LINE('',#15114,#15115);
#15114 = CARTESIAN_POINT('',(97.3,5.9));
#15115 = VECTOR('',#15116,1.);
#15116 = DIRECTION('',(0.,-1.));
#15117 = ( GEOMETRIC_REPRESENTATION_CONTEXT(2) 
PARAMETRIC_REPRESENTATION_CONTEXT() REPRESENTATION_CONTEXT('2D SPACE',''
  ) );
#15118 = PCURVE('',#12040,#15119);
#15119 = DEFINITIONAL_REPRESENTATION('',(#15120),#15124);
#15120 = LINE('',#15121,#15122);
#15121 = CARTESIAN_POINT('',(0.,3.5));
#15122 = VECTOR('',#15123,1.);
#15123 = DIRECTION('',(1.,0.));
#15124 = ( GEOMETRIC_REPRESENTATION_CONTEXT(2) 
PARAMETRIC_REPRESENTATION_CONTEXT() REPRESENTATION_CONTEXT('2D SPACE',''
  ) );
#15125 = ORIENTED_EDGE('',*,*,#12002,.F.);
#15126 = ORIENTED_EDGE('',*,*,#15127,.F.);
#15127 = EDGE_CURVE('',#15128,#11977,#15130,.T.);
#15128 = VERTEX_POINT('',#15129);
#15129 = CARTESIAN_POINT('',(150.4,-122.,0.));
#15130 = SURFACE_CURVE('',#15131,(#15135,#15142),.PCURVE_S1.);
#15131 = LINE('',#15132,#15133);
#15132 = CARTESIAN_POINT('',(150.4,-122.,-5.25));
#15133 = VECTOR('',#15134,1.);
#15134 = DIRECTION('',(0.,0.,-1.));
#15135 = PCURVE('',#10083,#15136);
#15136 = DEFINITIONAL_REPRESENTATION('',(#15137),#15141);
#15137 = LINE('',#15138,#15139);
#15138 = CARTESIAN_POINT('',(28.4,5.85));
#15139 = VECTOR('',#15140,1.);
#15140 = DIRECTION('',(0.,1.));
#15141 = ( GEOMETRIC_REPRESENTATION_CONTEXT(2) 
PARAMETRIC_REPRESENTATION_CONTEXT() REPRESENTATION_CONTEXT('2D SPACE',''
  ) );
#15142 = PCURVE('',#11991,#15143);
#15143 = DEFINITIONAL_REPRESENTATION('',(#15144),#15147);
#15144 = B_SPLINE_CURVE_WITH_KNOTS('',1,(#15145,#15146),.UNSPECIFIED.,
  .F.,.F.,(2,2),(-5.25,-5.E-02),.PIECEWISE_BEZIER_KNOTS.);
#15145 = CARTESIAN_POINT('',(5.3,2.));
#15146 = CARTESIAN_POINT('',(1.E-01,2.));
#15147 = ( GEOMETRIC_REPRESENTATION_CONTEXT(2) 
PARAMETRIC_REPRESENTATION_CONTEXT() REPRESENTATION_CONTEXT('2D SPACE',''
  ) );
#15148 = ORIENTED_EDGE('',*,*,#15149,.F.);
#15149 = EDGE_CURVE('',#15150,#15128,#15152,.T.);
#15150 = VERTEX_POINT('',#15151);
#15151 = CARTESIAN_POINT('',(150.4,-130.,0.));
#15152 = SURFACE_CURVE('',#15153,(#15157,#15164),.PCURVE_S1.);
#15153 = LINE('',#15154,#15155);
#15154 = CARTESIAN_POINT('',(150.4,-140.2,0.));
#15155 = VECTOR('',#15156,1.);
#15156 = DIRECTION('',(0.,1.,-0.));
#15157 = PCURVE('',#10083,#15158);
#15158 = DEFINITIONAL_REPRESENTATION('',(#15159),#15163);
#15159 = LINE('',#15160,#15161);
#15160 = CARTESIAN_POINT('',(10.2,0.6));
#15161 = VECTOR('',#15162,1.);
#15162 = DIRECTION('',(1.,0.));
#15163 = ( GEOMETRIC_REPRESENTATION_CONTEXT(2) 
PARAMETRIC_REPRESENTATION_CONTEXT() REPRESENTATION_CONTEXT('2D SPACE',''
  ) );
#15164 = PCURVE('',#15165,#15170);
#15165 = PLANE('',#15166);
#15166 = AXIS2_PLACEMENT_3D('',#15167,#15168,#15169);
#15167 = CARTESIAN_POINT('',(148.4,-130.,0.));
#15168 = DIRECTION('',(0.,0.,1.));
#15169 = DIRECTION('',(1.,0.,0.));
#15170 = DEFINITIONAL_REPRESENTATION('',(#15171),#15174);
#15171 = B_SPLINE_CURVE_WITH_KNOTS('',1,(#15172,#15173),.UNSPECIFIED.,
  .F.,.F.,(2,2),(10.2,18.2),.PIECEWISE_BEZIER_KNOTS.);
#15172 = CARTESIAN_POINT('',(2.,0.));
#15173 = CARTESIAN_POINT('',(2.,8.));
#15174 = ( GEOMETRIC_REPRESENTATION_CONTEXT(2) 
PARAMETRIC_REPRESENTATION_CONTEXT() REPRESENTATION_CONTEXT('2D SPACE',''
  ) );
#15175 = ORIENTED_EDGE('',*,*,#15176,.T.);
#15176 = EDGE_CURVE('',#15150,#11902,#15177,.T.);
#15177 = SURFACE_CURVE('',#15178,(#15182,#15189),.PCURVE_S1.);
#15178 = LINE('',#15179,#15180);
#15179 = CARTESIAN_POINT('',(150.4,-130.,-5.25));
#15180 = VECTOR('',#15181,1.);
#15181 = DIRECTION('',(0.,0.,-1.));
#15182 = PCURVE('',#10083,#15183);
#15183 = DEFINITIONAL_REPRESENTATION('',(#15184),#15188);
#15184 = LINE('',#15185,#15186);
#15185 = CARTESIAN_POINT('',(20.4,5.85));
#15186 = VECTOR('',#15187,1.);
#15187 = DIRECTION('',(0.,1.));
#15188 = ( GEOMETRIC_REPRESENTATION_CONTEXT(2) 
PARAMETRIC_REPRESENTATION_CONTEXT() REPRESENTATION_CONTEXT('2D SPACE',''
  ) );
#15189 = PCURVE('',#11939,#15190);
#15190 = DEFINITIONAL_REPRESENTATION('',(#15191),#15194);
#15191 = B_SPLINE_CURVE_WITH_KNOTS('',1,(#15192,#15193),.UNSPECIFIED.,
  .F.,.F.,(2,2),(-5.25,-5.E-02),.PIECEWISE_BEZIER_KNOTS.);
#15192 = CARTESIAN_POINT('',(5.3,2.));
#15193 = CARTESIAN_POINT('',(1.E-01,2.));
#15194 = ( GEOMETRIC_REPRESENTATION_CONTEXT(2) 
PARAMETRIC_REPRESENTATION_CONTEXT() REPRESENTATION_CONTEXT('2D SPACE',''
  ) );
#15195 = ORIENTED_EDGE('',*,*,#11901,.F.);
#15196 = ORIENTED_EDGE('',*,*,#15197,.T.);
#15197 = EDGE_CURVE('',#11876,#12848,#15198,.T.);
#15198 = SURFACE_CURVE('',#15199,(#15203,#15210),.PCURVE_S1.);
#15199 = LINE('',#15200,#15201);
#15200 = CARTESIAN_POINT('',(150.4,-146.9,-5.3));
#15201 = VECTOR('',#15202,1.);
#15202 = DIRECTION('',(0.,0.,1.));
#15203 = PCURVE('',#10083,#15204);
#15204 = DEFINITIONAL_REPRESENTATION('',(#15205),#15209);
#15205 = LINE('',#15206,#15207);
#15206 = CARTESIAN_POINT('',(3.5,5.9));
#15207 = VECTOR('',#15208,1.);
#15208 = DIRECTION('',(0.,-1.));
#15209 = ( GEOMETRIC_REPRESENTATION_CONTEXT(2) 
PARAMETRIC_REPRESENTATION_CONTEXT() REPRESENTATION_CONTEXT('2D SPACE',''
  ) );
#15210 = PCURVE('',#11890,#15211);
#15211 = DEFINITIONAL_REPRESENTATION('',(#15212),#15216);
#15212 = LINE('',#15213,#15214);
#15213 = CARTESIAN_POINT('',(0.,3.5));
#15214 = VECTOR('',#15215,1.);
#15215 = DIRECTION('',(1.,0.));
#15216 = ( GEOMETRIC_REPRESENTATION_CONTEXT(2) 
PARAMETRIC_REPRESENTATION_CONTEXT() REPRESENTATION_CONTEXT('2D SPACE',''
  ) );
#15217 = ORIENTED_EDGE('',*,*,#12847,.F.);
#15218 = ORIENTED_EDGE('',*,*,#11545,.F.);
#15219 = ORIENTED_EDGE('',*,*,#10958,.F.);
#15220 = ORIENTED_EDGE('',*,*,#11037,.T.);
#15221 = ORIENTED_EDGE('',*,*,#11289,.T.);
#15222 = ORIENTED_EDGE('',*,*,#15223,.F.);
#15223 = EDGE_CURVE('',#15028,#11262,#15224,.T.);
#15224 = SURFACE_CURVE('',#15225,(#15229,#15235),.PCURVE_S1.);
#15225 = LINE('',#15226,#15227);
#15226 = CARTESIAN_POINT('',(150.4,-114.2,1.1));
#15227 = VECTOR('',#15228,1.);
#15228 = DIRECTION('',(0.,0.,-1.));
#15229 = PCURVE('',#10083,#15230);
#15230 = DEFINITIONAL_REPRESENTATION('',(#15231),#15234);
#15231 = B_SPLINE_CURVE_WITH_KNOTS('',1,(#15232,#15233),.UNSPECIFIED.,
  .F.,.F.,(2,2),(-9.5,-0.5),.PIECEWISE_BEZIER_KNOTS.);
#15232 = CARTESIAN_POINT('',(36.2,-10.));
#15233 = CARTESIAN_POINT('',(36.2,-1.));
#15234 = ( GEOMETRIC_REPRESENTATION_CONTEXT(2) 
PARAMETRIC_REPRESENTATION_CONTEXT() REPRESENTATION_CONTEXT('2D SPACE',''
  ) );
#15235 = PCURVE('',#11277,#15236);
#15236 = DEFINITIONAL_REPRESENTATION('',(#15237),#15240);
#15237 = B_SPLINE_CURVE_WITH_KNOTS('',1,(#15238,#15239),.UNSPECIFIED.,
  .F.,.F.,(2,2),(-9.5,-0.5),.PIECEWISE_BEZIER_KNOTS.);
#15238 = CARTESIAN_POINT('',(9.,5.000000000001E-02));
#15239 = CARTESIAN_POINT('',(0.,5.000000000001E-02));
#15240 = ( GEOMETRIC_REPRESENTATION_CONTEXT(2) 
PARAMETRIC_REPRESENTATION_CONTEXT() REPRESENTATION_CONTEXT('2D SPACE',''
  ) );
#15241 = FACE_BOUND('',#15242,.T.);
#15242 = EDGE_LOOP('',(#15243,#15266,#15287,#15308));
#15243 = ORIENTED_EDGE('',*,*,#15244,.F.);
#15244 = EDGE_CURVE('',#15245,#15247,#15249,.T.);
#15245 = VERTEX_POINT('',#15246);
#15246 = CARTESIAN_POINT('',(150.4,-95.7,5.65));
#15247 = VERTEX_POINT('',#15248);
#15248 = CARTESIAN_POINT('',(150.4,-79.9,5.65));
#15249 = SURFACE_CURVE('',#15250,(#15254,#15260),.PCURVE_S1.);
#15250 = LINE('',#15251,#15252);
#15251 = CARTESIAN_POINT('',(150.4,-123.05,5.65));
#15252 = VECTOR('',#15253,1.);
#15253 = DIRECTION('',(0.,1.,-0.));
#15254 = PCURVE('',#10083,#15255);
#15255 = DEFINITIONAL_REPRESENTATION('',(#15256),#15259);
#15256 = B_SPLINE_CURVE_WITH_KNOTS('',1,(#15257,#15258),.UNSPECIFIED.,
  .F.,.F.,(2,2),(27.35,43.15),.PIECEWISE_BEZIER_KNOTS.);
#15257 = CARTESIAN_POINT('',(54.7,-5.05));
#15258 = CARTESIAN_POINT('',(70.5,-5.05));
#15259 = ( GEOMETRIC_REPRESENTATION_CONTEXT(2) 
PARAMETRIC_REPRESENTATION_CONTEXT() REPRESENTATION_CONTEXT('2D SPACE',''
  ) );
#15260 = PCURVE('',#14278,#15261);
#15261 = DEFINITIONAL_REPRESENTATION('',(#15262),#15265);
#15262 = B_SPLINE_CURVE_WITH_KNOTS('',1,(#15263,#15264),.UNSPECIFIED.,
  .F.,.F.,(2,2),(27.35,43.15),.PIECEWISE_BEZIER_KNOTS.);
#15263 = CARTESIAN_POINT('',(5.000000000001E-02,0.));
#15264 = CARTESIAN_POINT('',(5.000000000001E-02,15.8));
#15265 = ( GEOMETRIC_REPRESENTATION_CONTEXT(2) 
PARAMETRIC_REPRESENTATION_CONTEXT() REPRESENTATION_CONTEXT('2D SPACE',''
  ) );
#15266 = ORIENTED_EDGE('',*,*,#15267,.T.);
#15267 = EDGE_CURVE('',#15245,#15268,#15270,.T.);
#15268 = VERTEX_POINT('',#15269);
#15269 = CARTESIAN_POINT('',(150.4,-95.7,1.6));
#15270 = SURFACE_CURVE('',#15271,(#15275,#15281),.PCURVE_S1.);
#15271 = LINE('',#15272,#15273);
#15272 = CARTESIAN_POINT('',(150.4,-95.7,1.1));
#15273 = VECTOR('',#15274,1.);
#15274 = DIRECTION('',(0.,0.,-1.));
#15275 = PCURVE('',#10083,#15276);
#15276 = DEFINITIONAL_REPRESENTATION('',(#15277),#15280);
#15277 = B_SPLINE_CURVE_WITH_KNOTS('',1,(#15278,#15279),.UNSPECIFIED.,
  .F.,.F.,(2,2),(-4.55,-0.5),.PIECEWISE_BEZIER_KNOTS.);
#15278 = CARTESIAN_POINT('',(54.7,-5.05));
#15279 = CARTESIAN_POINT('',(54.7,-1.));
#15280 = ( GEOMETRIC_REPRESENTATION_CONTEXT(2) 
PARAMETRIC_REPRESENTATION_CONTEXT() REPRESENTATION_CONTEXT('2D SPACE',''
  ) );
#15281 = PCURVE('',#14302,#15282);
#15282 = DEFINITIONAL_REPRESENTATION('',(#15283),#15286);
#15283 = B_SPLINE_CURVE_WITH_KNOTS('',1,(#15284,#15285),.UNSPECIFIED.,
  .F.,.F.,(2,2),(-4.55,-0.5),.PIECEWISE_BEZIER_KNOTS.);
#15284 = CARTESIAN_POINT('',(4.05,5.000000000001E-02));
#15285 = CARTESIAN_POINT('',(0.,5.000000000001E-02));
#15286 = ( GEOMETRIC_REPRESENTATION_CONTEXT(2) 
PARAMETRIC_REPRESENTATION_CONTEXT() REPRESENTATION_CONTEXT('2D SPACE',''
  ) );
#15287 = ORIENTED_EDGE('',*,*,#15288,.T.);
#15288 = EDGE_CURVE('',#15268,#15289,#15291,.T.);
#15289 = VERTEX_POINT('',#15290);
#15290 = CARTESIAN_POINT('',(150.4,-79.9,1.6));
#15291 = SURFACE_CURVE('',#15292,(#15296,#15302),.PCURVE_S1.);
#15292 = LINE('',#15293,#15294);
#15293 = CARTESIAN_POINT('',(150.4,-123.05,1.6));
#15294 = VECTOR('',#15295,1.);
#15295 = DIRECTION('',(0.,1.,-0.));
#15296 = PCURVE('',#10083,#15297);
#15297 = DEFINITIONAL_REPRESENTATION('',(#15298),#15301);
#15298 = B_SPLINE_CURVE_WITH_KNOTS('',1,(#15299,#15300),.UNSPECIFIED.,
  .F.,.F.,(2,2),(27.35,43.15),.PIECEWISE_BEZIER_KNOTS.);
#15299 = CARTESIAN_POINT('',(54.7,-1.));
#15300 = CARTESIAN_POINT('',(70.5,-1.));
#15301 = ( GEOMETRIC_REPRESENTATION_CONTEXT(2) 
PARAMETRIC_REPRESENTATION_CONTEXT() REPRESENTATION_CONTEXT('2D SPACE',''
  ) );
#15302 = PCURVE('',#10424,#15303);
#15303 = DEFINITIONAL_REPRESENTATION('',(#15304),#15307);
#15304 = B_SPLINE_CURVE_WITH_KNOTS('',1,(#15305,#15306),.UNSPECIFIED.,
  .F.,.F.,(2,2),(27.35,43.15),.PIECEWISE_BEZIER_KNOTS.);
#15305 = CARTESIAN_POINT('',(5.000000000001E-02,0.));
#15306 = CARTESIAN_POINT('',(5.000000000001E-02,15.8));
#15307 = ( GEOMETRIC_REPRESENTATION_CONTEXT(2) 
PARAMETRIC_REPRESENTATION_CONTEXT() REPRESENTATION_CONTEXT('2D SPACE',''
  ) );
#15308 = ORIENTED_EDGE('',*,*,#15309,.F.);
#15309 = EDGE_CURVE('',#15247,#15289,#15310,.T.);
#15310 = SURFACE_CURVE('',#15311,(#15315,#15321),.PCURVE_S1.);
#15311 = LINE('',#15312,#15313);
#15312 = CARTESIAN_POINT('',(150.4,-79.9,1.1));
#15313 = VECTOR('',#15314,1.);
#15314 = DIRECTION('',(0.,0.,-1.));
#15315 = PCURVE('',#10083,#15316);
#15316 = DEFINITIONAL_REPRESENTATION('',(#15317),#15320);
#15317 = B_SPLINE_CURVE_WITH_KNOTS('',1,(#15318,#15319),.UNSPECIFIED.,
  .F.,.F.,(2,2),(-4.55,-0.5),.PIECEWISE_BEZIER_KNOTS.);
#15318 = CARTESIAN_POINT('',(70.5,-5.05));
#15319 = CARTESIAN_POINT('',(70.5,-1.));
#15320 = ( GEOMETRIC_REPRESENTATION_CONTEXT(2) 
PARAMETRIC_REPRESENTATION_CONTEXT() REPRESENTATION_CONTEXT('2D SPACE',''
  ) );
#15321 = PCURVE('',#14252,#15322);
#15322 = DEFINITIONAL_REPRESENTATION('',(#15323),#15326);
#15323 = B_SPLINE_CURVE_WITH_KNOTS('',1,(#15324,#15325),.UNSPECIFIED.,
  .F.,.F.,(2,2),(-4.55,-0.5),.PIECEWISE_BEZIER_KNOTS.);
#15324 = CARTESIAN_POINT('',(4.05,5.000000000001E-02));
#15325 = CARTESIAN_POINT('',(0.,5.000000000001E-02));
#15326 = ( GEOMETRIC_REPRESENTATION_CONTEXT(2) 
PARAMETRIC_REPRESENTATION_CONTEXT() REPRESENTATION_CONTEXT('2D SPACE',''
  ) );
#15327 = FACE_BOUND('',#15328,.T.);
#15328 = EDGE_LOOP('',(#15329,#15330,#15331,#15332));
#15329 = ORIENTED_EDGE('',*,*,#10510,.F.);
#15330 = ORIENTED_EDGE('',*,*,#10651,.T.);
#15331 = ORIENTED_EDGE('',*,*,#10604,.T.);
#15332 = ORIENTED_EDGE('',*,*,#10579,.F.);
#15333 = FACE_BOUND('',#15334,.T.);
#15334 = EDGE_LOOP('',(#15335,#15336,#15337,#15338));
#15335 = ORIENTED_EDGE('',*,*,#10698,.F.);
#15336 = ORIENTED_EDGE('',*,*,#10839,.T.);
#15337 = ORIENTED_EDGE('',*,*,#10792,.T.);
#15338 = ORIENTED_EDGE('',*,*,#10767,.F.);
#15339 = FACE_BOUND('',#15340,.T.);
#15340 = EDGE_LOOP('',(#15341,#15342,#15343,#15344));
#15341 = ORIENTED_EDGE('',*,*,#10211,.F.);
#15342 = ORIENTED_EDGE('',*,*,#10142,.T.);
#15343 = ORIENTED_EDGE('',*,*,#10068,.T.);
#15344 = ORIENTED_EDGE('',*,*,#10236,.F.);
#15345 = ADVANCED_FACE('',(#15346),#10424,.T.);
#15346 = FACE_BOUND('',#15347,.T.);
#15347 = EDGE_LOOP('',(#15348,#15369,#15370,#15391));
#15348 = ORIENTED_EDGE('',*,*,#15349,.F.);
#15349 = EDGE_CURVE('',#15289,#8050,#15350,.T.);
#15350 = SURFACE_CURVE('',#15351,(#15355,#15362),.PCURVE_S1.);
#15351 = LINE('',#15352,#15353);
#15352 = CARTESIAN_POINT('',(150.35,-79.9,1.6));
#15353 = VECTOR('',#15354,1.);
#15354 = DIRECTION('',(1.,0.,0.));
#15355 = PCURVE('',#10424,#15356);
#15356 = DEFINITIONAL_REPRESENTATION('',(#15357),#15361);
#15357 = LINE('',#15358,#15359);
#15358 = CARTESIAN_POINT('',(0.,15.8));
#15359 = VECTOR('',#15360,1.);
#15360 = DIRECTION('',(1.,0.));
#15361 = ( GEOMETRIC_REPRESENTATION_CONTEXT(2) 
PARAMETRIC_REPRESENTATION_CONTEXT() REPRESENTATION_CONTEXT('2D SPACE',''
  ) );
#15362 = PCURVE('',#14252,#15363);
#15363 = DEFINITIONAL_REPRESENTATION('',(#15364),#15368);
#15364 = LINE('',#15365,#15366);
#15365 = CARTESIAN_POINT('',(0.,0.));
#15366 = VECTOR('',#15367,1.);
#15367 = DIRECTION('',(0.,1.));
#15368 = ( GEOMETRIC_REPRESENTATION_CONTEXT(2) 
PARAMETRIC_REPRESENTATION_CONTEXT() REPRESENTATION_CONTEXT('2D SPACE',''
  ) );
#15369 = ORIENTED_EDGE('',*,*,#15288,.F.);
#15370 = ORIENTED_EDGE('',*,*,#15371,.T.);
#15371 = EDGE_CURVE('',#15268,#10409,#15372,.T.);
#15372 = SURFACE_CURVE('',#15373,(#15377,#15384),.PCURVE_S1.);
#15373 = LINE('',#15374,#15375);
#15374 = CARTESIAN_POINT('',(150.35,-95.7,1.6));
#15375 = VECTOR('',#15376,1.);
#15376 = DIRECTION('',(1.,0.,0.));
#15377 = PCURVE('',#10424,#15378);
#15378 = DEFINITIONAL_REPRESENTATION('',(#15379),#15383);
#15379 = LINE('',#15380,#15381);
#15380 = CARTESIAN_POINT('',(0.,0.));
#15381 = VECTOR('',#15382,1.);
#15382 = DIRECTION('',(1.,0.));
#15383 = ( GEOMETRIC_REPRESENTATION_CONTEXT(2) 
PARAMETRIC_REPRESENTATION_CONTEXT() REPRESENTATION_CONTEXT('2D SPACE',''
  ) );
#15384 = PCURVE('',#14302,#15385);
#15385 = DEFINITIONAL_REPRESENTATION('',(#15386),#15390);
#15386 = LINE('',#15387,#15388);
#15387 = CARTESIAN_POINT('',(0.,0.));
#15388 = VECTOR('',#15389,1.);
#15389 = DIRECTION('',(0.,1.));
#15390 = ( GEOMETRIC_REPRESENTATION_CONTEXT(2) 
PARAMETRIC_REPRESENTATION_CONTEXT() REPRESENTATION_CONTEXT('2D SPACE',''
  ) );
#15391 = ORIENTED_EDGE('',*,*,#10408,.T.);
#15392 = ADVANCED_FACE('',(#15393),#11100,.T.);
#15393 = FACE_BOUND('',#15394,.T.);
#15394 = EDGE_LOOP('',(#15395,#15396,#15397,#15398));
#15395 = ORIENTED_EDGE('',*,*,#11160,.T.);
#15396 = ORIENTED_EDGE('',*,*,#11236,.T.);
#15397 = ORIENTED_EDGE('',*,*,#11185,.F.);
#15398 = ORIENTED_EDGE('',*,*,#11084,.F.);
#15399 = ADVANCED_FACE('',(#15400),#11277,.F.);
#15400 = FACE_BOUND('',#15401,.F.);
#15401 = EDGE_LOOP('',(#15402,#15403,#15404,#15405));
#15402 = ORIENTED_EDGE('',*,*,#14171,.T.);
#15403 = ORIENTED_EDGE('',*,*,#11261,.F.);
#15404 = ORIENTED_EDGE('',*,*,#15223,.F.);
#15405 = ORIENTED_EDGE('',*,*,#15406,.F.);
#15406 = EDGE_CURVE('',#14172,#15028,#15407,.T.);
#15407 = SURFACE_CURVE('',#15408,(#15412,#15418),.PCURVE_S1.);
#15408 = LINE('',#15409,#15410);
#15409 = CARTESIAN_POINT('',(125.175,-114.2,10.6));
#15410 = VECTOR('',#15411,1.);
#15411 = DIRECTION('',(-1.,0.,0.));
#15412 = PCURVE('',#11277,#15413);
#15413 = DEFINITIONAL_REPRESENTATION('',(#15414),#15417);
#15414 = B_SPLINE_CURVE_WITH_KNOTS('',1,(#15415,#15416),.UNSPECIFIED.,
  .F.,.F.,(2,2),(-26.425,-25.175),.PIECEWISE_BEZIER_KNOTS.);
#15415 = CARTESIAN_POINT('',(9.,1.25));
#15416 = CARTESIAN_POINT('',(9.,0.));
#15417 = ( GEOMETRIC_REPRESENTATION_CONTEXT(2) 
PARAMETRIC_REPRESENTATION_CONTEXT() REPRESENTATION_CONTEXT('2D SPACE',''
  ) );
#15418 = PCURVE('',#13258,#15419);
#15419 = DEFINITIONAL_REPRESENTATION('',(#15420),#15423);
#15420 = B_SPLINE_CURVE_WITH_KNOTS('',1,(#15421,#15422),.UNSPECIFIED.,
  .F.,.F.,(2,2),(-26.425,-25.175),.PIECEWISE_BEZIER_KNOTS.);
#15421 = CARTESIAN_POINT('',(51.6,-14.2));
#15422 = CARTESIAN_POINT('',(50.35,-14.2));
#15423 = ( GEOMETRIC_REPRESENTATION_CONTEXT(2) 
PARAMETRIC_REPRESENTATION_CONTEXT() REPRESENTATION_CONTEXT('2D SPACE',''
  ) );
#15424 = ADVANCED_FACE('',(#15425),#11684,.T.);
#15425 = FACE_BOUND('',#15426,.T.);
#15426 = EDGE_LOOP('',(#15427,#15428,#15447,#15448));
#15427 = ORIENTED_EDGE('',*,*,#12727,.T.);
#15428 = ORIENTED_EDGE('',*,*,#15429,.F.);
#15429 = EDGE_CURVE('',#11669,#12707,#15430,.T.);
#15430 = SURFACE_CURVE('',#15431,(#15435,#15441),.PCURVE_S1.);
#15431 = LINE('',#15432,#15433);
#15432 = CARTESIAN_POINT('',(53.1,-148.4,-5.3));
#15433 = VECTOR('',#15434,1.);
#15434 = DIRECTION('',(0.,0.,-1.));
#15435 = PCURVE('',#11684,#15436);
#15436 = DEFINITIONAL_REPRESENTATION('',(#15437),#15440);
#15437 = B_SPLINE_CURVE_WITH_KNOTS('',1,(#15438,#15439),.UNSPECIFIED.,
  .F.,.F.,(2,2),(-5.3,0.),.PIECEWISE_BEZIER_KNOTS.);
#15438 = CARTESIAN_POINT('',(5.3,3.7));
#15439 = CARTESIAN_POINT('',(0.,3.7));
#15440 = ( GEOMETRIC_REPRESENTATION_CONTEXT(2) 
PARAMETRIC_REPRESENTATION_CONTEXT() REPRESENTATION_CONTEXT('2D SPACE',''
  ) );
#15441 = PCURVE('',#11712,#15442);
#15442 = DEFINITIONAL_REPRESENTATION('',(#15443),#15446);
#15443 = B_SPLINE_CURVE_WITH_KNOTS('',1,(#15444,#15445),.UNSPECIFIED.,
  .F.,.F.,(2,2),(-5.3,0.),.PIECEWISE_BEZIER_KNOTS.);
#15444 = CARTESIAN_POINT('',(5.3,-2.));
#15445 = CARTESIAN_POINT('',(0.,-2.));
#15446 = ( GEOMETRIC_REPRESENTATION_CONTEXT(2) 
PARAMETRIC_REPRESENTATION_CONTEXT() REPRESENTATION_CONTEXT('2D SPACE',''
  ) );
#15447 = ORIENTED_EDGE('',*,*,#11668,.T.);
#15448 = ORIENTED_EDGE('',*,*,#11776,.F.);
#15449 = ADVANCED_FACE('',(#15450),#11712,.T.);
#15450 = FACE_BOUND('',#15451,.T.);
#15451 = EDGE_LOOP('',(#15452,#15453,#15454,#15475));
#15452 = ORIENTED_EDGE('',*,*,#15429,.T.);
#15453 = ORIENTED_EDGE('',*,*,#12706,.T.);
#15454 = ORIENTED_EDGE('',*,*,#15455,.T.);
#15455 = EDGE_CURVE('',#12686,#11697,#15456,.T.);
#15456 = SURFACE_CURVE('',#15457,(#15461,#15468),.PCURVE_S1.);
#15457 = LINE('',#15458,#15459);
#15458 = CARTESIAN_POINT('',(53.1,-146.9,-5.3));
#15459 = VECTOR('',#15460,1.);
#15460 = DIRECTION('',(0.,0.,1.));
#15461 = PCURVE('',#11712,#15462);
#15462 = DEFINITIONAL_REPRESENTATION('',(#15463),#15467);
#15463 = LINE('',#15464,#15465);
#15464 = CARTESIAN_POINT('',(0.,-3.5));
#15465 = VECTOR('',#15466,1.);
#15466 = DIRECTION('',(1.,0.));
#15467 = ( GEOMETRIC_REPRESENTATION_CONTEXT(2) 
PARAMETRIC_REPRESENTATION_CONTEXT() REPRESENTATION_CONTEXT('2D SPACE',''
  ) );
#15468 = PCURVE('',#11738,#15469);
#15469 = DEFINITIONAL_REPRESENTATION('',(#15470),#15474);
#15470 = LINE('',#15471,#15472);
#15471 = CARTESIAN_POINT('',(0.,3.5));
#15472 = VECTOR('',#15473,1.);
#15473 = DIRECTION('',(1.,0.));
#15474 = ( GEOMETRIC_REPRESENTATION_CONTEXT(2) 
PARAMETRIC_REPRESENTATION_CONTEXT() REPRESENTATION_CONTEXT('2D SPACE',''
  ) );
#15475 = ORIENTED_EDGE('',*,*,#11696,.F.);
#15476 = ADVANCED_FACE('',(#15477),#11738,.T.);
#15477 = FACE_BOUND('',#15478,.T.);
#15478 = EDGE_LOOP('',(#15479,#15480,#15481,#15482));
#15479 = ORIENTED_EDGE('',*,*,#15455,.F.);
#15480 = ORIENTED_EDGE('',*,*,#12685,.T.);
#15481 = ORIENTED_EDGE('',*,*,#12931,.T.);
#15482 = ORIENTED_EDGE('',*,*,#11724,.T.);
#15483 = ADVANCED_FACE('',(#15484),#12651,.F.);
#15484 = FACE_BOUND('',#15485,.F.);
#15485 = EDGE_LOOP('',(#15486,#15509,#15510,#15511));
#15486 = ORIENTED_EDGE('',*,*,#15487,.F.);
#15487 = EDGE_CURVE('',#12611,#15488,#15490,.T.);
#15488 = VERTEX_POINT('',#15489);
#15489 = CARTESIAN_POINT('',(51.6,-144.,0.));
#15490 = SURFACE_CURVE('',#15491,(#15495,#15502),.PCURVE_S1.);
#15491 = LINE('',#15492,#15493);
#15492 = CARTESIAN_POINT('',(51.6,-144.,-5.3));
#15493 = VECTOR('',#15494,1.);
#15494 = DIRECTION('',(0.,0.,1.));
#15495 = PCURVE('',#12651,#15496);
#15496 = DEFINITIONAL_REPRESENTATION('',(#15497),#15501);
#15497 = LINE('',#15498,#15499);
#15498 = CARTESIAN_POINT('',(0.,2.1));
#15499 = VECTOR('',#15500,1.);
#15500 = DIRECTION('',(1.,0.));
#15501 = ( GEOMETRIC_REPRESENTATION_CONTEXT(2) 
PARAMETRIC_REPRESENTATION_CONTEXT() REPRESENTATION_CONTEXT('2D SPACE',''
  ) );
#15502 = PCURVE('',#12625,#15503);
#15503 = DEFINITIONAL_REPRESENTATION('',(#15504),#15508);
#15504 = LINE('',#15505,#15506);
#15505 = CARTESIAN_POINT('',(0.,0.));
#15506 = VECTOR('',#15507,1.);
#15507 = DIRECTION('',(1.,0.));
#15508 = ( GEOMETRIC_REPRESENTATION_CONTEXT(2) 
PARAMETRIC_REPRESENTATION_CONTEXT() REPRESENTATION_CONTEXT('2D SPACE',''
  ) );
#15509 = ORIENTED_EDGE('',*,*,#12636,.T.);
#15510 = ORIENTED_EDGE('',*,*,#12953,.T.);
#15511 = ORIENTED_EDGE('',*,*,#15512,.T.);
#15512 = EDGE_CURVE('',#12954,#15488,#15513,.T.);
#15513 = SURFACE_CURVE('',#15514,(#15518,#15525),.PCURVE_S1.);
#15514 = LINE('',#15515,#15516);
#15515 = CARTESIAN_POINT('',(49.5,-144.,0.));
#15516 = VECTOR('',#15517,1.);
#15517 = DIRECTION('',(1.,0.,0.));
#15518 = PCURVE('',#12651,#15519);
#15519 = DEFINITIONAL_REPRESENTATION('',(#15520),#15524);
#15520 = LINE('',#15521,#15522);
#15521 = CARTESIAN_POINT('',(5.3,0.));
#15522 = VECTOR('',#15523,1.);
#15523 = DIRECTION('',(0.,1.));
#15524 = ( GEOMETRIC_REPRESENTATION_CONTEXT(2) 
PARAMETRIC_REPRESENTATION_CONTEXT() REPRESENTATION_CONTEXT('2D SPACE',''
  ) );
#15525 = PCURVE('',#12991,#15526);
#15526 = DEFINITIONAL_REPRESENTATION('',(#15527),#15531);
#15527 = LINE('',#15528,#15529);
#15528 = CARTESIAN_POINT('',(0.,0.));
#15529 = VECTOR('',#15530,1.);
#15530 = DIRECTION('',(1.,0.));
#15531 = ( GEOMETRIC_REPRESENTATION_CONTEXT(2) 
PARAMETRIC_REPRESENTATION_CONTEXT() REPRESENTATION_CONTEXT('2D SPACE',''
  ) );
#15532 = ADVANCED_FACE('',(#15533),#12625,.T.);
#15533 = FACE_BOUND('',#15534,.T.);
#15534 = EDGE_LOOP('',(#15535,#15536,#15537,#15560));
#15535 = ORIENTED_EDGE('',*,*,#15487,.F.);
#15536 = ORIENTED_EDGE('',*,*,#12610,.T.);
#15537 = ORIENTED_EDGE('',*,*,#15538,.T.);
#15538 = EDGE_CURVE('',#12585,#15539,#15541,.T.);
#15539 = VERTEX_POINT('',#15540);
#15540 = CARTESIAN_POINT('',(51.6,-136.,0.));
#15541 = SURFACE_CURVE('',#15542,(#15546,#15553),.PCURVE_S1.);
#15542 = LINE('',#15543,#15544);
#15543 = CARTESIAN_POINT('',(51.6,-136.,-5.3));
#15544 = VECTOR('',#15545,1.);
#15545 = DIRECTION('',(0.,0.,1.));
#15546 = PCURVE('',#12625,#15547);
#15547 = DEFINITIONAL_REPRESENTATION('',(#15548),#15552);
#15548 = LINE('',#15549,#15550);
#15549 = CARTESIAN_POINT('',(0.,-8.));
#15550 = VECTOR('',#15551,1.);
#15551 = DIRECTION('',(1.,0.));
#15552 = ( GEOMETRIC_REPRESENTATION_CONTEXT(2) 
PARAMETRIC_REPRESENTATION_CONTEXT() REPRESENTATION_CONTEXT('2D SPACE',''
  ) );
#15553 = PCURVE('',#12599,#15554);
#15554 = DEFINITIONAL_REPRESENTATION('',(#15555),#15559);
#15555 = LINE('',#15556,#15557);
#15556 = CARTESIAN_POINT('',(0.,2.1));
#15557 = VECTOR('',#15558,1.);
#15558 = DIRECTION('',(1.,0.));
#15559 = ( GEOMETRIC_REPRESENTATION_CONTEXT(2) 
PARAMETRIC_REPRESENTATION_CONTEXT() REPRESENTATION_CONTEXT('2D SPACE',''
  ) );
#15560 = ORIENTED_EDGE('',*,*,#15561,.F.);
#15561 = EDGE_CURVE('',#15488,#15539,#15562,.T.);
#15562 = SURFACE_CURVE('',#15563,(#15567,#15574),.PCURVE_S1.);
#15563 = LINE('',#15564,#15565);
#15564 = CARTESIAN_POINT('',(51.6,-144.,0.));
#15565 = VECTOR('',#15566,1.);
#15566 = DIRECTION('',(0.,1.,0.));
#15567 = PCURVE('',#12625,#15568);
#15568 = DEFINITIONAL_REPRESENTATION('',(#15569),#15573);
#15569 = LINE('',#15570,#15571);
#15570 = CARTESIAN_POINT('',(5.3,0.));
#15571 = VECTOR('',#15572,1.);
#15572 = DIRECTION('',(0.,-1.));
#15573 = ( GEOMETRIC_REPRESENTATION_CONTEXT(2) 
PARAMETRIC_REPRESENTATION_CONTEXT() REPRESENTATION_CONTEXT('2D SPACE',''
  ) );
#15574 = PCURVE('',#12991,#15575);
#15575 = DEFINITIONAL_REPRESENTATION('',(#15576),#15580);
#15576 = LINE('',#15577,#15578);
#15577 = CARTESIAN_POINT('',(2.1,0.));
#15578 = VECTOR('',#15579,1.);
#15579 = DIRECTION('',(0.,1.));
#15580 = ( GEOMETRIC_REPRESENTATION_CONTEXT(2) 
PARAMETRIC_REPRESENTATION_CONTEXT() REPRESENTATION_CONTEXT('2D SPACE',''
  ) );
#15581 = ADVANCED_FACE('',(#15582),#12599,.T.);
#15582 = FACE_BOUND('',#15583,.T.);
#15583 = EDGE_LOOP('',(#15584,#15585,#15586,#15587));
#15584 = ORIENTED_EDGE('',*,*,#15538,.F.);
#15585 = ORIENTED_EDGE('',*,*,#12584,.T.);
#15586 = ORIENTED_EDGE('',*,*,#13002,.T.);
#15587 = ORIENTED_EDGE('',*,*,#15588,.T.);
#15588 = EDGE_CURVE('',#12976,#15539,#15589,.T.);
#15589 = SURFACE_CURVE('',#15590,(#15594,#15601),.PCURVE_S1.);
#15590 = LINE('',#15591,#15592);
#15591 = CARTESIAN_POINT('',(49.5,-136.,0.));
#15592 = VECTOR('',#15593,1.);
#15593 = DIRECTION('',(1.,0.,0.));
#15594 = PCURVE('',#12599,#15595);
#15595 = DEFINITIONAL_REPRESENTATION('',(#15596),#15600);
#15596 = LINE('',#15597,#15598);
#15597 = CARTESIAN_POINT('',(5.3,0.));
#15598 = VECTOR('',#15599,1.);
#15599 = DIRECTION('',(0.,1.));
#15600 = ( GEOMETRIC_REPRESENTATION_CONTEXT(2) 
PARAMETRIC_REPRESENTATION_CONTEXT() REPRESENTATION_CONTEXT('2D SPACE',''
  ) );
#15601 = PCURVE('',#12991,#15602);
#15602 = DEFINITIONAL_REPRESENTATION('',(#15603),#15607);
#15603 = LINE('',#15604,#15605);
#15604 = CARTESIAN_POINT('',(0.,8.));
#15605 = VECTOR('',#15606,1.);
#15606 = DIRECTION('',(1.,0.));
#15607 = ( GEOMETRIC_REPRESENTATION_CONTEXT(2) 
PARAMETRIC_REPRESENTATION_CONTEXT() REPRESENTATION_CONTEXT('2D SPACE',''
  ) );
#15608 = ADVANCED_FACE('',(#15609),#12550,.F.);
#15609 = FACE_BOUND('',#15610,.F.);
#15610 = EDGE_LOOP('',(#15611,#15634,#15635,#15636));
#15611 = ORIENTED_EDGE('',*,*,#15612,.F.);
#15612 = EDGE_CURVE('',#12510,#15613,#15615,.T.);
#15613 = VERTEX_POINT('',#15614);
#15614 = CARTESIAN_POINT('',(51.6,-116.,0.));
#15615 = SURFACE_CURVE('',#15616,(#15620,#15627),.PCURVE_S1.);
#15616 = LINE('',#15617,#15618);
#15617 = CARTESIAN_POINT('',(51.6,-116.,-5.3));
#15618 = VECTOR('',#15619,1.);
#15619 = DIRECTION('',(0.,0.,1.));
#15620 = PCURVE('',#12550,#15621);
#15621 = DEFINITIONAL_REPRESENTATION('',(#15622),#15626);
#15622 = LINE('',#15623,#15624);
#15623 = CARTESIAN_POINT('',(0.,2.1));
#15624 = VECTOR('',#15625,1.);
#15625 = DIRECTION('',(1.,0.));
#15626 = ( GEOMETRIC_REPRESENTATION_CONTEXT(2) 
PARAMETRIC_REPRESENTATION_CONTEXT() REPRESENTATION_CONTEXT('2D SPACE',''
  ) );
#15627 = PCURVE('',#12524,#15628);
#15628 = DEFINITIONAL_REPRESENTATION('',(#15629),#15633);
#15629 = LINE('',#15630,#15631);
#15630 = CARTESIAN_POINT('',(0.,0.));
#15631 = VECTOR('',#15632,1.);
#15632 = DIRECTION('',(1.,0.));
#15633 = ( GEOMETRIC_REPRESENTATION_CONTEXT(2) 
PARAMETRIC_REPRESENTATION_CONTEXT() REPRESENTATION_CONTEXT('2D SPACE',''
  ) );
#15634 = ORIENTED_EDGE('',*,*,#12535,.T.);
#15635 = ORIENTED_EDGE('',*,*,#13023,.T.);
#15636 = ORIENTED_EDGE('',*,*,#15637,.T.);
#15637 = EDGE_CURVE('',#13024,#15613,#15638,.T.);
#15638 = SURFACE_CURVE('',#15639,(#15643,#15650),.PCURVE_S1.);
#15639 = LINE('',#15640,#15641);
#15640 = CARTESIAN_POINT('',(49.5,-116.,0.));
#15641 = VECTOR('',#15642,1.);
#15642 = DIRECTION('',(1.,0.,0.));
#15643 = PCURVE('',#12550,#15644);
#15644 = DEFINITIONAL_REPRESENTATION('',(#15645),#15649);
#15645 = LINE('',#15646,#15647);
#15646 = CARTESIAN_POINT('',(5.3,0.));
#15647 = VECTOR('',#15648,1.);
#15648 = DIRECTION('',(0.,1.));
#15649 = ( GEOMETRIC_REPRESENTATION_CONTEXT(2) 
PARAMETRIC_REPRESENTATION_CONTEXT() REPRESENTATION_CONTEXT('2D SPACE',''
  ) );
#15650 = PCURVE('',#13061,#15651);
#15651 = DEFINITIONAL_REPRESENTATION('',(#15652),#15656);
#15652 = LINE('',#15653,#15654);
#15653 = CARTESIAN_POINT('',(0.,0.));
#15654 = VECTOR('',#15655,1.);
#15655 = DIRECTION('',(1.,0.));
#15656 = ( GEOMETRIC_REPRESENTATION_CONTEXT(2) 
PARAMETRIC_REPRESENTATION_CONTEXT() REPRESENTATION_CONTEXT('2D SPACE',''
  ) );
#15657 = ADVANCED_FACE('',(#15658),#12524,.T.);
#15658 = FACE_BOUND('',#15659,.T.);
#15659 = EDGE_LOOP('',(#15660,#15661,#15662,#15685));
#15660 = ORIENTED_EDGE('',*,*,#15612,.F.);
#15661 = ORIENTED_EDGE('',*,*,#12509,.T.);
#15662 = ORIENTED_EDGE('',*,*,#15663,.T.);
#15663 = EDGE_CURVE('',#12484,#15664,#15666,.T.);
#15664 = VERTEX_POINT('',#15665);
#15665 = CARTESIAN_POINT('',(51.6,-108.,0.));
#15666 = SURFACE_CURVE('',#15667,(#15671,#15678),.PCURVE_S1.);
#15667 = LINE('',#15668,#15669);
#15668 = CARTESIAN_POINT('',(51.6,-108.,-5.3));
#15669 = VECTOR('',#15670,1.);
#15670 = DIRECTION('',(0.,0.,1.));
#15671 = PCURVE('',#12524,#15672);
#15672 = DEFINITIONAL_REPRESENTATION('',(#15673),#15677);
#15673 = LINE('',#15674,#15675);
#15674 = CARTESIAN_POINT('',(0.,-8.));
#15675 = VECTOR('',#15676,1.);
#15676 = DIRECTION('',(1.,0.));
#15677 = ( GEOMETRIC_REPRESENTATION_CONTEXT(2) 
PARAMETRIC_REPRESENTATION_CONTEXT() REPRESENTATION_CONTEXT('2D SPACE',''
  ) );
#15678 = PCURVE('',#12498,#15679);
#15679 = DEFINITIONAL_REPRESENTATION('',(#15680),#15684);
#15680 = LINE('',#15681,#15682);
#15681 = CARTESIAN_POINT('',(0.,2.1));
#15682 = VECTOR('',#15683,1.);
#15683 = DIRECTION('',(1.,0.));
#15684 = ( GEOMETRIC_REPRESENTATION_CONTEXT(2) 
PARAMETRIC_REPRESENTATION_CONTEXT() REPRESENTATION_CONTEXT('2D SPACE',''
  ) );
#15685 = ORIENTED_EDGE('',*,*,#15686,.F.);
#15686 = EDGE_CURVE('',#15613,#15664,#15687,.T.);
#15687 = SURFACE_CURVE('',#15688,(#15692,#15699),.PCURVE_S1.);
#15688 = LINE('',#15689,#15690);
#15689 = CARTESIAN_POINT('',(51.6,-116.,0.));
#15690 = VECTOR('',#15691,1.);
#15691 = DIRECTION('',(0.,1.,0.));
#15692 = PCURVE('',#12524,#15693);
#15693 = DEFINITIONAL_REPRESENTATION('',(#15694),#15698);
#15694 = LINE('',#15695,#15696);
#15695 = CARTESIAN_POINT('',(5.3,0.));
#15696 = VECTOR('',#15697,1.);
#15697 = DIRECTION('',(0.,-1.));
#15698 = ( GEOMETRIC_REPRESENTATION_CONTEXT(2) 
PARAMETRIC_REPRESENTATION_CONTEXT() REPRESENTATION_CONTEXT('2D SPACE',''
  ) );
#15699 = PCURVE('',#13061,#15700);
#15700 = DEFINITIONAL_REPRESENTATION('',(#15701),#15705);
#15701 = LINE('',#15702,#15703);
#15702 = CARTESIAN_POINT('',(2.1,0.));
#15703 = VECTOR('',#15704,1.);
#15704 = DIRECTION('',(0.,1.));
#15705 = ( GEOMETRIC_REPRESENTATION_CONTEXT(2) 
PARAMETRIC_REPRESENTATION_CONTEXT() REPRESENTATION_CONTEXT('2D SPACE',''
  ) );
#15706 = ADVANCED_FACE('',(#15707),#12498,.T.);
#15707 = FACE_BOUND('',#15708,.T.);
#15708 = EDGE_LOOP('',(#15709,#15710,#15711,#15712));
#15709 = ORIENTED_EDGE('',*,*,#15663,.F.);
#15710 = ORIENTED_EDGE('',*,*,#12483,.T.);
#15711 = ORIENTED_EDGE('',*,*,#13072,.T.);
#15712 = ORIENTED_EDGE('',*,*,#15713,.T.);
#15713 = EDGE_CURVE('',#13046,#15664,#15714,.T.);
#15714 = SURFACE_CURVE('',#15715,(#15719,#15726),.PCURVE_S1.);
#15715 = LINE('',#15716,#15717);
#15716 = CARTESIAN_POINT('',(49.5,-108.,0.));
#15717 = VECTOR('',#15718,1.);
#15718 = DIRECTION('',(1.,0.,0.));
#15719 = PCURVE('',#12498,#15720);
#15720 = DEFINITIONAL_REPRESENTATION('',(#15721),#15725);
#15721 = LINE('',#15722,#15723);
#15722 = CARTESIAN_POINT('',(5.3,0.));
#15723 = VECTOR('',#15724,1.);
#15724 = DIRECTION('',(0.,1.));
#15725 = ( GEOMETRIC_REPRESENTATION_CONTEXT(2) 
PARAMETRIC_REPRESENTATION_CONTEXT() REPRESENTATION_CONTEXT('2D SPACE',''
  ) );
#15726 = PCURVE('',#13061,#15727);
#15727 = DEFINITIONAL_REPRESENTATION('',(#15728),#15732);
#15728 = LINE('',#15729,#15730);
#15729 = CARTESIAN_POINT('',(0.,8.));
#15730 = VECTOR('',#15731,1.);
#15731 = DIRECTION('',(1.,0.));
#15732 = ( GEOMETRIC_REPRESENTATION_CONTEXT(2) 
PARAMETRIC_REPRESENTATION_CONTEXT() REPRESENTATION_CONTEXT('2D SPACE',''
  ) );
#15733 = ADVANCED_FACE('',(#15734),#12449,.F.);
#15734 = FACE_BOUND('',#15735,.F.);
#15735 = EDGE_LOOP('',(#15736,#15759,#15760,#15761));
#15736 = ORIENTED_EDGE('',*,*,#15737,.F.);
#15737 = EDGE_CURVE('',#12409,#15738,#15740,.T.);
#15738 = VERTEX_POINT('',#15739);
#15739 = CARTESIAN_POINT('',(51.6,-76.7,0.));
#15740 = SURFACE_CURVE('',#15741,(#15745,#15752),.PCURVE_S1.);
#15741 = LINE('',#15742,#15743);
#15742 = CARTESIAN_POINT('',(51.6,-76.7,-5.3));
#15743 = VECTOR('',#15744,1.);
#15744 = DIRECTION('',(0.,0.,1.));
#15745 = PCURVE('',#12449,#15746);
#15746 = DEFINITIONAL_REPRESENTATION('',(#15747),#15751);
#15747 = LINE('',#15748,#15749);
#15748 = CARTESIAN_POINT('',(0.,2.1));
#15749 = VECTOR('',#15750,1.);
#15750 = DIRECTION('',(1.,0.));
#15751 = ( GEOMETRIC_REPRESENTATION_CONTEXT(2) 
PARAMETRIC_REPRESENTATION_CONTEXT() REPRESENTATION_CONTEXT('2D SPACE',''
  ) );
#15752 = PCURVE('',#12423,#15753);
#15753 = DEFINITIONAL_REPRESENTATION('',(#15754),#15758);
#15754 = LINE('',#15755,#15756);
#15755 = CARTESIAN_POINT('',(0.,0.));
#15756 = VECTOR('',#15757,1.);
#15757 = DIRECTION('',(1.,0.));
#15758 = ( GEOMETRIC_REPRESENTATION_CONTEXT(2) 
PARAMETRIC_REPRESENTATION_CONTEXT() REPRESENTATION_CONTEXT('2D SPACE',''
  ) );
#15759 = ORIENTED_EDGE('',*,*,#12434,.T.);
#15760 = ORIENTED_EDGE('',*,*,#13093,.T.);
#15761 = ORIENTED_EDGE('',*,*,#15762,.T.);
#15762 = EDGE_CURVE('',#13094,#15738,#15763,.T.);
#15763 = SURFACE_CURVE('',#15764,(#15768,#15775),.PCURVE_S1.);
#15764 = LINE('',#15765,#15766);
#15765 = CARTESIAN_POINT('',(49.5,-76.7,0.));
#15766 = VECTOR('',#15767,1.);
#15767 = DIRECTION('',(1.,0.,0.));
#15768 = PCURVE('',#12449,#15769);
#15769 = DEFINITIONAL_REPRESENTATION('',(#15770),#15774);
#15770 = LINE('',#15771,#15772);
#15771 = CARTESIAN_POINT('',(5.3,0.));
#15772 = VECTOR('',#15773,1.);
#15773 = DIRECTION('',(0.,1.));
#15774 = ( GEOMETRIC_REPRESENTATION_CONTEXT(2) 
PARAMETRIC_REPRESENTATION_CONTEXT() REPRESENTATION_CONTEXT('2D SPACE',''
  ) );
#15775 = PCURVE('',#13131,#15776);
#15776 = DEFINITIONAL_REPRESENTATION('',(#15777),#15781);
#15777 = LINE('',#15778,#15779);
#15778 = CARTESIAN_POINT('',(0.,0.));
#15779 = VECTOR('',#15780,1.);
#15780 = DIRECTION('',(1.,0.));
#15781 = ( GEOMETRIC_REPRESENTATION_CONTEXT(2) 
PARAMETRIC_REPRESENTATION_CONTEXT() REPRESENTATION_CONTEXT('2D SPACE',''
  ) );
#15782 = ADVANCED_FACE('',(#15783),#12423,.T.);
#15783 = FACE_BOUND('',#15784,.T.);
#15784 = EDGE_LOOP('',(#15785,#15786,#15787,#15810));
#15785 = ORIENTED_EDGE('',*,*,#15737,.F.);
#15786 = ORIENTED_EDGE('',*,*,#12408,.T.);
#15787 = ORIENTED_EDGE('',*,*,#15788,.T.);
#15788 = EDGE_CURVE('',#12383,#15789,#15791,.T.);
#15789 = VERTEX_POINT('',#15790);
#15790 = CARTESIAN_POINT('',(51.6,-68.7,0.));
#15791 = SURFACE_CURVE('',#15792,(#15796,#15803),.PCURVE_S1.);
#15792 = LINE('',#15793,#15794);
#15793 = CARTESIAN_POINT('',(51.6,-68.7,-5.3));
#15794 = VECTOR('',#15795,1.);
#15795 = DIRECTION('',(0.,0.,1.));
#15796 = PCURVE('',#12423,#15797);
#15797 = DEFINITIONAL_REPRESENTATION('',(#15798),#15802);
#15798 = LINE('',#15799,#15800);
#15799 = CARTESIAN_POINT('',(0.,-8.));
#15800 = VECTOR('',#15801,1.);
#15801 = DIRECTION('',(1.,0.));
#15802 = ( GEOMETRIC_REPRESENTATION_CONTEXT(2) 
PARAMETRIC_REPRESENTATION_CONTEXT() REPRESENTATION_CONTEXT('2D SPACE',''
  ) );
#15803 = PCURVE('',#12397,#15804);
#15804 = DEFINITIONAL_REPRESENTATION('',(#15805),#15809);
#15805 = LINE('',#15806,#15807);
#15806 = CARTESIAN_POINT('',(0.,2.1));
#15807 = VECTOR('',#15808,1.);
#15808 = DIRECTION('',(1.,0.));
#15809 = ( GEOMETRIC_REPRESENTATION_CONTEXT(2) 
PARAMETRIC_REPRESENTATION_CONTEXT() REPRESENTATION_CONTEXT('2D SPACE',''
  ) );
#15810 = ORIENTED_EDGE('',*,*,#15811,.F.);
#15811 = EDGE_CURVE('',#15738,#15789,#15812,.T.);
#15812 = SURFACE_CURVE('',#15813,(#15817,#15824),.PCURVE_S1.);
#15813 = LINE('',#15814,#15815);
#15814 = CARTESIAN_POINT('',(51.6,-76.7,0.));
#15815 = VECTOR('',#15816,1.);
#15816 = DIRECTION('',(0.,1.,0.));
#15817 = PCURVE('',#12423,#15818);
#15818 = DEFINITIONAL_REPRESENTATION('',(#15819),#15823);
#15819 = LINE('',#15820,#15821);
#15820 = CARTESIAN_POINT('',(5.3,0.));
#15821 = VECTOR('',#15822,1.);
#15822 = DIRECTION('',(0.,-1.));
#15823 = ( GEOMETRIC_REPRESENTATION_CONTEXT(2) 
PARAMETRIC_REPRESENTATION_CONTEXT() REPRESENTATION_CONTEXT('2D SPACE',''
  ) );
#15824 = PCURVE('',#13131,#15825);
#15825 = DEFINITIONAL_REPRESENTATION('',(#15826),#15830);
#15826 = LINE('',#15827,#15828);
#15827 = CARTESIAN_POINT('',(2.1,0.));
#15828 = VECTOR('',#15829,1.);
#15829 = DIRECTION('',(0.,1.));
#15830 = ( GEOMETRIC_REPRESENTATION_CONTEXT(2) 
PARAMETRIC_REPRESENTATION_CONTEXT() REPRESENTATION_CONTEXT('2D SPACE',''
  ) );
#15831 = ADVANCED_FACE('',(#15832),#12397,.T.);
#15832 = FACE_BOUND('',#15833,.T.);
#15833 = EDGE_LOOP('',(#15834,#15835,#15836,#15837));
#15834 = ORIENTED_EDGE('',*,*,#15788,.F.);
#15835 = ORIENTED_EDGE('',*,*,#12382,.T.);
#15836 = ORIENTED_EDGE('',*,*,#13142,.T.);
#15837 = ORIENTED_EDGE('',*,*,#15838,.T.);
#15838 = EDGE_CURVE('',#13116,#15789,#15839,.T.);
#15839 = SURFACE_CURVE('',#15840,(#15844,#15851),.PCURVE_S1.);
#15840 = LINE('',#15841,#15842);
#15841 = CARTESIAN_POINT('',(49.5,-68.7,0.));
#15842 = VECTOR('',#15843,1.);
#15843 = DIRECTION('',(1.,0.,0.));
#15844 = PCURVE('',#12397,#15845);
#15845 = DEFINITIONAL_REPRESENTATION('',(#15846),#15850);
#15846 = LINE('',#15847,#15848);
#15847 = CARTESIAN_POINT('',(5.3,0.));
#15848 = VECTOR('',#15849,1.);
#15849 = DIRECTION('',(0.,1.));
#15850 = ( GEOMETRIC_REPRESENTATION_CONTEXT(2) 
PARAMETRIC_REPRESENTATION_CONTEXT() REPRESENTATION_CONTEXT('2D SPACE',''
  ) );
#15851 = PCURVE('',#13131,#15852);
#15852 = DEFINITIONAL_REPRESENTATION('',(#15853),#15857);
#15853 = LINE('',#15854,#15855);
#15854 = CARTESIAN_POINT('',(0.,8.));
#15855 = VECTOR('',#15856,1.);
#15856 = DIRECTION('',(1.,0.));
#15857 = ( GEOMETRIC_REPRESENTATION_CONTEXT(2) 
PARAMETRIC_REPRESENTATION_CONTEXT() REPRESENTATION_CONTEXT('2D SPACE',''
  ) );
#15858 = ADVANCED_FACE('',(#15859),#12348,.F.);
#15859 = FACE_BOUND('',#15860,.F.);
#15860 = EDGE_LOOP('',(#15861,#15884,#15885,#15886));
#15861 = ORIENTED_EDGE('',*,*,#15862,.F.);
#15862 = EDGE_CURVE('',#12308,#15863,#15865,.T.);
#15863 = VERTEX_POINT('',#15864);
#15864 = CARTESIAN_POINT('',(53.1,-53.1,0.));
#15865 = SURFACE_CURVE('',#15866,(#15870,#15877),.PCURVE_S1.);
#15866 = LINE('',#15867,#15868);
#15867 = CARTESIAN_POINT('',(53.1,-53.1,-5.3));
#15868 = VECTOR('',#15869,1.);
#15869 = DIRECTION('',(0.,0.,1.));
#15870 = PCURVE('',#12348,#15871);
#15871 = DEFINITIONAL_REPRESENTATION('',(#15872),#15876);
#15872 = LINE('',#15873,#15874);
#15873 = CARTESIAN_POINT('',(0.,3.5));
#15874 = VECTOR('',#15875,1.);
#15875 = DIRECTION('',(1.,0.));
#15876 = ( GEOMETRIC_REPRESENTATION_CONTEXT(2) 
PARAMETRIC_REPRESENTATION_CONTEXT() REPRESENTATION_CONTEXT('2D SPACE',''
  ) );
#15877 = PCURVE('',#12322,#15878);
#15878 = DEFINITIONAL_REPRESENTATION('',(#15879),#15883);
#15879 = LINE('',#15880,#15881);
#15880 = CARTESIAN_POINT('',(0.,0.));
#15881 = VECTOR('',#15882,1.);
#15882 = DIRECTION('',(1.,0.));
#15883 = ( GEOMETRIC_REPRESENTATION_CONTEXT(2) 
PARAMETRIC_REPRESENTATION_CONTEXT() REPRESENTATION_CONTEXT('2D SPACE',''
  ) );
#15884 = ORIENTED_EDGE('',*,*,#12333,.T.);
#15885 = ORIENTED_EDGE('',*,*,#13163,.T.);
#15886 = ORIENTED_EDGE('',*,*,#15887,.T.);
#15887 = EDGE_CURVE('',#13164,#15863,#15888,.T.);
#15888 = SURFACE_CURVE('',#15889,(#15893,#15900),.PCURVE_S1.);
#15889 = LINE('',#15890,#15891);
#15890 = CARTESIAN_POINT('',(49.6,-53.1,0.));
#15891 = VECTOR('',#15892,1.);
#15892 = DIRECTION('',(1.,0.,0.));
#15893 = PCURVE('',#12348,#15894);
#15894 = DEFINITIONAL_REPRESENTATION('',(#15895),#15899);
#15895 = LINE('',#15896,#15897);
#15896 = CARTESIAN_POINT('',(5.3,0.));
#15897 = VECTOR('',#15898,1.);
#15898 = DIRECTION('',(0.,1.));
#15899 = ( GEOMETRIC_REPRESENTATION_CONTEXT(2) 
PARAMETRIC_REPRESENTATION_CONTEXT() REPRESENTATION_CONTEXT('2D SPACE',''
  ) );
#15900 = PCURVE('',#13202,#15901);
#15901 = DEFINITIONAL_REPRESENTATION('',(#15902),#15906);
#15902 = LINE('',#15903,#15904);
#15903 = CARTESIAN_POINT('',(0.,0.));
#15904 = VECTOR('',#15905,1.);
#15905 = DIRECTION('',(1.,0.));
#15906 = ( GEOMETRIC_REPRESENTATION_CONTEXT(2) 
PARAMETRIC_REPRESENTATION_CONTEXT() REPRESENTATION_CONTEXT('2D SPACE',''
  ) );
#15907 = ADVANCED_FACE('',(#15908),#12322,.T.);
#15908 = FACE_BOUND('',#15909,.T.);
#15909 = EDGE_LOOP('',(#15910,#15911,#15912,#15935));
#15910 = ORIENTED_EDGE('',*,*,#15862,.F.);
#15911 = ORIENTED_EDGE('',*,*,#12307,.T.);
#15912 = ORIENTED_EDGE('',*,*,#15913,.T.);
#15913 = EDGE_CURVE('',#12285,#15914,#15916,.T.);
#15914 = VERTEX_POINT('',#15915);
#15915 = CARTESIAN_POINT('',(53.1,-49.6,0.));
#15916 = SURFACE_CURVE('',#15917,(#15921,#15928),.PCURVE_S1.);
#15917 = LINE('',#15918,#15919);
#15918 = CARTESIAN_POINT('',(53.1,-49.6,-5.3));
#15919 = VECTOR('',#15920,1.);
#15920 = DIRECTION('',(0.,0.,1.));
#15921 = PCURVE('',#12322,#15922);
#15922 = DEFINITIONAL_REPRESENTATION('',(#15923),#15927);
#15923 = LINE('',#15924,#15925);
#15924 = CARTESIAN_POINT('',(0.,-3.5));
#15925 = VECTOR('',#15926,1.);
#15926 = DIRECTION('',(1.,0.));
#15927 = ( GEOMETRIC_REPRESENTATION_CONTEXT(2) 
PARAMETRIC_REPRESENTATION_CONTEXT() REPRESENTATION_CONTEXT('2D SPACE',''
  ) );
#15928 = PCURVE('',#12093,#15929);
#15929 = DEFINITIONAL_REPRESENTATION('',(#15930),#15934);
#15930 = LINE('',#15931,#15932);
#15931 = CARTESIAN_POINT('',(97.3,5.9));
#15932 = VECTOR('',#15933,1.);
#15933 = DIRECTION('',(0.,-1.));
#15934 = ( GEOMETRIC_REPRESENTATION_CONTEXT(2) 
PARAMETRIC_REPRESENTATION_CONTEXT() REPRESENTATION_CONTEXT('2D SPACE',''
  ) );
#15935 = ORIENTED_EDGE('',*,*,#15936,.F.);
#15936 = EDGE_CURVE('',#15863,#15914,#15937,.T.);
#15937 = SURFACE_CURVE('',#15938,(#15942,#15949),.PCURVE_S1.);
#15938 = LINE('',#15939,#15940);
#15939 = CARTESIAN_POINT('',(53.1,-53.1,0.));
#15940 = VECTOR('',#15941,1.);
#15941 = DIRECTION('',(0.,1.,0.));
#15942 = PCURVE('',#12322,#15943);
#15943 = DEFINITIONAL_REPRESENTATION('',(#15944),#15948);
#15944 = LINE('',#15945,#15946);
#15945 = CARTESIAN_POINT('',(5.3,0.));
#15946 = VECTOR('',#15947,1.);
#15947 = DIRECTION('',(0.,-1.));
#15948 = ( GEOMETRIC_REPRESENTATION_CONTEXT(2) 
PARAMETRIC_REPRESENTATION_CONTEXT() REPRESENTATION_CONTEXT('2D SPACE',''
  ) );
#15949 = PCURVE('',#13202,#15950);
#15950 = DEFINITIONAL_REPRESENTATION('',(#15951),#15955);
#15951 = LINE('',#15952,#15953);
#15952 = CARTESIAN_POINT('',(3.5,0.));
#15953 = VECTOR('',#15954,1.);
#15954 = DIRECTION('',(0.,1.));
#15955 = ( GEOMETRIC_REPRESENTATION_CONTEXT(2) 
PARAMETRIC_REPRESENTATION_CONTEXT() REPRESENTATION_CONTEXT('2D SPACE',''
  ) );
#15956 = ADVANCED_FACE('',(#15957,#16236,#16322,#16408,#16494),#12093,
  .T.);
#15957 = FACE_BOUND('',#15958,.T.);
#15958 = EDGE_LOOP('',(#15959,#15984,#16005,#16006,#16007,#16029,#16056,
    #16076,#16077,#16099,#16126,#16146,#16147,#16170,#16193,#16216));
#15959 = ORIENTED_EDGE('',*,*,#15960,.T.);
#15960 = EDGE_CURVE('',#15961,#15963,#15965,.T.);
#15961 = VERTEX_POINT('',#15962);
#15962 = CARTESIAN_POINT('',(50.1,-49.6,10.6));
#15963 = VERTEX_POINT('',#15964);
#15964 = CARTESIAN_POINT('',(50.1,-49.6,0.));
#15965 = SURFACE_CURVE('',#15966,(#15970,#15977),.PCURVE_S1.);
#15966 = LINE('',#15967,#15968);
#15967 = CARTESIAN_POINT('',(50.1,-49.6,10.6));
#15968 = VECTOR('',#15969,1.);
#15969 = DIRECTION('',(0.,0.,-1.));
#15970 = PCURVE('',#12093,#15971);
#15971 = DEFINITIONAL_REPRESENTATION('',(#15972),#15976);
#15972 = LINE('',#15973,#15974);
#15973 = CARTESIAN_POINT('',(100.3,-10.));
#15974 = VECTOR('',#15975,1.);
#15975 = DIRECTION('',(0.,1.));
#15976 = ( GEOMETRIC_REPRESENTATION_CONTEXT(2) 
PARAMETRIC_REPRESENTATION_CONTEXT() REPRESENTATION_CONTEXT('2D SPACE',''
  ) );
#15977 = PCURVE('',#13230,#15978);
#15978 = DEFINITIONAL_REPRESENTATION('',(#15979),#15983);
#15979 = LINE('',#15980,#15981);
#15980 = CARTESIAN_POINT('',(0.,10.));
#15981 = VECTOR('',#15982,1.);
#15982 = DIRECTION('',(-0.,-1.));
#15983 = ( GEOMETRIC_REPRESENTATION_CONTEXT(2) 
PARAMETRIC_REPRESENTATION_CONTEXT() REPRESENTATION_CONTEXT('2D SPACE',''
  ) );
#15984 = ORIENTED_EDGE('',*,*,#15985,.T.);
#15985 = EDGE_CURVE('',#15963,#15914,#15986,.T.);
#15986 = SURFACE_CURVE('',#15987,(#15991,#15998),.PCURVE_S1.);
#15987 = LINE('',#15988,#15989);
#15988 = CARTESIAN_POINT('',(49.6,-49.6,0.));
#15989 = VECTOR('',#15990,1.);
#15990 = DIRECTION('',(1.,0.,0.));
#15991 = PCURVE('',#12093,#15992);
#15992 = DEFINITIONAL_REPRESENTATION('',(#15993),#15997);
#15993 = LINE('',#15994,#15995);
#15994 = CARTESIAN_POINT('',(100.8,0.6));
#15995 = VECTOR('',#15996,1.);
#15996 = DIRECTION('',(-1.,-0.));
#15997 = ( GEOMETRIC_REPRESENTATION_CONTEXT(2) 
PARAMETRIC_REPRESENTATION_CONTEXT() REPRESENTATION_CONTEXT('2D SPACE',''
  ) );
#15998 = PCURVE('',#13202,#15999);
#15999 = DEFINITIONAL_REPRESENTATION('',(#16000),#16004);
#16000 = LINE('',#16001,#16002);
#16001 = CARTESIAN_POINT('',(0.,3.5));
#16002 = VECTOR('',#16003,1.);
#16003 = DIRECTION('',(1.,0.));
#16004 = ( GEOMETRIC_REPRESENTATION_CONTEXT(2) 
PARAMETRIC_REPRESENTATION_CONTEXT() REPRESENTATION_CONTEXT('2D SPACE',''
  ) );
#16005 = ORIENTED_EDGE('',*,*,#15913,.F.);
#16006 = ORIENTED_EDGE('',*,*,#12284,.F.);
#16007 = ORIENTED_EDGE('',*,*,#16008,.T.);
#16008 = EDGE_CURVE('',#12259,#16009,#16011,.T.);
#16009 = VERTEX_POINT('',#16010);
#16010 = CARTESIAN_POINT('',(54.,-49.6,0.));
#16011 = SURFACE_CURVE('',#16012,(#16016,#16023),.PCURVE_S1.);
#16012 = LINE('',#16013,#16014);
#16013 = CARTESIAN_POINT('',(54.,-49.6,-5.25));
#16014 = VECTOR('',#16015,1.);
#16015 = DIRECTION('',(-0.,0.,1.));
#16016 = PCURVE('',#12093,#16017);
#16017 = DEFINITIONAL_REPRESENTATION('',(#16018),#16022);
#16018 = LINE('',#16019,#16020);
#16019 = CARTESIAN_POINT('',(96.4,5.85));
#16020 = VECTOR('',#16021,1.);
#16021 = DIRECTION('',(0.,-1.));
#16022 = ( GEOMETRIC_REPRESENTATION_CONTEXT(2) 
PARAMETRIC_REPRESENTATION_CONTEXT() REPRESENTATION_CONTEXT('2D SPACE',''
  ) );
#16023 = PCURVE('',#12273,#16024);
#16024 = DEFINITIONAL_REPRESENTATION('',(#16025),#16028);
#16025 = B_SPLINE_CURVE_WITH_KNOTS('',1,(#16026,#16027),.UNSPECIFIED.,
  .F.,.F.,(2,2),(5.E-02,5.25),.PIECEWISE_BEZIER_KNOTS.);
#16026 = CARTESIAN_POINT('',(1.E-01,-2.));
#16027 = CARTESIAN_POINT('',(5.3,-2.));
#16028 = ( GEOMETRIC_REPRESENTATION_CONTEXT(2) 
PARAMETRIC_REPRESENTATION_CONTEXT() REPRESENTATION_CONTEXT('2D SPACE',''
  ) );
#16029 = ORIENTED_EDGE('',*,*,#16030,.F.);
#16030 = EDGE_CURVE('',#16031,#16009,#16033,.T.);
#16031 = VERTEX_POINT('',#16032);
#16032 = CARTESIAN_POINT('',(62.,-49.6,0.));
#16033 = SURFACE_CURVE('',#16034,(#16038,#16045),.PCURVE_S1.);
#16034 = LINE('',#16035,#16036);
#16035 = CARTESIAN_POINT('',(102.2,-49.6,0.));
#16036 = VECTOR('',#16037,1.);
#16037 = DIRECTION('',(-1.,0.,0.));
#16038 = PCURVE('',#12093,#16039);
#16039 = DEFINITIONAL_REPRESENTATION('',(#16040),#16044);
#16040 = LINE('',#16041,#16042);
#16041 = CARTESIAN_POINT('',(48.2,0.6));
#16042 = VECTOR('',#16043,1.);
#16043 = DIRECTION('',(1.,0.));
#16044 = ( GEOMETRIC_REPRESENTATION_CONTEXT(2) 
PARAMETRIC_REPRESENTATION_CONTEXT() REPRESENTATION_CONTEXT('2D SPACE',''
  ) );
#16045 = PCURVE('',#16046,#16051);
#16046 = PLANE('',#16047);
#16047 = AXIS2_PLACEMENT_3D('',#16048,#16049,#16050);
#16048 = CARTESIAN_POINT('',(54.,-51.6,0.));
#16049 = DIRECTION('',(0.,0.,1.));
#16050 = DIRECTION('',(1.,0.,0.));
#16051 = DEFINITIONAL_REPRESENTATION('',(#16052),#16055);
#16052 = B_SPLINE_CURVE_WITH_KNOTS('',1,(#16053,#16054),.UNSPECIFIED.,
  .F.,.F.,(2,2),(40.2,48.2),.PIECEWISE_BEZIER_KNOTS.);
#16053 = CARTESIAN_POINT('',(8.,2.));
#16054 = CARTESIAN_POINT('',(0.,2.));
#16055 = ( GEOMETRIC_REPRESENTATION_CONTEXT(2) 
PARAMETRIC_REPRESENTATION_CONTEXT() REPRESENTATION_CONTEXT('2D SPACE',''
  ) );
#16056 = ORIENTED_EDGE('',*,*,#16057,.F.);
#16057 = EDGE_CURVE('',#12184,#16031,#16058,.T.);
#16058 = SURFACE_CURVE('',#16059,(#16063,#16070),.PCURVE_S1.);
#16059 = LINE('',#16060,#16061);
#16060 = CARTESIAN_POINT('',(62.,-49.6,-5.25));
#16061 = VECTOR('',#16062,1.);
#16062 = DIRECTION('',(-0.,0.,1.));
#16063 = PCURVE('',#12093,#16064);
#16064 = DEFINITIONAL_REPRESENTATION('',(#16065),#16069);
#16065 = LINE('',#16066,#16067);
#16066 = CARTESIAN_POINT('',(88.4,5.85));
#16067 = VECTOR('',#16068,1.);
#16068 = DIRECTION('',(0.,-1.));
#16069 = ( GEOMETRIC_REPRESENTATION_CONTEXT(2) 
PARAMETRIC_REPRESENTATION_CONTEXT() REPRESENTATION_CONTEXT('2D SPACE',''
  ) );
#16070 = PCURVE('',#12221,#16071);
#16071 = DEFINITIONAL_REPRESENTATION('',(#16072),#16075);
#16072 = B_SPLINE_CURVE_WITH_KNOTS('',1,(#16073,#16074),.UNSPECIFIED.,
  .F.,.F.,(2,2),(5.E-02,5.25),.PIECEWISE_BEZIER_KNOTS.);
#16073 = CARTESIAN_POINT('',(1.E-01,-2.));
#16074 = CARTESIAN_POINT('',(5.3,-2.));
#16075 = ( GEOMETRIC_REPRESENTATION_CONTEXT(2) 
PARAMETRIC_REPRESENTATION_CONTEXT() REPRESENTATION_CONTEXT('2D SPACE',''
  ) );
#16076 = ORIENTED_EDGE('',*,*,#12183,.F.);
#16077 = ORIENTED_EDGE('',*,*,#16078,.T.);
#16078 = EDGE_CURVE('',#12158,#16079,#16081,.T.);
#16079 = VERTEX_POINT('',#16080);
#16080 = CARTESIAN_POINT('',(86.,-49.6,0.));
#16081 = SURFACE_CURVE('',#16082,(#16086,#16093),.PCURVE_S1.);
#16082 = LINE('',#16083,#16084);
#16083 = CARTESIAN_POINT('',(86.,-49.6,-5.25));
#16084 = VECTOR('',#16085,1.);
#16085 = DIRECTION('',(-0.,0.,1.));
#16086 = PCURVE('',#12093,#16087);
#16087 = DEFINITIONAL_REPRESENTATION('',(#16088),#16092);
#16088 = LINE('',#16089,#16090);
#16089 = CARTESIAN_POINT('',(64.4,5.85));
#16090 = VECTOR('',#16091,1.);
#16091 = DIRECTION('',(0.,-1.));
#16092 = ( GEOMETRIC_REPRESENTATION_CONTEXT(2) 
PARAMETRIC_REPRESENTATION_CONTEXT() REPRESENTATION_CONTEXT('2D SPACE',''
  ) );
#16093 = PCURVE('',#12172,#16094);
#16094 = DEFINITIONAL_REPRESENTATION('',(#16095),#16098);
#16095 = B_SPLINE_CURVE_WITH_KNOTS('',1,(#16096,#16097),.UNSPECIFIED.,
  .F.,.F.,(2,2),(5.E-02,5.25),.PIECEWISE_BEZIER_KNOTS.);
#16096 = CARTESIAN_POINT('',(1.E-01,-2.));
#16097 = CARTESIAN_POINT('',(5.3,-2.));
#16098 = ( GEOMETRIC_REPRESENTATION_CONTEXT(2) 
PARAMETRIC_REPRESENTATION_CONTEXT() REPRESENTATION_CONTEXT('2D SPACE',''
  ) );
#16099 = ORIENTED_EDGE('',*,*,#16100,.F.);
#16100 = EDGE_CURVE('',#16101,#16079,#16103,.T.);
#16101 = VERTEX_POINT('',#16102);
#16102 = CARTESIAN_POINT('',(94.,-49.6,0.));
#16103 = SURFACE_CURVE('',#16104,(#16108,#16115),.PCURVE_S1.);
#16104 = LINE('',#16105,#16106);
#16105 = CARTESIAN_POINT('',(118.2,-49.6,0.));
#16106 = VECTOR('',#16107,1.);
#16107 = DIRECTION('',(-1.,0.,0.));
#16108 = PCURVE('',#12093,#16109);
#16109 = DEFINITIONAL_REPRESENTATION('',(#16110),#16114);
#16110 = LINE('',#16111,#16112);
#16111 = CARTESIAN_POINT('',(32.2,0.6));
#16112 = VECTOR('',#16113,1.);
#16113 = DIRECTION('',(1.,0.));
#16114 = ( GEOMETRIC_REPRESENTATION_CONTEXT(2) 
PARAMETRIC_REPRESENTATION_CONTEXT() REPRESENTATION_CONTEXT('2D SPACE',''
  ) );
#16115 = PCURVE('',#16116,#16121);
#16116 = PLANE('',#16117);
#16117 = AXIS2_PLACEMENT_3D('',#16118,#16119,#16120);
#16118 = CARTESIAN_POINT('',(86.,-51.6,0.));
#16119 = DIRECTION('',(0.,0.,1.));
#16120 = DIRECTION('',(1.,0.,0.));
#16121 = DEFINITIONAL_REPRESENTATION('',(#16122),#16125);
#16122 = B_SPLINE_CURVE_WITH_KNOTS('',1,(#16123,#16124),.UNSPECIFIED.,
  .F.,.F.,(2,2),(24.2,32.2),.PIECEWISE_BEZIER_KNOTS.);
#16123 = CARTESIAN_POINT('',(8.,2.));
#16124 = CARTESIAN_POINT('',(0.,2.));
#16125 = ( GEOMETRIC_REPRESENTATION_CONTEXT(2) 
PARAMETRIC_REPRESENTATION_CONTEXT() REPRESENTATION_CONTEXT('2D SPACE',''
  ) );
#16126 = ORIENTED_EDGE('',*,*,#16127,.F.);
#16127 = EDGE_CURVE('',#12078,#16101,#16128,.T.);
#16128 = SURFACE_CURVE('',#16129,(#16133,#16140),.PCURVE_S1.);
#16129 = LINE('',#16130,#16131);
#16130 = CARTESIAN_POINT('',(94.,-49.6,-5.25));
#16131 = VECTOR('',#16132,1.);
#16132 = DIRECTION('',(-0.,0.,1.));
#16133 = PCURVE('',#12093,#16134);
#16134 = DEFINITIONAL_REPRESENTATION('',(#16135),#16139);
#16135 = LINE('',#16136,#16137);
#16136 = CARTESIAN_POINT('',(56.4,5.85));
#16137 = VECTOR('',#16138,1.);
#16138 = DIRECTION('',(0.,-1.));
#16139 = ( GEOMETRIC_REPRESENTATION_CONTEXT(2) 
PARAMETRIC_REPRESENTATION_CONTEXT() REPRESENTATION_CONTEXT('2D SPACE',''
  ) );
#16140 = PCURVE('',#12120,#16141);
#16141 = DEFINITIONAL_REPRESENTATION('',(#16142),#16145);
#16142 = B_SPLINE_CURVE_WITH_KNOTS('',1,(#16143,#16144),.UNSPECIFIED.,
  .F.,.F.,(2,2),(5.E-02,5.25),.PIECEWISE_BEZIER_KNOTS.);
#16143 = CARTESIAN_POINT('',(1.E-01,-2.));
#16144 = CARTESIAN_POINT('',(5.3,-2.));
#16145 = ( GEOMETRIC_REPRESENTATION_CONTEXT(2) 
PARAMETRIC_REPRESENTATION_CONTEXT() REPRESENTATION_CONTEXT('2D SPACE',''
  ) );
#16146 = ORIENTED_EDGE('',*,*,#12077,.F.);
#16147 = ORIENTED_EDGE('',*,*,#16148,.T.);
#16148 = EDGE_CURVE('',#12052,#16149,#16151,.T.);
#16149 = VERTEX_POINT('',#16150);
#16150 = CARTESIAN_POINT('',(146.9,-49.6,0.));
#16151 = SURFACE_CURVE('',#16152,(#16156,#16163),.PCURVE_S1.);
#16152 = LINE('',#16153,#16154);
#16153 = CARTESIAN_POINT('',(146.9,-49.6,-5.3));
#16154 = VECTOR('',#16155,1.);
#16155 = DIRECTION('',(0.,0.,1.));
#16156 = PCURVE('',#12093,#16157);
#16157 = DEFINITIONAL_REPRESENTATION('',(#16158),#16162);
#16158 = LINE('',#16159,#16160);
#16159 = CARTESIAN_POINT('',(3.5,5.9));
#16160 = VECTOR('',#16161,1.);
#16161 = DIRECTION('',(0.,-1.));
#16162 = ( GEOMETRIC_REPRESENTATION_CONTEXT(2) 
PARAMETRIC_REPRESENTATION_CONTEXT() REPRESENTATION_CONTEXT('2D SPACE',''
  ) );
#16163 = PCURVE('',#12066,#16164);
#16164 = DEFINITIONAL_REPRESENTATION('',(#16165),#16169);
#16165 = LINE('',#16166,#16167);
#16166 = CARTESIAN_POINT('',(0.,-3.5));
#16167 = VECTOR('',#16168,1.);
#16168 = DIRECTION('',(1.,0.));
#16169 = ( GEOMETRIC_REPRESENTATION_CONTEXT(2) 
PARAMETRIC_REPRESENTATION_CONTEXT() REPRESENTATION_CONTEXT('2D SPACE',''
  ) );
#16170 = ORIENTED_EDGE('',*,*,#16171,.T.);
#16171 = EDGE_CURVE('',#16149,#16172,#16174,.T.);
#16172 = VERTEX_POINT('',#16173);
#16173 = CARTESIAN_POINT('',(149.9,-49.6,0.));
#16174 = SURFACE_CURVE('',#16175,(#16179,#16186),.PCURVE_S1.);
#16175 = LINE('',#16176,#16177);
#16176 = CARTESIAN_POINT('',(146.9,-49.6,0.));
#16177 = VECTOR('',#16178,1.);
#16178 = DIRECTION('',(1.,0.,0.));
#16179 = PCURVE('',#12093,#16180);
#16180 = DEFINITIONAL_REPRESENTATION('',(#16181),#16185);
#16181 = LINE('',#16182,#16183);
#16182 = CARTESIAN_POINT('',(3.5,0.6));
#16183 = VECTOR('',#16184,1.);
#16184 = DIRECTION('',(-1.,-0.));
#16185 = ( GEOMETRIC_REPRESENTATION_CONTEXT(2) 
PARAMETRIC_REPRESENTATION_CONTEXT() REPRESENTATION_CONTEXT('2D SPACE',''
  ) );
#16186 = PCURVE('',#15093,#16187);
#16187 = DEFINITIONAL_REPRESENTATION('',(#16188),#16192);
#16188 = LINE('',#16189,#16190);
#16189 = CARTESIAN_POINT('',(0.,3.5));
#16190 = VECTOR('',#16191,1.);
#16191 = DIRECTION('',(1.,0.));
#16192 = ( GEOMETRIC_REPRESENTATION_CONTEXT(2) 
PARAMETRIC_REPRESENTATION_CONTEXT() REPRESENTATION_CONTEXT('2D SPACE',''
  ) );
#16193 = ORIENTED_EDGE('',*,*,#16194,.F.);
#16194 = EDGE_CURVE('',#16195,#16172,#16197,.T.);
#16195 = VERTEX_POINT('',#16196);
#16196 = CARTESIAN_POINT('',(149.9,-49.6,10.6));
#16197 = SURFACE_CURVE('',#16198,(#16202,#16209),.PCURVE_S1.);
#16198 = LINE('',#16199,#16200);
#16199 = CARTESIAN_POINT('',(149.9,-49.6,10.6));
#16200 = VECTOR('',#16201,1.);
#16201 = DIRECTION('',(0.,0.,-1.));
#16202 = PCURVE('',#12093,#16203);
#16203 = DEFINITIONAL_REPRESENTATION('',(#16204),#16208);
#16204 = LINE('',#16205,#16206);
#16205 = CARTESIAN_POINT('',(0.5,-10.));
#16206 = VECTOR('',#16207,1.);
#16207 = DIRECTION('',(0.,1.));
#16208 = ( GEOMETRIC_REPRESENTATION_CONTEXT(2) 
PARAMETRIC_REPRESENTATION_CONTEXT() REPRESENTATION_CONTEXT('2D SPACE',''
  ) );
#16209 = PCURVE('',#15065,#16210);
#16210 = DEFINITIONAL_REPRESENTATION('',(#16211),#16215);
#16211 = LINE('',#16212,#16213);
#16212 = CARTESIAN_POINT('',(1.570796326795,10.));
#16213 = VECTOR('',#16214,1.);
#16214 = DIRECTION('',(-0.,-1.));
#16215 = ( GEOMETRIC_REPRESENTATION_CONTEXT(2) 
PARAMETRIC_REPRESENTATION_CONTEXT() REPRESENTATION_CONTEXT('2D SPACE',''
  ) );
#16216 = ORIENTED_EDGE('',*,*,#16217,.F.);
#16217 = EDGE_CURVE('',#15961,#16195,#16218,.T.);
#16218 = SURFACE_CURVE('',#16219,(#16223,#16230),.PCURVE_S1.);
#16219 = LINE('',#16220,#16221);
#16220 = CARTESIAN_POINT('',(125.2,-49.6,10.6));
#16221 = VECTOR('',#16222,1.);
#16222 = DIRECTION('',(1.,0.,-0.));
#16223 = PCURVE('',#12093,#16224);
#16224 = DEFINITIONAL_REPRESENTATION('',(#16225),#16229);
#16225 = LINE('',#16226,#16227);
#16226 = CARTESIAN_POINT('',(25.2,-10.));
#16227 = VECTOR('',#16228,1.);
#16228 = DIRECTION('',(-1.,0.));
#16229 = ( GEOMETRIC_REPRESENTATION_CONTEXT(2) 
PARAMETRIC_REPRESENTATION_CONTEXT() REPRESENTATION_CONTEXT('2D SPACE',''
  ) );
#16230 = PCURVE('',#13258,#16231);
#16231 = DEFINITIONAL_REPRESENTATION('',(#16232),#16235);
#16232 = B_SPLINE_CURVE_WITH_KNOTS('',1,(#16233,#16234),.UNSPECIFIED.,
  .F.,.F.,(2,2),(-75.1,24.7),.PIECEWISE_BEZIER_KNOTS.);
#16233 = CARTESIAN_POINT('',(-49.9,50.4));
#16234 = CARTESIAN_POINT('',(49.9,50.4));
#16235 = ( GEOMETRIC_REPRESENTATION_CONTEXT(2) 
PARAMETRIC_REPRESENTATION_CONTEXT() REPRESENTATION_CONTEXT('2D SPACE',''
  ) );
#16236 = FACE_BOUND('',#16237,.T.);
#16237 = EDGE_LOOP('',(#16238,#16261,#16282,#16303));
#16238 = ORIENTED_EDGE('',*,*,#16239,.T.);
#16239 = EDGE_CURVE('',#16240,#16242,#16244,.T.);
#16240 = VERTEX_POINT('',#16241);
#16241 = CARTESIAN_POINT('',(139.,-49.6,-4.4));
#16242 = VERTEX_POINT('',#16243);
#16243 = CARTESIAN_POINT('',(129.,-49.6,-4.4));
#16244 = SURFACE_CURVE('',#16245,(#16249,#16255),.PCURVE_S1.);
#16245 = LINE('',#16246,#16247);
#16246 = CARTESIAN_POINT('',(139.7,-49.6,-4.4));
#16247 = VECTOR('',#16248,1.);
#16248 = DIRECTION('',(-1.,0.,0.));
#16249 = PCURVE('',#12093,#16250);
#16250 = DEFINITIONAL_REPRESENTATION('',(#16251),#16254);
#16251 = B_SPLINE_CURVE_WITH_KNOTS('',1,(#16252,#16253),.UNSPECIFIED.,
  .F.,.F.,(2,2),(0.7,10.7),.PIECEWISE_BEZIER_KNOTS.);
#16252 = CARTESIAN_POINT('',(11.4,5.));
#16253 = CARTESIAN_POINT('',(21.4,5.));
#16254 = ( GEOMETRIC_REPRESENTATION_CONTEXT(2) 
PARAMETRIC_REPRESENTATION_CONTEXT() REPRESENTATION_CONTEXT('2D SPACE',''
  ) );
#16255 = PCURVE('',#13762,#16256);
#16256 = DEFINITIONAL_REPRESENTATION('',(#16257),#16260);
#16257 = B_SPLINE_CURVE_WITH_KNOTS('',1,(#16258,#16259),.UNSPECIFIED.,
  .F.,.F.,(2,2),(0.7,10.7),.PIECEWISE_BEZIER_KNOTS.);
#16258 = CARTESIAN_POINT('',(10.,5.E-02));
#16259 = CARTESIAN_POINT('',(0.,5.E-02));
#16260 = ( GEOMETRIC_REPRESENTATION_CONTEXT(2) 
PARAMETRIC_REPRESENTATION_CONTEXT() REPRESENTATION_CONTEXT('2D SPACE',''
  ) );
#16261 = ORIENTED_EDGE('',*,*,#16262,.T.);
#16262 = EDGE_CURVE('',#16242,#16263,#16265,.T.);
#16263 = VERTEX_POINT('',#16264);
#16264 = CARTESIAN_POINT('',(129.,-49.6,-1.));
#16265 = SURFACE_CURVE('',#16266,(#16270,#16276),.PCURVE_S1.);
#16266 = LINE('',#16267,#16268);
#16267 = CARTESIAN_POINT('',(129.,-49.6,-1.9));
#16268 = VECTOR('',#16269,1.);
#16269 = DIRECTION('',(-0.,0.,1.));
#16270 = PCURVE('',#12093,#16271);
#16271 = DEFINITIONAL_REPRESENTATION('',(#16272),#16275);
#16272 = B_SPLINE_CURVE_WITH_KNOTS('',1,(#16273,#16274),.UNSPECIFIED.,
  .F.,.F.,(2,2),(-2.5,0.9),.PIECEWISE_BEZIER_KNOTS.);
#16273 = CARTESIAN_POINT('',(21.4,5.));
#16274 = CARTESIAN_POINT('',(21.4,1.6));
#16275 = ( GEOMETRIC_REPRESENTATION_CONTEXT(2) 
PARAMETRIC_REPRESENTATION_CONTEXT() REPRESENTATION_CONTEXT('2D SPACE',''
  ) );
#16276 = PCURVE('',#13788,#16277);
#16277 = DEFINITIONAL_REPRESENTATION('',(#16278),#16281);
#16278 = B_SPLINE_CURVE_WITH_KNOTS('',1,(#16279,#16280),.UNSPECIFIED.,
  .F.,.F.,(2,2),(-2.5,0.9),.PIECEWISE_BEZIER_KNOTS.);
#16279 = CARTESIAN_POINT('',(0.,-5.E-02));
#16280 = CARTESIAN_POINT('',(3.4,-5.E-02));
#16281 = ( GEOMETRIC_REPRESENTATION_CONTEXT(2) 
PARAMETRIC_REPRESENTATION_CONTEXT() REPRESENTATION_CONTEXT('2D SPACE',''
  ) );
#16282 = ORIENTED_EDGE('',*,*,#16283,.F.);
#16283 = EDGE_CURVE('',#16284,#16263,#16286,.T.);
#16284 = VERTEX_POINT('',#16285);
#16285 = CARTESIAN_POINT('',(139.,-49.6,-1.));
#16286 = SURFACE_CURVE('',#16287,(#16291,#16297),.PCURVE_S1.);
#16287 = LINE('',#16288,#16289);
#16288 = CARTESIAN_POINT('',(139.7,-49.6,-1.));
#16289 = VECTOR('',#16290,1.);
#16290 = DIRECTION('',(-1.,0.,0.));
#16291 = PCURVE('',#12093,#16292);
#16292 = DEFINITIONAL_REPRESENTATION('',(#16293),#16296);
#16293 = B_SPLINE_CURVE_WITH_KNOTS('',1,(#16294,#16295),.UNSPECIFIED.,
  .F.,.F.,(2,2),(0.7,10.7),.PIECEWISE_BEZIER_KNOTS.);
#16294 = CARTESIAN_POINT('',(11.4,1.6));
#16295 = CARTESIAN_POINT('',(21.4,1.6));
#16296 = ( GEOMETRIC_REPRESENTATION_CONTEXT(2) 
PARAMETRIC_REPRESENTATION_CONTEXT() REPRESENTATION_CONTEXT('2D SPACE',''
  ) );
#16297 = PCURVE('',#13814,#16298);
#16298 = DEFINITIONAL_REPRESENTATION('',(#16299),#16302);
#16299 = B_SPLINE_CURVE_WITH_KNOTS('',1,(#16300,#16301),.UNSPECIFIED.,
  .F.,.F.,(2,2),(0.7,10.7),.PIECEWISE_BEZIER_KNOTS.);
#16300 = CARTESIAN_POINT('',(10.,5.E-02));
#16301 = CARTESIAN_POINT('',(0.,5.E-02));
#16302 = ( GEOMETRIC_REPRESENTATION_CONTEXT(2) 
PARAMETRIC_REPRESENTATION_CONTEXT() REPRESENTATION_CONTEXT('2D SPACE',''
  ) );
#16303 = ORIENTED_EDGE('',*,*,#16304,.F.);
#16304 = EDGE_CURVE('',#16240,#16284,#16305,.T.);
#16305 = SURFACE_CURVE('',#16306,(#16310,#16316),.PCURVE_S1.);
#16306 = LINE('',#16307,#16308);
#16307 = CARTESIAN_POINT('',(139.,-49.6,-1.9));
#16308 = VECTOR('',#16309,1.);
#16309 = DIRECTION('',(-0.,0.,1.));
#16310 = PCURVE('',#12093,#16311);
#16311 = DEFINITIONAL_REPRESENTATION('',(#16312),#16315);
#16312 = B_SPLINE_CURVE_WITH_KNOTS('',1,(#16313,#16314),.UNSPECIFIED.,
  .F.,.F.,(2,2),(-2.5,0.9),.PIECEWISE_BEZIER_KNOTS.);
#16313 = CARTESIAN_POINT('',(11.4,5.));
#16314 = CARTESIAN_POINT('',(11.4,1.6));
#16315 = ( GEOMETRIC_REPRESENTATION_CONTEXT(2) 
PARAMETRIC_REPRESENTATION_CONTEXT() REPRESENTATION_CONTEXT('2D SPACE',''
  ) );
#16316 = PCURVE('',#13838,#16317);
#16317 = DEFINITIONAL_REPRESENTATION('',(#16318),#16321);
#16318 = B_SPLINE_CURVE_WITH_KNOTS('',1,(#16319,#16320),.UNSPECIFIED.,
  .F.,.F.,(2,2),(-2.5,0.9),.PIECEWISE_BEZIER_KNOTS.);
#16319 = CARTESIAN_POINT('',(0.,-5.E-02));
#16320 = CARTESIAN_POINT('',(3.4,-5.E-02));
#16321 = ( GEOMETRIC_REPRESENTATION_CONTEXT(2) 
PARAMETRIC_REPRESENTATION_CONTEXT() REPRESENTATION_CONTEXT('2D SPACE',''
  ) );
#16322 = FACE_BOUND('',#16323,.T.);
#16323 = EDGE_LOOP('',(#16324,#16347,#16368,#16389));
#16324 = ORIENTED_EDGE('',*,*,#16325,.T.);
#16325 = EDGE_CURVE('',#16326,#16328,#16330,.T.);
#16326 = VERTEX_POINT('',#16327);
#16327 = CARTESIAN_POINT('',(125.,-49.6,-4.4));
#16328 = VERTEX_POINT('',#16329);
#16329 = CARTESIAN_POINT('',(115.,-49.6,-4.4));
#16330 = SURFACE_CURVE('',#16331,(#16335,#16341),.PCURVE_S1.);
#16331 = LINE('',#16332,#16333);
#16332 = CARTESIAN_POINT('',(132.7,-49.6,-4.4));
#16333 = VECTOR('',#16334,1.);
#16334 = DIRECTION('',(-1.,0.,0.));
#16335 = PCURVE('',#12093,#16336);
#16336 = DEFINITIONAL_REPRESENTATION('',(#16337),#16340);
#16337 = B_SPLINE_CURVE_WITH_KNOTS('',1,(#16338,#16339),.UNSPECIFIED.,
  .F.,.F.,(2,2),(7.7,17.7),.PIECEWISE_BEZIER_KNOTS.);
#16338 = CARTESIAN_POINT('',(25.4,5.));
#16339 = CARTESIAN_POINT('',(35.4,5.));
#16340 = ( GEOMETRIC_REPRESENTATION_CONTEXT(2) 
PARAMETRIC_REPRESENTATION_CONTEXT() REPRESENTATION_CONTEXT('2D SPACE',''
  ) );
#16341 = PCURVE('',#13868,#16342);
#16342 = DEFINITIONAL_REPRESENTATION('',(#16343),#16346);
#16343 = B_SPLINE_CURVE_WITH_KNOTS('',1,(#16344,#16345),.UNSPECIFIED.,
  .F.,.F.,(2,2),(7.7,17.7),.PIECEWISE_BEZIER_KNOTS.);
#16344 = CARTESIAN_POINT('',(10.,5.E-02));
#16345 = CARTESIAN_POINT('',(0.,5.E-02));
#16346 = ( GEOMETRIC_REPRESENTATION_CONTEXT(2) 
PARAMETRIC_REPRESENTATION_CONTEXT() REPRESENTATION_CONTEXT('2D SPACE',''
  ) );
#16347 = ORIENTED_EDGE('',*,*,#16348,.T.);
#16348 = EDGE_CURVE('',#16328,#16349,#16351,.T.);
#16349 = VERTEX_POINT('',#16350);
#16350 = CARTESIAN_POINT('',(115.,-49.6,-1.));
#16351 = SURFACE_CURVE('',#16352,(#16356,#16362),.PCURVE_S1.);
#16352 = LINE('',#16353,#16354);
#16353 = CARTESIAN_POINT('',(115.,-49.6,-1.9));
#16354 = VECTOR('',#16355,1.);
#16355 = DIRECTION('',(-0.,0.,1.));
#16356 = PCURVE('',#12093,#16357);
#16357 = DEFINITIONAL_REPRESENTATION('',(#16358),#16361);
#16358 = B_SPLINE_CURVE_WITH_KNOTS('',1,(#16359,#16360),.UNSPECIFIED.,
  .F.,.F.,(2,2),(-2.5,0.9),.PIECEWISE_BEZIER_KNOTS.);
#16359 = CARTESIAN_POINT('',(35.4,5.));
#16360 = CARTESIAN_POINT('',(35.4,1.6));
#16361 = ( GEOMETRIC_REPRESENTATION_CONTEXT(2) 
PARAMETRIC_REPRESENTATION_CONTEXT() REPRESENTATION_CONTEXT('2D SPACE',''
  ) );
#16362 = PCURVE('',#13894,#16363);
#16363 = DEFINITIONAL_REPRESENTATION('',(#16364),#16367);
#16364 = B_SPLINE_CURVE_WITH_KNOTS('',1,(#16365,#16366),.UNSPECIFIED.,
  .F.,.F.,(2,2),(-2.5,0.9),.PIECEWISE_BEZIER_KNOTS.);
#16365 = CARTESIAN_POINT('',(0.,-5.E-02));
#16366 = CARTESIAN_POINT('',(3.4,-5.E-02));
#16367 = ( GEOMETRIC_REPRESENTATION_CONTEXT(2) 
PARAMETRIC_REPRESENTATION_CONTEXT() REPRESENTATION_CONTEXT('2D SPACE',''
  ) );
#16368 = ORIENTED_EDGE('',*,*,#16369,.F.);
#16369 = EDGE_CURVE('',#16370,#16349,#16372,.T.);
#16370 = VERTEX_POINT('',#16371);
#16371 = CARTESIAN_POINT('',(125.,-49.6,-1.));
#16372 = SURFACE_CURVE('',#16373,(#16377,#16383),.PCURVE_S1.);
#16373 = LINE('',#16374,#16375);
#16374 = CARTESIAN_POINT('',(132.7,-49.6,-1.));
#16375 = VECTOR('',#16376,1.);
#16376 = DIRECTION('',(-1.,0.,0.));
#16377 = PCURVE('',#12093,#16378);
#16378 = DEFINITIONAL_REPRESENTATION('',(#16379),#16382);
#16379 = B_SPLINE_CURVE_WITH_KNOTS('',1,(#16380,#16381),.UNSPECIFIED.,
  .F.,.F.,(2,2),(7.7,17.7),.PIECEWISE_BEZIER_KNOTS.);
#16380 = CARTESIAN_POINT('',(25.4,1.6));
#16381 = CARTESIAN_POINT('',(35.4,1.6));
#16382 = ( GEOMETRIC_REPRESENTATION_CONTEXT(2) 
PARAMETRIC_REPRESENTATION_CONTEXT() REPRESENTATION_CONTEXT('2D SPACE',''
  ) );
#16383 = PCURVE('',#13920,#16384);
#16384 = DEFINITIONAL_REPRESENTATION('',(#16385),#16388);
#16385 = B_SPLINE_CURVE_WITH_KNOTS('',1,(#16386,#16387),.UNSPECIFIED.,
  .F.,.F.,(2,2),(7.7,17.7),.PIECEWISE_BEZIER_KNOTS.);
#16386 = CARTESIAN_POINT('',(10.,5.E-02));
#16387 = CARTESIAN_POINT('',(0.,5.E-02));
#16388 = ( GEOMETRIC_REPRESENTATION_CONTEXT(2) 
PARAMETRIC_REPRESENTATION_CONTEXT() REPRESENTATION_CONTEXT('2D SPACE',''
  ) );
#16389 = ORIENTED_EDGE('',*,*,#16390,.F.);
#16390 = EDGE_CURVE('',#16326,#16370,#16391,.T.);
#16391 = SURFACE_CURVE('',#16392,(#16396,#16402),.PCURVE_S1.);
#16392 = LINE('',#16393,#16394);
#16393 = CARTESIAN_POINT('',(125.,-49.6,-1.9));
#16394 = VECTOR('',#16395,1.);
#16395 = DIRECTION('',(-0.,0.,1.));
#16396 = PCURVE('',#12093,#16397);
#16397 = DEFINITIONAL_REPRESENTATION('',(#16398),#16401);
#16398 = B_SPLINE_CURVE_WITH_KNOTS('',1,(#16399,#16400),.UNSPECIFIED.,
  .F.,.F.,(2,2),(-2.5,0.9),.PIECEWISE_BEZIER_KNOTS.);
#16399 = CARTESIAN_POINT('',(25.4,5.));
#16400 = CARTESIAN_POINT('',(25.4,1.6));
#16401 = ( GEOMETRIC_REPRESENTATION_CONTEXT(2) 
PARAMETRIC_REPRESENTATION_CONTEXT() REPRESENTATION_CONTEXT('2D SPACE',''
  ) );
#16402 = PCURVE('',#13944,#16403);
#16403 = DEFINITIONAL_REPRESENTATION('',(#16404),#16407);
#16404 = B_SPLINE_CURVE_WITH_KNOTS('',1,(#16405,#16406),.UNSPECIFIED.,
  .F.,.F.,(2,2),(-2.5,0.9),.PIECEWISE_BEZIER_KNOTS.);
#16405 = CARTESIAN_POINT('',(0.,-5.E-02));
#16406 = CARTESIAN_POINT('',(3.4,-5.E-02));
#16407 = ( GEOMETRIC_REPRESENTATION_CONTEXT(2) 
PARAMETRIC_REPRESENTATION_CONTEXT() REPRESENTATION_CONTEXT('2D SPACE',''
  ) );
#16408 = FACE_BOUND('',#16409,.T.);
#16409 = EDGE_LOOP('',(#16410,#16433,#16454,#16475));
#16410 = ORIENTED_EDGE('',*,*,#16411,.T.);
#16411 = EDGE_CURVE('',#16412,#16414,#16416,.T.);
#16412 = VERTEX_POINT('',#16413);
#16413 = CARTESIAN_POINT('',(111.,-49.6,-4.4));
#16414 = VERTEX_POINT('',#16415);
#16415 = CARTESIAN_POINT('',(101.,-49.6,-4.4));
#16416 = SURFACE_CURVE('',#16417,(#16421,#16427),.PCURVE_S1.);
#16417 = LINE('',#16418,#16419);
#16418 = CARTESIAN_POINT('',(125.7,-49.6,-4.4));
#16419 = VECTOR('',#16420,1.);
#16420 = DIRECTION('',(-1.,0.,0.));
#16421 = PCURVE('',#12093,#16422);
#16422 = DEFINITIONAL_REPRESENTATION('',(#16423),#16426);
#16423 = B_SPLINE_CURVE_WITH_KNOTS('',1,(#16424,#16425),.UNSPECIFIED.,
  .F.,.F.,(2,2),(14.7,24.7),.PIECEWISE_BEZIER_KNOTS.);
#16424 = CARTESIAN_POINT('',(39.4,5.));
#16425 = CARTESIAN_POINT('',(49.4,5.));
#16426 = ( GEOMETRIC_REPRESENTATION_CONTEXT(2) 
PARAMETRIC_REPRESENTATION_CONTEXT() REPRESENTATION_CONTEXT('2D SPACE',''
  ) );
#16427 = PCURVE('',#13974,#16428);
#16428 = DEFINITIONAL_REPRESENTATION('',(#16429),#16432);
#16429 = B_SPLINE_CURVE_WITH_KNOTS('',1,(#16430,#16431),.UNSPECIFIED.,
  .F.,.F.,(2,2),(14.7,24.7),.PIECEWISE_BEZIER_KNOTS.);
#16430 = CARTESIAN_POINT('',(10.,5.E-02));
#16431 = CARTESIAN_POINT('',(0.,5.E-02));
#16432 = ( GEOMETRIC_REPRESENTATION_CONTEXT(2) 
PARAMETRIC_REPRESENTATION_CONTEXT() REPRESENTATION_CONTEXT('2D SPACE',''
  ) );
#16433 = ORIENTED_EDGE('',*,*,#16434,.T.);
#16434 = EDGE_CURVE('',#16414,#16435,#16437,.T.);
#16435 = VERTEX_POINT('',#16436);
#16436 = CARTESIAN_POINT('',(101.,-49.6,-1.));
#16437 = SURFACE_CURVE('',#16438,(#16442,#16448),.PCURVE_S1.);
#16438 = LINE('',#16439,#16440);
#16439 = CARTESIAN_POINT('',(101.,-49.6,-1.9));
#16440 = VECTOR('',#16441,1.);
#16441 = DIRECTION('',(-0.,0.,1.));
#16442 = PCURVE('',#12093,#16443);
#16443 = DEFINITIONAL_REPRESENTATION('',(#16444),#16447);
#16444 = B_SPLINE_CURVE_WITH_KNOTS('',1,(#16445,#16446),.UNSPECIFIED.,
  .F.,.F.,(2,2),(-2.5,0.9),.PIECEWISE_BEZIER_KNOTS.);
#16445 = CARTESIAN_POINT('',(49.4,5.));
#16446 = CARTESIAN_POINT('',(49.4,1.6));
#16447 = ( GEOMETRIC_REPRESENTATION_CONTEXT(2) 
PARAMETRIC_REPRESENTATION_CONTEXT() REPRESENTATION_CONTEXT('2D SPACE',''
  ) );
#16448 = PCURVE('',#14000,#16449);
#16449 = DEFINITIONAL_REPRESENTATION('',(#16450),#16453);
#16450 = B_SPLINE_CURVE_WITH_KNOTS('',1,(#16451,#16452),.UNSPECIFIED.,
  .F.,.F.,(2,2),(-2.5,0.9),.PIECEWISE_BEZIER_KNOTS.);
#16451 = CARTESIAN_POINT('',(0.,-5.E-02));
#16452 = CARTESIAN_POINT('',(3.4,-5.E-02));
#16453 = ( GEOMETRIC_REPRESENTATION_CONTEXT(2) 
PARAMETRIC_REPRESENTATION_CONTEXT() REPRESENTATION_CONTEXT('2D SPACE',''
  ) );
#16454 = ORIENTED_EDGE('',*,*,#16455,.F.);
#16455 = EDGE_CURVE('',#16456,#16435,#16458,.T.);
#16456 = VERTEX_POINT('',#16457);
#16457 = CARTESIAN_POINT('',(111.,-49.6,-1.));
#16458 = SURFACE_CURVE('',#16459,(#16463,#16469),.PCURVE_S1.);
#16459 = LINE('',#16460,#16461);
#16460 = CARTESIAN_POINT('',(125.7,-49.6,-1.));
#16461 = VECTOR('',#16462,1.);
#16462 = DIRECTION('',(-1.,0.,0.));
#16463 = PCURVE('',#12093,#16464);
#16464 = DEFINITIONAL_REPRESENTATION('',(#16465),#16468);
#16465 = B_SPLINE_CURVE_WITH_KNOTS('',1,(#16466,#16467),.UNSPECIFIED.,
  .F.,.F.,(2,2),(14.7,24.7),.PIECEWISE_BEZIER_KNOTS.);
#16466 = CARTESIAN_POINT('',(39.4,1.6));
#16467 = CARTESIAN_POINT('',(49.4,1.6));
#16468 = ( GEOMETRIC_REPRESENTATION_CONTEXT(2) 
PARAMETRIC_REPRESENTATION_CONTEXT() REPRESENTATION_CONTEXT('2D SPACE',''
  ) );
#16469 = PCURVE('',#14026,#16470);
#16470 = DEFINITIONAL_REPRESENTATION('',(#16471),#16474);
#16471 = B_SPLINE_CURVE_WITH_KNOTS('',1,(#16472,#16473),.UNSPECIFIED.,
  .F.,.F.,(2,2),(14.7,24.7),.PIECEWISE_BEZIER_KNOTS.);
#16472 = CARTESIAN_POINT('',(10.,5.E-02));
#16473 = CARTESIAN_POINT('',(0.,5.E-02));
#16474 = ( GEOMETRIC_REPRESENTATION_CONTEXT(2) 
PARAMETRIC_REPRESENTATION_CONTEXT() REPRESENTATION_CONTEXT('2D SPACE',''
  ) );
#16475 = ORIENTED_EDGE('',*,*,#16476,.F.);
#16476 = EDGE_CURVE('',#16412,#16456,#16477,.T.);
#16477 = SURFACE_CURVE('',#16478,(#16482,#16488),.PCURVE_S1.);
#16478 = LINE('',#16479,#16480);
#16479 = CARTESIAN_POINT('',(111.,-49.6,-1.9));
#16480 = VECTOR('',#16481,1.);
#16481 = DIRECTION('',(-0.,0.,1.));
#16482 = PCURVE('',#12093,#16483);
#16483 = DEFINITIONAL_REPRESENTATION('',(#16484),#16487);
#16484 = B_SPLINE_CURVE_WITH_KNOTS('',1,(#16485,#16486),.UNSPECIFIED.,
  .F.,.F.,(2,2),(-2.5,0.9),.PIECEWISE_BEZIER_KNOTS.);
#16485 = CARTESIAN_POINT('',(39.4,5.));
#16486 = CARTESIAN_POINT('',(39.4,1.6));
#16487 = ( GEOMETRIC_REPRESENTATION_CONTEXT(2) 
PARAMETRIC_REPRESENTATION_CONTEXT() REPRESENTATION_CONTEXT('2D SPACE',''
  ) );
#16488 = PCURVE('',#14050,#16489);
#16489 = DEFINITIONAL_REPRESENTATION('',(#16490),#16493);
#16490 = B_SPLINE_CURVE_WITH_KNOTS('',1,(#16491,#16492),.UNSPECIFIED.,
  .F.,.F.,(2,2),(-2.5,0.9),.PIECEWISE_BEZIER_KNOTS.);
#16491 = CARTESIAN_POINT('',(0.,-5.E-02));
#16492 = CARTESIAN_POINT('',(3.4,-5.E-02));
#16493 = ( GEOMETRIC_REPRESENTATION_CONTEXT(2) 
PARAMETRIC_REPRESENTATION_CONTEXT() REPRESENTATION_CONTEXT('2D SPACE',''
  ) );
#16494 = FACE_BOUND('',#16495,.T.);
#16495 = EDGE_LOOP('',(#16496,#16519,#16540,#16561));
#16496 = ORIENTED_EDGE('',*,*,#16497,.T.);
#16497 = EDGE_CURVE('',#16498,#16500,#16502,.T.);
#16498 = VERTEX_POINT('',#16499);
#16499 = CARTESIAN_POINT('',(77.,-49.6,-4.4));
#16500 = VERTEX_POINT('',#16501);
#16501 = CARTESIAN_POINT('',(67.,-49.6,-4.4));
#16502 = SURFACE_CURVE('',#16503,(#16507,#16513),.PCURVE_S1.);
#16503 = LINE('',#16504,#16505);
#16504 = CARTESIAN_POINT('',(108.7,-49.6,-4.4));
#16505 = VECTOR('',#16506,1.);
#16506 = DIRECTION('',(-1.,0.,0.));
#16507 = PCURVE('',#12093,#16508);
#16508 = DEFINITIONAL_REPRESENTATION('',(#16509),#16512);
#16509 = B_SPLINE_CURVE_WITH_KNOTS('',1,(#16510,#16511),.UNSPECIFIED.,
  .F.,.F.,(2,2),(31.7,41.7),.PIECEWISE_BEZIER_KNOTS.);
#16510 = CARTESIAN_POINT('',(73.4,5.));
#16511 = CARTESIAN_POINT('',(83.4,5.));
#16512 = ( GEOMETRIC_REPRESENTATION_CONTEXT(2) 
PARAMETRIC_REPRESENTATION_CONTEXT() REPRESENTATION_CONTEXT('2D SPACE',''
  ) );
#16513 = PCURVE('',#14080,#16514);
#16514 = DEFINITIONAL_REPRESENTATION('',(#16515),#16518);
#16515 = B_SPLINE_CURVE_WITH_KNOTS('',1,(#16516,#16517),.UNSPECIFIED.,
  .F.,.F.,(2,2),(31.7,41.7),.PIECEWISE_BEZIER_KNOTS.);
#16516 = CARTESIAN_POINT('',(10.,5.E-02));
#16517 = CARTESIAN_POINT('',(0.,5.E-02));
#16518 = ( GEOMETRIC_REPRESENTATION_CONTEXT(2) 
PARAMETRIC_REPRESENTATION_CONTEXT() REPRESENTATION_CONTEXT('2D SPACE',''
  ) );
#16519 = ORIENTED_EDGE('',*,*,#16520,.T.);
#16520 = EDGE_CURVE('',#16500,#16521,#16523,.T.);
#16521 = VERTEX_POINT('',#16522);
#16522 = CARTESIAN_POINT('',(67.,-49.6,-1.));
#16523 = SURFACE_CURVE('',#16524,(#16528,#16534),.PCURVE_S1.);
#16524 = LINE('',#16525,#16526);
#16525 = CARTESIAN_POINT('',(67.,-49.6,-1.9));
#16526 = VECTOR('',#16527,1.);
#16527 = DIRECTION('',(-0.,0.,1.));
#16528 = PCURVE('',#12093,#16529);
#16529 = DEFINITIONAL_REPRESENTATION('',(#16530),#16533);
#16530 = B_SPLINE_CURVE_WITH_KNOTS('',1,(#16531,#16532),.UNSPECIFIED.,
  .F.,.F.,(2,2),(-2.5,0.9),.PIECEWISE_BEZIER_KNOTS.);
#16531 = CARTESIAN_POINT('',(83.4,5.));
#16532 = CARTESIAN_POINT('',(83.4,1.6));
#16533 = ( GEOMETRIC_REPRESENTATION_CONTEXT(2) 
PARAMETRIC_REPRESENTATION_CONTEXT() REPRESENTATION_CONTEXT('2D SPACE',''
  ) );
#16534 = PCURVE('',#14106,#16535);
#16535 = DEFINITIONAL_REPRESENTATION('',(#16536),#16539);
#16536 = B_SPLINE_CURVE_WITH_KNOTS('',1,(#16537,#16538),.UNSPECIFIED.,
  .F.,.F.,(2,2),(-2.5,0.9),.PIECEWISE_BEZIER_KNOTS.);
#16537 = CARTESIAN_POINT('',(0.,-5.E-02));
#16538 = CARTESIAN_POINT('',(3.4,-5.E-02));
#16539 = ( GEOMETRIC_REPRESENTATION_CONTEXT(2) 
PARAMETRIC_REPRESENTATION_CONTEXT() REPRESENTATION_CONTEXT('2D SPACE',''
  ) );
#16540 = ORIENTED_EDGE('',*,*,#16541,.F.);
#16541 = EDGE_CURVE('',#16542,#16521,#16544,.T.);
#16542 = VERTEX_POINT('',#16543);
#16543 = CARTESIAN_POINT('',(77.,-49.6,-1.));
#16544 = SURFACE_CURVE('',#16545,(#16549,#16555),.PCURVE_S1.);
#16545 = LINE('',#16546,#16547);
#16546 = CARTESIAN_POINT('',(108.7,-49.6,-1.));
#16547 = VECTOR('',#16548,1.);
#16548 = DIRECTION('',(-1.,0.,0.));
#16549 = PCURVE('',#12093,#16550);
#16550 = DEFINITIONAL_REPRESENTATION('',(#16551),#16554);
#16551 = B_SPLINE_CURVE_WITH_KNOTS('',1,(#16552,#16553),.UNSPECIFIED.,
  .F.,.F.,(2,2),(31.7,41.7),.PIECEWISE_BEZIER_KNOTS.);
#16552 = CARTESIAN_POINT('',(73.4,1.6));
#16553 = CARTESIAN_POINT('',(83.4,1.6));
#16554 = ( GEOMETRIC_REPRESENTATION_CONTEXT(2) 
PARAMETRIC_REPRESENTATION_CONTEXT() REPRESENTATION_CONTEXT('2D SPACE',''
  ) );
#16555 = PCURVE('',#14132,#16556);
#16556 = DEFINITIONAL_REPRESENTATION('',(#16557),#16560);
#16557 = B_SPLINE_CURVE_WITH_KNOTS('',1,(#16558,#16559),.UNSPECIFIED.,
  .F.,.F.,(2,2),(31.7,41.7),.PIECEWISE_BEZIER_KNOTS.);
#16558 = CARTESIAN_POINT('',(10.,5.E-02));
#16559 = CARTESIAN_POINT('',(0.,5.E-02));
#16560 = ( GEOMETRIC_REPRESENTATION_CONTEXT(2) 
PARAMETRIC_REPRESENTATION_CONTEXT() REPRESENTATION_CONTEXT('2D SPACE',''
  ) );
#16561 = ORIENTED_EDGE('',*,*,#16562,.F.);
#16562 = EDGE_CURVE('',#16498,#16542,#16563,.T.);
#16563 = SURFACE_CURVE('',#16564,(#16568,#16574),.PCURVE_S1.);
#16564 = LINE('',#16565,#16566);
#16565 = CARTESIAN_POINT('',(77.,-49.6,-1.9));
#16566 = VECTOR('',#16567,1.);
#16567 = DIRECTION('',(-0.,0.,1.));
#16568 = PCURVE('',#12093,#16569);
#16569 = DEFINITIONAL_REPRESENTATION('',(#16570),#16573);
#16570 = B_SPLINE_CURVE_WITH_KNOTS('',1,(#16571,#16572),.UNSPECIFIED.,
  .F.,.F.,(2,2),(-2.5,0.9),.PIECEWISE_BEZIER_KNOTS.);
#16571 = CARTESIAN_POINT('',(73.4,5.));
#16572 = CARTESIAN_POINT('',(73.4,1.6));
#16573 = ( GEOMETRIC_REPRESENTATION_CONTEXT(2) 
PARAMETRIC_REPRESENTATION_CONTEXT() REPRESENTATION_CONTEXT('2D SPACE',''
  ) );
#16574 = PCURVE('',#14156,#16575);
#16575 = DEFINITIONAL_REPRESENTATION('',(#16576),#16579);
#16576 = B_SPLINE_CURVE_WITH_KNOTS('',1,(#16577,#16578),.UNSPECIFIED.,
  .F.,.F.,(2,2),(-2.5,0.9),.PIECEWISE_BEZIER_KNOTS.);
#16577 = CARTESIAN_POINT('',(0.,-5.E-02));
#16578 = CARTESIAN_POINT('',(3.4,-5.E-02));
#16579 = ( GEOMETRIC_REPRESENTATION_CONTEXT(2) 
PARAMETRIC_REPRESENTATION_CONTEXT() REPRESENTATION_CONTEXT('2D SPACE',''
  ) );
#16580 = ADVANCED_FACE('',(#16581),#12273,.F.);
#16581 = FACE_BOUND('',#16582,.F.);
#16582 = EDGE_LOOP('',(#16583,#16606,#16607,#16608));
#16583 = ORIENTED_EDGE('',*,*,#16584,.F.);
#16584 = EDGE_CURVE('',#12233,#16585,#16587,.T.);
#16585 = VERTEX_POINT('',#16586);
#16586 = CARTESIAN_POINT('',(54.,-51.6,0.));
#16587 = SURFACE_CURVE('',#16588,(#16592,#16599),.PCURVE_S1.);
#16588 = LINE('',#16589,#16590);
#16589 = CARTESIAN_POINT('',(54.,-51.6,-5.3));
#16590 = VECTOR('',#16591,1.);
#16591 = DIRECTION('',(0.,0.,1.));
#16592 = PCURVE('',#12273,#16593);
#16593 = DEFINITIONAL_REPRESENTATION('',(#16594),#16598);
#16594 = LINE('',#16595,#16596);
#16595 = CARTESIAN_POINT('',(0.,0.));
#16596 = VECTOR('',#16597,1.);
#16597 = DIRECTION('',(1.,0.));
#16598 = ( GEOMETRIC_REPRESENTATION_CONTEXT(2) 
PARAMETRIC_REPRESENTATION_CONTEXT() REPRESENTATION_CONTEXT('2D SPACE',''
  ) );
#16599 = PCURVE('',#12247,#16600);
#16600 = DEFINITIONAL_REPRESENTATION('',(#16601),#16605);
#16601 = LINE('',#16602,#16603);
#16602 = CARTESIAN_POINT('',(0.,0.));
#16603 = VECTOR('',#16604,1.);
#16604 = DIRECTION('',(1.,0.));
#16605 = ( GEOMETRIC_REPRESENTATION_CONTEXT(2) 
PARAMETRIC_REPRESENTATION_CONTEXT() REPRESENTATION_CONTEXT('2D SPACE',''
  ) );
#16606 = ORIENTED_EDGE('',*,*,#12258,.T.);
#16607 = ORIENTED_EDGE('',*,*,#16008,.T.);
#16608 = ORIENTED_EDGE('',*,*,#16609,.F.);
#16609 = EDGE_CURVE('',#16585,#16009,#16610,.T.);
#16610 = SURFACE_CURVE('',#16611,(#16615,#16622),.PCURVE_S1.);
#16611 = LINE('',#16612,#16613);
#16612 = CARTESIAN_POINT('',(54.,-51.6,0.));
#16613 = VECTOR('',#16614,1.);
#16614 = DIRECTION('',(0.,1.,0.));
#16615 = PCURVE('',#12273,#16616);
#16616 = DEFINITIONAL_REPRESENTATION('',(#16617),#16621);
#16617 = LINE('',#16618,#16619);
#16618 = CARTESIAN_POINT('',(5.3,0.));
#16619 = VECTOR('',#16620,1.);
#16620 = DIRECTION('',(0.,-1.));
#16621 = ( GEOMETRIC_REPRESENTATION_CONTEXT(2) 
PARAMETRIC_REPRESENTATION_CONTEXT() REPRESENTATION_CONTEXT('2D SPACE',''
  ) );
#16622 = PCURVE('',#16046,#16623);
#16623 = DEFINITIONAL_REPRESENTATION('',(#16624),#16628);
#16624 = LINE('',#16625,#16626);
#16625 = CARTESIAN_POINT('',(0.,0.));
#16626 = VECTOR('',#16627,1.);
#16627 = DIRECTION('',(0.,1.));
#16628 = ( GEOMETRIC_REPRESENTATION_CONTEXT(2) 
PARAMETRIC_REPRESENTATION_CONTEXT() REPRESENTATION_CONTEXT('2D SPACE',''
  ) );
#16629 = ADVANCED_FACE('',(#16630),#12247,.F.);
#16630 = FACE_BOUND('',#16631,.F.);
#16631 = EDGE_LOOP('',(#16632,#16655,#16656,#16657));
#16632 = ORIENTED_EDGE('',*,*,#16633,.F.);
#16633 = EDGE_CURVE('',#12207,#16634,#16636,.T.);
#16634 = VERTEX_POINT('',#16635);
#16635 = CARTESIAN_POINT('',(62.,-51.6,0.));
#16636 = SURFACE_CURVE('',#16637,(#16641,#16648),.PCURVE_S1.);
#16637 = LINE('',#16638,#16639);
#16638 = CARTESIAN_POINT('',(62.,-51.6,-5.3));
#16639 = VECTOR('',#16640,1.);
#16640 = DIRECTION('',(0.,0.,1.));
#16641 = PCURVE('',#12247,#16642);
#16642 = DEFINITIONAL_REPRESENTATION('',(#16643),#16647);
#16643 = LINE('',#16644,#16645);
#16644 = CARTESIAN_POINT('',(0.,8.));
#16645 = VECTOR('',#16646,1.);
#16646 = DIRECTION('',(1.,0.));
#16647 = ( GEOMETRIC_REPRESENTATION_CONTEXT(2) 
PARAMETRIC_REPRESENTATION_CONTEXT() REPRESENTATION_CONTEXT('2D SPACE',''
  ) );
#16648 = PCURVE('',#12221,#16649);
#16649 = DEFINITIONAL_REPRESENTATION('',(#16650),#16654);
#16650 = LINE('',#16651,#16652);
#16651 = CARTESIAN_POINT('',(0.,0.));
#16652 = VECTOR('',#16653,1.);
#16653 = DIRECTION('',(1.,0.));
#16654 = ( GEOMETRIC_REPRESENTATION_CONTEXT(2) 
PARAMETRIC_REPRESENTATION_CONTEXT() REPRESENTATION_CONTEXT('2D SPACE',''
  ) );
#16655 = ORIENTED_EDGE('',*,*,#12232,.T.);
#16656 = ORIENTED_EDGE('',*,*,#16584,.T.);
#16657 = ORIENTED_EDGE('',*,*,#16658,.T.);
#16658 = EDGE_CURVE('',#16585,#16634,#16659,.T.);
#16659 = SURFACE_CURVE('',#16660,(#16664,#16671),.PCURVE_S1.);
#16660 = LINE('',#16661,#16662);
#16661 = CARTESIAN_POINT('',(54.,-51.6,0.));
#16662 = VECTOR('',#16663,1.);
#16663 = DIRECTION('',(1.,0.,0.));
#16664 = PCURVE('',#12247,#16665);
#16665 = DEFINITIONAL_REPRESENTATION('',(#16666),#16670);
#16666 = LINE('',#16667,#16668);
#16667 = CARTESIAN_POINT('',(5.3,0.));
#16668 = VECTOR('',#16669,1.);
#16669 = DIRECTION('',(0.,1.));
#16670 = ( GEOMETRIC_REPRESENTATION_CONTEXT(2) 
PARAMETRIC_REPRESENTATION_CONTEXT() REPRESENTATION_CONTEXT('2D SPACE',''
  ) );
#16671 = PCURVE('',#16046,#16672);
#16672 = DEFINITIONAL_REPRESENTATION('',(#16673),#16677);
#16673 = LINE('',#16674,#16675);
#16674 = CARTESIAN_POINT('',(0.,0.));
#16675 = VECTOR('',#16676,1.);
#16676 = DIRECTION('',(1.,0.));
#16677 = ( GEOMETRIC_REPRESENTATION_CONTEXT(2) 
PARAMETRIC_REPRESENTATION_CONTEXT() REPRESENTATION_CONTEXT('2D SPACE',''
  ) );
#16678 = ADVANCED_FACE('',(#16679),#12221,.T.);
#16679 = FACE_BOUND('',#16680,.T.);
#16680 = EDGE_LOOP('',(#16681,#16682,#16683,#16684));
#16681 = ORIENTED_EDGE('',*,*,#16633,.F.);
#16682 = ORIENTED_EDGE('',*,*,#12206,.T.);
#16683 = ORIENTED_EDGE('',*,*,#16057,.T.);
#16684 = ORIENTED_EDGE('',*,*,#16685,.F.);
#16685 = EDGE_CURVE('',#16634,#16031,#16686,.T.);
#16686 = SURFACE_CURVE('',#16687,(#16691,#16698),.PCURVE_S1.);
#16687 = LINE('',#16688,#16689);
#16688 = CARTESIAN_POINT('',(62.,-51.6,0.));
#16689 = VECTOR('',#16690,1.);
#16690 = DIRECTION('',(0.,1.,0.));
#16691 = PCURVE('',#12221,#16692);
#16692 = DEFINITIONAL_REPRESENTATION('',(#16693),#16697);
#16693 = LINE('',#16694,#16695);
#16694 = CARTESIAN_POINT('',(5.3,0.));
#16695 = VECTOR('',#16696,1.);
#16696 = DIRECTION('',(0.,-1.));
#16697 = ( GEOMETRIC_REPRESENTATION_CONTEXT(2) 
PARAMETRIC_REPRESENTATION_CONTEXT() REPRESENTATION_CONTEXT('2D SPACE',''
  ) );
#16698 = PCURVE('',#16046,#16699);
#16699 = DEFINITIONAL_REPRESENTATION('',(#16700),#16704);
#16700 = LINE('',#16701,#16702);
#16701 = CARTESIAN_POINT('',(8.,0.));
#16702 = VECTOR('',#16703,1.);
#16703 = DIRECTION('',(0.,1.));
#16704 = ( GEOMETRIC_REPRESENTATION_CONTEXT(2) 
PARAMETRIC_REPRESENTATION_CONTEXT() REPRESENTATION_CONTEXT('2D SPACE',''
  ) );
#16705 = ADVANCED_FACE('',(#16706),#12172,.F.);
#16706 = FACE_BOUND('',#16707,.F.);
#16707 = EDGE_LOOP('',(#16708,#16731,#16732,#16733));
#16708 = ORIENTED_EDGE('',*,*,#16709,.F.);
#16709 = EDGE_CURVE('',#12132,#16710,#16712,.T.);
#16710 = VERTEX_POINT('',#16711);
#16711 = CARTESIAN_POINT('',(86.,-51.6,0.));
#16712 = SURFACE_CURVE('',#16713,(#16717,#16724),.PCURVE_S1.);
#16713 = LINE('',#16714,#16715);
#16714 = CARTESIAN_POINT('',(86.,-51.6,-5.3));
#16715 = VECTOR('',#16716,1.);
#16716 = DIRECTION('',(0.,0.,1.));
#16717 = PCURVE('',#12172,#16718);
#16718 = DEFINITIONAL_REPRESENTATION('',(#16719),#16723);
#16719 = LINE('',#16720,#16721);
#16720 = CARTESIAN_POINT('',(0.,0.));
#16721 = VECTOR('',#16722,1.);
#16722 = DIRECTION('',(1.,0.));
#16723 = ( GEOMETRIC_REPRESENTATION_CONTEXT(2) 
PARAMETRIC_REPRESENTATION_CONTEXT() REPRESENTATION_CONTEXT('2D SPACE',''
  ) );
#16724 = PCURVE('',#12146,#16725);
#16725 = DEFINITIONAL_REPRESENTATION('',(#16726),#16730);
#16726 = LINE('',#16727,#16728);
#16727 = CARTESIAN_POINT('',(0.,0.));
#16728 = VECTOR('',#16729,1.);
#16729 = DIRECTION('',(1.,0.));
#16730 = ( GEOMETRIC_REPRESENTATION_CONTEXT(2) 
PARAMETRIC_REPRESENTATION_CONTEXT() REPRESENTATION_CONTEXT('2D SPACE',''
  ) );
#16731 = ORIENTED_EDGE('',*,*,#12157,.T.);
#16732 = ORIENTED_EDGE('',*,*,#16078,.T.);
#16733 = ORIENTED_EDGE('',*,*,#16734,.F.);
#16734 = EDGE_CURVE('',#16710,#16079,#16735,.T.);
#16735 = SURFACE_CURVE('',#16736,(#16740,#16747),.PCURVE_S1.);
#16736 = LINE('',#16737,#16738);
#16737 = CARTESIAN_POINT('',(86.,-51.6,0.));
#16738 = VECTOR('',#16739,1.);
#16739 = DIRECTION('',(0.,1.,0.));
#16740 = PCURVE('',#12172,#16741);
#16741 = DEFINITIONAL_REPRESENTATION('',(#16742),#16746);
#16742 = LINE('',#16743,#16744);
#16743 = CARTESIAN_POINT('',(5.3,0.));
#16744 = VECTOR('',#16745,1.);
#16745 = DIRECTION('',(0.,-1.));
#16746 = ( GEOMETRIC_REPRESENTATION_CONTEXT(2) 
PARAMETRIC_REPRESENTATION_CONTEXT() REPRESENTATION_CONTEXT('2D SPACE',''
  ) );
#16747 = PCURVE('',#16116,#16748);
#16748 = DEFINITIONAL_REPRESENTATION('',(#16749),#16753);
#16749 = LINE('',#16750,#16751);
#16750 = CARTESIAN_POINT('',(0.,0.));
#16751 = VECTOR('',#16752,1.);
#16752 = DIRECTION('',(0.,1.));
#16753 = ( GEOMETRIC_REPRESENTATION_CONTEXT(2) 
PARAMETRIC_REPRESENTATION_CONTEXT() REPRESENTATION_CONTEXT('2D SPACE',''
  ) );
#16754 = ADVANCED_FACE('',(#16755),#12146,.F.);
#16755 = FACE_BOUND('',#16756,.F.);
#16756 = EDGE_LOOP('',(#16757,#16780,#16781,#16782));
#16757 = ORIENTED_EDGE('',*,*,#16758,.F.);
#16758 = EDGE_CURVE('',#12106,#16759,#16761,.T.);
#16759 = VERTEX_POINT('',#16760);
#16760 = CARTESIAN_POINT('',(94.,-51.6,0.));
#16761 = SURFACE_CURVE('',#16762,(#16766,#16773),.PCURVE_S1.);
#16762 = LINE('',#16763,#16764);
#16763 = CARTESIAN_POINT('',(94.,-51.6,-5.3));
#16764 = VECTOR('',#16765,1.);
#16765 = DIRECTION('',(0.,0.,1.));
#16766 = PCURVE('',#12146,#16767);
#16767 = DEFINITIONAL_REPRESENTATION('',(#16768),#16772);
#16768 = LINE('',#16769,#16770);
#16769 = CARTESIAN_POINT('',(0.,8.));
#16770 = VECTOR('',#16771,1.);
#16771 = DIRECTION('',(1.,0.));
#16772 = ( GEOMETRIC_REPRESENTATION_CONTEXT(2) 
PARAMETRIC_REPRESENTATION_CONTEXT() REPRESENTATION_CONTEXT('2D SPACE',''
  ) );
#16773 = PCURVE('',#12120,#16774);
#16774 = DEFINITIONAL_REPRESENTATION('',(#16775),#16779);
#16775 = LINE('',#16776,#16777);
#16776 = CARTESIAN_POINT('',(0.,0.));
#16777 = VECTOR('',#16778,1.);
#16778 = DIRECTION('',(1.,0.));
#16779 = ( GEOMETRIC_REPRESENTATION_CONTEXT(2) 
PARAMETRIC_REPRESENTATION_CONTEXT() REPRESENTATION_CONTEXT('2D SPACE',''
  ) );
#16780 = ORIENTED_EDGE('',*,*,#12131,.T.);
#16781 = ORIENTED_EDGE('',*,*,#16709,.T.);
#16782 = ORIENTED_EDGE('',*,*,#16783,.T.);
#16783 = EDGE_CURVE('',#16710,#16759,#16784,.T.);
#16784 = SURFACE_CURVE('',#16785,(#16789,#16796),.PCURVE_S1.);
#16785 = LINE('',#16786,#16787);
#16786 = CARTESIAN_POINT('',(86.,-51.6,0.));
#16787 = VECTOR('',#16788,1.);
#16788 = DIRECTION('',(1.,0.,0.));
#16789 = PCURVE('',#12146,#16790);
#16790 = DEFINITIONAL_REPRESENTATION('',(#16791),#16795);
#16791 = LINE('',#16792,#16793);
#16792 = CARTESIAN_POINT('',(5.3,0.));
#16793 = VECTOR('',#16794,1.);
#16794 = DIRECTION('',(0.,1.));
#16795 = ( GEOMETRIC_REPRESENTATION_CONTEXT(2) 
PARAMETRIC_REPRESENTATION_CONTEXT() REPRESENTATION_CONTEXT('2D SPACE',''
  ) );
#16796 = PCURVE('',#16116,#16797);
#16797 = DEFINITIONAL_REPRESENTATION('',(#16798),#16802);
#16798 = LINE('',#16799,#16800);
#16799 = CARTESIAN_POINT('',(0.,0.));
#16800 = VECTOR('',#16801,1.);
#16801 = DIRECTION('',(1.,0.));
#16802 = ( GEOMETRIC_REPRESENTATION_CONTEXT(2) 
PARAMETRIC_REPRESENTATION_CONTEXT() REPRESENTATION_CONTEXT('2D SPACE',''
  ) );
#16803 = ADVANCED_FACE('',(#16804),#12120,.T.);
#16804 = FACE_BOUND('',#16805,.T.);
#16805 = EDGE_LOOP('',(#16806,#16807,#16808,#16809));
#16806 = ORIENTED_EDGE('',*,*,#16758,.F.);
#16807 = ORIENTED_EDGE('',*,*,#12105,.T.);
#16808 = ORIENTED_EDGE('',*,*,#16127,.T.);
#16809 = ORIENTED_EDGE('',*,*,#16810,.F.);
#16810 = EDGE_CURVE('',#16759,#16101,#16811,.T.);
#16811 = SURFACE_CURVE('',#16812,(#16816,#16823),.PCURVE_S1.);
#16812 = LINE('',#16813,#16814);
#16813 = CARTESIAN_POINT('',(94.,-51.6,0.));
#16814 = VECTOR('',#16815,1.);
#16815 = DIRECTION('',(0.,1.,0.));
#16816 = PCURVE('',#12120,#16817);
#16817 = DEFINITIONAL_REPRESENTATION('',(#16818),#16822);
#16818 = LINE('',#16819,#16820);
#16819 = CARTESIAN_POINT('',(5.3,0.));
#16820 = VECTOR('',#16821,1.);
#16821 = DIRECTION('',(0.,-1.));
#16822 = ( GEOMETRIC_REPRESENTATION_CONTEXT(2) 
PARAMETRIC_REPRESENTATION_CONTEXT() REPRESENTATION_CONTEXT('2D SPACE',''
  ) );
#16823 = PCURVE('',#16116,#16824);
#16824 = DEFINITIONAL_REPRESENTATION('',(#16825),#16829);
#16825 = LINE('',#16826,#16827);
#16826 = CARTESIAN_POINT('',(8.,0.));
#16827 = VECTOR('',#16828,1.);
#16828 = DIRECTION('',(0.,1.));
#16829 = ( GEOMETRIC_REPRESENTATION_CONTEXT(2) 
PARAMETRIC_REPRESENTATION_CONTEXT() REPRESENTATION_CONTEXT('2D SPACE',''
  ) );
#16830 = ADVANCED_FACE('',(#16831),#12066,.F.);
#16831 = FACE_BOUND('',#16832,.F.);
#16832 = EDGE_LOOP('',(#16833,#16856,#16857,#16858));
#16833 = ORIENTED_EDGE('',*,*,#16834,.F.);
#16834 = EDGE_CURVE('',#12026,#16835,#16837,.T.);
#16835 = VERTEX_POINT('',#16836);
#16836 = CARTESIAN_POINT('',(146.9,-53.1,0.));
#16837 = SURFACE_CURVE('',#16838,(#16842,#16849),.PCURVE_S1.);
#16838 = LINE('',#16839,#16840);
#16839 = CARTESIAN_POINT('',(146.9,-53.1,-5.3));
#16840 = VECTOR('',#16841,1.);
#16841 = DIRECTION('',(0.,0.,1.));
#16842 = PCURVE('',#12066,#16843);
#16843 = DEFINITIONAL_REPRESENTATION('',(#16844),#16848);
#16844 = LINE('',#16845,#16846);
#16845 = CARTESIAN_POINT('',(0.,0.));
#16846 = VECTOR('',#16847,1.);
#16847 = DIRECTION('',(1.,0.));
#16848 = ( GEOMETRIC_REPRESENTATION_CONTEXT(2) 
PARAMETRIC_REPRESENTATION_CONTEXT() REPRESENTATION_CONTEXT('2D SPACE',''
  ) );
#16849 = PCURVE('',#12040,#16850);
#16850 = DEFINITIONAL_REPRESENTATION('',(#16851),#16855);
#16851 = LINE('',#16852,#16853);
#16852 = CARTESIAN_POINT('',(0.,0.));
#16853 = VECTOR('',#16854,1.);
#16854 = DIRECTION('',(1.,0.));
#16855 = ( GEOMETRIC_REPRESENTATION_CONTEXT(2) 
PARAMETRIC_REPRESENTATION_CONTEXT() REPRESENTATION_CONTEXT('2D SPACE',''
  ) );
#16856 = ORIENTED_EDGE('',*,*,#12051,.T.);
#16857 = ORIENTED_EDGE('',*,*,#16148,.T.);
#16858 = ORIENTED_EDGE('',*,*,#16859,.F.);
#16859 = EDGE_CURVE('',#16835,#16149,#16860,.T.);
#16860 = SURFACE_CURVE('',#16861,(#16865,#16872),.PCURVE_S1.);
#16861 = LINE('',#16862,#16863);
#16862 = CARTESIAN_POINT('',(146.9,-53.1,0.));
#16863 = VECTOR('',#16864,1.);
#16864 = DIRECTION('',(0.,1.,0.));
#16865 = PCURVE('',#12066,#16866);
#16866 = DEFINITIONAL_REPRESENTATION('',(#16867),#16871);
#16867 = LINE('',#16868,#16869);
#16868 = CARTESIAN_POINT('',(5.3,0.));
#16869 = VECTOR('',#16870,1.);
#16870 = DIRECTION('',(0.,-1.));
#16871 = ( GEOMETRIC_REPRESENTATION_CONTEXT(2) 
PARAMETRIC_REPRESENTATION_CONTEXT() REPRESENTATION_CONTEXT('2D SPACE',''
  ) );
#16872 = PCURVE('',#15093,#16873);
#16873 = DEFINITIONAL_REPRESENTATION('',(#16874),#16878);
#16874 = LINE('',#16875,#16876);
#16875 = CARTESIAN_POINT('',(0.,0.));
#16876 = VECTOR('',#16877,1.);
#16877 = DIRECTION('',(0.,1.));
#16878 = ( GEOMETRIC_REPRESENTATION_CONTEXT(2) 
PARAMETRIC_REPRESENTATION_CONTEXT() REPRESENTATION_CONTEXT('2D SPACE',''
  ) );
#16879 = ADVANCED_FACE('',(#16880),#12040,.F.);
#16880 = FACE_BOUND('',#16881,.F.);
#16881 = EDGE_LOOP('',(#16882,#16883,#16884,#16885));
#16882 = ORIENTED_EDGE('',*,*,#15105,.F.);
#16883 = ORIENTED_EDGE('',*,*,#12025,.T.);
#16884 = ORIENTED_EDGE('',*,*,#16834,.T.);
#16885 = ORIENTED_EDGE('',*,*,#16886,.T.);
#16886 = EDGE_CURVE('',#16835,#15078,#16887,.T.);
#16887 = SURFACE_CURVE('',#16888,(#16892,#16899),.PCURVE_S1.);
#16888 = LINE('',#16889,#16890);
#16889 = CARTESIAN_POINT('',(146.9,-53.1,0.));
#16890 = VECTOR('',#16891,1.);
#16891 = DIRECTION('',(1.,0.,0.));
#16892 = PCURVE('',#12040,#16893);
#16893 = DEFINITIONAL_REPRESENTATION('',(#16894),#16898);
#16894 = LINE('',#16895,#16896);
#16895 = CARTESIAN_POINT('',(5.3,0.));
#16896 = VECTOR('',#16897,1.);
#16897 = DIRECTION('',(0.,1.));
#16898 = ( GEOMETRIC_REPRESENTATION_CONTEXT(2) 
PARAMETRIC_REPRESENTATION_CONTEXT() REPRESENTATION_CONTEXT('2D SPACE',''
  ) );
#16899 = PCURVE('',#15093,#16900);
#16900 = DEFINITIONAL_REPRESENTATION('',(#16901),#16905);
#16901 = LINE('',#16902,#16903);
#16902 = CARTESIAN_POINT('',(0.,0.));
#16903 = VECTOR('',#16904,1.);
#16904 = DIRECTION('',(1.,0.));
#16905 = ( GEOMETRIC_REPRESENTATION_CONTEXT(2) 
PARAMETRIC_REPRESENTATION_CONTEXT() REPRESENTATION_CONTEXT('2D SPACE',''
  ) );
#16906 = ADVANCED_FACE('',(#16907),#11991,.T.);
#16907 = FACE_BOUND('',#16908,.T.);
#16908 = EDGE_LOOP('',(#16909,#16910,#16933,#16954));
#16909 = ORIENTED_EDGE('',*,*,#11976,.T.);
#16910 = ORIENTED_EDGE('',*,*,#16911,.T.);
#16911 = EDGE_CURVE('',#11951,#16912,#16914,.T.);
#16912 = VERTEX_POINT('',#16913);
#16913 = CARTESIAN_POINT('',(148.4,-122.,0.));
#16914 = SURFACE_CURVE('',#16915,(#16919,#16926),.PCURVE_S1.);
#16915 = LINE('',#16916,#16917);
#16916 = CARTESIAN_POINT('',(148.4,-122.,-5.3));
#16917 = VECTOR('',#16918,1.);
#16918 = DIRECTION('',(0.,0.,1.));
#16919 = PCURVE('',#11991,#16920);
#16920 = DEFINITIONAL_REPRESENTATION('',(#16921),#16925);
#16921 = LINE('',#16922,#16923);
#16922 = CARTESIAN_POINT('',(0.,0.));
#16923 = VECTOR('',#16924,1.);
#16924 = DIRECTION('',(1.,0.));
#16925 = ( GEOMETRIC_REPRESENTATION_CONTEXT(2) 
PARAMETRIC_REPRESENTATION_CONTEXT() REPRESENTATION_CONTEXT('2D SPACE',''
  ) );
#16926 = PCURVE('',#11965,#16927);
#16927 = DEFINITIONAL_REPRESENTATION('',(#16928),#16932);
#16928 = LINE('',#16929,#16930);
#16929 = CARTESIAN_POINT('',(0.,-8.));
#16930 = VECTOR('',#16931,1.);
#16931 = DIRECTION('',(1.,0.));
#16932 = ( GEOMETRIC_REPRESENTATION_CONTEXT(2) 
PARAMETRIC_REPRESENTATION_CONTEXT() REPRESENTATION_CONTEXT('2D SPACE',''
  ) );
#16933 = ORIENTED_EDGE('',*,*,#16934,.T.);
#16934 = EDGE_CURVE('',#16912,#15128,#16935,.T.);
#16935 = SURFACE_CURVE('',#16936,(#16940,#16947),.PCURVE_S1.);
#16936 = LINE('',#16937,#16938);
#16937 = CARTESIAN_POINT('',(148.4,-122.,0.));
#16938 = VECTOR('',#16939,1.);
#16939 = DIRECTION('',(1.,0.,0.));
#16940 = PCURVE('',#11991,#16941);
#16941 = DEFINITIONAL_REPRESENTATION('',(#16942),#16946);
#16942 = LINE('',#16943,#16944);
#16943 = CARTESIAN_POINT('',(5.3,0.));
#16944 = VECTOR('',#16945,1.);
#16945 = DIRECTION('',(0.,1.));
#16946 = ( GEOMETRIC_REPRESENTATION_CONTEXT(2) 
PARAMETRIC_REPRESENTATION_CONTEXT() REPRESENTATION_CONTEXT('2D SPACE',''
  ) );
#16947 = PCURVE('',#15165,#16948);
#16948 = DEFINITIONAL_REPRESENTATION('',(#16949),#16953);
#16949 = LINE('',#16950,#16951);
#16950 = CARTESIAN_POINT('',(0.,8.));
#16951 = VECTOR('',#16952,1.);
#16952 = DIRECTION('',(1.,0.));
#16953 = ( GEOMETRIC_REPRESENTATION_CONTEXT(2) 
PARAMETRIC_REPRESENTATION_CONTEXT() REPRESENTATION_CONTEXT('2D SPACE',''
  ) );
#16954 = ORIENTED_EDGE('',*,*,#15127,.T.);
#16955 = ADVANCED_FACE('',(#16956),#11965,.F.);
#16956 = FACE_BOUND('',#16957,.F.);
#16957 = EDGE_LOOP('',(#16958,#16981,#16982,#16983));
#16958 = ORIENTED_EDGE('',*,*,#16959,.F.);
#16959 = EDGE_CURVE('',#11925,#16960,#16962,.T.);
#16960 = VERTEX_POINT('',#16961);
#16961 = CARTESIAN_POINT('',(148.4,-130.,0.));
#16962 = SURFACE_CURVE('',#16963,(#16967,#16974),.PCURVE_S1.);
#16963 = LINE('',#16964,#16965);
#16964 = CARTESIAN_POINT('',(148.4,-130.,-5.3));
#16965 = VECTOR('',#16966,1.);
#16966 = DIRECTION('',(0.,0.,1.));
#16967 = PCURVE('',#11965,#16968);
#16968 = DEFINITIONAL_REPRESENTATION('',(#16969),#16973);
#16969 = LINE('',#16970,#16971);
#16970 = CARTESIAN_POINT('',(0.,0.));
#16971 = VECTOR('',#16972,1.);
#16972 = DIRECTION('',(1.,0.));
#16973 = ( GEOMETRIC_REPRESENTATION_CONTEXT(2) 
PARAMETRIC_REPRESENTATION_CONTEXT() REPRESENTATION_CONTEXT('2D SPACE',''
  ) );
#16974 = PCURVE('',#11939,#16975);
#16975 = DEFINITIONAL_REPRESENTATION('',(#16976),#16980);
#16976 = LINE('',#16977,#16978);
#16977 = CARTESIAN_POINT('',(0.,0.));
#16978 = VECTOR('',#16979,1.);
#16979 = DIRECTION('',(1.,0.));
#16980 = ( GEOMETRIC_REPRESENTATION_CONTEXT(2) 
PARAMETRIC_REPRESENTATION_CONTEXT() REPRESENTATION_CONTEXT('2D SPACE',''
  ) );
#16981 = ORIENTED_EDGE('',*,*,#11950,.T.);
#16982 = ORIENTED_EDGE('',*,*,#16911,.T.);
#16983 = ORIENTED_EDGE('',*,*,#16984,.F.);
#16984 = EDGE_CURVE('',#16960,#16912,#16985,.T.);
#16985 = SURFACE_CURVE('',#16986,(#16990,#16997),.PCURVE_S1.);
#16986 = LINE('',#16987,#16988);
#16987 = CARTESIAN_POINT('',(148.4,-130.,0.));
#16988 = VECTOR('',#16989,1.);
#16989 = DIRECTION('',(0.,1.,0.));
#16990 = PCURVE('',#11965,#16991);
#16991 = DEFINITIONAL_REPRESENTATION('',(#16992),#16996);
#16992 = LINE('',#16993,#16994);
#16993 = CARTESIAN_POINT('',(5.3,0.));
#16994 = VECTOR('',#16995,1.);
#16995 = DIRECTION('',(0.,-1.));
#16996 = ( GEOMETRIC_REPRESENTATION_CONTEXT(2) 
PARAMETRIC_REPRESENTATION_CONTEXT() REPRESENTATION_CONTEXT('2D SPACE',''
  ) );
#16997 = PCURVE('',#15165,#16998);
#16998 = DEFINITIONAL_REPRESENTATION('',(#16999),#17003);
#16999 = LINE('',#17000,#17001);
#17000 = CARTESIAN_POINT('',(0.,0.));
#17001 = VECTOR('',#17002,1.);
#17002 = DIRECTION('',(0.,1.));
#17003 = ( GEOMETRIC_REPRESENTATION_CONTEXT(2) 
PARAMETRIC_REPRESENTATION_CONTEXT() REPRESENTATION_CONTEXT('2D SPACE',''
  ) );
#17004 = ADVANCED_FACE('',(#17005),#11939,.F.);
#17005 = FACE_BOUND('',#17006,.F.);
#17006 = EDGE_LOOP('',(#17007,#17008,#17009,#17030));
#17007 = ORIENTED_EDGE('',*,*,#11924,.T.);
#17008 = ORIENTED_EDGE('',*,*,#16959,.T.);
#17009 = ORIENTED_EDGE('',*,*,#17010,.T.);
#17010 = EDGE_CURVE('',#16960,#15150,#17011,.T.);
#17011 = SURFACE_CURVE('',#17012,(#17016,#17023),.PCURVE_S1.);
#17012 = LINE('',#17013,#17014);
#17013 = CARTESIAN_POINT('',(148.4,-130.,0.));
#17014 = VECTOR('',#17015,1.);
#17015 = DIRECTION('',(1.,0.,0.));
#17016 = PCURVE('',#11939,#17017);
#17017 = DEFINITIONAL_REPRESENTATION('',(#17018),#17022);
#17018 = LINE('',#17019,#17020);
#17019 = CARTESIAN_POINT('',(5.3,0.));
#17020 = VECTOR('',#17021,1.);
#17021 = DIRECTION('',(0.,1.));
#17022 = ( GEOMETRIC_REPRESENTATION_CONTEXT(2) 
PARAMETRIC_REPRESENTATION_CONTEXT() REPRESENTATION_CONTEXT('2D SPACE',''
  ) );
#17023 = PCURVE('',#15165,#17024);
#17024 = DEFINITIONAL_REPRESENTATION('',(#17025),#17029);
#17025 = LINE('',#17026,#17027);
#17026 = CARTESIAN_POINT('',(0.,0.));
#17027 = VECTOR('',#17028,1.);
#17028 = DIRECTION('',(1.,0.));
#17029 = ( GEOMETRIC_REPRESENTATION_CONTEXT(2) 
PARAMETRIC_REPRESENTATION_CONTEXT() REPRESENTATION_CONTEXT('2D SPACE',''
  ) );
#17030 = ORIENTED_EDGE('',*,*,#15176,.T.);
#17031 = ADVANCED_FACE('',(#17032),#11890,.T.);
#17032 = FACE_BOUND('',#17033,.T.);
#17033 = EDGE_LOOP('',(#17034,#17035,#17036,#17057));
#17034 = ORIENTED_EDGE('',*,*,#15197,.F.);
#17035 = ORIENTED_EDGE('',*,*,#11875,.T.);
#17036 = ORIENTED_EDGE('',*,*,#17037,.T.);
#17037 = EDGE_CURVE('',#11850,#12801,#17038,.T.);
#17038 = SURFACE_CURVE('',#17039,(#17043,#17050),.PCURVE_S1.);
#17039 = LINE('',#17040,#17041);
#17040 = CARTESIAN_POINT('',(146.9,-146.9,-5.3));
#17041 = VECTOR('',#17042,1.);
#17042 = DIRECTION('',(0.,0.,1.));
#17043 = PCURVE('',#11890,#17044);
#17044 = DEFINITIONAL_REPRESENTATION('',(#17045),#17049);
#17045 = LINE('',#17046,#17047);
#17046 = CARTESIAN_POINT('',(0.,0.));
#17047 = VECTOR('',#17048,1.);
#17048 = DIRECTION('',(1.,0.));
#17049 = ( GEOMETRIC_REPRESENTATION_CONTEXT(2) 
PARAMETRIC_REPRESENTATION_CONTEXT() REPRESENTATION_CONTEXT('2D SPACE',''
  ) );
#17050 = PCURVE('',#11864,#17051);
#17051 = DEFINITIONAL_REPRESENTATION('',(#17052),#17056);
#17052 = LINE('',#17053,#17054);
#17053 = CARTESIAN_POINT('',(0.,-3.5));
#17054 = VECTOR('',#17055,1.);
#17055 = DIRECTION('',(1.,0.));
#17056 = ( GEOMETRIC_REPRESENTATION_CONTEXT(2) 
PARAMETRIC_REPRESENTATION_CONTEXT() REPRESENTATION_CONTEXT('2D SPACE',''
  ) );
#17057 = ORIENTED_EDGE('',*,*,#12870,.T.);
#17058 = ADVANCED_FACE('',(#17059),#11864,.F.);
#17059 = FACE_BOUND('',#17060,.F.);
#17060 = EDGE_LOOP('',(#17061,#17080,#17081,#17082));
#17061 = ORIENTED_EDGE('',*,*,#17062,.T.);
#17062 = EDGE_CURVE('',#12799,#11824,#17063,.T.);
#17063 = SURFACE_CURVE('',#17064,(#17068,#17074),.PCURVE_S1.);
#17064 = LINE('',#17065,#17066);
#17065 = CARTESIAN_POINT('',(146.9,-148.4,-5.3));
#17066 = VECTOR('',#17067,1.);
#17067 = DIRECTION('',(0.,0.,-1.));
#17068 = PCURVE('',#11864,#17069);
#17069 = DEFINITIONAL_REPRESENTATION('',(#17070),#17073);
#17070 = B_SPLINE_CURVE_WITH_KNOTS('',1,(#17071,#17072),.UNSPECIFIED.,
  .F.,.F.,(2,2),(-5.3,0.),.PIECEWISE_BEZIER_KNOTS.);
#17071 = CARTESIAN_POINT('',(5.3,-2.));
#17072 = CARTESIAN_POINT('',(0.,-2.));
#17073 = ( GEOMETRIC_REPRESENTATION_CONTEXT(2) 
PARAMETRIC_REPRESENTATION_CONTEXT() REPRESENTATION_CONTEXT('2D SPACE',''
  ) );
#17074 = PCURVE('',#11838,#17075);
#17075 = DEFINITIONAL_REPRESENTATION('',(#17076),#17079);
#17076 = B_SPLINE_CURVE_WITH_KNOTS('',1,(#17077,#17078),.UNSPECIFIED.,
  .F.,.F.,(2,2),(-5.3,0.),.PIECEWISE_BEZIER_KNOTS.);
#17077 = CARTESIAN_POINT('',(5.3,4.9));
#17078 = CARTESIAN_POINT('',(0.,4.9));
#17079 = ( GEOMETRIC_REPRESENTATION_CONTEXT(2) 
PARAMETRIC_REPRESENTATION_CONTEXT() REPRESENTATION_CONTEXT('2D SPACE',''
  ) );
#17080 = ORIENTED_EDGE('',*,*,#11849,.T.);
#17081 = ORIENTED_EDGE('',*,*,#17037,.T.);
#17082 = ORIENTED_EDGE('',*,*,#12798,.F.);
#17083 = ADVANCED_FACE('',(#17084),#11838,.T.);
#17084 = FACE_BOUND('',#17085,.T.);
#17085 = EDGE_LOOP('',(#17086,#17087,#17088,#17089));
#17086 = ORIENTED_EDGE('',*,*,#11823,.T.);
#17087 = ORIENTED_EDGE('',*,*,#12774,.T.);
#17088 = ORIENTED_EDGE('',*,*,#12823,.T.);
#17089 = ORIENTED_EDGE('',*,*,#17062,.T.);
#17090 = ADVANCED_FACE('',(#17091),#13458,.T.);
#17091 = FACE_BOUND('',#17092,.T.);
#17092 = EDGE_LOOP('',(#17093,#17094,#17095,#17096));
#17093 = ORIENTED_EDGE('',*,*,#13533,.T.);
#17094 = ORIENTED_EDGE('',*,*,#14988,.F.);
#17095 = ORIENTED_EDGE('',*,*,#13442,.T.);
#17096 = ORIENTED_EDGE('',*,*,#17097,.T.);
#17097 = EDGE_CURVE('',#13417,#13513,#17098,.T.);
#17098 = SURFACE_CURVE('',#17099,(#17103,#17109),.PCURVE_S1.);
#17099 = LINE('',#17100,#17101);
#17100 = CARTESIAN_POINT('',(73.,-83.8,10.6));
#17101 = VECTOR('',#17102,1.);
#17102 = DIRECTION('',(-1.,0.,0.));
#17103 = PCURVE('',#13458,#17104);
#17104 = DEFINITIONAL_REPRESENTATION('',(#17105),#17108);
#17105 = B_SPLINE_CURVE_WITH_KNOTS('',1,(#17106,#17107),.UNSPECIFIED.,
  .F.,.F.,(2,2),(23.35,24.6),.PIECEWISE_BEZIER_KNOTS.);
#17106 = CARTESIAN_POINT('',(-50.35,16.2));
#17107 = CARTESIAN_POINT('',(-51.6,16.2));
#17108 = ( GEOMETRIC_REPRESENTATION_CONTEXT(2) 
PARAMETRIC_REPRESENTATION_CONTEXT() REPRESENTATION_CONTEXT('2D SPACE',''
  ) );
#17109 = PCURVE('',#13431,#17110);
#17110 = DEFINITIONAL_REPRESENTATION('',(#17111),#17114);
#17111 = B_SPLINE_CURVE_WITH_KNOTS('',1,(#17112,#17113),.UNSPECIFIED.,
  .F.,.F.,(2,2),(23.35,24.6),.PIECEWISE_BEZIER_KNOTS.);
#17112 = CARTESIAN_POINT('',(9.,3.65));
#17113 = CARTESIAN_POINT('',(9.,2.4));
#17114 = ( GEOMETRIC_REPRESENTATION_CONTEXT(2) 
PARAMETRIC_REPRESENTATION_CONTEXT() REPRESENTATION_CONTEXT('2D SPACE',''
  ) );
#17115 = ADVANCED_FACE('',(#17116),#13431,.T.);
#17116 = FACE_BOUND('',#17117,.T.);
#17117 = EDGE_LOOP('',(#17118,#17119,#17120,#17121));
#17118 = ORIENTED_EDGE('',*,*,#13600,.F.);
#17119 = ORIENTED_EDGE('',*,*,#13512,.T.);
#17120 = ORIENTED_EDGE('',*,*,#17097,.F.);
#17121 = ORIENTED_EDGE('',*,*,#13416,.F.);
#17122 = ADVANCED_FACE('',(#17123),#13384,.F.);
#17123 = FACE_BOUND('',#17124,.F.);
#17124 = EDGE_LOOP('',(#17125,#17126,#17127,#17146));
#17125 = ORIENTED_EDGE('',*,*,#13578,.F.);
#17126 = ORIENTED_EDGE('',*,*,#13670,.T.);
#17127 = ORIENTED_EDGE('',*,*,#17128,.F.);
#17128 = EDGE_CURVE('',#13343,#13648,#17129,.T.);
#17129 = SURFACE_CURVE('',#17130,(#17134,#17140),.PCURVE_S1.);
#17130 = LINE('',#17131,#17132);
#17131 = CARTESIAN_POINT('',(73.,-75.3,10.6));
#17132 = VECTOR('',#17133,1.);
#17133 = DIRECTION('',(-1.,0.,0.));
#17134 = PCURVE('',#13384,#17135);
#17135 = DEFINITIONAL_REPRESENTATION('',(#17136),#17139);
#17136 = B_SPLINE_CURVE_WITH_KNOTS('',1,(#17137,#17138),.UNSPECIFIED.,
  .F.,.F.,(2,2),(23.35,24.6),.PIECEWISE_BEZIER_KNOTS.);
#17137 = CARTESIAN_POINT('',(9.,3.65));
#17138 = CARTESIAN_POINT('',(9.,2.4));
#17139 = ( GEOMETRIC_REPRESENTATION_CONTEXT(2) 
PARAMETRIC_REPRESENTATION_CONTEXT() REPRESENTATION_CONTEXT('2D SPACE',''
  ) );
#17140 = PCURVE('',#13358,#17141);
#17141 = DEFINITIONAL_REPRESENTATION('',(#17142),#17145);
#17142 = B_SPLINE_CURVE_WITH_KNOTS('',1,(#17143,#17144),.UNSPECIFIED.,
  .F.,.F.,(2,2),(23.35,24.6),.PIECEWISE_BEZIER_KNOTS.);
#17143 = CARTESIAN_POINT('',(-50.35,24.7));
#17144 = CARTESIAN_POINT('',(-51.6,24.7));
#17145 = ( GEOMETRIC_REPRESENTATION_CONTEXT(2) 
PARAMETRIC_REPRESENTATION_CONTEXT() REPRESENTATION_CONTEXT('2D SPACE',''
  ) );
#17146 = ORIENTED_EDGE('',*,*,#13369,.F.);
#17147 = ADVANCED_FACE('',(#17148),#13358,.T.);
#17148 = FACE_BOUND('',#17149,.T.);
#17149 = EDGE_LOOP('',(#17150,#17151,#17152,#17153));
#17150 = ORIENTED_EDGE('',*,*,#13647,.T.);
#17151 = ORIENTED_EDGE('',*,*,#17128,.F.);
#17152 = ORIENTED_EDGE('',*,*,#13342,.T.);
#17153 = ORIENTED_EDGE('',*,*,#17154,.T.);
#17154 = EDGE_CURVE('',#13317,#13627,#17155,.T.);
#17155 = SURFACE_CURVE('',#17156,(#17160,#17166),.PCURVE_S1.);
#17156 = LINE('',#17157,#17158);
#17157 = CARTESIAN_POINT('',(73.,-70.2,10.6));
#17158 = VECTOR('',#17159,1.);
#17159 = DIRECTION('',(-1.,0.,0.));
#17160 = PCURVE('',#13358,#17161);
#17161 = DEFINITIONAL_REPRESENTATION('',(#17162),#17165);
#17162 = B_SPLINE_CURVE_WITH_KNOTS('',1,(#17163,#17164),.UNSPECIFIED.,
  .F.,.F.,(2,2),(23.35,24.6),.PIECEWISE_BEZIER_KNOTS.);
#17163 = CARTESIAN_POINT('',(-50.35,29.8));
#17164 = CARTESIAN_POINT('',(-51.6,29.8));
#17165 = ( GEOMETRIC_REPRESENTATION_CONTEXT(2) 
PARAMETRIC_REPRESENTATION_CONTEXT() REPRESENTATION_CONTEXT('2D SPACE',''
  ) );
#17166 = PCURVE('',#13331,#17167);
#17167 = DEFINITIONAL_REPRESENTATION('',(#17168),#17171);
#17168 = B_SPLINE_CURVE_WITH_KNOTS('',1,(#17169,#17170),.UNSPECIFIED.,
  .F.,.F.,(2,2),(23.35,24.6),.PIECEWISE_BEZIER_KNOTS.);
#17169 = CARTESIAN_POINT('',(9.,3.65));
#17170 = CARTESIAN_POINT('',(9.,2.4));
#17171 = ( GEOMETRIC_REPRESENTATION_CONTEXT(2) 
PARAMETRIC_REPRESENTATION_CONTEXT() REPRESENTATION_CONTEXT('2D SPACE',''
  ) );
#17172 = ADVANCED_FACE('',(#17173),#13331,.T.);
#17173 = FACE_BOUND('',#17174,.T.);
#17174 = EDGE_LOOP('',(#17175,#17176,#17177,#17178));
#17175 = ORIENTED_EDGE('',*,*,#13714,.F.);
#17176 = ORIENTED_EDGE('',*,*,#13626,.T.);
#17177 = ORIENTED_EDGE('',*,*,#17154,.F.);
#17178 = ORIENTED_EDGE('',*,*,#13316,.F.);
#17179 = ADVANCED_FACE('',(#17180),#13284,.F.);
#17180 = FACE_BOUND('',#17181,.F.);
#17181 = EDGE_LOOP('',(#17182,#17183,#17184,#17203));
#17182 = ORIENTED_EDGE('',*,*,#13692,.F.);
#17183 = ORIENTED_EDGE('',*,*,#14930,.T.);
#17184 = ORIENTED_EDGE('',*,*,#17185,.F.);
#17185 = EDGE_CURVE('',#13243,#14908,#17186,.T.);
#17186 = SURFACE_CURVE('',#17187,(#17191,#17197),.PCURVE_S1.);
#17187 = LINE('',#17188,#17189);
#17188 = CARTESIAN_POINT('',(73.,-52.6,10.6));
#17189 = VECTOR('',#17190,1.);
#17190 = DIRECTION('',(-1.,0.,0.));
#17191 = PCURVE('',#13284,#17192);
#17192 = DEFINITIONAL_REPRESENTATION('',(#17193),#17196);
#17193 = B_SPLINE_CURVE_WITH_KNOTS('',1,(#17194,#17195),.UNSPECIFIED.,
  .F.,.F.,(2,2),(23.35,24.6),.PIECEWISE_BEZIER_KNOTS.);
#17194 = CARTESIAN_POINT('',(9.,3.65));
#17195 = CARTESIAN_POINT('',(9.,2.4));
#17196 = ( GEOMETRIC_REPRESENTATION_CONTEXT(2) 
PARAMETRIC_REPRESENTATION_CONTEXT() REPRESENTATION_CONTEXT('2D SPACE',''
  ) );
#17197 = PCURVE('',#13258,#17198);
#17198 = DEFINITIONAL_REPRESENTATION('',(#17199),#17202);
#17199 = B_SPLINE_CURVE_WITH_KNOTS('',1,(#17200,#17201),.UNSPECIFIED.,
  .F.,.F.,(2,2),(23.35,24.6),.PIECEWISE_BEZIER_KNOTS.);
#17200 = CARTESIAN_POINT('',(-50.35,47.4));
#17201 = CARTESIAN_POINT('',(-51.6,47.4));
#17202 = ( GEOMETRIC_REPRESENTATION_CONTEXT(2) 
PARAMETRIC_REPRESENTATION_CONTEXT() REPRESENTATION_CONTEXT('2D SPACE',''
  ) );
#17203 = ORIENTED_EDGE('',*,*,#13269,.F.);
#17204 = ADVANCED_FACE('',(#17205),#13258,.T.);
#17205 = FACE_BOUND('',#17206,.T.);
#17206 = EDGE_LOOP('',(#17207,#17208,#17209,#17210,#17232,#17233,#17255,
    #17256,#17257,#17258,#17259,#17260));
#17207 = ORIENTED_EDGE('',*,*,#14907,.T.);
#17208 = ORIENTED_EDGE('',*,*,#17185,.F.);
#17209 = ORIENTED_EDGE('',*,*,#13242,.T.);
#17210 = ORIENTED_EDGE('',*,*,#17211,.F.);
#17211 = EDGE_CURVE('',#15961,#13215,#17212,.T.);
#17212 = SURFACE_CURVE('',#17213,(#17218,#17225),.PCURVE_S1.);
#17213 = CIRCLE('',#17214,0.5);
#17214 = AXIS2_PLACEMENT_3D('',#17215,#17216,#17217);
#17215 = CARTESIAN_POINT('',(50.1,-50.1,10.6));
#17216 = DIRECTION('',(0.,0.,1.));
#17217 = DIRECTION('',(-0.,1.,0.));
#17218 = PCURVE('',#13258,#17219);
#17219 = DEFINITIONAL_REPRESENTATION('',(#17220),#17224);
#17220 = CIRCLE('',#17221,0.5);
#17221 = AXIS2_PLACEMENT_2D('',#17222,#17223);
#17222 = CARTESIAN_POINT('',(-49.9,49.9));
#17223 = DIRECTION('',(0.,1.));
#17224 = ( GEOMETRIC_REPRESENTATION_CONTEXT(2) 
PARAMETRIC_REPRESENTATION_CONTEXT() REPRESENTATION_CONTEXT('2D SPACE',''
  ) );
#17225 = PCURVE('',#13230,#17226);
#17226 = DEFINITIONAL_REPRESENTATION('',(#17227),#17231);
#17227 = LINE('',#17228,#17229);
#17228 = CARTESIAN_POINT('',(0.,10.));
#17229 = VECTOR('',#17230,1.);
#17230 = DIRECTION('',(1.,0.));
#17231 = ( GEOMETRIC_REPRESENTATION_CONTEXT(2) 
PARAMETRIC_REPRESENTATION_CONTEXT() REPRESENTATION_CONTEXT('2D SPACE',''
  ) );
#17232 = ORIENTED_EDGE('',*,*,#16217,.T.);
#17233 = ORIENTED_EDGE('',*,*,#17234,.F.);
#17234 = EDGE_CURVE('',#15026,#16195,#17235,.T.);
#17235 = SURFACE_CURVE('',#17236,(#17241,#17248),.PCURVE_S1.);
#17236 = CIRCLE('',#17237,0.5);
#17237 = AXIS2_PLACEMENT_3D('',#17238,#17239,#17240);
#17238 = CARTESIAN_POINT('',(149.9,-50.1,10.6));
#17239 = DIRECTION('',(0.,0.,1.));
#17240 = DIRECTION('',(1.,0.,-0.));
#17241 = PCURVE('',#13258,#17242);
#17242 = DEFINITIONAL_REPRESENTATION('',(#17243),#17247);
#17243 = CIRCLE('',#17244,0.5);
#17244 = AXIS2_PLACEMENT_2D('',#17245,#17246);
#17245 = CARTESIAN_POINT('',(49.9,49.9));
#17246 = DIRECTION('',(1.,0.));
#17247 = ( GEOMETRIC_REPRESENTATION_CONTEXT(2) 
PARAMETRIC_REPRESENTATION_CONTEXT() REPRESENTATION_CONTEXT('2D SPACE',''
  ) );
#17248 = PCURVE('',#15065,#17249);
#17249 = DEFINITIONAL_REPRESENTATION('',(#17250),#17254);
#17250 = LINE('',#17251,#17252);
#17251 = CARTESIAN_POINT('',(0.,10.));
#17252 = VECTOR('',#17253,1.);
#17253 = DIRECTION('',(1.,0.));
#17254 = ( GEOMETRIC_REPRESENTATION_CONTEXT(2) 
PARAMETRIC_REPRESENTATION_CONTEXT() REPRESENTATION_CONTEXT('2D SPACE',''
  ) );
#17255 = ORIENTED_EDGE('',*,*,#15025,.T.);
#17256 = ORIENTED_EDGE('',*,*,#15406,.F.);
#17257 = ORIENTED_EDGE('',*,*,#14192,.T.);
#17258 = ORIENTED_EDGE('',*,*,#14450,.T.);
#17259 = ORIENTED_EDGE('',*,*,#14478,.T.);
#17260 = ORIENTED_EDGE('',*,*,#14879,.T.);
#17261 = ADVANCED_FACE('',(#17262),#13230,.F.);
#17262 = FACE_BOUND('',#17263,.F.);
#17263 = EDGE_LOOP('',(#17264,#17265,#17287,#17288));
#17264 = ORIENTED_EDGE('',*,*,#15960,.T.);
#17265 = ORIENTED_EDGE('',*,*,#17266,.T.);
#17266 = EDGE_CURVE('',#15963,#13187,#17267,.T.);
#17267 = SURFACE_CURVE('',#17268,(#17273,#17280),.PCURVE_S1.);
#17268 = CIRCLE('',#17269,0.5);
#17269 = AXIS2_PLACEMENT_3D('',#17270,#17271,#17272);
#17270 = CARTESIAN_POINT('',(50.1,-50.1,0.));
#17271 = DIRECTION('',(0.,0.,1.));
#17272 = DIRECTION('',(-0.,1.,0.));
#17273 = PCURVE('',#13230,#17274);
#17274 = DEFINITIONAL_REPRESENTATION('',(#17275),#17279);
#17275 = LINE('',#17276,#17277);
#17276 = CARTESIAN_POINT('',(0.,-0.6));
#17277 = VECTOR('',#17278,1.);
#17278 = DIRECTION('',(1.,0.));
#17279 = ( GEOMETRIC_REPRESENTATION_CONTEXT(2) 
PARAMETRIC_REPRESENTATION_CONTEXT() REPRESENTATION_CONTEXT('2D SPACE',''
  ) );
#17280 = PCURVE('',#13202,#17281);
#17281 = DEFINITIONAL_REPRESENTATION('',(#17282),#17286);
#17282 = CIRCLE('',#17283,0.5);
#17283 = AXIS2_PLACEMENT_2D('',#17284,#17285);
#17284 = CARTESIAN_POINT('',(0.5,3.));
#17285 = DIRECTION('',(0.,1.));
#17286 = ( GEOMETRIC_REPRESENTATION_CONTEXT(2) 
PARAMETRIC_REPRESENTATION_CONTEXT() REPRESENTATION_CONTEXT('2D SPACE',''
  ) );
#17287 = ORIENTED_EDGE('',*,*,#13214,.F.);
#17288 = ORIENTED_EDGE('',*,*,#17211,.F.);
#17289 = ADVANCED_FACE('',(#17290),#13202,.T.);
#17290 = FACE_BOUND('',#17291,.T.);
#17291 = EDGE_LOOP('',(#17292,#17293,#17294,#17295,#17296));
#17292 = ORIENTED_EDGE('',*,*,#13186,.F.);
#17293 = ORIENTED_EDGE('',*,*,#15887,.T.);
#17294 = ORIENTED_EDGE('',*,*,#15936,.T.);
#17295 = ORIENTED_EDGE('',*,*,#15985,.F.);
#17296 = ORIENTED_EDGE('',*,*,#17266,.T.);
#17297 = ADVANCED_FACE('',(#17298),#13131,.T.);
#17298 = FACE_BOUND('',#17299,.T.);
#17299 = EDGE_LOOP('',(#17300,#17301,#17302,#17303));
#17300 = ORIENTED_EDGE('',*,*,#15838,.F.);
#17301 = ORIENTED_EDGE('',*,*,#13115,.T.);
#17302 = ORIENTED_EDGE('',*,*,#15762,.T.);
#17303 = ORIENTED_EDGE('',*,*,#15811,.T.);
#17304 = ADVANCED_FACE('',(#17305),#13061,.T.);
#17305 = FACE_BOUND('',#17306,.T.);
#17306 = EDGE_LOOP('',(#17307,#17308,#17309,#17310));
#17307 = ORIENTED_EDGE('',*,*,#15713,.F.);
#17308 = ORIENTED_EDGE('',*,*,#13045,.T.);
#17309 = ORIENTED_EDGE('',*,*,#15637,.T.);
#17310 = ORIENTED_EDGE('',*,*,#15686,.T.);
#17311 = ADVANCED_FACE('',(#17312),#12991,.T.);
#17312 = FACE_BOUND('',#17313,.T.);
#17313 = EDGE_LOOP('',(#17314,#17315,#17316,#17317));
#17314 = ORIENTED_EDGE('',*,*,#15588,.F.);
#17315 = ORIENTED_EDGE('',*,*,#12975,.T.);
#17316 = ORIENTED_EDGE('',*,*,#15512,.T.);
#17317 = ORIENTED_EDGE('',*,*,#15561,.T.);
#17318 = ADVANCED_FACE('',(#17319),#13762,.T.);
#17319 = FACE_BOUND('',#17320,.T.);
#17320 = EDGE_LOOP('',(#17321,#17342,#17343,#17364));
#17321 = ORIENTED_EDGE('',*,*,#17322,.F.);
#17322 = EDGE_CURVE('',#16242,#13748,#17323,.T.);
#17323 = SURFACE_CURVE('',#17324,(#17328,#17335),.PCURVE_S1.);
#17324 = LINE('',#17325,#17326);
#17325 = CARTESIAN_POINT('',(129.,-49.65,-4.4));
#17326 = VECTOR('',#17327,1.);
#17327 = DIRECTION('',(0.,1.,0.));
#17328 = PCURVE('',#13762,#17329);
#17329 = DEFINITIONAL_REPRESENTATION('',(#17330),#17334);
#17330 = LINE('',#17331,#17332);
#17331 = CARTESIAN_POINT('',(0.,0.));
#17332 = VECTOR('',#17333,1.);
#17333 = DIRECTION('',(0.,1.));
#17334 = ( GEOMETRIC_REPRESENTATION_CONTEXT(2) 
PARAMETRIC_REPRESENTATION_CONTEXT() REPRESENTATION_CONTEXT('2D SPACE',''
  ) );
#17335 = PCURVE('',#13788,#17336);
#17336 = DEFINITIONAL_REPRESENTATION('',(#17337),#17341);
#17337 = LINE('',#17338,#17339);
#17338 = CARTESIAN_POINT('',(0.,0.));
#17339 = VECTOR('',#17340,1.);
#17340 = DIRECTION('',(0.,-1.));
#17341 = ( GEOMETRIC_REPRESENTATION_CONTEXT(2) 
PARAMETRIC_REPRESENTATION_CONTEXT() REPRESENTATION_CONTEXT('2D SPACE',''
  ) );
#17342 = ORIENTED_EDGE('',*,*,#16239,.F.);
#17343 = ORIENTED_EDGE('',*,*,#17344,.T.);
#17344 = EDGE_CURVE('',#16240,#13746,#17345,.T.);
#17345 = SURFACE_CURVE('',#17346,(#17350,#17357),.PCURVE_S1.);
#17346 = LINE('',#17347,#17348);
#17347 = CARTESIAN_POINT('',(139.,-49.65,-4.4));
#17348 = VECTOR('',#17349,1.);
#17349 = DIRECTION('',(0.,1.,0.));
#17350 = PCURVE('',#13762,#17351);
#17351 = DEFINITIONAL_REPRESENTATION('',(#17352),#17356);
#17352 = LINE('',#17353,#17354);
#17353 = CARTESIAN_POINT('',(10.,0.));
#17354 = VECTOR('',#17355,1.);
#17355 = DIRECTION('',(0.,1.));
#17356 = ( GEOMETRIC_REPRESENTATION_CONTEXT(2) 
PARAMETRIC_REPRESENTATION_CONTEXT() REPRESENTATION_CONTEXT('2D SPACE',''
  ) );
#17357 = PCURVE('',#13838,#17358);
#17358 = DEFINITIONAL_REPRESENTATION('',(#17359),#17363);
#17359 = LINE('',#17360,#17361);
#17360 = CARTESIAN_POINT('',(0.,0.));
#17361 = VECTOR('',#17362,1.);
#17362 = DIRECTION('',(0.,-1.));
#17363 = ( GEOMETRIC_REPRESENTATION_CONTEXT(2) 
PARAMETRIC_REPRESENTATION_CONTEXT() REPRESENTATION_CONTEXT('2D SPACE',''
  ) );
#17364 = ORIENTED_EDGE('',*,*,#13745,.T.);
#17365 = ADVANCED_FACE('',(#17366),#13838,.F.);
#17366 = FACE_BOUND('',#17367,.F.);
#17367 = EDGE_LOOP('',(#17368,#17389,#17390,#17391));
#17368 = ORIENTED_EDGE('',*,*,#17369,.F.);
#17369 = EDGE_CURVE('',#16284,#13800,#17370,.T.);
#17370 = SURFACE_CURVE('',#17371,(#17375,#17382),.PCURVE_S1.);
#17371 = LINE('',#17372,#17373);
#17372 = CARTESIAN_POINT('',(139.,-49.65,-1.));
#17373 = VECTOR('',#17374,1.);
#17374 = DIRECTION('',(0.,1.,0.));
#17375 = PCURVE('',#13838,#17376);
#17376 = DEFINITIONAL_REPRESENTATION('',(#17377),#17381);
#17377 = LINE('',#17378,#17379);
#17378 = CARTESIAN_POINT('',(3.4,0.));
#17379 = VECTOR('',#17380,1.);
#17380 = DIRECTION('',(0.,-1.));
#17381 = ( GEOMETRIC_REPRESENTATION_CONTEXT(2) 
PARAMETRIC_REPRESENTATION_CONTEXT() REPRESENTATION_CONTEXT('2D SPACE',''
  ) );
#17382 = PCURVE('',#13814,#17383);
#17383 = DEFINITIONAL_REPRESENTATION('',(#17384),#17388);
#17384 = LINE('',#17385,#17386);
#17385 = CARTESIAN_POINT('',(10.,0.));
#17386 = VECTOR('',#17387,1.);
#17387 = DIRECTION('',(0.,1.));
#17388 = ( GEOMETRIC_REPRESENTATION_CONTEXT(2) 
PARAMETRIC_REPRESENTATION_CONTEXT() REPRESENTATION_CONTEXT('2D SPACE',''
  ) );
#17389 = ORIENTED_EDGE('',*,*,#16304,.F.);
#17390 = ORIENTED_EDGE('',*,*,#17344,.T.);
#17391 = ORIENTED_EDGE('',*,*,#13825,.T.);
#17392 = ADVANCED_FACE('',(#17393),#13814,.F.);
#17393 = FACE_BOUND('',#17394,.F.);
#17394 = EDGE_LOOP('',(#17395,#17416,#17417,#17418));
#17395 = ORIENTED_EDGE('',*,*,#17396,.F.);
#17396 = EDGE_CURVE('',#16263,#13774,#17397,.T.);
#17397 = SURFACE_CURVE('',#17398,(#17402,#17409),.PCURVE_S1.);
#17398 = LINE('',#17399,#17400);
#17399 = CARTESIAN_POINT('',(129.,-49.65,-1.));
#17400 = VECTOR('',#17401,1.);
#17401 = DIRECTION('',(0.,1.,0.));
#17402 = PCURVE('',#13814,#17403);
#17403 = DEFINITIONAL_REPRESENTATION('',(#17404),#17408);
#17404 = LINE('',#17405,#17406);
#17405 = CARTESIAN_POINT('',(0.,0.));
#17406 = VECTOR('',#17407,1.);
#17407 = DIRECTION('',(0.,1.));
#17408 = ( GEOMETRIC_REPRESENTATION_CONTEXT(2) 
PARAMETRIC_REPRESENTATION_CONTEXT() REPRESENTATION_CONTEXT('2D SPACE',''
  ) );
#17409 = PCURVE('',#13788,#17410);
#17410 = DEFINITIONAL_REPRESENTATION('',(#17411),#17415);
#17411 = LINE('',#17412,#17413);
#17412 = CARTESIAN_POINT('',(3.4,0.));
#17413 = VECTOR('',#17414,1.);
#17414 = DIRECTION('',(0.,-1.));
#17415 = ( GEOMETRIC_REPRESENTATION_CONTEXT(2) 
PARAMETRIC_REPRESENTATION_CONTEXT() REPRESENTATION_CONTEXT('2D SPACE',''
  ) );
#17416 = ORIENTED_EDGE('',*,*,#16283,.F.);
#17417 = ORIENTED_EDGE('',*,*,#17369,.T.);
#17418 = ORIENTED_EDGE('',*,*,#13799,.T.);
#17419 = ADVANCED_FACE('',(#17420),#13788,.T.);
#17420 = FACE_BOUND('',#17421,.T.);
#17421 = EDGE_LOOP('',(#17422,#17423,#17424,#17425));
#17422 = ORIENTED_EDGE('',*,*,#17396,.F.);
#17423 = ORIENTED_EDGE('',*,*,#16262,.F.);
#17424 = ORIENTED_EDGE('',*,*,#17322,.T.);
#17425 = ORIENTED_EDGE('',*,*,#13773,.T.);
#17426 = ADVANCED_FACE('',(#17427),#13868,.T.);
#17427 = FACE_BOUND('',#17428,.T.);
#17428 = EDGE_LOOP('',(#17429,#17450,#17451,#17472));
#17429 = ORIENTED_EDGE('',*,*,#17430,.F.);
#17430 = EDGE_CURVE('',#16328,#13854,#17431,.T.);
#17431 = SURFACE_CURVE('',#17432,(#17436,#17443),.PCURVE_S1.);
#17432 = LINE('',#17433,#17434);
#17433 = CARTESIAN_POINT('',(115.,-49.65,-4.4));
#17434 = VECTOR('',#17435,1.);
#17435 = DIRECTION('',(0.,1.,0.));
#17436 = PCURVE('',#13868,#17437);
#17437 = DEFINITIONAL_REPRESENTATION('',(#17438),#17442);
#17438 = LINE('',#17439,#17440);
#17439 = CARTESIAN_POINT('',(0.,0.));
#17440 = VECTOR('',#17441,1.);
#17441 = DIRECTION('',(0.,1.));
#17442 = ( GEOMETRIC_REPRESENTATION_CONTEXT(2) 
PARAMETRIC_REPRESENTATION_CONTEXT() REPRESENTATION_CONTEXT('2D SPACE',''
  ) );
#17443 = PCURVE('',#13894,#17444);
#17444 = DEFINITIONAL_REPRESENTATION('',(#17445),#17449);
#17445 = LINE('',#17446,#17447);
#17446 = CARTESIAN_POINT('',(0.,0.));
#17447 = VECTOR('',#17448,1.);
#17448 = DIRECTION('',(0.,-1.));
#17449 = ( GEOMETRIC_REPRESENTATION_CONTEXT(2) 
PARAMETRIC_REPRESENTATION_CONTEXT() REPRESENTATION_CONTEXT('2D SPACE',''
  ) );
#17450 = ORIENTED_EDGE('',*,*,#16325,.F.);
#17451 = ORIENTED_EDGE('',*,*,#17452,.T.);
#17452 = EDGE_CURVE('',#16326,#13852,#17453,.T.);
#17453 = SURFACE_CURVE('',#17454,(#17458,#17465),.PCURVE_S1.);
#17454 = LINE('',#17455,#17456);
#17455 = CARTESIAN_POINT('',(125.,-49.65,-4.4));
#17456 = VECTOR('',#17457,1.);
#17457 = DIRECTION('',(0.,1.,0.));
#17458 = PCURVE('',#13868,#17459);
#17459 = DEFINITIONAL_REPRESENTATION('',(#17460),#17464);
#17460 = LINE('',#17461,#17462);
#17461 = CARTESIAN_POINT('',(10.,0.));
#17462 = VECTOR('',#17463,1.);
#17463 = DIRECTION('',(0.,1.));
#17464 = ( GEOMETRIC_REPRESENTATION_CONTEXT(2) 
PARAMETRIC_REPRESENTATION_CONTEXT() REPRESENTATION_CONTEXT('2D SPACE',''
  ) );
#17465 = PCURVE('',#13944,#17466);
#17466 = DEFINITIONAL_REPRESENTATION('',(#17467),#17471);
#17467 = LINE('',#17468,#17469);
#17468 = CARTESIAN_POINT('',(0.,0.));
#17469 = VECTOR('',#17470,1.);
#17470 = DIRECTION('',(0.,-1.));
#17471 = ( GEOMETRIC_REPRESENTATION_CONTEXT(2) 
PARAMETRIC_REPRESENTATION_CONTEXT() REPRESENTATION_CONTEXT('2D SPACE',''
  ) );
#17472 = ORIENTED_EDGE('',*,*,#13851,.T.);
#17473 = ADVANCED_FACE('',(#17474),#13944,.F.);
#17474 = FACE_BOUND('',#17475,.F.);
#17475 = EDGE_LOOP('',(#17476,#17497,#17498,#17499));
#17476 = ORIENTED_EDGE('',*,*,#17477,.F.);
#17477 = EDGE_CURVE('',#16370,#13906,#17478,.T.);
#17478 = SURFACE_CURVE('',#17479,(#17483,#17490),.PCURVE_S1.);
#17479 = LINE('',#17480,#17481);
#17480 = CARTESIAN_POINT('',(125.,-49.65,-1.));
#17481 = VECTOR('',#17482,1.);
#17482 = DIRECTION('',(0.,1.,0.));
#17483 = PCURVE('',#13944,#17484);
#17484 = DEFINITIONAL_REPRESENTATION('',(#17485),#17489);
#17485 = LINE('',#17486,#17487);
#17486 = CARTESIAN_POINT('',(3.4,0.));
#17487 = VECTOR('',#17488,1.);
#17488 = DIRECTION('',(0.,-1.));
#17489 = ( GEOMETRIC_REPRESENTATION_CONTEXT(2) 
PARAMETRIC_REPRESENTATION_CONTEXT() REPRESENTATION_CONTEXT('2D SPACE',''
  ) );
#17490 = PCURVE('',#13920,#17491);
#17491 = DEFINITIONAL_REPRESENTATION('',(#17492),#17496);
#17492 = LINE('',#17493,#17494);
#17493 = CARTESIAN_POINT('',(10.,0.));
#17494 = VECTOR('',#17495,1.);
#17495 = DIRECTION('',(0.,1.));
#17496 = ( GEOMETRIC_REPRESENTATION_CONTEXT(2) 
PARAMETRIC_REPRESENTATION_CONTEXT() REPRESENTATION_CONTEXT('2D SPACE',''
  ) );
#17497 = ORIENTED_EDGE('',*,*,#16390,.F.);
#17498 = ORIENTED_EDGE('',*,*,#17452,.T.);
#17499 = ORIENTED_EDGE('',*,*,#13931,.T.);
#17500 = ADVANCED_FACE('',(#17501),#13920,.F.);
#17501 = FACE_BOUND('',#17502,.F.);
#17502 = EDGE_LOOP('',(#17503,#17524,#17525,#17526));
#17503 = ORIENTED_EDGE('',*,*,#17504,.F.);
#17504 = EDGE_CURVE('',#16349,#13880,#17505,.T.);
#17505 = SURFACE_CURVE('',#17506,(#17510,#17517),.PCURVE_S1.);
#17506 = LINE('',#17507,#17508);
#17507 = CARTESIAN_POINT('',(115.,-49.65,-1.));
#17508 = VECTOR('',#17509,1.);
#17509 = DIRECTION('',(0.,1.,0.));
#17510 = PCURVE('',#13920,#17511);
#17511 = DEFINITIONAL_REPRESENTATION('',(#17512),#17516);
#17512 = LINE('',#17513,#17514);
#17513 = CARTESIAN_POINT('',(0.,0.));
#17514 = VECTOR('',#17515,1.);
#17515 = DIRECTION('',(0.,1.));
#17516 = ( GEOMETRIC_REPRESENTATION_CONTEXT(2) 
PARAMETRIC_REPRESENTATION_CONTEXT() REPRESENTATION_CONTEXT('2D SPACE',''
  ) );
#17517 = PCURVE('',#13894,#17518);
#17518 = DEFINITIONAL_REPRESENTATION('',(#17519),#17523);
#17519 = LINE('',#17520,#17521);
#17520 = CARTESIAN_POINT('',(3.4,0.));
#17521 = VECTOR('',#17522,1.);
#17522 = DIRECTION('',(0.,-1.));
#17523 = ( GEOMETRIC_REPRESENTATION_CONTEXT(2) 
PARAMETRIC_REPRESENTATION_CONTEXT() REPRESENTATION_CONTEXT('2D SPACE',''
  ) );
#17524 = ORIENTED_EDGE('',*,*,#16369,.F.);
#17525 = ORIENTED_EDGE('',*,*,#17477,.T.);
#17526 = ORIENTED_EDGE('',*,*,#13905,.T.);
#17527 = ADVANCED_FACE('',(#17528),#13894,.T.);
#17528 = FACE_BOUND('',#17529,.T.);
#17529 = EDGE_LOOP('',(#17530,#17531,#17532,#17533));
#17530 = ORIENTED_EDGE('',*,*,#17504,.F.);
#17531 = ORIENTED_EDGE('',*,*,#16348,.F.);
#17532 = ORIENTED_EDGE('',*,*,#17430,.T.);
#17533 = ORIENTED_EDGE('',*,*,#13879,.T.);
#17534 = ADVANCED_FACE('',(#17535),#13974,.T.);
#17535 = FACE_BOUND('',#17536,.T.);
#17536 = EDGE_LOOP('',(#17537,#17558,#17559,#17580));
#17537 = ORIENTED_EDGE('',*,*,#17538,.F.);
#17538 = EDGE_CURVE('',#16414,#13960,#17539,.T.);
#17539 = SURFACE_CURVE('',#17540,(#17544,#17551),.PCURVE_S1.);
#17540 = LINE('',#17541,#17542);
#17541 = CARTESIAN_POINT('',(101.,-49.65,-4.4));
#17542 = VECTOR('',#17543,1.);
#17543 = DIRECTION('',(0.,1.,0.));
#17544 = PCURVE('',#13974,#17545);
#17545 = DEFINITIONAL_REPRESENTATION('',(#17546),#17550);
#17546 = LINE('',#17547,#17548);
#17547 = CARTESIAN_POINT('',(0.,0.));
#17548 = VECTOR('',#17549,1.);
#17549 = DIRECTION('',(0.,1.));
#17550 = ( GEOMETRIC_REPRESENTATION_CONTEXT(2) 
PARAMETRIC_REPRESENTATION_CONTEXT() REPRESENTATION_CONTEXT('2D SPACE',''
  ) );
#17551 = PCURVE('',#14000,#17552);
#17552 = DEFINITIONAL_REPRESENTATION('',(#17553),#17557);
#17553 = LINE('',#17554,#17555);
#17554 = CARTESIAN_POINT('',(0.,0.));
#17555 = VECTOR('',#17556,1.);
#17556 = DIRECTION('',(0.,-1.));
#17557 = ( GEOMETRIC_REPRESENTATION_CONTEXT(2) 
PARAMETRIC_REPRESENTATION_CONTEXT() REPRESENTATION_CONTEXT('2D SPACE',''
  ) );
#17558 = ORIENTED_EDGE('',*,*,#16411,.F.);
#17559 = ORIENTED_EDGE('',*,*,#17560,.T.);
#17560 = EDGE_CURVE('',#16412,#13958,#17561,.T.);
#17561 = SURFACE_CURVE('',#17562,(#17566,#17573),.PCURVE_S1.);
#17562 = LINE('',#17563,#17564);
#17563 = CARTESIAN_POINT('',(111.,-49.65,-4.4));
#17564 = VECTOR('',#17565,1.);
#17565 = DIRECTION('',(0.,1.,0.));
#17566 = PCURVE('',#13974,#17567);
#17567 = DEFINITIONAL_REPRESENTATION('',(#17568),#17572);
#17568 = LINE('',#17569,#17570);
#17569 = CARTESIAN_POINT('',(10.,0.));
#17570 = VECTOR('',#17571,1.);
#17571 = DIRECTION('',(0.,1.));
#17572 = ( GEOMETRIC_REPRESENTATION_CONTEXT(2) 
PARAMETRIC_REPRESENTATION_CONTEXT() REPRESENTATION_CONTEXT('2D SPACE',''
  ) );
#17573 = PCURVE('',#14050,#17574);
#17574 = DEFINITIONAL_REPRESENTATION('',(#17575),#17579);
#17575 = LINE('',#17576,#17577);
#17576 = CARTESIAN_POINT('',(0.,0.));
#17577 = VECTOR('',#17578,1.);
#17578 = DIRECTION('',(0.,-1.));
#17579 = ( GEOMETRIC_REPRESENTATION_CONTEXT(2) 
PARAMETRIC_REPRESENTATION_CONTEXT() REPRESENTATION_CONTEXT('2D SPACE',''
  ) );
#17580 = ORIENTED_EDGE('',*,*,#13957,.T.);
#17581 = ADVANCED_FACE('',(#17582),#14050,.F.);
#17582 = FACE_BOUND('',#17583,.F.);
#17583 = EDGE_LOOP('',(#17584,#17605,#17606,#17607));
#17584 = ORIENTED_EDGE('',*,*,#17585,.F.);
#17585 = EDGE_CURVE('',#16456,#14012,#17586,.T.);
#17586 = SURFACE_CURVE('',#17587,(#17591,#17598),.PCURVE_S1.);
#17587 = LINE('',#17588,#17589);
#17588 = CARTESIAN_POINT('',(111.,-49.65,-1.));
#17589 = VECTOR('',#17590,1.);
#17590 = DIRECTION('',(0.,1.,0.));
#17591 = PCURVE('',#14050,#17592);
#17592 = DEFINITIONAL_REPRESENTATION('',(#17593),#17597);
#17593 = LINE('',#17594,#17595);
#17594 = CARTESIAN_POINT('',(3.4,0.));
#17595 = VECTOR('',#17596,1.);
#17596 = DIRECTION('',(0.,-1.));
#17597 = ( GEOMETRIC_REPRESENTATION_CONTEXT(2) 
PARAMETRIC_REPRESENTATION_CONTEXT() REPRESENTATION_CONTEXT('2D SPACE',''
  ) );
#17598 = PCURVE('',#14026,#17599);
#17599 = DEFINITIONAL_REPRESENTATION('',(#17600),#17604);
#17600 = LINE('',#17601,#17602);
#17601 = CARTESIAN_POINT('',(10.,0.));
#17602 = VECTOR('',#17603,1.);
#17603 = DIRECTION('',(0.,1.));
#17604 = ( GEOMETRIC_REPRESENTATION_CONTEXT(2) 
PARAMETRIC_REPRESENTATION_CONTEXT() REPRESENTATION_CONTEXT('2D SPACE',''
  ) );
#17605 = ORIENTED_EDGE('',*,*,#16476,.F.);
#17606 = ORIENTED_EDGE('',*,*,#17560,.T.);
#17607 = ORIENTED_EDGE('',*,*,#14037,.T.);
#17608 = ADVANCED_FACE('',(#17609),#14026,.F.);
#17609 = FACE_BOUND('',#17610,.F.);
#17610 = EDGE_LOOP('',(#17611,#17632,#17633,#17634));
#17611 = ORIENTED_EDGE('',*,*,#17612,.F.);
#17612 = EDGE_CURVE('',#16435,#13986,#17613,.T.);
#17613 = SURFACE_CURVE('',#17614,(#17618,#17625),.PCURVE_S1.);
#17614 = LINE('',#17615,#17616);
#17615 = CARTESIAN_POINT('',(101.,-49.65,-1.));
#17616 = VECTOR('',#17617,1.);
#17617 = DIRECTION('',(0.,1.,0.));
#17618 = PCURVE('',#14026,#17619);
#17619 = DEFINITIONAL_REPRESENTATION('',(#17620),#17624);
#17620 = LINE('',#17621,#17622);
#17621 = CARTESIAN_POINT('',(0.,0.));
#17622 = VECTOR('',#17623,1.);
#17623 = DIRECTION('',(0.,1.));
#17624 = ( GEOMETRIC_REPRESENTATION_CONTEXT(2) 
PARAMETRIC_REPRESENTATION_CONTEXT() REPRESENTATION_CONTEXT('2D SPACE',''
  ) );
#17625 = PCURVE('',#14000,#17626);
#17626 = DEFINITIONAL_REPRESENTATION('',(#17627),#17631);
#17627 = LINE('',#17628,#17629);
#17628 = CARTESIAN_POINT('',(3.4,0.));
#17629 = VECTOR('',#17630,1.);
#17630 = DIRECTION('',(0.,-1.));
#17631 = ( GEOMETRIC_REPRESENTATION_CONTEXT(2) 
PARAMETRIC_REPRESENTATION_CONTEXT() REPRESENTATION_CONTEXT('2D SPACE',''
  ) );
#17632 = ORIENTED_EDGE('',*,*,#16455,.F.);
#17633 = ORIENTED_EDGE('',*,*,#17585,.T.);
#17634 = ORIENTED_EDGE('',*,*,#14011,.T.);
#17635 = ADVANCED_FACE('',(#17636),#14000,.T.);
#17636 = FACE_BOUND('',#17637,.T.);
#17637 = EDGE_LOOP('',(#17638,#17639,#17640,#17641));
#17638 = ORIENTED_EDGE('',*,*,#17612,.F.);
#17639 = ORIENTED_EDGE('',*,*,#16434,.F.);
#17640 = ORIENTED_EDGE('',*,*,#17538,.T.);
#17641 = ORIENTED_EDGE('',*,*,#13985,.T.);
#17642 = ADVANCED_FACE('',(#17643),#14080,.T.);
#17643 = FACE_BOUND('',#17644,.T.);
#17644 = EDGE_LOOP('',(#17645,#17666,#17667,#17688));
#17645 = ORIENTED_EDGE('',*,*,#17646,.F.);
#17646 = EDGE_CURVE('',#16500,#14066,#17647,.T.);
#17647 = SURFACE_CURVE('',#17648,(#17652,#17659),.PCURVE_S1.);
#17648 = LINE('',#17649,#17650);
#17649 = CARTESIAN_POINT('',(67.,-49.65,-4.4));
#17650 = VECTOR('',#17651,1.);
#17651 = DIRECTION('',(0.,1.,0.));
#17652 = PCURVE('',#14080,#17653);
#17653 = DEFINITIONAL_REPRESENTATION('',(#17654),#17658);
#17654 = LINE('',#17655,#17656);
#17655 = CARTESIAN_POINT('',(0.,0.));
#17656 = VECTOR('',#17657,1.);
#17657 = DIRECTION('',(0.,1.));
#17658 = ( GEOMETRIC_REPRESENTATION_CONTEXT(2) 
PARAMETRIC_REPRESENTATION_CONTEXT() REPRESENTATION_CONTEXT('2D SPACE',''
  ) );
#17659 = PCURVE('',#14106,#17660);
#17660 = DEFINITIONAL_REPRESENTATION('',(#17661),#17665);
#17661 = LINE('',#17662,#17663);
#17662 = CARTESIAN_POINT('',(0.,0.));
#17663 = VECTOR('',#17664,1.);
#17664 = DIRECTION('',(0.,-1.));
#17665 = ( GEOMETRIC_REPRESENTATION_CONTEXT(2) 
PARAMETRIC_REPRESENTATION_CONTEXT() REPRESENTATION_CONTEXT('2D SPACE',''
  ) );
#17666 = ORIENTED_EDGE('',*,*,#16497,.F.);
#17667 = ORIENTED_EDGE('',*,*,#17668,.T.);
#17668 = EDGE_CURVE('',#16498,#14064,#17669,.T.);
#17669 = SURFACE_CURVE('',#17670,(#17674,#17681),.PCURVE_S1.);
#17670 = LINE('',#17671,#17672);
#17671 = CARTESIAN_POINT('',(77.,-49.65,-4.4));
#17672 = VECTOR('',#17673,1.);
#17673 = DIRECTION('',(0.,1.,0.));
#17674 = PCURVE('',#14080,#17675);
#17675 = DEFINITIONAL_REPRESENTATION('',(#17676),#17680);
#17676 = LINE('',#17677,#17678);
#17677 = CARTESIAN_POINT('',(10.,0.));
#17678 = VECTOR('',#17679,1.);
#17679 = DIRECTION('',(0.,1.));
#17680 = ( GEOMETRIC_REPRESENTATION_CONTEXT(2) 
PARAMETRIC_REPRESENTATION_CONTEXT() REPRESENTATION_CONTEXT('2D SPACE',''
  ) );
#17681 = PCURVE('',#14156,#17682);
#17682 = DEFINITIONAL_REPRESENTATION('',(#17683),#17687);
#17683 = LINE('',#17684,#17685);
#17684 = CARTESIAN_POINT('',(0.,0.));
#17685 = VECTOR('',#17686,1.);
#17686 = DIRECTION('',(0.,-1.));
#17687 = ( GEOMETRIC_REPRESENTATION_CONTEXT(2) 
PARAMETRIC_REPRESENTATION_CONTEXT() REPRESENTATION_CONTEXT('2D SPACE',''
  ) );
#17688 = ORIENTED_EDGE('',*,*,#14063,.T.);
#17689 = ADVANCED_FACE('',(#17690),#14156,.F.);
#17690 = FACE_BOUND('',#17691,.F.);
#17691 = EDGE_LOOP('',(#17692,#17713,#17714,#17715));
#17692 = ORIENTED_EDGE('',*,*,#17693,.F.);
#17693 = EDGE_CURVE('',#16542,#14118,#17694,.T.);
#17694 = SURFACE_CURVE('',#17695,(#17699,#17706),.PCURVE_S1.);
#17695 = LINE('',#17696,#17697);
#17696 = CARTESIAN_POINT('',(77.,-49.65,-1.));
#17697 = VECTOR('',#17698,1.);
#17698 = DIRECTION('',(0.,1.,0.));
#17699 = PCURVE('',#14156,#17700);
#17700 = DEFINITIONAL_REPRESENTATION('',(#17701),#17705);
#17701 = LINE('',#17702,#17703);
#17702 = CARTESIAN_POINT('',(3.4,0.));
#17703 = VECTOR('',#17704,1.);
#17704 = DIRECTION('',(0.,-1.));
#17705 = ( GEOMETRIC_REPRESENTATION_CONTEXT(2) 
PARAMETRIC_REPRESENTATION_CONTEXT() REPRESENTATION_CONTEXT('2D SPACE',''
  ) );
#17706 = PCURVE('',#14132,#17707);
#17707 = DEFINITIONAL_REPRESENTATION('',(#17708),#17712);
#17708 = LINE('',#17709,#17710);
#17709 = CARTESIAN_POINT('',(10.,0.));
#17710 = VECTOR('',#17711,1.);
#17711 = DIRECTION('',(0.,1.));
#17712 = ( GEOMETRIC_REPRESENTATION_CONTEXT(2) 
PARAMETRIC_REPRESENTATION_CONTEXT() REPRESENTATION_CONTEXT('2D SPACE',''
  ) );
#17713 = ORIENTED_EDGE('',*,*,#16562,.F.);
#17714 = ORIENTED_EDGE('',*,*,#17668,.T.);
#17715 = ORIENTED_EDGE('',*,*,#14143,.T.);
#17716 = ADVANCED_FACE('',(#17717),#14132,.F.);
#17717 = FACE_BOUND('',#17718,.F.);
#17718 = EDGE_LOOP('',(#17719,#17740,#17741,#17742));
#17719 = ORIENTED_EDGE('',*,*,#17720,.F.);
#17720 = EDGE_CURVE('',#16521,#14092,#17721,.T.);
#17721 = SURFACE_CURVE('',#17722,(#17726,#17733),.PCURVE_S1.);
#17722 = LINE('',#17723,#17724);
#17723 = CARTESIAN_POINT('',(67.,-49.65,-1.));
#17724 = VECTOR('',#17725,1.);
#17725 = DIRECTION('',(0.,1.,0.));
#17726 = PCURVE('',#14132,#17727);
#17727 = DEFINITIONAL_REPRESENTATION('',(#17728),#17732);
#17728 = LINE('',#17729,#17730);
#17729 = CARTESIAN_POINT('',(0.,0.));
#17730 = VECTOR('',#17731,1.);
#17731 = DIRECTION('',(0.,1.));
#17732 = ( GEOMETRIC_REPRESENTATION_CONTEXT(2) 
PARAMETRIC_REPRESENTATION_CONTEXT() REPRESENTATION_CONTEXT('2D SPACE',''
  ) );
#17733 = PCURVE('',#14106,#17734);
#17734 = DEFINITIONAL_REPRESENTATION('',(#17735),#17739);
#17735 = LINE('',#17736,#17737);
#17736 = CARTESIAN_POINT('',(3.4,0.));
#17737 = VECTOR('',#17738,1.);
#17738 = DIRECTION('',(0.,-1.));
#17739 = ( GEOMETRIC_REPRESENTATION_CONTEXT(2) 
PARAMETRIC_REPRESENTATION_CONTEXT() REPRESENTATION_CONTEXT('2D SPACE',''
  ) );
#17740 = ORIENTED_EDGE('',*,*,#16541,.F.);
#17741 = ORIENTED_EDGE('',*,*,#17693,.T.);
#17742 = ORIENTED_EDGE('',*,*,#14117,.T.);
#17743 = ADVANCED_FACE('',(#17744),#14106,.T.);
#17744 = FACE_BOUND('',#17745,.T.);
#17745 = EDGE_LOOP('',(#17746,#17747,#17748,#17749));
#17746 = ORIENTED_EDGE('',*,*,#17720,.F.);
#17747 = ORIENTED_EDGE('',*,*,#16520,.F.);
#17748 = ORIENTED_EDGE('',*,*,#17646,.T.);
#17749 = ORIENTED_EDGE('',*,*,#14091,.T.);
#17750 = ADVANCED_FACE('',(#17751),#14302,.T.);
#17751 = FACE_BOUND('',#17752,.T.);
#17752 = EDGE_LOOP('',(#17753,#17754,#17755,#17756));
#17753 = ORIENTED_EDGE('',*,*,#14289,.T.);
#17754 = ORIENTED_EDGE('',*,*,#15371,.F.);
#17755 = ORIENTED_EDGE('',*,*,#15267,.F.);
#17756 = ORIENTED_EDGE('',*,*,#17757,.T.);
#17757 = EDGE_CURVE('',#15245,#14264,#17758,.T.);
#17758 = SURFACE_CURVE('',#17759,(#17763,#17770),.PCURVE_S1.);
#17759 = LINE('',#17760,#17761);
#17760 = CARTESIAN_POINT('',(150.35,-95.7,5.65));
#17761 = VECTOR('',#17762,1.);
#17762 = DIRECTION('',(1.,0.,0.));
#17763 = PCURVE('',#14302,#17764);
#17764 = DEFINITIONAL_REPRESENTATION('',(#17765),#17769);
#17765 = LINE('',#17766,#17767);
#17766 = CARTESIAN_POINT('',(4.05,0.));
#17767 = VECTOR('',#17768,1.);
#17768 = DIRECTION('',(0.,1.));
#17769 = ( GEOMETRIC_REPRESENTATION_CONTEXT(2) 
PARAMETRIC_REPRESENTATION_CONTEXT() REPRESENTATION_CONTEXT('2D SPACE',''
  ) );
#17770 = PCURVE('',#14278,#17771);
#17771 = DEFINITIONAL_REPRESENTATION('',(#17772),#17776);
#17772 = LINE('',#17773,#17774);
#17773 = CARTESIAN_POINT('',(0.,0.));
#17774 = VECTOR('',#17775,1.);
#17775 = DIRECTION('',(1.,0.));
#17776 = ( GEOMETRIC_REPRESENTATION_CONTEXT(2) 
PARAMETRIC_REPRESENTATION_CONTEXT() REPRESENTATION_CONTEXT('2D SPACE',''
  ) );
#17777 = ADVANCED_FACE('',(#17778),#14278,.F.);
#17778 = FACE_BOUND('',#17779,.F.);
#17779 = EDGE_LOOP('',(#17780,#17801,#17802,#17803));
#17780 = ORIENTED_EDGE('',*,*,#17781,.F.);
#17781 = EDGE_CURVE('',#15247,#14238,#17782,.T.);
#17782 = SURFACE_CURVE('',#17783,(#17787,#17794),.PCURVE_S1.);
#17783 = LINE('',#17784,#17785);
#17784 = CARTESIAN_POINT('',(150.35,-79.9,5.65));
#17785 = VECTOR('',#17786,1.);
#17786 = DIRECTION('',(1.,0.,0.));
#17787 = PCURVE('',#14278,#17788);
#17788 = DEFINITIONAL_REPRESENTATION('',(#17789),#17793);
#17789 = LINE('',#17790,#17791);
#17790 = CARTESIAN_POINT('',(0.,15.8));
#17791 = VECTOR('',#17792,1.);
#17792 = DIRECTION('',(1.,0.));
#17793 = ( GEOMETRIC_REPRESENTATION_CONTEXT(2) 
PARAMETRIC_REPRESENTATION_CONTEXT() REPRESENTATION_CONTEXT('2D SPACE',''
  ) );
#17794 = PCURVE('',#14252,#17795);
#17795 = DEFINITIONAL_REPRESENTATION('',(#17796),#17800);
#17796 = LINE('',#17797,#17798);
#17797 = CARTESIAN_POINT('',(4.05,0.));
#17798 = VECTOR('',#17799,1.);
#17799 = DIRECTION('',(0.,1.));
#17800 = ( GEOMETRIC_REPRESENTATION_CONTEXT(2) 
PARAMETRIC_REPRESENTATION_CONTEXT() REPRESENTATION_CONTEXT('2D SPACE',''
  ) );
#17801 = ORIENTED_EDGE('',*,*,#15244,.F.);
#17802 = ORIENTED_EDGE('',*,*,#17757,.T.);
#17803 = ORIENTED_EDGE('',*,*,#14263,.T.);
#17804 = ADVANCED_FACE('',(#17805),#14252,.F.);
#17805 = FACE_BOUND('',#17806,.F.);
#17806 = EDGE_LOOP('',(#17807,#17808,#17809,#17810));
#17807 = ORIENTED_EDGE('',*,*,#14237,.T.);
#17808 = ORIENTED_EDGE('',*,*,#15349,.F.);
#17809 = ORIENTED_EDGE('',*,*,#15309,.F.);
#17810 = ORIENTED_EDGE('',*,*,#17781,.T.);
#17811 = ADVANCED_FACE('',(#17812),#14332,.T.);
#17812 = FACE_BOUND('',#17813,.T.);
#17813 = EDGE_LOOP('',(#17814,#17815,#17838,#17866));
#17814 = ORIENTED_EDGE('',*,*,#14315,.F.);
#17815 = ORIENTED_EDGE('',*,*,#17816,.T.);
#17816 = EDGE_CURVE('',#14316,#17817,#17819,.T.);
#17817 = VERTEX_POINT('',#17818);
#17818 = CARTESIAN_POINT('',(152.2,-106.7,6.533333333333));
#17819 = SURFACE_CURVE('',#17820,(#17824,#17831),.PCURVE_S1.);
#17820 = LINE('',#17821,#17822);
#17821 = CARTESIAN_POINT('',(151.6,-106.7,5.133333333333));
#17822 = VECTOR('',#17823,1.);
#17823 = DIRECTION('',(0.393919298579,-4.373382751268E-17,0.919145030018
    ));
#17824 = PCURVE('',#14332,#17825);
#17825 = DEFINITIONAL_REPRESENTATION('',(#17826),#17830);
#17826 = LINE('',#17827,#17828);
#17827 = CARTESIAN_POINT('',(1.537682944461,-7.150574922719E-02));
#17828 = VECTOR('',#17829,1.);
#17829 = DIRECTION('',(-0.919145030018,0.393919298579));
#17830 = ( GEOMETRIC_REPRESENTATION_CONTEXT(2) 
PARAMETRIC_REPRESENTATION_CONTEXT() REPRESENTATION_CONTEXT('2D SPACE',''
  ) );
#17831 = PCURVE('',#14359,#17832);
#17832 = DEFINITIONAL_REPRESENTATION('',(#17833),#17837);
#17833 = LINE('',#17834,#17835);
#17834 = CARTESIAN_POINT('',(0.,0.));
#17835 = VECTOR('',#17836,1.);
#17836 = DIRECTION('',(1.,0.));
#17837 = ( GEOMETRIC_REPRESENTATION_CONTEXT(2) 
PARAMETRIC_REPRESENTATION_CONTEXT() REPRESENTATION_CONTEXT('2D SPACE',''
  ) );
#17838 = ORIENTED_EDGE('',*,*,#17839,.T.);
#17839 = EDGE_CURVE('',#17817,#17840,#17842,.T.);
#17840 = VERTEX_POINT('',#17841);
#17841 = CARTESIAN_POINT('',(152.2,-106.7,7.));
#17842 = SURFACE_CURVE('',#17843,(#17847,#17854),.PCURVE_S1.);
#17843 = LINE('',#17844,#17845);
#17844 = CARTESIAN_POINT('',(152.2,-106.7,6.533333333333));
#17845 = VECTOR('',#17846,1.);
#17846 = DIRECTION('',(0.,0.,1.));
#17847 = PCURVE('',#14332,#17848);
#17848 = DEFINITIONAL_REPRESENTATION('',(#17849),#17853);
#17849 = LINE('',#17850,#17851);
#17850 = CARTESIAN_POINT('',(0.137682944461,0.528494250773));
#17851 = VECTOR('',#17852,1.);
#17852 = DIRECTION('',(-1.,0.));
#17853 = ( GEOMETRIC_REPRESENTATION_CONTEXT(2) 
PARAMETRIC_REPRESENTATION_CONTEXT() REPRESENTATION_CONTEXT('2D SPACE',''
  ) );
#17854 = PCURVE('',#17855,#17860);
#17855 = PLANE('',#17856);
#17856 = AXIS2_PLACEMENT_3D('',#17857,#17858,#17859);
#17857 = CARTESIAN_POINT('',(152.2,-106.7,6.533333333333));
#17858 = DIRECTION('',(1.,-1.110223024625E-16,0.));
#17859 = DIRECTION('',(0.,0.,1.));
#17860 = DEFINITIONAL_REPRESENTATION('',(#17861),#17865);
#17861 = LINE('',#17862,#17863);
#17862 = CARTESIAN_POINT('',(0.,0.));
#17863 = VECTOR('',#17864,1.);
#17864 = DIRECTION('',(1.,0.));
#17865 = ( GEOMETRIC_REPRESENTATION_CONTEXT(2) 
PARAMETRIC_REPRESENTATION_CONTEXT() REPRESENTATION_CONTEXT('2D SPACE',''
  ) );
#17866 = ORIENTED_EDGE('',*,*,#17867,.T.);
#17867 = EDGE_CURVE('',#17840,#14318,#17868,.T.);
#17868 = SURFACE_CURVE('',#17869,(#17873,#17880),.PCURVE_S1.);
#17869 = LINE('',#17870,#17871);
#17870 = CARTESIAN_POINT('',(152.2,-106.7,7.));
#17871 = VECTOR('',#17872,1.);
#17872 = DIRECTION('',(-0.4472135955,4.965068306495E-17,0.894427191));
#17873 = PCURVE('',#14332,#17874);
#17874 = DEFINITIONAL_REPRESENTATION('',(#17875),#17879);
#17875 = LINE('',#17876,#17877);
#17876 = CARTESIAN_POINT('',(-0.328983722205,0.528494250773));
#17877 = VECTOR('',#17878,1.);
#17878 = DIRECTION('',(-0.894427191,-0.4472135955));
#17879 = ( GEOMETRIC_REPRESENTATION_CONTEXT(2) 
PARAMETRIC_REPRESENTATION_CONTEXT() REPRESENTATION_CONTEXT('2D SPACE',''
  ) );
#17880 = PCURVE('',#14411,#17881);
#17881 = DEFINITIONAL_REPRESENTATION('',(#17882),#17886);
#17882 = LINE('',#17883,#17884);
#17883 = CARTESIAN_POINT('',(0.,0.));
#17884 = VECTOR('',#17885,1.);
#17885 = DIRECTION('',(1.,0.));
#17886 = ( GEOMETRIC_REPRESENTATION_CONTEXT(2) 
PARAMETRIC_REPRESENTATION_CONTEXT() REPRESENTATION_CONTEXT('2D SPACE',''
  ) );
#17887 = ADVANCED_FACE('',(#17888),#14359,.T.);
#17888 = FACE_BOUND('',#17889,.T.);
#17889 = EDGE_LOOP('',(#17890,#17891,#17914,#17935));
#17890 = ORIENTED_EDGE('',*,*,#14343,.T.);
#17891 = ORIENTED_EDGE('',*,*,#17892,.T.);
#17892 = EDGE_CURVE('',#14344,#17893,#17895,.T.);
#17893 = VERTEX_POINT('',#17894);
#17894 = CARTESIAN_POINT('',(152.2,-101.3,6.533333333333));
#17895 = SURFACE_CURVE('',#17896,(#17900,#17907),.PCURVE_S1.);
#17896 = LINE('',#17897,#17898);
#17897 = CARTESIAN_POINT('',(151.6,-101.3,5.133333333333));
#17898 = VECTOR('',#17899,1.);
#17899 = DIRECTION('',(0.393919298579,-4.373382751268E-17,0.919145030018
    ));
#17900 = PCURVE('',#14359,#17901);
#17901 = DEFINITIONAL_REPRESENTATION('',(#17902),#17906);
#17902 = LINE('',#17903,#17904);
#17903 = CARTESIAN_POINT('',(-2.361626685685E-16,-5.4));
#17904 = VECTOR('',#17905,1.);
#17905 = DIRECTION('',(1.,0.));
#17906 = ( GEOMETRIC_REPRESENTATION_CONTEXT(2) 
PARAMETRIC_REPRESENTATION_CONTEXT() REPRESENTATION_CONTEXT('2D SPACE',''
  ) );
#17907 = PCURVE('',#14386,#17908);
#17908 = DEFINITIONAL_REPRESENTATION('',(#17909),#17913);
#17909 = LINE('',#17910,#17911);
#17910 = CARTESIAN_POINT('',(1.537682944461,-7.150574922719E-02));
#17911 = VECTOR('',#17912,1.);
#17912 = DIRECTION('',(-0.919145030018,0.393919298579));
#17913 = ( GEOMETRIC_REPRESENTATION_CONTEXT(2) 
PARAMETRIC_REPRESENTATION_CONTEXT() REPRESENTATION_CONTEXT('2D SPACE',''
  ) );
#17914 = ORIENTED_EDGE('',*,*,#17915,.F.);
#17915 = EDGE_CURVE('',#17817,#17893,#17916,.T.);
#17916 = SURFACE_CURVE('',#17917,(#17921,#17928),.PCURVE_S1.);
#17917 = LINE('',#17918,#17919);
#17918 = CARTESIAN_POINT('',(152.2,-106.7,6.533333333333));
#17919 = VECTOR('',#17920,1.);
#17920 = DIRECTION('',(1.110223024625E-16,1.,0.));
#17921 = PCURVE('',#14359,#17922);
#17922 = DEFINITIONAL_REPRESENTATION('',(#17923),#17927);
#17923 = LINE('',#17924,#17925);
#17924 = CARTESIAN_POINT('',(1.523154621173,-6.661338147751E-17));
#17925 = VECTOR('',#17926,1.);
#17926 = DIRECTION('',(0.,-1.));
#17927 = ( GEOMETRIC_REPRESENTATION_CONTEXT(2) 
PARAMETRIC_REPRESENTATION_CONTEXT() REPRESENTATION_CONTEXT('2D SPACE',''
  ) );
#17928 = PCURVE('',#17855,#17929);
#17929 = DEFINITIONAL_REPRESENTATION('',(#17930),#17934);
#17930 = LINE('',#17931,#17932);
#17931 = CARTESIAN_POINT('',(0.,0.));
#17932 = VECTOR('',#17933,1.);
#17933 = DIRECTION('',(0.,-1.));
#17934 = ( GEOMETRIC_REPRESENTATION_CONTEXT(2) 
PARAMETRIC_REPRESENTATION_CONTEXT() REPRESENTATION_CONTEXT('2D SPACE',''
  ) );
#17935 = ORIENTED_EDGE('',*,*,#17816,.F.);
#17936 = ADVANCED_FACE('',(#17937),#14411,.T.);
#17937 = FACE_BOUND('',#17938,.T.);
#17938 = EDGE_LOOP('',(#17939,#17962,#17983,#17984));
#17939 = ORIENTED_EDGE('',*,*,#17940,.T.);
#17940 = EDGE_CURVE('',#17840,#17941,#17943,.T.);
#17941 = VERTEX_POINT('',#17942);
#17942 = CARTESIAN_POINT('',(152.2,-101.3,7.));
#17943 = SURFACE_CURVE('',#17944,(#17948,#17955),.PCURVE_S1.);
#17944 = LINE('',#17945,#17946);
#17945 = CARTESIAN_POINT('',(152.2,-106.7,7.));
#17946 = VECTOR('',#17947,1.);
#17947 = DIRECTION('',(1.110223024625E-16,1.,0.));
#17948 = PCURVE('',#14411,#17949);
#17949 = DEFINITIONAL_REPRESENTATION('',(#17950),#17954);
#17950 = LINE('',#17951,#17952);
#17951 = CARTESIAN_POINT('',(0.,0.));
#17952 = VECTOR('',#17953,1.);
#17953 = DIRECTION('',(0.,-1.));
#17954 = ( GEOMETRIC_REPRESENTATION_CONTEXT(2) 
PARAMETRIC_REPRESENTATION_CONTEXT() REPRESENTATION_CONTEXT('2D SPACE',''
  ) );
#17955 = PCURVE('',#17855,#17956);
#17956 = DEFINITIONAL_REPRESENTATION('',(#17957),#17961);
#17957 = LINE('',#17958,#17959);
#17958 = CARTESIAN_POINT('',(0.466666666667,0.));
#17959 = VECTOR('',#17960,1.);
#17960 = DIRECTION('',(0.,-1.));
#17961 = ( GEOMETRIC_REPRESENTATION_CONTEXT(2) 
PARAMETRIC_REPRESENTATION_CONTEXT() REPRESENTATION_CONTEXT('2D SPACE',''
  ) );
#17962 = ORIENTED_EDGE('',*,*,#17963,.T.);
#17963 = EDGE_CURVE('',#17941,#14372,#17964,.T.);
#17964 = SURFACE_CURVE('',#17965,(#17969,#17976),.PCURVE_S1.);
#17965 = LINE('',#17966,#17967);
#17966 = CARTESIAN_POINT('',(152.2,-101.3,7.));
#17967 = VECTOR('',#17968,1.);
#17968 = DIRECTION('',(-0.4472135955,4.965068306495E-17,0.894427191));
#17969 = PCURVE('',#14411,#17970);
#17970 = DEFINITIONAL_REPRESENTATION('',(#17971),#17975);
#17971 = LINE('',#17972,#17973);
#17972 = CARTESIAN_POINT('',(2.681136885507E-16,-5.4));
#17973 = VECTOR('',#17974,1.);
#17974 = DIRECTION('',(1.,0.));
#17975 = ( GEOMETRIC_REPRESENTATION_CONTEXT(2) 
PARAMETRIC_REPRESENTATION_CONTEXT() REPRESENTATION_CONTEXT('2D SPACE',''
  ) );
#17976 = PCURVE('',#14386,#17977);
#17977 = DEFINITIONAL_REPRESENTATION('',(#17978),#17982);
#17978 = LINE('',#17979,#17980);
#17979 = CARTESIAN_POINT('',(-0.328983722205,0.528494250773));
#17980 = VECTOR('',#17981,1.);
#17981 = DIRECTION('',(-0.894427191,-0.4472135955));
#17982 = ( GEOMETRIC_REPRESENTATION_CONTEXT(2) 
PARAMETRIC_REPRESENTATION_CONTEXT() REPRESENTATION_CONTEXT('2D SPACE',''
  ) );
#17983 = ORIENTED_EDGE('',*,*,#14397,.F.);
#17984 = ORIENTED_EDGE('',*,*,#17867,.F.);
#17985 = ADVANCED_FACE('',(#17986),#14386,.F.);
#17986 = FACE_BOUND('',#17987,.F.);
#17987 = EDGE_LOOP('',(#17988,#17989,#17990,#18011));
#17988 = ORIENTED_EDGE('',*,*,#14371,.F.);
#17989 = ORIENTED_EDGE('',*,*,#17892,.T.);
#17990 = ORIENTED_EDGE('',*,*,#17991,.T.);
#17991 = EDGE_CURVE('',#17893,#17941,#17992,.T.);
#17992 = SURFACE_CURVE('',#17993,(#17997,#18004),.PCURVE_S1.);
#17993 = LINE('',#17994,#17995);
#17994 = CARTESIAN_POINT('',(152.2,-101.3,6.533333333333));
#17995 = VECTOR('',#17996,1.);
#17996 = DIRECTION('',(0.,0.,1.));
#17997 = PCURVE('',#14386,#17998);
#17998 = DEFINITIONAL_REPRESENTATION('',(#17999),#18003);
#17999 = LINE('',#18000,#18001);
#18000 = CARTESIAN_POINT('',(0.137682944461,0.528494250773));
#18001 = VECTOR('',#18002,1.);
#18002 = DIRECTION('',(-1.,0.));
#18003 = ( GEOMETRIC_REPRESENTATION_CONTEXT(2) 
PARAMETRIC_REPRESENTATION_CONTEXT() REPRESENTATION_CONTEXT('2D SPACE',''
  ) );
#18004 = PCURVE('',#17855,#18005);
#18005 = DEFINITIONAL_REPRESENTATION('',(#18006),#18010);
#18006 = LINE('',#18007,#18008);
#18007 = CARTESIAN_POINT('',(0.,-5.4));
#18008 = VECTOR('',#18009,1.);
#18009 = DIRECTION('',(1.,0.));
#18010 = ( GEOMETRIC_REPRESENTATION_CONTEXT(2) 
PARAMETRIC_REPRESENTATION_CONTEXT() REPRESENTATION_CONTEXT('2D SPACE',''
  ) );
#18011 = ORIENTED_EDGE('',*,*,#17963,.T.);
#18012 = ADVANCED_FACE('',(#18013),#14541,.T.);
#18013 = FACE_BOUND('',#18014,.T.);
#18014 = EDGE_LOOP('',(#18015,#18016,#18039,#18067));
#18015 = ORIENTED_EDGE('',*,*,#14524,.F.);
#18016 = ORIENTED_EDGE('',*,*,#18017,.T.);
#18017 = EDGE_CURVE('',#14525,#18018,#18020,.T.);
#18018 = VERTEX_POINT('',#18019);
#18019 = CARTESIAN_POINT('',(136.7,-47.8,6.533333333333));
#18020 = SURFACE_CURVE('',#18021,(#18025,#18032),.PCURVE_S1.);
#18021 = LINE('',#18022,#18023);
#18022 = CARTESIAN_POINT('',(136.7,-48.4,5.133333333333));
#18023 = VECTOR('',#18024,1.);
#18024 = DIRECTION('',(4.824120081273E-17,0.393919298579,0.919145030018)
  );
#18025 = PCURVE('',#14541,#18026);
#18026 = DEFINITIONAL_REPRESENTATION('',(#18027),#18031);
#18027 = LINE('',#18028,#18029);
#18028 = CARTESIAN_POINT('',(1.537682944461,-7.150574922719E-02));
#18029 = VECTOR('',#18030,1.);
#18030 = DIRECTION('',(-0.919145030018,0.393919298579));
#18031 = ( GEOMETRIC_REPRESENTATION_CONTEXT(2) 
PARAMETRIC_REPRESENTATION_CONTEXT() REPRESENTATION_CONTEXT('2D SPACE',''
  ) );
#18032 = PCURVE('',#14568,#18033);
#18033 = DEFINITIONAL_REPRESENTATION('',(#18034),#18038);
#18034 = LINE('',#18035,#18036);
#18035 = CARTESIAN_POINT('',(0.,0.));
#18036 = VECTOR('',#18037,1.);
#18037 = DIRECTION('',(1.,0.));
#18038 = ( GEOMETRIC_REPRESENTATION_CONTEXT(2) 
PARAMETRIC_REPRESENTATION_CONTEXT() REPRESENTATION_CONTEXT('2D SPACE',''
  ) );
#18039 = ORIENTED_EDGE('',*,*,#18040,.T.);
#18040 = EDGE_CURVE('',#18018,#18041,#18043,.T.);
#18041 = VERTEX_POINT('',#18042);
#18042 = CARTESIAN_POINT('',(136.7,-47.8,7.));
#18043 = SURFACE_CURVE('',#18044,(#18048,#18055),.PCURVE_S1.);
#18044 = LINE('',#18045,#18046);
#18045 = CARTESIAN_POINT('',(136.7,-47.8,6.533333333333));
#18046 = VECTOR('',#18047,1.);
#18047 = DIRECTION('',(0.,0.,1.));
#18048 = PCURVE('',#14541,#18049);
#18049 = DEFINITIONAL_REPRESENTATION('',(#18050),#18054);
#18050 = LINE('',#18051,#18052);
#18051 = CARTESIAN_POINT('',(0.137682944461,0.528494250773));
#18052 = VECTOR('',#18053,1.);
#18053 = DIRECTION('',(-1.,0.));
#18054 = ( GEOMETRIC_REPRESENTATION_CONTEXT(2) 
PARAMETRIC_REPRESENTATION_CONTEXT() REPRESENTATION_CONTEXT('2D SPACE',''
  ) );
#18055 = PCURVE('',#18056,#18061);
#18056 = PLANE('',#18057);
#18057 = AXIS2_PLACEMENT_3D('',#18058,#18059,#18060);
#18058 = CARTESIAN_POINT('',(136.7,-47.8,6.533333333333));
#18059 = DIRECTION('',(1.224646799147E-16,1.,0.));
#18060 = DIRECTION('',(0.,0.,1.));
#18061 = DEFINITIONAL_REPRESENTATION('',(#18062),#18066);
#18062 = LINE('',#18063,#18064);
#18063 = CARTESIAN_POINT('',(0.,0.));
#18064 = VECTOR('',#18065,1.);
#18065 = DIRECTION('',(1.,0.));
#18066 = ( GEOMETRIC_REPRESENTATION_CONTEXT(2) 
PARAMETRIC_REPRESENTATION_CONTEXT() REPRESENTATION_CONTEXT('2D SPACE',''
  ) );
#18067 = ORIENTED_EDGE('',*,*,#18068,.T.);
#18068 = EDGE_CURVE('',#18041,#14527,#18069,.T.);
#18069 = SURFACE_CURVE('',#18070,(#18074,#18081),.PCURVE_S1.);
#18070 = LINE('',#18071,#18072);
#18071 = CARTESIAN_POINT('',(136.7,-47.8,7.));
#18072 = VECTOR('',#18073,1.);
#18073 = DIRECTION('',(-5.476786982642E-17,-0.4472135955,0.894427191));
#18074 = PCURVE('',#14541,#18075);
#18075 = DEFINITIONAL_REPRESENTATION('',(#18076),#18080);
#18076 = LINE('',#18077,#18078);
#18077 = CARTESIAN_POINT('',(-0.328983722205,0.528494250773));
#18078 = VECTOR('',#18079,1.);
#18079 = DIRECTION('',(-0.894427191,-0.4472135955));
#18080 = ( GEOMETRIC_REPRESENTATION_CONTEXT(2) 
PARAMETRIC_REPRESENTATION_CONTEXT() REPRESENTATION_CONTEXT('2D SPACE',''
  ) );
#18081 = PCURVE('',#14620,#18082);
#18082 = DEFINITIONAL_REPRESENTATION('',(#18083),#18087);
#18083 = LINE('',#18084,#18085);
#18084 = CARTESIAN_POINT('',(0.,0.));
#18085 = VECTOR('',#18086,1.);
#18086 = DIRECTION('',(1.,0.));
#18087 = ( GEOMETRIC_REPRESENTATION_CONTEXT(2) 
PARAMETRIC_REPRESENTATION_CONTEXT() REPRESENTATION_CONTEXT('2D SPACE',''
  ) );
#18088 = ADVANCED_FACE('',(#18089),#14620,.T.);
#18089 = FACE_BOUND('',#18090,.T.);
#18090 = EDGE_LOOP('',(#18091,#18114,#18135,#18136));
#18091 = ORIENTED_EDGE('',*,*,#18092,.T.);
#18092 = EDGE_CURVE('',#18041,#18093,#18095,.T.);
#18093 = VERTEX_POINT('',#18094);
#18094 = CARTESIAN_POINT('',(131.3,-47.8,7.));
#18095 = SURFACE_CURVE('',#18096,(#18100,#18107),.PCURVE_S1.);
#18096 = LINE('',#18097,#18098);
#18097 = CARTESIAN_POINT('',(136.7,-47.8,7.));
#18098 = VECTOR('',#18099,1.);
#18099 = DIRECTION('',(-1.,1.224646799147E-16,0.));
#18100 = PCURVE('',#14620,#18101);
#18101 = DEFINITIONAL_REPRESENTATION('',(#18102),#18106);
#18102 = LINE('',#18103,#18104);
#18103 = CARTESIAN_POINT('',(0.,0.));
#18104 = VECTOR('',#18105,1.);
#18105 = DIRECTION('',(0.,-1.));
#18106 = ( GEOMETRIC_REPRESENTATION_CONTEXT(2) 
PARAMETRIC_REPRESENTATION_CONTEXT() REPRESENTATION_CONTEXT('2D SPACE',''
  ) );
#18107 = PCURVE('',#18056,#18108);
#18108 = DEFINITIONAL_REPRESENTATION('',(#18109),#18113);
#18109 = LINE('',#18110,#18111);
#18110 = CARTESIAN_POINT('',(0.466666666667,0.));
#18111 = VECTOR('',#18112,1.);
#18112 = DIRECTION('',(0.,-1.));
#18113 = ( GEOMETRIC_REPRESENTATION_CONTEXT(2) 
PARAMETRIC_REPRESENTATION_CONTEXT() REPRESENTATION_CONTEXT('2D SPACE',''
  ) );
#18114 = ORIENTED_EDGE('',*,*,#18115,.T.);
#18115 = EDGE_CURVE('',#18093,#14581,#18116,.T.);
#18116 = SURFACE_CURVE('',#18117,(#18121,#18128),.PCURVE_S1.);
#18117 = LINE('',#18118,#18119);
#18118 = CARTESIAN_POINT('',(131.3,-47.8,7.));
#18119 = VECTOR('',#18120,1.);
#18120 = DIRECTION('',(-5.476786982642E-17,-0.4472135955,0.894427191));
#18121 = PCURVE('',#14620,#18122);
#18122 = DEFINITIONAL_REPRESENTATION('',(#18123),#18127);
#18123 = LINE('',#18124,#18125);
#18124 = CARTESIAN_POINT('',(2.957464970627E-16,-5.4));
#18125 = VECTOR('',#18126,1.);
#18126 = DIRECTION('',(1.,0.));
#18127 = ( GEOMETRIC_REPRESENTATION_CONTEXT(2) 
PARAMETRIC_REPRESENTATION_CONTEXT() REPRESENTATION_CONTEXT('2D SPACE',''
  ) );
#18128 = PCURVE('',#14595,#18129);
#18129 = DEFINITIONAL_REPRESENTATION('',(#18130),#18134);
#18130 = LINE('',#18131,#18132);
#18131 = CARTESIAN_POINT('',(-0.328983722205,0.528494250773));
#18132 = VECTOR('',#18133,1.);
#18133 = DIRECTION('',(-0.894427191,-0.4472135955));
#18134 = ( GEOMETRIC_REPRESENTATION_CONTEXT(2) 
PARAMETRIC_REPRESENTATION_CONTEXT() REPRESENTATION_CONTEXT('2D SPACE',''
  ) );
#18135 = ORIENTED_EDGE('',*,*,#14606,.F.);
#18136 = ORIENTED_EDGE('',*,*,#18068,.F.);
#18137 = ADVANCED_FACE('',(#18138),#14595,.F.);
#18138 = FACE_BOUND('',#18139,.F.);
#18139 = EDGE_LOOP('',(#18140,#18141,#18164,#18185));
#18140 = ORIENTED_EDGE('',*,*,#14580,.F.);
#18141 = ORIENTED_EDGE('',*,*,#18142,.T.);
#18142 = EDGE_CURVE('',#14553,#18143,#18145,.T.);
#18143 = VERTEX_POINT('',#18144);
#18144 = CARTESIAN_POINT('',(131.3,-47.8,6.533333333333));
#18145 = SURFACE_CURVE('',#18146,(#18150,#18157),.PCURVE_S1.);
#18146 = LINE('',#18147,#18148);
#18147 = CARTESIAN_POINT('',(131.3,-48.4,5.133333333333));
#18148 = VECTOR('',#18149,1.);
#18149 = DIRECTION('',(4.824120081273E-17,0.393919298579,0.919145030018)
  );
#18150 = PCURVE('',#14595,#18151);
#18151 = DEFINITIONAL_REPRESENTATION('',(#18152),#18156);
#18152 = LINE('',#18153,#18154);
#18153 = CARTESIAN_POINT('',(1.537682944461,-7.150574922719E-02));
#18154 = VECTOR('',#18155,1.);
#18155 = DIRECTION('',(-0.919145030018,0.393919298579));
#18156 = ( GEOMETRIC_REPRESENTATION_CONTEXT(2) 
PARAMETRIC_REPRESENTATION_CONTEXT() REPRESENTATION_CONTEXT('2D SPACE',''
  ) );
#18157 = PCURVE('',#14568,#18158);
#18158 = DEFINITIONAL_REPRESENTATION('',(#18159),#18163);
#18159 = LINE('',#18160,#18161);
#18160 = CARTESIAN_POINT('',(-2.605024843888E-16,-5.4));
#18161 = VECTOR('',#18162,1.);
#18162 = DIRECTION('',(1.,0.));
#18163 = ( GEOMETRIC_REPRESENTATION_CONTEXT(2) 
PARAMETRIC_REPRESENTATION_CONTEXT() REPRESENTATION_CONTEXT('2D SPACE',''
  ) );
#18164 = ORIENTED_EDGE('',*,*,#18165,.T.);
#18165 = EDGE_CURVE('',#18143,#18093,#18166,.T.);
#18166 = SURFACE_CURVE('',#18167,(#18171,#18178),.PCURVE_S1.);
#18167 = LINE('',#18168,#18169);
#18168 = CARTESIAN_POINT('',(131.3,-47.8,6.533333333333));
#18169 = VECTOR('',#18170,1.);
#18170 = DIRECTION('',(0.,0.,1.));
#18171 = PCURVE('',#14595,#18172);
#18172 = DEFINITIONAL_REPRESENTATION('',(#18173),#18177);
#18173 = LINE('',#18174,#18175);
#18174 = CARTESIAN_POINT('',(0.137682944461,0.528494250773));
#18175 = VECTOR('',#18176,1.);
#18176 = DIRECTION('',(-1.,0.));
#18177 = ( GEOMETRIC_REPRESENTATION_CONTEXT(2) 
PARAMETRIC_REPRESENTATION_CONTEXT() REPRESENTATION_CONTEXT('2D SPACE',''
  ) );
#18178 = PCURVE('',#18056,#18179);
#18179 = DEFINITIONAL_REPRESENTATION('',(#18180),#18184);
#18180 = LINE('',#18181,#18182);
#18181 = CARTESIAN_POINT('',(0.,-5.4));
#18182 = VECTOR('',#18183,1.);
#18183 = DIRECTION('',(1.,0.));
#18184 = ( GEOMETRIC_REPRESENTATION_CONTEXT(2) 
PARAMETRIC_REPRESENTATION_CONTEXT() REPRESENTATION_CONTEXT('2D SPACE',''
  ) );
#18185 = ORIENTED_EDGE('',*,*,#18115,.T.);
#18186 = ADVANCED_FACE('',(#18187),#14568,.T.);
#18187 = FACE_BOUND('',#18188,.T.);
#18188 = EDGE_LOOP('',(#18189,#18190,#18191,#18212));
#18189 = ORIENTED_EDGE('',*,*,#14552,.T.);
#18190 = ORIENTED_EDGE('',*,*,#18142,.T.);
#18191 = ORIENTED_EDGE('',*,*,#18192,.F.);
#18192 = EDGE_CURVE('',#18018,#18143,#18193,.T.);
#18193 = SURFACE_CURVE('',#18194,(#18198,#18205),.PCURVE_S1.);
#18194 = LINE('',#18195,#18196);
#18195 = CARTESIAN_POINT('',(136.7,-47.8,6.533333333333));
#18196 = VECTOR('',#18197,1.);
#18197 = DIRECTION('',(-1.,1.224646799147E-16,0.));
#18198 = PCURVE('',#14568,#18199);
#18199 = DEFINITIONAL_REPRESENTATION('',(#18200),#18204);
#18200 = LINE('',#18201,#18202);
#18201 = CARTESIAN_POINT('',(1.523154621173,-7.347880794884E-17));
#18202 = VECTOR('',#18203,1.);
#18203 = DIRECTION('',(0.,-1.));
#18204 = ( GEOMETRIC_REPRESENTATION_CONTEXT(2) 
PARAMETRIC_REPRESENTATION_CONTEXT() REPRESENTATION_CONTEXT('2D SPACE',''
  ) );
#18205 = PCURVE('',#18056,#18206);
#18206 = DEFINITIONAL_REPRESENTATION('',(#18207),#18211);
#18207 = LINE('',#18208,#18209);
#18208 = CARTESIAN_POINT('',(0.,0.));
#18209 = VECTOR('',#18210,1.);
#18210 = DIRECTION('',(0.,-1.));
#18211 = ( GEOMETRIC_REPRESENTATION_CONTEXT(2) 
PARAMETRIC_REPRESENTATION_CONTEXT() REPRESENTATION_CONTEXT('2D SPACE',''
  ) );
#18212 = ORIENTED_EDGE('',*,*,#18017,.F.);
#18213 = ADVANCED_FACE('',(#18214),#14651,.T.);
#18214 = FACE_BOUND('',#18215,.T.);
#18215 = EDGE_LOOP('',(#18216,#18217,#18240,#18268));
#18216 = ORIENTED_EDGE('',*,*,#14634,.F.);
#18217 = ORIENTED_EDGE('',*,*,#18218,.T.);
#18218 = EDGE_CURVE('',#14635,#18219,#18221,.T.);
#18219 = VERTEX_POINT('',#18220);
#18220 = CARTESIAN_POINT('',(102.7,-47.8,6.533333333333));
#18221 = SURFACE_CURVE('',#18222,(#18226,#18233),.PCURVE_S1.);
#18222 = LINE('',#18223,#18224);
#18223 = CARTESIAN_POINT('',(102.7,-48.4,5.133333333333));
#18224 = VECTOR('',#18225,1.);
#18225 = DIRECTION('',(4.824120081273E-17,0.393919298579,0.919145030018)
  );
#18226 = PCURVE('',#14651,#18227);
#18227 = DEFINITIONAL_REPRESENTATION('',(#18228),#18232);
#18228 = LINE('',#18229,#18230);
#18229 = CARTESIAN_POINT('',(1.537682944461,-7.150574922719E-02));
#18230 = VECTOR('',#18231,1.);
#18231 = DIRECTION('',(-0.919145030018,0.393919298579));
#18232 = ( GEOMETRIC_REPRESENTATION_CONTEXT(2) 
PARAMETRIC_REPRESENTATION_CONTEXT() REPRESENTATION_CONTEXT('2D SPACE',''
  ) );
#18233 = PCURVE('',#14678,#18234);
#18234 = DEFINITIONAL_REPRESENTATION('',(#18235),#18239);
#18235 = LINE('',#18236,#18237);
#18236 = CARTESIAN_POINT('',(0.,0.));
#18237 = VECTOR('',#18238,1.);
#18238 = DIRECTION('',(1.,0.));
#18239 = ( GEOMETRIC_REPRESENTATION_CONTEXT(2) 
PARAMETRIC_REPRESENTATION_CONTEXT() REPRESENTATION_CONTEXT('2D SPACE',''
  ) );
#18240 = ORIENTED_EDGE('',*,*,#18241,.T.);
#18241 = EDGE_CURVE('',#18219,#18242,#18244,.T.);
#18242 = VERTEX_POINT('',#18243);
#18243 = CARTESIAN_POINT('',(102.7,-47.8,7.));
#18244 = SURFACE_CURVE('',#18245,(#18249,#18256),.PCURVE_S1.);
#18245 = LINE('',#18246,#18247);
#18246 = CARTESIAN_POINT('',(102.7,-47.8,6.533333333333));
#18247 = VECTOR('',#18248,1.);
#18248 = DIRECTION('',(0.,0.,1.));
#18249 = PCURVE('',#14651,#18250);
#18250 = DEFINITIONAL_REPRESENTATION('',(#18251),#18255);
#18251 = LINE('',#18252,#18253);
#18252 = CARTESIAN_POINT('',(0.137682944461,0.528494250773));
#18253 = VECTOR('',#18254,1.);
#18254 = DIRECTION('',(-1.,0.));
#18255 = ( GEOMETRIC_REPRESENTATION_CONTEXT(2) 
PARAMETRIC_REPRESENTATION_CONTEXT() REPRESENTATION_CONTEXT('2D SPACE',''
  ) );
#18256 = PCURVE('',#18257,#18262);
#18257 = PLANE('',#18258);
#18258 = AXIS2_PLACEMENT_3D('',#18259,#18260,#18261);
#18259 = CARTESIAN_POINT('',(102.7,-47.8,6.533333333333));
#18260 = DIRECTION('',(1.224646799147E-16,1.,0.));
#18261 = DIRECTION('',(0.,0.,1.));
#18262 = DEFINITIONAL_REPRESENTATION('',(#18263),#18267);
#18263 = LINE('',#18264,#18265);
#18264 = CARTESIAN_POINT('',(0.,0.));
#18265 = VECTOR('',#18266,1.);
#18266 = DIRECTION('',(1.,0.));
#18267 = ( GEOMETRIC_REPRESENTATION_CONTEXT(2) 
PARAMETRIC_REPRESENTATION_CONTEXT() REPRESENTATION_CONTEXT('2D SPACE',''
  ) );
#18268 = ORIENTED_EDGE('',*,*,#18269,.T.);
#18269 = EDGE_CURVE('',#18242,#14637,#18270,.T.);
#18270 = SURFACE_CURVE('',#18271,(#18275,#18282),.PCURVE_S1.);
#18271 = LINE('',#18272,#18273);
#18272 = CARTESIAN_POINT('',(102.7,-47.8,7.));
#18273 = VECTOR('',#18274,1.);
#18274 = DIRECTION('',(-5.476786982642E-17,-0.4472135955,0.894427191));
#18275 = PCURVE('',#14651,#18276);
#18276 = DEFINITIONAL_REPRESENTATION('',(#18277),#18281);
#18277 = LINE('',#18278,#18279);
#18278 = CARTESIAN_POINT('',(-0.328983722205,0.528494250773));
#18279 = VECTOR('',#18280,1.);
#18280 = DIRECTION('',(-0.894427191,-0.4472135955));
#18281 = ( GEOMETRIC_REPRESENTATION_CONTEXT(2) 
PARAMETRIC_REPRESENTATION_CONTEXT() REPRESENTATION_CONTEXT('2D SPACE',''
  ) );
#18282 = PCURVE('',#14730,#18283);
#18283 = DEFINITIONAL_REPRESENTATION('',(#18284),#18288);
#18284 = LINE('',#18285,#18286);
#18285 = CARTESIAN_POINT('',(0.,0.));
#18286 = VECTOR('',#18287,1.);
#18287 = DIRECTION('',(1.,0.));
#18288 = ( GEOMETRIC_REPRESENTATION_CONTEXT(2) 
PARAMETRIC_REPRESENTATION_CONTEXT() REPRESENTATION_CONTEXT('2D SPACE',''
  ) );
#18289 = ADVANCED_FACE('',(#18290),#14730,.T.);
#18290 = FACE_BOUND('',#18291,.T.);
#18291 = EDGE_LOOP('',(#18292,#18315,#18336,#18337));
#18292 = ORIENTED_EDGE('',*,*,#18293,.T.);
#18293 = EDGE_CURVE('',#18242,#18294,#18296,.T.);
#18294 = VERTEX_POINT('',#18295);
#18295 = CARTESIAN_POINT('',(97.3,-47.8,7.));
#18296 = SURFACE_CURVE('',#18297,(#18301,#18308),.PCURVE_S1.);
#18297 = LINE('',#18298,#18299);
#18298 = CARTESIAN_POINT('',(102.7,-47.8,7.));
#18299 = VECTOR('',#18300,1.);
#18300 = DIRECTION('',(-1.,1.224646799147E-16,0.));
#18301 = PCURVE('',#14730,#18302);
#18302 = DEFINITIONAL_REPRESENTATION('',(#18303),#18307);
#18303 = LINE('',#18304,#18305);
#18304 = CARTESIAN_POINT('',(0.,0.));
#18305 = VECTOR('',#18306,1.);
#18306 = DIRECTION('',(0.,-1.));
#18307 = ( GEOMETRIC_REPRESENTATION_CONTEXT(2) 
PARAMETRIC_REPRESENTATION_CONTEXT() REPRESENTATION_CONTEXT('2D SPACE',''
  ) );
#18308 = PCURVE('',#18257,#18309);
#18309 = DEFINITIONAL_REPRESENTATION('',(#18310),#18314);
#18310 = LINE('',#18311,#18312);
#18311 = CARTESIAN_POINT('',(0.466666666667,0.));
#18312 = VECTOR('',#18313,1.);
#18313 = DIRECTION('',(0.,-1.));
#18314 = ( GEOMETRIC_REPRESENTATION_CONTEXT(2) 
PARAMETRIC_REPRESENTATION_CONTEXT() REPRESENTATION_CONTEXT('2D SPACE',''
  ) );
#18315 = ORIENTED_EDGE('',*,*,#18316,.T.);
#18316 = EDGE_CURVE('',#18294,#14691,#18317,.T.);
#18317 = SURFACE_CURVE('',#18318,(#18322,#18329),.PCURVE_S1.);
#18318 = LINE('',#18319,#18320);
#18319 = CARTESIAN_POINT('',(97.3,-47.8,7.));
#18320 = VECTOR('',#18321,1.);
#18321 = DIRECTION('',(-5.476786982642E-17,-0.4472135955,0.894427191));
#18322 = PCURVE('',#14730,#18323);
#18323 = DEFINITIONAL_REPRESENTATION('',(#18324),#18328);
#18324 = LINE('',#18325,#18326);
#18325 = CARTESIAN_POINT('',(2.957464970627E-16,-5.4));
#18326 = VECTOR('',#18327,1.);
#18327 = DIRECTION('',(1.,0.));
#18328 = ( GEOMETRIC_REPRESENTATION_CONTEXT(2) 
PARAMETRIC_REPRESENTATION_CONTEXT() REPRESENTATION_CONTEXT('2D SPACE',''
  ) );
#18329 = PCURVE('',#14705,#18330);
#18330 = DEFINITIONAL_REPRESENTATION('',(#18331),#18335);
#18331 = LINE('',#18332,#18333);
#18332 = CARTESIAN_POINT('',(-0.328983722205,0.528494250773));
#18333 = VECTOR('',#18334,1.);
#18334 = DIRECTION('',(-0.894427191,-0.4472135955));
#18335 = ( GEOMETRIC_REPRESENTATION_CONTEXT(2) 
PARAMETRIC_REPRESENTATION_CONTEXT() REPRESENTATION_CONTEXT('2D SPACE',''
  ) );
#18336 = ORIENTED_EDGE('',*,*,#14716,.F.);
#18337 = ORIENTED_EDGE('',*,*,#18269,.F.);
#18338 = ADVANCED_FACE('',(#18339),#14705,.F.);
#18339 = FACE_BOUND('',#18340,.F.);
#18340 = EDGE_LOOP('',(#18341,#18342,#18365,#18386));
#18341 = ORIENTED_EDGE('',*,*,#14690,.F.);
#18342 = ORIENTED_EDGE('',*,*,#18343,.T.);
#18343 = EDGE_CURVE('',#14663,#18344,#18346,.T.);
#18344 = VERTEX_POINT('',#18345);
#18345 = CARTESIAN_POINT('',(97.3,-47.8,6.533333333333));
#18346 = SURFACE_CURVE('',#18347,(#18351,#18358),.PCURVE_S1.);
#18347 = LINE('',#18348,#18349);
#18348 = CARTESIAN_POINT('',(97.3,-48.4,5.133333333333));
#18349 = VECTOR('',#18350,1.);
#18350 = DIRECTION('',(4.824120081273E-17,0.393919298579,0.919145030018)
  );
#18351 = PCURVE('',#14705,#18352);
#18352 = DEFINITIONAL_REPRESENTATION('',(#18353),#18357);
#18353 = LINE('',#18354,#18355);
#18354 = CARTESIAN_POINT('',(1.537682944461,-7.150574922719E-02));
#18355 = VECTOR('',#18356,1.);
#18356 = DIRECTION('',(-0.919145030018,0.393919298579));
#18357 = ( GEOMETRIC_REPRESENTATION_CONTEXT(2) 
PARAMETRIC_REPRESENTATION_CONTEXT() REPRESENTATION_CONTEXT('2D SPACE',''
  ) );
#18358 = PCURVE('',#14678,#18359);
#18359 = DEFINITIONAL_REPRESENTATION('',(#18360),#18364);
#18360 = LINE('',#18361,#18362);
#18361 = CARTESIAN_POINT('',(-2.605024843888E-16,-5.4));
#18362 = VECTOR('',#18363,1.);
#18363 = DIRECTION('',(1.,0.));
#18364 = ( GEOMETRIC_REPRESENTATION_CONTEXT(2) 
PARAMETRIC_REPRESENTATION_CONTEXT() REPRESENTATION_CONTEXT('2D SPACE',''
  ) );
#18365 = ORIENTED_EDGE('',*,*,#18366,.T.);
#18366 = EDGE_CURVE('',#18344,#18294,#18367,.T.);
#18367 = SURFACE_CURVE('',#18368,(#18372,#18379),.PCURVE_S1.);
#18368 = LINE('',#18369,#18370);
#18369 = CARTESIAN_POINT('',(97.3,-47.8,6.533333333333));
#18370 = VECTOR('',#18371,1.);
#18371 = DIRECTION('',(0.,0.,1.));
#18372 = PCURVE('',#14705,#18373);
#18373 = DEFINITIONAL_REPRESENTATION('',(#18374),#18378);
#18374 = LINE('',#18375,#18376);
#18375 = CARTESIAN_POINT('',(0.137682944461,0.528494250773));
#18376 = VECTOR('',#18377,1.);
#18377 = DIRECTION('',(-1.,0.));
#18378 = ( GEOMETRIC_REPRESENTATION_CONTEXT(2) 
PARAMETRIC_REPRESENTATION_CONTEXT() REPRESENTATION_CONTEXT('2D SPACE',''
  ) );
#18379 = PCURVE('',#18257,#18380);
#18380 = DEFINITIONAL_REPRESENTATION('',(#18381),#18385);
#18381 = LINE('',#18382,#18383);
#18382 = CARTESIAN_POINT('',(0.,-5.4));
#18383 = VECTOR('',#18384,1.);
#18384 = DIRECTION('',(1.,0.));
#18385 = ( GEOMETRIC_REPRESENTATION_CONTEXT(2) 
PARAMETRIC_REPRESENTATION_CONTEXT() REPRESENTATION_CONTEXT('2D SPACE',''
  ) );
#18386 = ORIENTED_EDGE('',*,*,#18316,.T.);
#18387 = ADVANCED_FACE('',(#18388),#14678,.T.);
#18388 = FACE_BOUND('',#18389,.T.);
#18389 = EDGE_LOOP('',(#18390,#18391,#18392,#18413));
#18390 = ORIENTED_EDGE('',*,*,#14662,.T.);
#18391 = ORIENTED_EDGE('',*,*,#18343,.T.);
#18392 = ORIENTED_EDGE('',*,*,#18393,.F.);
#18393 = EDGE_CURVE('',#18219,#18344,#18394,.T.);
#18394 = SURFACE_CURVE('',#18395,(#18399,#18406),.PCURVE_S1.);
#18395 = LINE('',#18396,#18397);
#18396 = CARTESIAN_POINT('',(102.7,-47.8,6.533333333333));
#18397 = VECTOR('',#18398,1.);
#18398 = DIRECTION('',(-1.,1.224646799147E-16,0.));
#18399 = PCURVE('',#14678,#18400);
#18400 = DEFINITIONAL_REPRESENTATION('',(#18401),#18405);
#18401 = LINE('',#18402,#18403);
#18402 = CARTESIAN_POINT('',(1.523154621173,-7.347880794884E-17));
#18403 = VECTOR('',#18404,1.);
#18404 = DIRECTION('',(0.,-1.));
#18405 = ( GEOMETRIC_REPRESENTATION_CONTEXT(2) 
PARAMETRIC_REPRESENTATION_CONTEXT() REPRESENTATION_CONTEXT('2D SPACE',''
  ) );
#18406 = PCURVE('',#18257,#18407);
#18407 = DEFINITIONAL_REPRESENTATION('',(#18408),#18412);
#18408 = LINE('',#18409,#18410);
#18409 = CARTESIAN_POINT('',(0.,0.));
#18410 = VECTOR('',#18411,1.);
#18411 = DIRECTION('',(0.,-1.));
#18412 = ( GEOMETRIC_REPRESENTATION_CONTEXT(2) 
PARAMETRIC_REPRESENTATION_CONTEXT() REPRESENTATION_CONTEXT('2D SPACE',''
  ) );
#18413 = ORIENTED_EDGE('',*,*,#18218,.F.);
#18414 = ADVANCED_FACE('',(#18415),#14761,.T.);
#18415 = FACE_BOUND('',#18416,.T.);
#18416 = EDGE_LOOP('',(#18417,#18418,#18441,#18469));
#18417 = ORIENTED_EDGE('',*,*,#14744,.F.);
#18418 = ORIENTED_EDGE('',*,*,#18419,.T.);
#18419 = EDGE_CURVE('',#14745,#18420,#18422,.T.);
#18420 = VERTEX_POINT('',#18421);
#18421 = CARTESIAN_POINT('',(68.7,-47.8,6.533333333333));
#18422 = SURFACE_CURVE('',#18423,(#18427,#18434),.PCURVE_S1.);
#18423 = LINE('',#18424,#18425);
#18424 = CARTESIAN_POINT('',(68.7,-48.4,5.133333333333));
#18425 = VECTOR('',#18426,1.);
#18426 = DIRECTION('',(4.824120081273E-17,0.393919298579,0.919145030018)
  );
#18427 = PCURVE('',#14761,#18428);
#18428 = DEFINITIONAL_REPRESENTATION('',(#18429),#18433);
#18429 = LINE('',#18430,#18431);
#18430 = CARTESIAN_POINT('',(1.537682944461,-7.150574922719E-02));
#18431 = VECTOR('',#18432,1.);
#18432 = DIRECTION('',(-0.919145030018,0.393919298579));
#18433 = ( GEOMETRIC_REPRESENTATION_CONTEXT(2) 
PARAMETRIC_REPRESENTATION_CONTEXT() REPRESENTATION_CONTEXT('2D SPACE',''
  ) );
#18434 = PCURVE('',#14788,#18435);
#18435 = DEFINITIONAL_REPRESENTATION('',(#18436),#18440);
#18436 = LINE('',#18437,#18438);
#18437 = CARTESIAN_POINT('',(0.,0.));
#18438 = VECTOR('',#18439,1.);
#18439 = DIRECTION('',(1.,0.));
#18440 = ( GEOMETRIC_REPRESENTATION_CONTEXT(2) 
PARAMETRIC_REPRESENTATION_CONTEXT() REPRESENTATION_CONTEXT('2D SPACE',''
  ) );
#18441 = ORIENTED_EDGE('',*,*,#18442,.T.);
#18442 = EDGE_CURVE('',#18420,#18443,#18445,.T.);
#18443 = VERTEX_POINT('',#18444);
#18444 = CARTESIAN_POINT('',(68.7,-47.8,7.));
#18445 = SURFACE_CURVE('',#18446,(#18450,#18457),.PCURVE_S1.);
#18446 = LINE('',#18447,#18448);
#18447 = CARTESIAN_POINT('',(68.7,-47.8,6.533333333333));
#18448 = VECTOR('',#18449,1.);
#18449 = DIRECTION('',(0.,0.,1.));
#18450 = PCURVE('',#14761,#18451);
#18451 = DEFINITIONAL_REPRESENTATION('',(#18452),#18456);
#18452 = LINE('',#18453,#18454);
#18453 = CARTESIAN_POINT('',(0.137682944461,0.528494250773));
#18454 = VECTOR('',#18455,1.);
#18455 = DIRECTION('',(-1.,0.));
#18456 = ( GEOMETRIC_REPRESENTATION_CONTEXT(2) 
PARAMETRIC_REPRESENTATION_CONTEXT() REPRESENTATION_CONTEXT('2D SPACE',''
  ) );
#18457 = PCURVE('',#18458,#18463);
#18458 = PLANE('',#18459);
#18459 = AXIS2_PLACEMENT_3D('',#18460,#18461,#18462);
#18460 = CARTESIAN_POINT('',(68.7,-47.8,6.533333333333));
#18461 = DIRECTION('',(1.224646799147E-16,1.,0.));
#18462 = DIRECTION('',(0.,0.,1.));
#18463 = DEFINITIONAL_REPRESENTATION('',(#18464),#18468);
#18464 = LINE('',#18465,#18466);
#18465 = CARTESIAN_POINT('',(0.,0.));
#18466 = VECTOR('',#18467,1.);
#18467 = DIRECTION('',(1.,0.));
#18468 = ( GEOMETRIC_REPRESENTATION_CONTEXT(2) 
PARAMETRIC_REPRESENTATION_CONTEXT() REPRESENTATION_CONTEXT('2D SPACE',''
  ) );
#18469 = ORIENTED_EDGE('',*,*,#18470,.T.);
#18470 = EDGE_CURVE('',#18443,#14747,#18471,.T.);
#18471 = SURFACE_CURVE('',#18472,(#18476,#18483),.PCURVE_S1.);
#18472 = LINE('',#18473,#18474);
#18473 = CARTESIAN_POINT('',(68.7,-47.8,7.));
#18474 = VECTOR('',#18475,1.);
#18475 = DIRECTION('',(-5.476786982642E-17,-0.4472135955,0.894427191));
#18476 = PCURVE('',#14761,#18477);
#18477 = DEFINITIONAL_REPRESENTATION('',(#18478),#18482);
#18478 = LINE('',#18479,#18480);
#18479 = CARTESIAN_POINT('',(-0.328983722205,0.528494250773));
#18480 = VECTOR('',#18481,1.);
#18481 = DIRECTION('',(-0.894427191,-0.4472135955));
#18482 = ( GEOMETRIC_REPRESENTATION_CONTEXT(2) 
PARAMETRIC_REPRESENTATION_CONTEXT() REPRESENTATION_CONTEXT('2D SPACE',''
  ) );
#18483 = PCURVE('',#14840,#18484);
#18484 = DEFINITIONAL_REPRESENTATION('',(#18485),#18489);
#18485 = LINE('',#18486,#18487);
#18486 = CARTESIAN_POINT('',(0.,0.));
#18487 = VECTOR('',#18488,1.);
#18488 = DIRECTION('',(1.,0.));
#18489 = ( GEOMETRIC_REPRESENTATION_CONTEXT(2) 
PARAMETRIC_REPRESENTATION_CONTEXT() REPRESENTATION_CONTEXT('2D SPACE',''
  ) );
#18490 = ADVANCED_FACE('',(#18491),#14840,.T.);
#18491 = FACE_BOUND('',#18492,.T.);
#18492 = EDGE_LOOP('',(#18493,#18516,#18537,#18538));
#18493 = ORIENTED_EDGE('',*,*,#18494,.T.);
#18494 = EDGE_CURVE('',#18443,#18495,#18497,.T.);
#18495 = VERTEX_POINT('',#18496);
#18496 = CARTESIAN_POINT('',(63.3,-47.8,7.));
#18497 = SURFACE_CURVE('',#18498,(#18502,#18509),.PCURVE_S1.);
#18498 = LINE('',#18499,#18500);
#18499 = CARTESIAN_POINT('',(68.7,-47.8,7.));
#18500 = VECTOR('',#18501,1.);
#18501 = DIRECTION('',(-1.,1.224646799147E-16,0.));
#18502 = PCURVE('',#14840,#18503);
#18503 = DEFINITIONAL_REPRESENTATION('',(#18504),#18508);
#18504 = LINE('',#18505,#18506);
#18505 = CARTESIAN_POINT('',(0.,0.));
#18506 = VECTOR('',#18507,1.);
#18507 = DIRECTION('',(0.,-1.));
#18508 = ( GEOMETRIC_REPRESENTATION_CONTEXT(2) 
PARAMETRIC_REPRESENTATION_CONTEXT() REPRESENTATION_CONTEXT('2D SPACE',''
  ) );
#18509 = PCURVE('',#18458,#18510);
#18510 = DEFINITIONAL_REPRESENTATION('',(#18511),#18515);
#18511 = LINE('',#18512,#18513);
#18512 = CARTESIAN_POINT('',(0.466666666667,0.));
#18513 = VECTOR('',#18514,1.);
#18514 = DIRECTION('',(0.,-1.));
#18515 = ( GEOMETRIC_REPRESENTATION_CONTEXT(2) 
PARAMETRIC_REPRESENTATION_CONTEXT() REPRESENTATION_CONTEXT('2D SPACE',''
  ) );
#18516 = ORIENTED_EDGE('',*,*,#18517,.T.);
#18517 = EDGE_CURVE('',#18495,#14801,#18518,.T.);
#18518 = SURFACE_CURVE('',#18519,(#18523,#18530),.PCURVE_S1.);
#18519 = LINE('',#18520,#18521);
#18520 = CARTESIAN_POINT('',(63.3,-47.8,7.));
#18521 = VECTOR('',#18522,1.);
#18522 = DIRECTION('',(-5.476786982642E-17,-0.4472135955,0.894427191));
#18523 = PCURVE('',#14840,#18524);
#18524 = DEFINITIONAL_REPRESENTATION('',(#18525),#18529);
#18525 = LINE('',#18526,#18527);
#18526 = CARTESIAN_POINT('',(2.957464970627E-16,-5.4));
#18527 = VECTOR('',#18528,1.);
#18528 = DIRECTION('',(1.,0.));
#18529 = ( GEOMETRIC_REPRESENTATION_CONTEXT(2) 
PARAMETRIC_REPRESENTATION_CONTEXT() REPRESENTATION_CONTEXT('2D SPACE',''
  ) );
#18530 = PCURVE('',#14815,#18531);
#18531 = DEFINITIONAL_REPRESENTATION('',(#18532),#18536);
#18532 = LINE('',#18533,#18534);
#18533 = CARTESIAN_POINT('',(-0.328983722205,0.528494250773));
#18534 = VECTOR('',#18535,1.);
#18535 = DIRECTION('',(-0.894427191,-0.4472135955));
#18536 = ( GEOMETRIC_REPRESENTATION_CONTEXT(2) 
PARAMETRIC_REPRESENTATION_CONTEXT() REPRESENTATION_CONTEXT('2D SPACE',''
  ) );
#18537 = ORIENTED_EDGE('',*,*,#14826,.F.);
#18538 = ORIENTED_EDGE('',*,*,#18470,.F.);
#18539 = ADVANCED_FACE('',(#18540),#14815,.F.);
#18540 = FACE_BOUND('',#18541,.F.);
#18541 = EDGE_LOOP('',(#18542,#18543,#18566,#18587));
#18542 = ORIENTED_EDGE('',*,*,#14800,.F.);
#18543 = ORIENTED_EDGE('',*,*,#18544,.T.);
#18544 = EDGE_CURVE('',#14773,#18545,#18547,.T.);
#18545 = VERTEX_POINT('',#18546);
#18546 = CARTESIAN_POINT('',(63.3,-47.8,6.533333333333));
#18547 = SURFACE_CURVE('',#18548,(#18552,#18559),.PCURVE_S1.);
#18548 = LINE('',#18549,#18550);
#18549 = CARTESIAN_POINT('',(63.3,-48.4,5.133333333333));
#18550 = VECTOR('',#18551,1.);
#18551 = DIRECTION('',(4.824120081273E-17,0.393919298579,0.919145030018)
  );
#18552 = PCURVE('',#14815,#18553);
#18553 = DEFINITIONAL_REPRESENTATION('',(#18554),#18558);
#18554 = LINE('',#18555,#18556);
#18555 = CARTESIAN_POINT('',(1.537682944461,-7.150574922719E-02));
#18556 = VECTOR('',#18557,1.);
#18557 = DIRECTION('',(-0.919145030018,0.393919298579));
#18558 = ( GEOMETRIC_REPRESENTATION_CONTEXT(2) 
PARAMETRIC_REPRESENTATION_CONTEXT() REPRESENTATION_CONTEXT('2D SPACE',''
  ) );
#18559 = PCURVE('',#14788,#18560);
#18560 = DEFINITIONAL_REPRESENTATION('',(#18561),#18565);
#18561 = LINE('',#18562,#18563);
#18562 = CARTESIAN_POINT('',(-2.605024843888E-16,-5.4));
#18563 = VECTOR('',#18564,1.);
#18564 = DIRECTION('',(1.,0.));
#18565 = ( GEOMETRIC_REPRESENTATION_CONTEXT(2) 
PARAMETRIC_REPRESENTATION_CONTEXT() REPRESENTATION_CONTEXT('2D SPACE',''
  ) );
#18566 = ORIENTED_EDGE('',*,*,#18567,.T.);
#18567 = EDGE_CURVE('',#18545,#18495,#18568,.T.);
#18568 = SURFACE_CURVE('',#18569,(#18573,#18580),.PCURVE_S1.);
#18569 = LINE('',#18570,#18571);
#18570 = CARTESIAN_POINT('',(63.3,-47.8,6.533333333333));
#18571 = VECTOR('',#18572,1.);
#18572 = DIRECTION('',(0.,0.,1.));
#18573 = PCURVE('',#14815,#18574);
#18574 = DEFINITIONAL_REPRESENTATION('',(#18575),#18579);
#18575 = LINE('',#18576,#18577);
#18576 = CARTESIAN_POINT('',(0.137682944461,0.528494250773));
#18577 = VECTOR('',#18578,1.);
#18578 = DIRECTION('',(-1.,0.));
#18579 = ( GEOMETRIC_REPRESENTATION_CONTEXT(2) 
PARAMETRIC_REPRESENTATION_CONTEXT() REPRESENTATION_CONTEXT('2D SPACE',''
  ) );
#18580 = PCURVE('',#18458,#18581);
#18581 = DEFINITIONAL_REPRESENTATION('',(#18582),#18586);
#18582 = LINE('',#18583,#18584);
#18583 = CARTESIAN_POINT('',(0.,-5.4));
#18584 = VECTOR('',#18585,1.);
#18585 = DIRECTION('',(1.,0.));
#18586 = ( GEOMETRIC_REPRESENTATION_CONTEXT(2) 
PARAMETRIC_REPRESENTATION_CONTEXT() REPRESENTATION_CONTEXT('2D SPACE',''
  ) );
#18587 = ORIENTED_EDGE('',*,*,#18517,.T.);
#18588 = ADVANCED_FACE('',(#18589),#14788,.T.);
#18589 = FACE_BOUND('',#18590,.T.);
#18590 = EDGE_LOOP('',(#18591,#18592,#18593,#18614));
#18591 = ORIENTED_EDGE('',*,*,#14772,.T.);
#18592 = ORIENTED_EDGE('',*,*,#18544,.T.);
#18593 = ORIENTED_EDGE('',*,*,#18594,.F.);
#18594 = EDGE_CURVE('',#18420,#18545,#18595,.T.);
#18595 = SURFACE_CURVE('',#18596,(#18600,#18607),.PCURVE_S1.);
#18596 = LINE('',#18597,#18598);
#18597 = CARTESIAN_POINT('',(68.7,-47.8,6.533333333333));
#18598 = VECTOR('',#18599,1.);
#18599 = DIRECTION('',(-1.,1.224646799147E-16,0.));
#18600 = PCURVE('',#14788,#18601);
#18601 = DEFINITIONAL_REPRESENTATION('',(#18602),#18606);
#18602 = LINE('',#18603,#18604);
#18603 = CARTESIAN_POINT('',(1.523154621173,-7.347880794884E-17));
#18604 = VECTOR('',#18605,1.);
#18605 = DIRECTION('',(0.,-1.));
#18606 = ( GEOMETRIC_REPRESENTATION_CONTEXT(2) 
PARAMETRIC_REPRESENTATION_CONTEXT() REPRESENTATION_CONTEXT('2D SPACE',''
  ) );
#18607 = PCURVE('',#18458,#18608);
#18608 = DEFINITIONAL_REPRESENTATION('',(#18609),#18613);
#18609 = LINE('',#18610,#18611);
#18610 = CARTESIAN_POINT('',(0.,0.));
#18611 = VECTOR('',#18612,1.);
#18612 = DIRECTION('',(0.,-1.));
#18613 = ( GEOMETRIC_REPRESENTATION_CONTEXT(2) 
PARAMETRIC_REPRESENTATION_CONTEXT() REPRESENTATION_CONTEXT('2D SPACE',''
  ) );
#18614 = ORIENTED_EDGE('',*,*,#18419,.F.);
#18615 = ADVANCED_FACE('',(#18616),#15165,.T.);
#18616 = FACE_BOUND('',#18617,.T.);
#18617 = EDGE_LOOP('',(#18618,#18619,#18620,#18621));
#18618 = ORIENTED_EDGE('',*,*,#16934,.F.);
#18619 = ORIENTED_EDGE('',*,*,#16984,.F.);
#18620 = ORIENTED_EDGE('',*,*,#17010,.T.);
#18621 = ORIENTED_EDGE('',*,*,#15149,.T.);
#18622 = ADVANCED_FACE('',(#18623),#15093,.T.);
#18623 = FACE_BOUND('',#18624,.T.);
#18624 = EDGE_LOOP('',(#18625,#18626,#18627,#18628,#18629));
#18625 = ORIENTED_EDGE('',*,*,#16171,.F.);
#18626 = ORIENTED_EDGE('',*,*,#16859,.F.);
#18627 = ORIENTED_EDGE('',*,*,#16886,.T.);
#18628 = ORIENTED_EDGE('',*,*,#15077,.T.);
#18629 = ORIENTED_EDGE('',*,*,#18630,.T.);
#18630 = EDGE_CURVE('',#15050,#16172,#18631,.T.);
#18631 = SURFACE_CURVE('',#18632,(#18637,#18644),.PCURVE_S1.);
#18632 = CIRCLE('',#18633,0.5);
#18633 = AXIS2_PLACEMENT_3D('',#18634,#18635,#18636);
#18634 = CARTESIAN_POINT('',(149.9,-50.1,0.));
#18635 = DIRECTION('',(0.,0.,1.));
#18636 = DIRECTION('',(1.,0.,-0.));
#18637 = PCURVE('',#15093,#18638);
#18638 = DEFINITIONAL_REPRESENTATION('',(#18639),#18643);
#18639 = CIRCLE('',#18640,0.5);
#18640 = AXIS2_PLACEMENT_2D('',#18641,#18642);
#18641 = CARTESIAN_POINT('',(3.,3.));
#18642 = DIRECTION('',(1.,0.));
#18643 = ( GEOMETRIC_REPRESENTATION_CONTEXT(2) 
PARAMETRIC_REPRESENTATION_CONTEXT() REPRESENTATION_CONTEXT('2D SPACE',''
  ) );
#18644 = PCURVE('',#15065,#18645);
#18645 = DEFINITIONAL_REPRESENTATION('',(#18646),#18650);
#18646 = LINE('',#18647,#18648);
#18647 = CARTESIAN_POINT('',(0.,-0.6));
#18648 = VECTOR('',#18649,1.);
#18649 = DIRECTION('',(1.,0.));
#18650 = ( GEOMETRIC_REPRESENTATION_CONTEXT(2) 
PARAMETRIC_REPRESENTATION_CONTEXT() REPRESENTATION_CONTEXT('2D SPACE',''
  ) );
#18651 = ADVANCED_FACE('',(#18652),#15065,.F.);
#18652 = FACE_BOUND('',#18653,.F.);
#18653 = EDGE_LOOP('',(#18654,#18655,#18656,#18657));
#18654 = ORIENTED_EDGE('',*,*,#15049,.T.);
#18655 = ORIENTED_EDGE('',*,*,#18630,.T.);
#18656 = ORIENTED_EDGE('',*,*,#16194,.F.);
#18657 = ORIENTED_EDGE('',*,*,#17234,.F.);
#18658 = ADVANCED_FACE('',(#18659),#16046,.T.);
#18659 = FACE_BOUND('',#18660,.T.);
#18660 = EDGE_LOOP('',(#18661,#18662,#18663,#18664));
#18661 = ORIENTED_EDGE('',*,*,#16609,.F.);
#18662 = ORIENTED_EDGE('',*,*,#16658,.T.);
#18663 = ORIENTED_EDGE('',*,*,#16685,.T.);
#18664 = ORIENTED_EDGE('',*,*,#16030,.T.);
#18665 = ADVANCED_FACE('',(#18666),#16116,.T.);
#18666 = FACE_BOUND('',#18667,.T.);
#18667 = EDGE_LOOP('',(#18668,#18669,#18670,#18671));
#18668 = ORIENTED_EDGE('',*,*,#16734,.F.);
#18669 = ORIENTED_EDGE('',*,*,#16783,.T.);
#18670 = ORIENTED_EDGE('',*,*,#16810,.T.);
#18671 = ORIENTED_EDGE('',*,*,#16100,.T.);
#18672 = ADVANCED_FACE('',(#18673),#17855,.T.);
#18673 = FACE_BOUND('',#18674,.T.);
#18674 = EDGE_LOOP('',(#18675,#18676,#18677,#18678));
#18675 = ORIENTED_EDGE('',*,*,#17915,.T.);
#18676 = ORIENTED_EDGE('',*,*,#17991,.T.);
#18677 = ORIENTED_EDGE('',*,*,#17940,.F.);
#18678 = ORIENTED_EDGE('',*,*,#17839,.F.);
#18679 = ADVANCED_FACE('',(#18680),#18056,.T.);
#18680 = FACE_BOUND('',#18681,.T.);
#18681 = EDGE_LOOP('',(#18682,#18683,#18684,#18685));
#18682 = ORIENTED_EDGE('',*,*,#18192,.T.);
#18683 = ORIENTED_EDGE('',*,*,#18165,.T.);
#18684 = ORIENTED_EDGE('',*,*,#18092,.F.);
#18685 = ORIENTED_EDGE('',*,*,#18040,.F.);
#18686 = ADVANCED_FACE('',(#18687),#18257,.T.);
#18687 = FACE_BOUND('',#18688,.T.);
#18688 = EDGE_LOOP('',(#18689,#18690,#18691,#18692));
#18689 = ORIENTED_EDGE('',*,*,#18393,.T.);
#18690 = ORIENTED_EDGE('',*,*,#18366,.T.);
#18691 = ORIENTED_EDGE('',*,*,#18293,.F.);
#18692 = ORIENTED_EDGE('',*,*,#18241,.F.);
#18693 = ADVANCED_FACE('',(#18694),#18458,.T.);
#18694 = FACE_BOUND('',#18695,.T.);
#18695 = EDGE_LOOP('',(#18696,#18697,#18698,#18699));
#18696 = ORIENTED_EDGE('',*,*,#18594,.T.);
#18697 = ORIENTED_EDGE('',*,*,#18567,.T.);
#18698 = ORIENTED_EDGE('',*,*,#18494,.F.);
#18699 = ORIENTED_EDGE('',*,*,#18442,.F.);
#18700 = ( GEOMETRIC_REPRESENTATION_CONTEXT(3) 
GLOBAL_UNCERTAINTY_ASSIGNED_CONTEXT((#18704)) 
GLOBAL_UNIT_ASSIGNED_CONTEXT((#18701,#18702,#18703)) 
REPRESENTATION_CONTEXT('Context #1',
  '3D Context with UNIT and UNCERTAINTY') );
#18701 = ( LENGTH_UNIT() NAMED_UNIT(*) SI_UNIT(.MILLI.,.METRE.) );
#18702 = ( NAMED_UNIT(*) PLANE_ANGLE_UNIT() SI_UNIT($,.RADIAN.) );
#18703 = ( NAMED_UNIT(*) SI_UNIT($,.STERADIAN.) SOLID_ANGLE_UNIT() );
#18704 = UNCERTAINTY_MEASURE_WITH_UNIT(LENGTH_MEASURE(1.E-07),#18701,
  'distance_accuracy_value','confusion accuracy');
#18705 = PRODUCT_RELATED_PRODUCT_CATEGORY('part',$,(#7));
ENDSEC;
END-ISO-10303-21;
