ISO-10303-21;
HEADER;
FILE_DESCRIPTION(('Open CASCADE Model'),'2;1');
FILE_NAME('Fuseholder_Blade_Mini_XFCN_XF-508P.step','2026-09-30T00:00:00',('Author'),(
    'Open CASCADE'),'Open CASCADE STEP processor 7.8','Open CASCADE 7.8'
  ,'Unknown');
FILE_SCHEMA(('AUTOMOTIVE_DESIGN { 1 0 10303 214 1 1 1 1 }'));
ENDSEC;
DATA;
#1 = APPLICATION_PROTOCOL_DEFINITION('international standard',
  'automotive_design',2000,#2);
#2 = APPLICATION_CONTEXT(
  'core data for automotive mechanical design processes');
#3 = SHAPE_DEFINITION_REPRESENTATION(#4,#10);
#4 = PRODUCT_DEFINITION_SHAPE('','',#5);
#5 = PRODUCT_DEFINITION('design','',#6,#9);
#6 = PRODUCT_DEFINITION_FORMATION('','',#7);
#7 = PRODUCT('Fuseholder_Blade_Mini_XFCN_XF-508P',
  'Fuseholder_Blade_Mini_XFCN_XF-508P','',(#8));
#8 = PRODUCT_CONTEXT('',#2,'mechanical');
#9 = PRODUCT_DEFINITION_CONTEXT('part definition',#2,'design');
#10 = SHAPE_REPRESENTATION('',(#11,#15,#19,#23,#27,#31,#35,#39,#43,#47,
    #51,#55,#59),#63);
#11 = AXIS2_PLACEMENT_3D('',#12,#13,#14);
#12 = CARTESIAN_POINT('',(0.,0.,0.));
#13 = DIRECTION('',(0.,0.,1.));
#14 = DIRECTION('',(1.,0.,-0.));
#15 = AXIS2_PLACEMENT_3D('',#16,#17,#18);
#16 = CARTESIAN_POINT('',(0.,0.,0.));
#17 = DIRECTION('',(0.,0.,1.));
#18 = DIRECTION('',(1.,0.,-0.));
#19 = AXIS2_PLACEMENT_3D('',#20,#21,#22);
#20 = CARTESIAN_POINT('',(0.,0.,0.));
#21 = DIRECTION('',(0.,0.,1.));
#22 = DIRECTION('',(1.,0.,-0.));
#23 = AXIS2_PLACEMENT_3D('',#24,#25,#26);
#24 = CARTESIAN_POINT('',(0.,0.,0.));
#25 = DIRECTION('',(0.,0.,1.));
#26 = DIRECTION('',(1.,0.,-0.));
#27 = AXIS2_PLACEMENT_3D('',#28,#29,#30);
#28 = CARTESIAN_POINT('',(0.,0.,0.));
#29 = DIRECTION('',(0.,0.,1.));
#30 = DIRECTION('',(1.,0.,-0.));
#31 = AXIS2_PLACEMENT_3D('',#32,#33,#34);
#32 = CARTESIAN_POINT('',(0.,0.,0.));
#33 = DIRECTION('',(0.,0.,1.));
#34 = DIRECTION('',(1.,0.,-0.));
#35 = AXIS2_PLACEMENT_3D('',#36,#37,#38);
#36 = CARTESIAN_POINT('',(0.,0.,0.));
#37 = DIRECTION('',(0.,0.,1.));
#38 = DIRECTION('',(1.,0.,-0.));
#39 = AXIS2_PLACEMENT_3D('',#40,#41,#42);
#40 = CARTESIAN_POINT('',(0.,0.,0.));
#41 = DIRECTION('',(0.,0.,1.));
#42 = DIRECTION('',(1.,0.,-0.));
#43 = AXIS2_PLACEMENT_3D('',#44,#45,#46);
#44 = CARTESIAN_POINT('',(0.,0.,0.));
#45 = DIRECTION('',(0.,0.,1.));
#46 = DIRECTION('',(1.,0.,-0.));
#47 = AXIS2_PLACEMENT_3D('',#48,#49,#50);
#48 = CARTESIAN_POINT('',(0.,0.,0.));
#49 = DIRECTION('',(0.,0.,1.));
#50 = DIRECTION('',(1.,0.,-0.));
#51 = AXIS2_PLACEMENT_3D('',#52,#53,#54);
#52 = CARTESIAN_POINT('',(0.,0.,0.));
#53 = DIRECTION('',(0.,0.,1.));
#54 = DIRECTION('',(1.,0.,-0.));
#55 = AXIS2_PLACEMENT_3D('',#56,#57,#58);
#56 = CARTESIAN_POINT('',(0.,0.,0.));
#57 = DIRECTION('',(0.,0.,1.));
#58 = DIRECTION('',(1.,0.,-0.));
#59 = AXIS2_PLACEMENT_3D('',#60,#61,#62);
#60 = CARTESIAN_POINT('',(0.,0.,0.));
#61 = DIRECTION('',(0.,0.,1.));
#62 = DIRECTION('',(1.,0.,-0.));
#63 = ( GEOMETRIC_REPRESENTATION_CONTEXT(3)
GLOBAL_UNCERTAINTY_ASSIGNED_CONTEXT((#67)) GLOBAL_UNIT_ASSIGNED_CONTEXT(
(#64,#65,#66)) REPRESENTATION_CONTEXT('Context #1',
  '3D Context with UNIT and UNCERTAINTY') );
#64 = ( LENGTH_UNIT() NAMED_UNIT(*) SI_UNIT(.MILLI.,.METRE.) );
#65 = ( NAMED_UNIT(*) PLANE_ANGLE_UNIT() SI_UNIT($,.RADIAN.) );
#66 = ( NAMED_UNIT(*) SI_UNIT($,.STERADIAN.) SOLID_ANGLE_UNIT() );
#67 = UNCERTAINTY_MEASURE_WITH_UNIT(LENGTH_MEASURE(1.E-07),#64,
  'distance_accuracy_value','confusion accuracy');
#68 = PRODUCT_RELATED_PRODUCT_CATEGORY('part',$,(#7));
#69 = SHAPE_DEFINITION_REPRESENTATION(#70,#76);
#70 = PRODUCT_DEFINITION_SHAPE('','',#71);
#71 = PRODUCT_DEFINITION('design','',#72,#75);
#72 = PRODUCT_DEFINITION_FORMATION('','',#73);
#73 = PRODUCT('pin_1_0','pin_1_0','',(#74));
#74 = PRODUCT_CONTEXT('',#2,'mechanical');
#75 = PRODUCT_DEFINITION_CONTEXT('part definition',#2,'design');
#76 = ADVANCED_BREP_SHAPE_REPRESENTATION('',(#11,#77),#227);
#77 = MANIFOLD_SOLID_BREP('',#78);
#78 = CLOSED_SHELL('',(#79,#119,#159,#181,#203,#215));
#79 = ADVANCED_FACE('',(#80),#114,.F.);
#80 = FACE_BOUND('',#81,.F.);
#81 = EDGE_LOOP('',(#82,#92,#100,#108));
#82 = ORIENTED_EDGE('',*,*,#83,.F.);
#83 = EDGE_CURVE('',#84,#86,#88,.T.);
#84 = VERTEX_POINT('',#85);
#85 = CARTESIAN_POINT('',(-0.8,-0.2,-2.85));
#86 = VERTEX_POINT('',#87);
#87 = CARTESIAN_POINT('',(-0.8,-0.2,1.05));
#88 = LINE('',#89,#90);
#89 = CARTESIAN_POINT('',(-0.8,-0.2,-2.85));
#90 = VECTOR('',#91,1.);
#91 = DIRECTION('',(0.,0.,1.));
#92 = ORIENTED_EDGE('',*,*,#93,.T.);
#93 = EDGE_CURVE('',#84,#94,#96,.T.);
#94 = VERTEX_POINT('',#95);
#95 = CARTESIAN_POINT('',(-0.8,0.2,-2.85));
#96 = LINE('',#97,#98);
#97 = CARTESIAN_POINT('',(-0.8,-0.2,-2.85));
#98 = VECTOR('',#99,1.);
#99 = DIRECTION('',(0.,1.,0.));
#100 = ORIENTED_EDGE('',*,*,#101,.T.);
#101 = EDGE_CURVE('',#94,#102,#104,.T.);
#102 = VERTEX_POINT('',#103);
#103 = CARTESIAN_POINT('',(-0.8,0.2,1.05));
#104 = LINE('',#105,#106);
#105 = CARTESIAN_POINT('',(-0.8,0.2,-2.85));
#106 = VECTOR('',#107,1.);
#107 = DIRECTION('',(0.,0.,1.));
#108 = ORIENTED_EDGE('',*,*,#109,.F.);
#109 = EDGE_CURVE('',#86,#102,#110,.T.);
#110 = LINE('',#111,#112);
#111 = CARTESIAN_POINT('',(-0.8,-0.2,1.05));
#112 = VECTOR('',#113,1.);
#113 = DIRECTION('',(0.,1.,0.));
#114 = PLANE('',#115);
#115 = AXIS2_PLACEMENT_3D('',#116,#117,#118);
#116 = CARTESIAN_POINT('',(-0.8,-0.2,-2.85));
#117 = DIRECTION('',(1.,0.,0.));
#118 = DIRECTION('',(0.,0.,1.));
#119 = ADVANCED_FACE('',(#120),#154,.T.);
#120 = FACE_BOUND('',#121,.T.);
#121 = EDGE_LOOP('',(#122,#132,#140,#148));
#122 = ORIENTED_EDGE('',*,*,#123,.F.);
#123 = EDGE_CURVE('',#124,#126,#128,.T.);
#124 = VERTEX_POINT('',#125);
#125 = CARTESIAN_POINT('',(0.8,-0.2,-2.85));
#126 = VERTEX_POINT('',#127);
#127 = CARTESIAN_POINT('',(0.8,-0.2,1.05));
#128 = LINE('',#129,#130);
#129 = CARTESIAN_POINT('',(0.8,-0.2,-2.85));
#130 = VECTOR('',#131,1.);
#131 = DIRECTION('',(0.,0.,1.));
#132 = ORIENTED_EDGE('',*,*,#133,.T.);
#133 = EDGE_CURVE('',#124,#134,#136,.T.);
#134 = VERTEX_POINT('',#135);
#135 = CARTESIAN_POINT('',(0.8,0.2,-2.85));
#136 = LINE('',#137,#138);
#137 = CARTESIAN_POINT('',(0.8,-0.2,-2.85));
#138 = VECTOR('',#139,1.);
#139 = DIRECTION('',(0.,1.,0.));
#140 = ORIENTED_EDGE('',*,*,#141,.T.);
#141 = EDGE_CURVE('',#134,#142,#144,.T.);
#142 = VERTEX_POINT('',#143);
#143 = CARTESIAN_POINT('',(0.8,0.2,1.05));
#144 = LINE('',#145,#146);
#145 = CARTESIAN_POINT('',(0.8,0.2,-2.85));
#146 = VECTOR('',#147,1.);
#147 = DIRECTION('',(0.,0.,1.));
#148 = ORIENTED_EDGE('',*,*,#149,.F.);
#149 = EDGE_CURVE('',#126,#142,#150,.T.);
#150 = LINE('',#151,#152);
#151 = CARTESIAN_POINT('',(0.8,-0.2,1.05));
#152 = VECTOR('',#153,1.);
#153 = DIRECTION('',(0.,1.,0.));
#154 = PLANE('',#155);
#155 = AXIS2_PLACEMENT_3D('',#156,#157,#158);
#156 = CARTESIAN_POINT('',(0.8,-0.2,-2.85));
#157 = DIRECTION('',(1.,0.,0.));
#158 = DIRECTION('',(0.,0.,1.));
#159 = ADVANCED_FACE('',(#160),#176,.F.);
#160 = FACE_BOUND('',#161,.F.);
#161 = EDGE_LOOP('',(#162,#168,#169,#175));
#162 = ORIENTED_EDGE('',*,*,#163,.F.);
#163 = EDGE_CURVE('',#84,#124,#164,.T.);
#164 = LINE('',#165,#166);
#165 = CARTESIAN_POINT('',(-0.8,-0.2,-2.85));
#166 = VECTOR('',#167,1.);
#167 = DIRECTION('',(1.,0.,0.));
#168 = ORIENTED_EDGE('',*,*,#83,.T.);
#169 = ORIENTED_EDGE('',*,*,#170,.T.);
#170 = EDGE_CURVE('',#86,#126,#171,.T.);
#171 = LINE('',#172,#173);
#172 = CARTESIAN_POINT('',(-0.8,-0.2,1.05));
#173 = VECTOR('',#174,1.);
#174 = DIRECTION('',(1.,0.,0.));
#175 = ORIENTED_EDGE('',*,*,#123,.F.);
#176 = PLANE('',#177);
#177 = AXIS2_PLACEMENT_3D('',#178,#179,#180);
#178 = CARTESIAN_POINT('',(-0.8,-0.2,-2.85));
#179 = DIRECTION('',(0.,1.,0.));
#180 = DIRECTION('',(0.,0.,1.));
#181 = ADVANCED_FACE('',(#182),#198,.T.);
#182 = FACE_BOUND('',#183,.T.);
#183 = EDGE_LOOP('',(#184,#190,#191,#197));
#184 = ORIENTED_EDGE('',*,*,#185,.F.);
#185 = EDGE_CURVE('',#94,#134,#186,.T.);
#186 = LINE('',#187,#188);
#187 = CARTESIAN_POINT('',(-0.8,0.2,-2.85));
#188 = VECTOR('',#189,1.);
#189 = DIRECTION('',(1.,0.,0.));
#190 = ORIENTED_EDGE('',*,*,#101,.T.);
#191 = ORIENTED_EDGE('',*,*,#192,.T.);
#192 = EDGE_CURVE('',#102,#142,#193,.T.);
#193 = LINE('',#194,#195);
#194 = CARTESIAN_POINT('',(-0.8,0.2,1.05));
#195 = VECTOR('',#196,1.);
#196 = DIRECTION('',(1.,0.,0.));
#197 = ORIENTED_EDGE('',*,*,#141,.F.);
#198 = PLANE('',#199);
#199 = AXIS2_PLACEMENT_3D('',#200,#201,#202);
#200 = CARTESIAN_POINT('',(-0.8,0.2,-2.85));
#201 = DIRECTION('',(0.,1.,0.));
#202 = DIRECTION('',(0.,0.,1.));
#203 = ADVANCED_FACE('',(#204),#210,.F.);
#204 = FACE_BOUND('',#205,.F.);
#205 = EDGE_LOOP('',(#206,#207,#208,#209));
#206 = ORIENTED_EDGE('',*,*,#93,.F.);
#207 = ORIENTED_EDGE('',*,*,#163,.T.);
#208 = ORIENTED_EDGE('',*,*,#133,.T.);
#209 = ORIENTED_EDGE('',*,*,#185,.F.);
#210 = PLANE('',#211);
#211 = AXIS2_PLACEMENT_3D('',#212,#213,#214);
#212 = CARTESIAN_POINT('',(-0.8,-0.2,-2.85));
#213 = DIRECTION('',(0.,0.,1.));
#214 = DIRECTION('',(1.,0.,0.));
#215 = ADVANCED_FACE('',(#216),#222,.T.);
#216 = FACE_BOUND('',#217,.T.);
#217 = EDGE_LOOP('',(#218,#219,#220,#221));
#218 = ORIENTED_EDGE('',*,*,#109,.F.);
#219 = ORIENTED_EDGE('',*,*,#170,.T.);
#220 = ORIENTED_EDGE('',*,*,#149,.T.);
#221 = ORIENTED_EDGE('',*,*,#192,.F.);
#222 = PLANE('',#223);
#223 = AXIS2_PLACEMENT_3D('',#224,#225,#226);
#224 = CARTESIAN_POINT('',(-0.8,-0.2,1.05));
#225 = DIRECTION('',(0.,0.,1.));
#226 = DIRECTION('',(1.,0.,0.));
#227 = ( GEOMETRIC_REPRESENTATION_CONTEXT(3)
GLOBAL_UNCERTAINTY_ASSIGNED_CONTEXT((#231)) GLOBAL_UNIT_ASSIGNED_CONTEXT
((#228,#229,#230)) REPRESENTATION_CONTEXT('Context #1',
  '3D Context with UNIT and UNCERTAINTY') );
#228 = ( LENGTH_UNIT() NAMED_UNIT(*) SI_UNIT(.MILLI.,.METRE.) );
#229 = ( NAMED_UNIT(*) PLANE_ANGLE_UNIT() SI_UNIT($,.RADIAN.) );
#230 = ( NAMED_UNIT(*) SI_UNIT($,.STERADIAN.) SOLID_ANGLE_UNIT() );
#231 = UNCERTAINTY_MEASURE_WITH_UNIT(LENGTH_MEASURE(1.E-07),#228,
  'distance_accuracy_value','confusion accuracy');
#232 = CONTEXT_DEPENDENT_SHAPE_REPRESENTATION(#233,#235);
#233 = ( REPRESENTATION_RELATIONSHIP('','',#76,#10)
REPRESENTATION_RELATIONSHIP_WITH_TRANSFORMATION(#234)
SHAPE_REPRESENTATION_RELATIONSHIP() );
#234 = ITEM_DEFINED_TRANSFORMATION('','',#11,#15);
#235 = PRODUCT_DEFINITION_SHAPE('Placement','Placement of an item',#236
  );
#236 = NEXT_ASSEMBLY_USAGE_OCCURRENCE('33','pin_1_0','',#5,#71,$);
#237 = PRODUCT_RELATED_PRODUCT_CATEGORY('part',$,(#73));
#238 = SHAPE_DEFINITION_REPRESENTATION(#239,#245);
#239 = PRODUCT_DEFINITION_SHAPE('','',#240);
#240 = PRODUCT_DEFINITION('design','',#241,#244);
#241 = PRODUCT_DEFINITION_FORMATION('','',#242);
#242 = PRODUCT('pin_1_1','pin_1_1','',(#243));
#243 = PRODUCT_CONTEXT('',#2,'mechanical');
#244 = PRODUCT_DEFINITION_CONTEXT('part definition',#2,'design');
#245 = ADVANCED_BREP_SHAPE_REPRESENTATION('',(#11,#246),#396);
#246 = MANIFOLD_SOLID_BREP('',#247);
#247 = CLOSED_SHELL('',(#248,#288,#328,#350,#372,#384));
#248 = ADVANCED_FACE('',(#249),#283,.F.);
#249 = FACE_BOUND('',#250,.F.);
#250 = EDGE_LOOP('',(#251,#261,#269,#277));
#251 = ORIENTED_EDGE('',*,*,#252,.F.);
#252 = EDGE_CURVE('',#253,#255,#257,.T.);
#253 = VERTEX_POINT('',#254);
#254 = CARTESIAN_POINT('',(-0.8,-3.6,-2.85));
#255 = VERTEX_POINT('',#256);
#256 = CARTESIAN_POINT('',(-0.8,-3.6,1.05));
#257 = LINE('',#258,#259);
#258 = CARTESIAN_POINT('',(-0.8,-3.6,-2.85));
#259 = VECTOR('',#260,1.);
#260 = DIRECTION('',(0.,0.,1.));
#261 = ORIENTED_EDGE('',*,*,#262,.T.);
#262 = EDGE_CURVE('',#253,#263,#265,.T.);
#263 = VERTEX_POINT('',#264);
#264 = CARTESIAN_POINT('',(-0.8,-3.2,-2.85));
#265 = LINE('',#266,#267);
#266 = CARTESIAN_POINT('',(-0.8,-3.6,-2.85));
#267 = VECTOR('',#268,1.);
#268 = DIRECTION('',(0.,1.,0.));
#269 = ORIENTED_EDGE('',*,*,#270,.T.);
#270 = EDGE_CURVE('',#263,#271,#273,.T.);
#271 = VERTEX_POINT('',#272);
#272 = CARTESIAN_POINT('',(-0.8,-3.2,1.05));
#273 = LINE('',#274,#275);
#274 = CARTESIAN_POINT('',(-0.8,-3.2,-2.85));
#275 = VECTOR('',#276,1.);
#276 = DIRECTION('',(0.,0.,1.));
#277 = ORIENTED_EDGE('',*,*,#278,.F.);
#278 = EDGE_CURVE('',#255,#271,#279,.T.);
#279 = LINE('',#280,#281);
#280 = CARTESIAN_POINT('',(-0.8,-3.6,1.05));
#281 = VECTOR('',#282,1.);
#282 = DIRECTION('',(0.,1.,0.));
#283 = PLANE('',#284);
#284 = AXIS2_PLACEMENT_3D('',#285,#286,#287);
#285 = CARTESIAN_POINT('',(-0.8,-3.6,-2.85));
#286 = DIRECTION('',(1.,0.,0.));
#287 = DIRECTION('',(0.,0.,1.));
#288 = ADVANCED_FACE('',(#289),#323,.T.);
#289 = FACE_BOUND('',#290,.T.);
#290 = EDGE_LOOP('',(#291,#301,#309,#317));
#291 = ORIENTED_EDGE('',*,*,#292,.F.);
#292 = EDGE_CURVE('',#293,#295,#297,.T.);
#293 = VERTEX_POINT('',#294);
#294 = CARTESIAN_POINT('',(0.8,-3.6,-2.85));
#295 = VERTEX_POINT('',#296);
#296 = CARTESIAN_POINT('',(0.8,-3.6,1.05));
#297 = LINE('',#298,#299);
#298 = CARTESIAN_POINT('',(0.8,-3.6,-2.85));
#299 = VECTOR('',#300,1.);
#300 = DIRECTION('',(0.,0.,1.));
#301 = ORIENTED_EDGE('',*,*,#302,.T.);
#302 = EDGE_CURVE('',#293,#303,#305,.T.);
#303 = VERTEX_POINT('',#304);
#304 = CARTESIAN_POINT('',(0.8,-3.2,-2.85));
#305 = LINE('',#306,#307);
#306 = CARTESIAN_POINT('',(0.8,-3.6,-2.85));
#307 = VECTOR('',#308,1.);
#308 = DIRECTION('',(0.,1.,0.));
#309 = ORIENTED_EDGE('',*,*,#310,.T.);
#310 = EDGE_CURVE('',#303,#311,#313,.T.);
#311 = VERTEX_POINT('',#312);
#312 = CARTESIAN_POINT('',(0.8,-3.2,1.05));
#313 = LINE('',#314,#315);
#314 = CARTESIAN_POINT('',(0.8,-3.2,-2.85));
#315 = VECTOR('',#316,1.);
#316 = DIRECTION('',(0.,0.,1.));
#317 = ORIENTED_EDGE('',*,*,#318,.F.);
#318 = EDGE_CURVE('',#295,#311,#319,.T.);
#319 = LINE('',#320,#321);
#320 = CARTESIAN_POINT('',(0.8,-3.6,1.05));
#321 = VECTOR('',#322,1.);
#322 = DIRECTION('',(0.,1.,0.));
#323 = PLANE('',#324);
#324 = AXIS2_PLACEMENT_3D('',#325,#326,#327);
#325 = CARTESIAN_POINT('',(0.8,-3.6,-2.85));
#326 = DIRECTION('',(1.,0.,0.));
#327 = DIRECTION('',(0.,0.,1.));
#328 = ADVANCED_FACE('',(#329),#345,.F.);
#329 = FACE_BOUND('',#330,.F.);
#330 = EDGE_LOOP('',(#331,#337,#338,#344));
#331 = ORIENTED_EDGE('',*,*,#332,.F.);
#332 = EDGE_CURVE('',#253,#293,#333,.T.);
#333 = LINE('',#334,#335);
#334 = CARTESIAN_POINT('',(-0.8,-3.6,-2.85));
#335 = VECTOR('',#336,1.);
#336 = DIRECTION('',(1.,0.,0.));
#337 = ORIENTED_EDGE('',*,*,#252,.T.);
#338 = ORIENTED_EDGE('',*,*,#339,.T.);
#339 = EDGE_CURVE('',#255,#295,#340,.T.);
#340 = LINE('',#341,#342);
#341 = CARTESIAN_POINT('',(-0.8,-3.6,1.05));
#342 = VECTOR('',#343,1.);
#343 = DIRECTION('',(1.,0.,0.));
#344 = ORIENTED_EDGE('',*,*,#292,.F.);
#345 = PLANE('',#346);
#346 = AXIS2_PLACEMENT_3D('',#347,#348,#349);
#347 = CARTESIAN_POINT('',(-0.8,-3.6,-2.85));
#348 = DIRECTION('',(0.,1.,0.));
#349 = DIRECTION('',(0.,0.,1.));
#350 = ADVANCED_FACE('',(#351),#367,.T.);
#351 = FACE_BOUND('',#352,.T.);
#352 = EDGE_LOOP('',(#353,#359,#360,#366));
#353 = ORIENTED_EDGE('',*,*,#354,.F.);
#354 = EDGE_CURVE('',#263,#303,#355,.T.);
#355 = LINE('',#356,#357);
#356 = CARTESIAN_POINT('',(-0.8,-3.2,-2.85));
#357 = VECTOR('',#358,1.);
#358 = DIRECTION('',(1.,0.,0.));
#359 = ORIENTED_EDGE('',*,*,#270,.T.);
#360 = ORIENTED_EDGE('',*,*,#361,.T.);
#361 = EDGE_CURVE('',#271,#311,#362,.T.);
#362 = LINE('',#363,#364);
#363 = CARTESIAN_POINT('',(-0.8,-3.2,1.05));
#364 = VECTOR('',#365,1.);
#365 = DIRECTION('',(1.,0.,0.));
#366 = ORIENTED_EDGE('',*,*,#310,.F.);
#367 = PLANE('',#368);
#368 = AXIS2_PLACEMENT_3D('',#369,#370,#371);
#369 = CARTESIAN_POINT('',(-0.8,-3.2,-2.85));
#370 = DIRECTION('',(0.,1.,0.));
#371 = DIRECTION('',(0.,0.,1.));
#372 = ADVANCED_FACE('',(#373),#379,.F.);
#373 = FACE_BOUND('',#374,.F.);
#374 = EDGE_LOOP('',(#375,#376,#377,#378));
#375 = ORIENTED_EDGE('',*,*,#262,.F.);
#376 = ORIENTED_EDGE('',*,*,#332,.T.);
#377 = ORIENTED_EDGE('',*,*,#302,.T.);
#378 = ORIENTED_EDGE('',*,*,#354,.F.);
#379 = PLANE('',#380);
#380 = AXIS2_PLACEMENT_3D('',#381,#382,#383);
#381 = CARTESIAN_POINT('',(-0.8,-3.6,-2.85));
#382 = DIRECTION('',(0.,0.,1.));
#383 = DIRECTION('',(1.,0.,0.));
#384 = ADVANCED_FACE('',(#385),#391,.T.);
#385 = FACE_BOUND('',#386,.T.);
#386 = EDGE_LOOP('',(#387,#388,#389,#390));
#387 = ORIENTED_EDGE('',*,*,#278,.F.);
#388 = ORIENTED_EDGE('',*,*,#339,.T.);
#389 = ORIENTED_EDGE('',*,*,#318,.T.);
#390 = ORIENTED_EDGE('',*,*,#361,.F.);
#391 = PLANE('',#392);
#392 = AXIS2_PLACEMENT_3D('',#393,#394,#395);
#393 = CARTESIAN_POINT('',(-0.8,-3.6,1.05));
#394 = DIRECTION('',(0.,0.,1.));
#395 = DIRECTION('',(1.,0.,0.));
#396 = ( GEOMETRIC_REPRESENTATION_CONTEXT(3)
GLOBAL_UNCERTAINTY_ASSIGNED_CONTEXT((#400)) GLOBAL_UNIT_ASSIGNED_CONTEXT
((#397,#398,#399)) REPRESENTATION_CONTEXT('Context #1',
  '3D Context with UNIT and UNCERTAINTY') );
#397 = ( LENGTH_UNIT() NAMED_UNIT(*) SI_UNIT(.MILLI.,.METRE.) );
#398 = ( NAMED_UNIT(*) PLANE_ANGLE_UNIT() SI_UNIT($,.RADIAN.) );
#399 = ( NAMED_UNIT(*) SI_UNIT($,.STERADIAN.) SOLID_ANGLE_UNIT() );
#400 = UNCERTAINTY_MEASURE_WITH_UNIT(LENGTH_MEASURE(1.E-07),#397,
  'distance_accuracy_value','confusion accuracy');
#401 = CONTEXT_DEPENDENT_SHAPE_REPRESENTATION(#402,#404);
#402 = ( REPRESENTATION_RELATIONSHIP('','',#245,#10)
REPRESENTATION_RELATIONSHIP_WITH_TRANSFORMATION(#403)
SHAPE_REPRESENTATION_RELATIONSHIP() );
#403 = ITEM_DEFINED_TRANSFORMATION('','',#11,#19);
#404 = PRODUCT_DEFINITION_SHAPE('Placement','Placement of an item',#405
  );
#405 = NEXT_ASSEMBLY_USAGE_OCCURRENCE('34','pin_1_1','',#5,#240,$);
#406 = PRODUCT_RELATED_PRODUCT_CATEGORY('part',$,(#242));
#407 = SHAPE_DEFINITION_REPRESENTATION(#408,#414);
#408 = PRODUCT_DEFINITION_SHAPE('','',#409);
#409 = PRODUCT_DEFINITION('design','',#410,#413);
#410 = PRODUCT_DEFINITION_FORMATION('','',#411);
#411 = PRODUCT('clip_1_0','clip_1_0','',(#412));
#412 = PRODUCT_CONTEXT('',#2,'mechanical');
#413 = PRODUCT_DEFINITION_CONTEXT('part definition',#2,'design');
#414 = ADVANCED_BREP_SHAPE_REPRESENTATION('',(#11,#415),#565);
#415 = MANIFOLD_SOLID_BREP('',#416);
#416 = CLOSED_SHELL('',(#417,#457,#497,#519,#541,#553));
#417 = ADVANCED_FACE('',(#418),#452,.F.);
#418 = FACE_BOUND('',#419,.F.);
#419 = EDGE_LOOP('',(#420,#430,#438,#446));
#420 = ORIENTED_EDGE('',*,*,#421,.F.);
#421 = EDGE_CURVE('',#422,#424,#426,.T.);
#422 = VERTEX_POINT('',#423);
#423 = CARTESIAN_POINT('',(-1.7,-2.5,1.05));
#424 = VERTEX_POINT('',#425);
#425 = CARTESIAN_POINT('',(-1.7,-2.5,6.75));
#426 = LINE('',#427,#428);
#427 = CARTESIAN_POINT('',(-1.7,-2.5,1.05));
#428 = VECTOR('',#429,1.);
#429 = DIRECTION('',(0.,0.,1.));
#430 = ORIENTED_EDGE('',*,*,#431,.T.);
#431 = EDGE_CURVE('',#422,#432,#434,.T.);
#432 = VERTEX_POINT('',#433);
#433 = CARTESIAN_POINT('',(-1.7,-2.1,1.05));
#434 = LINE('',#435,#436);
#435 = CARTESIAN_POINT('',(-1.7,-2.5,1.05));
#436 = VECTOR('',#437,1.);
#437 = DIRECTION('',(0.,1.,0.));
#438 = ORIENTED_EDGE('',*,*,#439,.T.);
#439 = EDGE_CURVE('',#432,#440,#442,.T.);
#440 = VERTEX_POINT('',#441);
#441 = CARTESIAN_POINT('',(-1.7,-2.1,6.75));
#442 = LINE('',#443,#444);
#443 = CARTESIAN_POINT('',(-1.7,-2.1,1.05));
#444 = VECTOR('',#445,1.);
#445 = DIRECTION('',(0.,0.,1.));
#446 = ORIENTED_EDGE('',*,*,#447,.F.);
#447 = EDGE_CURVE('',#424,#440,#448,.T.);
#448 = LINE('',#449,#450);
#449 = CARTESIAN_POINT('',(-1.7,-2.5,6.75));
#450 = VECTOR('',#451,1.);
#451 = DIRECTION('',(0.,1.,0.));
#452 = PLANE('',#453);
#453 = AXIS2_PLACEMENT_3D('',#454,#455,#456);
#454 = CARTESIAN_POINT('',(-1.7,-2.5,1.05));
#455 = DIRECTION('',(1.,0.,0.));
#456 = DIRECTION('',(0.,0.,1.));
#457 = ADVANCED_FACE('',(#458),#492,.T.);
#458 = FACE_BOUND('',#459,.T.);
#459 = EDGE_LOOP('',(#460,#470,#478,#486));
#460 = ORIENTED_EDGE('',*,*,#461,.F.);
#461 = EDGE_CURVE('',#462,#464,#466,.T.);
#462 = VERTEX_POINT('',#463);
#463 = CARTESIAN_POINT('',(1.7,-2.5,1.05));
#464 = VERTEX_POINT('',#465);
#465 = CARTESIAN_POINT('',(1.7,-2.5,6.75));
#466 = LINE('',#467,#468);
#467 = CARTESIAN_POINT('',(1.7,-2.5,1.05));
#468 = VECTOR('',#469,1.);
#469 = DIRECTION('',(0.,0.,1.));
#470 = ORIENTED_EDGE('',*,*,#471,.T.);
#471 = EDGE_CURVE('',#462,#472,#474,.T.);
#472 = VERTEX_POINT('',#473);
#473 = CARTESIAN_POINT('',(1.7,-2.1,1.05));
#474 = LINE('',#475,#476);
#475 = CARTESIAN_POINT('',(1.7,-2.5,1.05));
#476 = VECTOR('',#477,1.);
#477 = DIRECTION('',(0.,1.,0.));
#478 = ORIENTED_EDGE('',*,*,#479,.T.);
#479 = EDGE_CURVE('',#472,#480,#482,.T.);
#480 = VERTEX_POINT('',#481);
#481 = CARTESIAN_POINT('',(1.7,-2.1,6.75));
#482 = LINE('',#483,#484);
#483 = CARTESIAN_POINT('',(1.7,-2.1,1.05));
#484 = VECTOR('',#485,1.);
#485 = DIRECTION('',(0.,0.,1.));
#486 = ORIENTED_EDGE('',*,*,#487,.F.);
#487 = EDGE_CURVE('',#464,#480,#488,.T.);
#488 = LINE('',#489,#490);
#489 = CARTESIAN_POINT('',(1.7,-2.5,6.75));
#490 = VECTOR('',#491,1.);
#491 = DIRECTION('',(0.,1.,0.));
#492 = PLANE('',#493);
#493 = AXIS2_PLACEMENT_3D('',#494,#495,#496);
#494 = CARTESIAN_POINT('',(1.7,-2.5,1.05));
#495 = DIRECTION('',(1.,0.,0.));
#496 = DIRECTION('',(0.,0.,1.));
#497 = ADVANCED_FACE('',(#498),#514,.F.);
#498 = FACE_BOUND('',#499,.F.);
#499 = EDGE_LOOP('',(#500,#506,#507,#513));
#500 = ORIENTED_EDGE('',*,*,#501,.F.);
#501 = EDGE_CURVE('',#422,#462,#502,.T.);
#502 = LINE('',#503,#504);
#503 = CARTESIAN_POINT('',(-1.7,-2.5,1.05));
#504 = VECTOR('',#505,1.);
#505 = DIRECTION('',(1.,0.,0.));
#506 = ORIENTED_EDGE('',*,*,#421,.T.);
#507 = ORIENTED_EDGE('',*,*,#508,.T.);
#508 = EDGE_CURVE('',#424,#464,#509,.T.);
#509 = LINE('',#510,#511);
#510 = CARTESIAN_POINT('',(-1.7,-2.5,6.75));
#511 = VECTOR('',#512,1.);
#512 = DIRECTION('',(1.,0.,0.));
#513 = ORIENTED_EDGE('',*,*,#461,.F.);
#514 = PLANE('',#515);
#515 = AXIS2_PLACEMENT_3D('',#516,#517,#518);
#516 = CARTESIAN_POINT('',(-1.7,-2.5,1.05));
#517 = DIRECTION('',(0.,1.,0.));
#518 = DIRECTION('',(0.,0.,1.));
#519 = ADVANCED_FACE('',(#520),#536,.T.);
#520 = FACE_BOUND('',#521,.T.);
#521 = EDGE_LOOP('',(#522,#528,#529,#535));
#522 = ORIENTED_EDGE('',*,*,#523,.F.);
#523 = EDGE_CURVE('',#432,#472,#524,.T.);
#524 = LINE('',#525,#526);
#525 = CARTESIAN_POINT('',(-1.7,-2.1,1.05));
#526 = VECTOR('',#527,1.);
#527 = DIRECTION('',(1.,0.,0.));
#528 = ORIENTED_EDGE('',*,*,#439,.T.);
#529 = ORIENTED_EDGE('',*,*,#530,.T.);
#530 = EDGE_CURVE('',#440,#480,#531,.T.);
#531 = LINE('',#532,#533);
#532 = CARTESIAN_POINT('',(-1.7,-2.1,6.75));
#533 = VECTOR('',#534,1.);
#534 = DIRECTION('',(1.,0.,0.));
#535 = ORIENTED_EDGE('',*,*,#479,.F.);
#536 = PLANE('',#537);
#537 = AXIS2_PLACEMENT_3D('',#538,#539,#540);
#538 = CARTESIAN_POINT('',(-1.7,-2.1,1.05));
#539 = DIRECTION('',(0.,1.,0.));
#540 = DIRECTION('',(0.,0.,1.));
#541 = ADVANCED_FACE('',(#542),#548,.F.);
#542 = FACE_BOUND('',#543,.F.);
#543 = EDGE_LOOP('',(#544,#545,#546,#547));
#544 = ORIENTED_EDGE('',*,*,#431,.F.);
#545 = ORIENTED_EDGE('',*,*,#501,.T.);
#546 = ORIENTED_EDGE('',*,*,#471,.T.);
#547 = ORIENTED_EDGE('',*,*,#523,.F.);
#548 = PLANE('',#549);
#549 = AXIS2_PLACEMENT_3D('',#550,#551,#552);
#550 = CARTESIAN_POINT('',(-1.7,-2.5,1.05));
#551 = DIRECTION('',(0.,0.,1.));
#552 = DIRECTION('',(1.,0.,0.));
#553 = ADVANCED_FACE('',(#554),#560,.T.);
#554 = FACE_BOUND('',#555,.T.);
#555 = EDGE_LOOP('',(#556,#557,#558,#559));
#556 = ORIENTED_EDGE('',*,*,#447,.F.);
#557 = ORIENTED_EDGE('',*,*,#508,.T.);
#558 = ORIENTED_EDGE('',*,*,#487,.T.);
#559 = ORIENTED_EDGE('',*,*,#530,.F.);
#560 = PLANE('',#561);
#561 = AXIS2_PLACEMENT_3D('',#562,#563,#564);
#562 = CARTESIAN_POINT('',(-1.7,-2.5,6.75));
#563 = DIRECTION('',(0.,0.,1.));
#564 = DIRECTION('',(1.,0.,0.));
#565 = ( GEOMETRIC_REPRESENTATION_CONTEXT(3)
GLOBAL_UNCERTAINTY_ASSIGNED_CONTEXT((#569)) GLOBAL_UNIT_ASSIGNED_CONTEXT
((#566,#567,#568)) REPRESENTATION_CONTEXT('Context #1',
  '3D Context with UNIT and UNCERTAINTY') );
#566 = ( LENGTH_UNIT() NAMED_UNIT(*) SI_UNIT(.MILLI.,.METRE.) );
#567 = ( NAMED_UNIT(*) PLANE_ANGLE_UNIT() SI_UNIT($,.RADIAN.) );
#568 = ( NAMED_UNIT(*) SI_UNIT($,.STERADIAN.) SOLID_ANGLE_UNIT() );
#569 = UNCERTAINTY_MEASURE_WITH_UNIT(LENGTH_MEASURE(1.E-07),#566,
  'distance_accuracy_value','confusion accuracy');
#570 = CONTEXT_DEPENDENT_SHAPE_REPRESENTATION(#571,#573);
#571 = ( REPRESENTATION_RELATIONSHIP('','',#414,#10)
REPRESENTATION_RELATIONSHIP_WITH_TRANSFORMATION(#572)
SHAPE_REPRESENTATION_RELATIONSHIP() );
#572 = ITEM_DEFINED_TRANSFORMATION('','',#11,#23);
#573 = PRODUCT_DEFINITION_SHAPE('Placement','Placement of an item',#574
  );
#574 = NEXT_ASSEMBLY_USAGE_OCCURRENCE('35','clip_1_0','',#5,#409,$);
#575 = PRODUCT_RELATED_PRODUCT_CATEGORY('part',$,(#411));
#576 = SHAPE_DEFINITION_REPRESENTATION(#577,#583);
#577 = PRODUCT_DEFINITION_SHAPE('','',#578);
#578 = PRODUCT_DEFINITION('design','',#579,#582);
#579 = PRODUCT_DEFINITION_FORMATION('','',#580);
#580 = PRODUCT('clip_1_1','clip_1_1','',(#581));
#581 = PRODUCT_CONTEXT('',#2,'mechanical');
#582 = PRODUCT_DEFINITION_CONTEXT('part definition',#2,'design');
#583 = ADVANCED_BREP_SHAPE_REPRESENTATION('',(#11,#584),#734);
#584 = MANIFOLD_SOLID_BREP('',#585);
#585 = CLOSED_SHELL('',(#586,#626,#666,#688,#710,#722));
#586 = ADVANCED_FACE('',(#587),#621,.F.);
#587 = FACE_BOUND('',#588,.F.);
#588 = EDGE_LOOP('',(#589,#599,#607,#615));
#589 = ORIENTED_EDGE('',*,*,#590,.F.);
#590 = EDGE_CURVE('',#591,#593,#595,.T.);
#591 = VERTEX_POINT('',#592);
#592 = CARTESIAN_POINT('',(-1.7,-1.1,1.05));
#593 = VERTEX_POINT('',#594);
#594 = CARTESIAN_POINT('',(-1.7,-1.1,6.75));
#595 = LINE('',#596,#597);
#596 = CARTESIAN_POINT('',(-1.7,-1.1,1.05));
#597 = VECTOR('',#598,1.);
#598 = DIRECTION('',(0.,0.,1.));
#599 = ORIENTED_EDGE('',*,*,#600,.T.);
#600 = EDGE_CURVE('',#591,#601,#603,.T.);
#601 = VERTEX_POINT('',#602);
#602 = CARTESIAN_POINT('',(-1.7,-0.7,1.05));
#603 = LINE('',#604,#605);
#604 = CARTESIAN_POINT('',(-1.7,-1.1,1.05));
#605 = VECTOR('',#606,1.);
#606 = DIRECTION('',(0.,1.,0.));
#607 = ORIENTED_EDGE('',*,*,#608,.T.);
#608 = EDGE_CURVE('',#601,#609,#611,.T.);
#609 = VERTEX_POINT('',#610);
#610 = CARTESIAN_POINT('',(-1.7,-0.7,6.75));
#611 = LINE('',#612,#613);
#612 = CARTESIAN_POINT('',(-1.7,-0.7,1.05));
#613 = VECTOR('',#614,1.);
#614 = DIRECTION('',(0.,0.,1.));
#615 = ORIENTED_EDGE('',*,*,#616,.F.);
#616 = EDGE_CURVE('',#593,#609,#617,.T.);
#617 = LINE('',#618,#619);
#618 = CARTESIAN_POINT('',(-1.7,-1.1,6.75));
#619 = VECTOR('',#620,1.);
#620 = DIRECTION('',(0.,1.,0.));
#621 = PLANE('',#622);
#622 = AXIS2_PLACEMENT_3D('',#623,#624,#625);
#623 = CARTESIAN_POINT('',(-1.7,-1.1,1.05));
#624 = DIRECTION('',(1.,0.,0.));
#625 = DIRECTION('',(0.,0.,1.));
#626 = ADVANCED_FACE('',(#627),#661,.T.);
#627 = FACE_BOUND('',#628,.T.);
#628 = EDGE_LOOP('',(#629,#639,#647,#655));
#629 = ORIENTED_EDGE('',*,*,#630,.F.);
#630 = EDGE_CURVE('',#631,#633,#635,.T.);
#631 = VERTEX_POINT('',#632);
#632 = CARTESIAN_POINT('',(1.7,-1.1,1.05));
#633 = VERTEX_POINT('',#634);
#634 = CARTESIAN_POINT('',(1.7,-1.1,6.75));
#635 = LINE('',#636,#637);
#636 = CARTESIAN_POINT('',(1.7,-1.1,1.05));
#637 = VECTOR('',#638,1.);
#638 = DIRECTION('',(0.,0.,1.));
#639 = ORIENTED_EDGE('',*,*,#640,.T.);
#640 = EDGE_CURVE('',#631,#641,#643,.T.);
#641 = VERTEX_POINT('',#642);
#642 = CARTESIAN_POINT('',(1.7,-0.7,1.05));
#643 = LINE('',#644,#645);
#644 = CARTESIAN_POINT('',(1.7,-1.1,1.05));
#645 = VECTOR('',#646,1.);
#646 = DIRECTION('',(0.,1.,0.));
#647 = ORIENTED_EDGE('',*,*,#648,.T.);
#648 = EDGE_CURVE('',#641,#649,#651,.T.);
#649 = VERTEX_POINT('',#650);
#650 = CARTESIAN_POINT('',(1.7,-0.7,6.75));
#651 = LINE('',#652,#653);
#652 = CARTESIAN_POINT('',(1.7,-0.7,1.05));
#653 = VECTOR('',#654,1.);
#654 = DIRECTION('',(0.,0.,1.));
#655 = ORIENTED_EDGE('',*,*,#656,.F.);
#656 = EDGE_CURVE('',#633,#649,#657,.T.);
#657 = LINE('',#658,#659);
#658 = CARTESIAN_POINT('',(1.7,-1.1,6.75));
#659 = VECTOR('',#660,1.);
#660 = DIRECTION('',(0.,1.,0.));
#661 = PLANE('',#662);
#662 = AXIS2_PLACEMENT_3D('',#663,#664,#665);
#663 = CARTESIAN_POINT('',(1.7,-1.1,1.05));
#664 = DIRECTION('',(1.,0.,0.));
#665 = DIRECTION('',(0.,0.,1.));
#666 = ADVANCED_FACE('',(#667),#683,.F.);
#667 = FACE_BOUND('',#668,.F.);
#668 = EDGE_LOOP('',(#669,#675,#676,#682));
#669 = ORIENTED_EDGE('',*,*,#670,.F.);
#670 = EDGE_CURVE('',#591,#631,#671,.T.);
#671 = LINE('',#672,#673);
#672 = CARTESIAN_POINT('',(-1.7,-1.1,1.05));
#673 = VECTOR('',#674,1.);
#674 = DIRECTION('',(1.,0.,0.));
#675 = ORIENTED_EDGE('',*,*,#590,.T.);
#676 = ORIENTED_EDGE('',*,*,#677,.T.);
#677 = EDGE_CURVE('',#593,#633,#678,.T.);
#678 = LINE('',#679,#680);
#679 = CARTESIAN_POINT('',(-1.7,-1.1,6.75));
#680 = VECTOR('',#681,1.);
#681 = DIRECTION('',(1.,0.,0.));
#682 = ORIENTED_EDGE('',*,*,#630,.F.);
#683 = PLANE('',#684);
#684 = AXIS2_PLACEMENT_3D('',#685,#686,#687);
#685 = CARTESIAN_POINT('',(-1.7,-1.1,1.05));
#686 = DIRECTION('',(0.,1.,0.));
#687 = DIRECTION('',(0.,0.,1.));
#688 = ADVANCED_FACE('',(#689),#705,.T.);
#689 = FACE_BOUND('',#690,.T.);
#690 = EDGE_LOOP('',(#691,#697,#698,#704));
#691 = ORIENTED_EDGE('',*,*,#692,.F.);
#692 = EDGE_CURVE('',#601,#641,#693,.T.);
#693 = LINE('',#694,#695);
#694 = CARTESIAN_POINT('',(-1.7,-0.7,1.05));
#695 = VECTOR('',#696,1.);
#696 = DIRECTION('',(1.,0.,0.));
#697 = ORIENTED_EDGE('',*,*,#608,.T.);
#698 = ORIENTED_EDGE('',*,*,#699,.T.);
#699 = EDGE_CURVE('',#609,#649,#700,.T.);
#700 = LINE('',#701,#702);
#701 = CARTESIAN_POINT('',(-1.7,-0.7,6.75));
#702 = VECTOR('',#703,1.);
#703 = DIRECTION('',(1.,0.,0.));
#704 = ORIENTED_EDGE('',*,*,#648,.F.);
#705 = PLANE('',#706);
#706 = AXIS2_PLACEMENT_3D('',#707,#708,#709);
#707 = CARTESIAN_POINT('',(-1.7,-0.7,1.05));
#708 = DIRECTION('',(0.,1.,0.));
#709 = DIRECTION('',(0.,0.,1.));
#710 = ADVANCED_FACE('',(#711),#717,.F.);
#711 = FACE_BOUND('',#712,.F.);
#712 = EDGE_LOOP('',(#713,#714,#715,#716));
#713 = ORIENTED_EDGE('',*,*,#600,.F.);
#714 = ORIENTED_EDGE('',*,*,#670,.T.);
#715 = ORIENTED_EDGE('',*,*,#640,.T.);
#716 = ORIENTED_EDGE('',*,*,#692,.F.);
#717 = PLANE('',#718);
#718 = AXIS2_PLACEMENT_3D('',#719,#720,#721);
#719 = CARTESIAN_POINT('',(-1.7,-1.1,1.05));
#720 = DIRECTION('',(0.,0.,1.));
#721 = DIRECTION('',(1.,0.,0.));
#722 = ADVANCED_FACE('',(#723),#729,.T.);
#723 = FACE_BOUND('',#724,.T.);
#724 = EDGE_LOOP('',(#725,#726,#727,#728));
#725 = ORIENTED_EDGE('',*,*,#616,.F.);
#726 = ORIENTED_EDGE('',*,*,#677,.T.);
#727 = ORIENTED_EDGE('',*,*,#656,.T.);
#728 = ORIENTED_EDGE('',*,*,#699,.F.);
#729 = PLANE('',#730);
#730 = AXIS2_PLACEMENT_3D('',#731,#732,#733);
#731 = CARTESIAN_POINT('',(-1.7,-1.1,6.75));
#732 = DIRECTION('',(0.,0.,1.));
#733 = DIRECTION('',(1.,0.,0.));
#734 = ( GEOMETRIC_REPRESENTATION_CONTEXT(3)
GLOBAL_UNCERTAINTY_ASSIGNED_CONTEXT((#738)) GLOBAL_UNIT_ASSIGNED_CONTEXT
((#735,#736,#737)) REPRESENTATION_CONTEXT('Context #1',
  '3D Context with UNIT and UNCERTAINTY') );
#735 = ( LENGTH_UNIT() NAMED_UNIT(*) SI_UNIT(.MILLI.,.METRE.) );
#736 = ( NAMED_UNIT(*) PLANE_ANGLE_UNIT() SI_UNIT($,.RADIAN.) );
#737 = ( NAMED_UNIT(*) SI_UNIT($,.STERADIAN.) SOLID_ANGLE_UNIT() );
#738 = UNCERTAINTY_MEASURE_WITH_UNIT(LENGTH_MEASURE(1.E-07),#735,
  'distance_accuracy_value','confusion accuracy');
#739 = CONTEXT_DEPENDENT_SHAPE_REPRESENTATION(#740,#742);
#740 = ( REPRESENTATION_RELATIONSHIP('','',#583,#10)
REPRESENTATION_RELATIONSHIP_WITH_TRANSFORMATION(#741)
SHAPE_REPRESENTATION_RELATIONSHIP() );
#741 = ITEM_DEFINED_TRANSFORMATION('','',#11,#27);
#742 = PRODUCT_DEFINITION_SHAPE('Placement','Placement of an item',#743
  );
#743 = NEXT_ASSEMBLY_USAGE_OCCURRENCE('36','clip_1_1','',#5,#578,$);
#744 = PRODUCT_RELATED_PRODUCT_CATEGORY('part',$,(#580));
#745 = SHAPE_DEFINITION_REPRESENTATION(#746,#752);
#746 = PRODUCT_DEFINITION_SHAPE('','',#747);
#747 = PRODUCT_DEFINITION('design','',#748,#751);
#748 = PRODUCT_DEFINITION_FORMATION('','',#749);
#749 = PRODUCT('pin_2_0','pin_2_0','',(#750));
#750 = PRODUCT_CONTEXT('',#2,'mechanical');
#751 = PRODUCT_DEFINITION_CONTEXT('part definition',#2,'design');
#752 = ADVANCED_BREP_SHAPE_REPRESENTATION('',(#11,#753),#903);
#753 = MANIFOLD_SOLID_BREP('',#754);
#754 = CLOSED_SHELL('',(#755,#795,#835,#857,#879,#891));
#755 = ADVANCED_FACE('',(#756),#790,.F.);
#756 = FACE_BOUND('',#757,.F.);
#757 = EDGE_LOOP('',(#758,#768,#776,#784));
#758 = ORIENTED_EDGE('',*,*,#759,.F.);
#759 = EDGE_CURVE('',#760,#762,#764,.T.);
#760 = VERTEX_POINT('',#761);
#761 = CARTESIAN_POINT('',(9.,-0.2,-2.85));
#762 = VERTEX_POINT('',#763);
#763 = CARTESIAN_POINT('',(9.,-0.2,1.05));
#764 = LINE('',#765,#766);
#765 = CARTESIAN_POINT('',(9.,-0.2,-2.85));
#766 = VECTOR('',#767,1.);
#767 = DIRECTION('',(0.,0.,1.));
#768 = ORIENTED_EDGE('',*,*,#769,.T.);
#769 = EDGE_CURVE('',#760,#770,#772,.T.);
#770 = VERTEX_POINT('',#771);
#771 = CARTESIAN_POINT('',(9.,0.2,-2.85));
#772 = LINE('',#773,#774);
#773 = CARTESIAN_POINT('',(9.,-0.2,-2.85));
#774 = VECTOR('',#775,1.);
#775 = DIRECTION('',(0.,1.,0.));
#776 = ORIENTED_EDGE('',*,*,#777,.T.);
#777 = EDGE_CURVE('',#770,#778,#780,.T.);
#778 = VERTEX_POINT('',#779);
#779 = CARTESIAN_POINT('',(9.,0.2,1.05));
#780 = LINE('',#781,#782);
#781 = CARTESIAN_POINT('',(9.,0.2,-2.85));
#782 = VECTOR('',#783,1.);
#783 = DIRECTION('',(0.,0.,1.));
#784 = ORIENTED_EDGE('',*,*,#785,.F.);
#785 = EDGE_CURVE('',#762,#778,#786,.T.);
#786 = LINE('',#787,#788);
#787 = CARTESIAN_POINT('',(9.,-0.2,1.05));
#788 = VECTOR('',#789,1.);
#789 = DIRECTION('',(0.,1.,0.));
#790 = PLANE('',#791);
#791 = AXIS2_PLACEMENT_3D('',#792,#793,#794);
#792 = CARTESIAN_POINT('',(9.,-0.2,-2.85));
#793 = DIRECTION('',(1.,0.,0.));
#794 = DIRECTION('',(0.,0.,1.));
#795 = ADVANCED_FACE('',(#796),#830,.T.);
#796 = FACE_BOUND('',#797,.T.);
#797 = EDGE_LOOP('',(#798,#808,#816,#824));
#798 = ORIENTED_EDGE('',*,*,#799,.F.);
#799 = EDGE_CURVE('',#800,#802,#804,.T.);
#800 = VERTEX_POINT('',#801);
#801 = CARTESIAN_POINT('',(10.6,-0.2,-2.85));
#802 = VERTEX_POINT('',#803);
#803 = CARTESIAN_POINT('',(10.6,-0.2,1.05));
#804 = LINE('',#805,#806);
#805 = CARTESIAN_POINT('',(10.6,-0.2,-2.85));
#806 = VECTOR('',#807,1.);
#807 = DIRECTION('',(0.,0.,1.));
#808 = ORIENTED_EDGE('',*,*,#809,.T.);
#809 = EDGE_CURVE('',#800,#810,#812,.T.);
#810 = VERTEX_POINT('',#811);
#811 = CARTESIAN_POINT('',(10.6,0.2,-2.85));
#812 = LINE('',#813,#814);
#813 = CARTESIAN_POINT('',(10.6,-0.2,-2.85));
#814 = VECTOR('',#815,1.);
#815 = DIRECTION('',(0.,1.,0.));
#816 = ORIENTED_EDGE('',*,*,#817,.T.);
#817 = EDGE_CURVE('',#810,#818,#820,.T.);
#818 = VERTEX_POINT('',#819);
#819 = CARTESIAN_POINT('',(10.6,0.2,1.05));
#820 = LINE('',#821,#822);
#821 = CARTESIAN_POINT('',(10.6,0.2,-2.85));
#822 = VECTOR('',#823,1.);
#823 = DIRECTION('',(0.,0.,1.));
#824 = ORIENTED_EDGE('',*,*,#825,.F.);
#825 = EDGE_CURVE('',#802,#818,#826,.T.);
#826 = LINE('',#827,#828);
#827 = CARTESIAN_POINT('',(10.6,-0.2,1.05));
#828 = VECTOR('',#829,1.);
#829 = DIRECTION('',(0.,1.,0.));
#830 = PLANE('',#831);
#831 = AXIS2_PLACEMENT_3D('',#832,#833,#834);
#832 = CARTESIAN_POINT('',(10.6,-0.2,-2.85));
#833 = DIRECTION('',(1.,0.,0.));
#834 = DIRECTION('',(0.,0.,1.));
#835 = ADVANCED_FACE('',(#836),#852,.F.);
#836 = FACE_BOUND('',#837,.F.);
#837 = EDGE_LOOP('',(#838,#844,#845,#851));
#838 = ORIENTED_EDGE('',*,*,#839,.F.);
#839 = EDGE_CURVE('',#760,#800,#840,.T.);
#840 = LINE('',#841,#842);
#841 = CARTESIAN_POINT('',(9.,-0.2,-2.85));
#842 = VECTOR('',#843,1.);
#843 = DIRECTION('',(1.,0.,0.));
#844 = ORIENTED_EDGE('',*,*,#759,.T.);
#845 = ORIENTED_EDGE('',*,*,#846,.T.);
#846 = EDGE_CURVE('',#762,#802,#847,.T.);
#847 = LINE('',#848,#849);
#848 = CARTESIAN_POINT('',(9.,-0.2,1.05));
#849 = VECTOR('',#850,1.);
#850 = DIRECTION('',(1.,0.,0.));
#851 = ORIENTED_EDGE('',*,*,#799,.F.);
#852 = PLANE('',#853);
#853 = AXIS2_PLACEMENT_3D('',#854,#855,#856);
#854 = CARTESIAN_POINT('',(9.,-0.2,-2.85));
#855 = DIRECTION('',(0.,1.,0.));
#856 = DIRECTION('',(0.,0.,1.));
#857 = ADVANCED_FACE('',(#858),#874,.T.);
#858 = FACE_BOUND('',#859,.T.);
#859 = EDGE_LOOP('',(#860,#866,#867,#873));
#860 = ORIENTED_EDGE('',*,*,#861,.F.);
#861 = EDGE_CURVE('',#770,#810,#862,.T.);
#862 = LINE('',#863,#864);
#863 = CARTESIAN_POINT('',(9.,0.2,-2.85));
#864 = VECTOR('',#865,1.);
#865 = DIRECTION('',(1.,0.,0.));
#866 = ORIENTED_EDGE('',*,*,#777,.T.);
#867 = ORIENTED_EDGE('',*,*,#868,.T.);
#868 = EDGE_CURVE('',#778,#818,#869,.T.);
#869 = LINE('',#870,#871);
#870 = CARTESIAN_POINT('',(9.,0.2,1.05));
#871 = VECTOR('',#872,1.);
#872 = DIRECTION('',(1.,0.,0.));
#873 = ORIENTED_EDGE('',*,*,#817,.F.);
#874 = PLANE('',#875);
#875 = AXIS2_PLACEMENT_3D('',#876,#877,#878);
#876 = CARTESIAN_POINT('',(9.,0.2,-2.85));
#877 = DIRECTION('',(0.,1.,0.));
#878 = DIRECTION('',(0.,0.,1.));
#879 = ADVANCED_FACE('',(#880),#886,.F.);
#880 = FACE_BOUND('',#881,.F.);
#881 = EDGE_LOOP('',(#882,#883,#884,#885));
#882 = ORIENTED_EDGE('',*,*,#769,.F.);
#883 = ORIENTED_EDGE('',*,*,#839,.T.);
#884 = ORIENTED_EDGE('',*,*,#809,.T.);
#885 = ORIENTED_EDGE('',*,*,#861,.F.);
#886 = PLANE('',#887);
#887 = AXIS2_PLACEMENT_3D('',#888,#889,#890);
#888 = CARTESIAN_POINT('',(9.,-0.2,-2.85));
#889 = DIRECTION('',(0.,0.,1.));
#890 = DIRECTION('',(1.,0.,0.));
#891 = ADVANCED_FACE('',(#892),#898,.T.);
#892 = FACE_BOUND('',#893,.T.);
#893 = EDGE_LOOP('',(#894,#895,#896,#897));
#894 = ORIENTED_EDGE('',*,*,#785,.F.);
#895 = ORIENTED_EDGE('',*,*,#846,.T.);
#896 = ORIENTED_EDGE('',*,*,#825,.T.);
#897 = ORIENTED_EDGE('',*,*,#868,.F.);
#898 = PLANE('',#899);
#899 = AXIS2_PLACEMENT_3D('',#900,#901,#902);
#900 = CARTESIAN_POINT('',(9.,-0.2,1.05));
#901 = DIRECTION('',(0.,0.,1.));
#902 = DIRECTION('',(1.,0.,0.));
#903 = ( GEOMETRIC_REPRESENTATION_CONTEXT(3)
GLOBAL_UNCERTAINTY_ASSIGNED_CONTEXT((#907)) GLOBAL_UNIT_ASSIGNED_CONTEXT
((#904,#905,#906)) REPRESENTATION_CONTEXT('Context #1',
  '3D Context with UNIT and UNCERTAINTY') );
#904 = ( LENGTH_UNIT() NAMED_UNIT(*) SI_UNIT(.MILLI.,.METRE.) );
#905 = ( NAMED_UNIT(*) PLANE_ANGLE_UNIT() SI_UNIT($,.RADIAN.) );
#906 = ( NAMED_UNIT(*) SI_UNIT($,.STERADIAN.) SOLID_ANGLE_UNIT() );
#907 = UNCERTAINTY_MEASURE_WITH_UNIT(LENGTH_MEASURE(1.E-07),#904,
  'distance_accuracy_value','confusion accuracy');
#908 = CONTEXT_DEPENDENT_SHAPE_REPRESENTATION(#909,#911);
#909 = ( REPRESENTATION_RELATIONSHIP('','',#752,#10)
REPRESENTATION_RELATIONSHIP_WITH_TRANSFORMATION(#910)
SHAPE_REPRESENTATION_RELATIONSHIP() );
#910 = ITEM_DEFINED_TRANSFORMATION('','',#11,#31);
#911 = PRODUCT_DEFINITION_SHAPE('Placement','Placement of an item',#912
  );
#912 = NEXT_ASSEMBLY_USAGE_OCCURRENCE('37','pin_2_0','',#5,#747,$);
#913 = PRODUCT_RELATED_PRODUCT_CATEGORY('part',$,(#749));
#914 = SHAPE_DEFINITION_REPRESENTATION(#915,#921);
#915 = PRODUCT_DEFINITION_SHAPE('','',#916);
#916 = PRODUCT_DEFINITION('design','',#917,#920);
#917 = PRODUCT_DEFINITION_FORMATION('','',#918);
#918 = PRODUCT('pin_2_1','pin_2_1','',(#919));
#919 = PRODUCT_CONTEXT('',#2,'mechanical');
#920 = PRODUCT_DEFINITION_CONTEXT('part definition',#2,'design');
#921 = ADVANCED_BREP_SHAPE_REPRESENTATION('',(#11,#922),#1072);
#922 = MANIFOLD_SOLID_BREP('',#923);
#923 = CLOSED_SHELL('',(#924,#964,#1004,#1026,#1048,#1060));
#924 = ADVANCED_FACE('',(#925),#959,.F.);
#925 = FACE_BOUND('',#926,.F.);
#926 = EDGE_LOOP('',(#927,#937,#945,#953));
#927 = ORIENTED_EDGE('',*,*,#928,.F.);
#928 = EDGE_CURVE('',#929,#931,#933,.T.);
#929 = VERTEX_POINT('',#930);
#930 = CARTESIAN_POINT('',(9.,-3.6,-2.85));
#931 = VERTEX_POINT('',#932);
#932 = CARTESIAN_POINT('',(9.,-3.6,1.05));
#933 = LINE('',#934,#935);
#934 = CARTESIAN_POINT('',(9.,-3.6,-2.85));
#935 = VECTOR('',#936,1.);
#936 = DIRECTION('',(0.,0.,1.));
#937 = ORIENTED_EDGE('',*,*,#938,.T.);
#938 = EDGE_CURVE('',#929,#939,#941,.T.);
#939 = VERTEX_POINT('',#940);
#940 = CARTESIAN_POINT('',(9.,-3.2,-2.85));
#941 = LINE('',#942,#943);
#942 = CARTESIAN_POINT('',(9.,-3.6,-2.85));
#943 = VECTOR('',#944,1.);
#944 = DIRECTION('',(0.,1.,0.));
#945 = ORIENTED_EDGE('',*,*,#946,.T.);
#946 = EDGE_CURVE('',#939,#947,#949,.T.);
#947 = VERTEX_POINT('',#948);
#948 = CARTESIAN_POINT('',(9.,-3.2,1.05));
#949 = LINE('',#950,#951);
#950 = CARTESIAN_POINT('',(9.,-3.2,-2.85));
#951 = VECTOR('',#952,1.);
#952 = DIRECTION('',(0.,0.,1.));
#953 = ORIENTED_EDGE('',*,*,#954,.F.);
#954 = EDGE_CURVE('',#931,#947,#955,.T.);
#955 = LINE('',#956,#957);
#956 = CARTESIAN_POINT('',(9.,-3.6,1.05));
#957 = VECTOR('',#958,1.);
#958 = DIRECTION('',(0.,1.,0.));
#959 = PLANE('',#960);
#960 = AXIS2_PLACEMENT_3D('',#961,#962,#963);
#961 = CARTESIAN_POINT('',(9.,-3.6,-2.85));
#962 = DIRECTION('',(1.,0.,0.));
#963 = DIRECTION('',(0.,0.,1.));
#964 = ADVANCED_FACE('',(#965),#999,.T.);
#965 = FACE_BOUND('',#966,.T.);
#966 = EDGE_LOOP('',(#967,#977,#985,#993));
#967 = ORIENTED_EDGE('',*,*,#968,.F.);
#968 = EDGE_CURVE('',#969,#971,#973,.T.);
#969 = VERTEX_POINT('',#970);
#970 = CARTESIAN_POINT('',(10.6,-3.6,-2.85));
#971 = VERTEX_POINT('',#972);
#972 = CARTESIAN_POINT('',(10.6,-3.6,1.05));
#973 = LINE('',#974,#975);
#974 = CARTESIAN_POINT('',(10.6,-3.6,-2.85));
#975 = VECTOR('',#976,1.);
#976 = DIRECTION('',(0.,0.,1.));
#977 = ORIENTED_EDGE('',*,*,#978,.T.);
#978 = EDGE_CURVE('',#969,#979,#981,.T.);
#979 = VERTEX_POINT('',#980);
#980 = CARTESIAN_POINT('',(10.6,-3.2,-2.85));
#981 = LINE('',#982,#983);
#982 = CARTESIAN_POINT('',(10.6,-3.6,-2.85));
#983 = VECTOR('',#984,1.);
#984 = DIRECTION('',(0.,1.,0.));
#985 = ORIENTED_EDGE('',*,*,#986,.T.);
#986 = EDGE_CURVE('',#979,#987,#989,.T.);
#987 = VERTEX_POINT('',#988);
#988 = CARTESIAN_POINT('',(10.6,-3.2,1.05));
#989 = LINE('',#990,#991);
#990 = CARTESIAN_POINT('',(10.6,-3.2,-2.85));
#991 = VECTOR('',#992,1.);
#992 = DIRECTION('',(0.,0.,1.));
#993 = ORIENTED_EDGE('',*,*,#994,.F.);
#994 = EDGE_CURVE('',#971,#987,#995,.T.);
#995 = LINE('',#996,#997);
#996 = CARTESIAN_POINT('',(10.6,-3.6,1.05));
#997 = VECTOR('',#998,1.);
#998 = DIRECTION('',(0.,1.,0.));
#999 = PLANE('',#1000);
#1000 = AXIS2_PLACEMENT_3D('',#1001,#1002,#1003);
#1001 = CARTESIAN_POINT('',(10.6,-3.6,-2.85));
#1002 = DIRECTION('',(1.,0.,0.));
#1003 = DIRECTION('',(0.,0.,1.));
#1004 = ADVANCED_FACE('',(#1005),#1021,.F.);
#1005 = FACE_BOUND('',#1006,.F.);
#1006 = EDGE_LOOP('',(#1007,#1013,#1014,#1020));
#1007 = ORIENTED_EDGE('',*,*,#1008,.F.);
#1008 = EDGE_CURVE('',#929,#969,#1009,.T.);
#1009 = LINE('',#1010,#1011);
#1010 = CARTESIAN_POINT('',(9.,-3.6,-2.85));
#1011 = VECTOR('',#1012,1.);
#1012 = DIRECTION('',(1.,0.,0.));
#1013 = ORIENTED_EDGE('',*,*,#928,.T.);
#1014 = ORIENTED_EDGE('',*,*,#1015,.T.);
#1015 = EDGE_CURVE('',#931,#971,#1016,.T.);
#1016 = LINE('',#1017,#1018);
#1017 = CARTESIAN_POINT('',(9.,-3.6,1.05));
#1018 = VECTOR('',#1019,1.);
#1019 = DIRECTION('',(1.,0.,0.));
#1020 = ORIENTED_EDGE('',*,*,#968,.F.);
#1021 = PLANE('',#1022);
#1022 = AXIS2_PLACEMENT_3D('',#1023,#1024,#1025);
#1023 = CARTESIAN_POINT('',(9.,-3.6,-2.85));
#1024 = DIRECTION('',(0.,1.,0.));
#1025 = DIRECTION('',(0.,0.,1.));
#1026 = ADVANCED_FACE('',(#1027),#1043,.T.);
#1027 = FACE_BOUND('',#1028,.T.);
#1028 = EDGE_LOOP('',(#1029,#1035,#1036,#1042));
#1029 = ORIENTED_EDGE('',*,*,#1030,.F.);
#1030 = EDGE_CURVE('',#939,#979,#1031,.T.);
#1031 = LINE('',#1032,#1033);
#1032 = CARTESIAN_POINT('',(9.,-3.2,-2.85));
#1033 = VECTOR('',#1034,1.);
#1034 = DIRECTION('',(1.,0.,0.));
#1035 = ORIENTED_EDGE('',*,*,#946,.T.);
#1036 = ORIENTED_EDGE('',*,*,#1037,.T.);
#1037 = EDGE_CURVE('',#947,#987,#1038,.T.);
#1038 = LINE('',#1039,#1040);
#1039 = CARTESIAN_POINT('',(9.,-3.2,1.05));
#1040 = VECTOR('',#1041,1.);
#1041 = DIRECTION('',(1.,0.,0.));
#1042 = ORIENTED_EDGE('',*,*,#986,.F.);
#1043 = PLANE('',#1044);
#1044 = AXIS2_PLACEMENT_3D('',#1045,#1046,#1047);
#1045 = CARTESIAN_POINT('',(9.,-3.2,-2.85));
#1046 = DIRECTION('',(0.,1.,0.));
#1047 = DIRECTION('',(0.,0.,1.));
#1048 = ADVANCED_FACE('',(#1049),#1055,.F.);
#1049 = FACE_BOUND('',#1050,.F.);
#1050 = EDGE_LOOP('',(#1051,#1052,#1053,#1054));
#1051 = ORIENTED_EDGE('',*,*,#938,.F.);
#1052 = ORIENTED_EDGE('',*,*,#1008,.T.);
#1053 = ORIENTED_EDGE('',*,*,#978,.T.);
#1054 = ORIENTED_EDGE('',*,*,#1030,.F.);
#1055 = PLANE('',#1056);
#1056 = AXIS2_PLACEMENT_3D('',#1057,#1058,#1059);
#1057 = CARTESIAN_POINT('',(9.,-3.6,-2.85));
#1058 = DIRECTION('',(0.,0.,1.));
#1059 = DIRECTION('',(1.,0.,0.));
#1060 = ADVANCED_FACE('',(#1061),#1067,.T.);
#1061 = FACE_BOUND('',#1062,.T.);
#1062 = EDGE_LOOP('',(#1063,#1064,#1065,#1066));
#1063 = ORIENTED_EDGE('',*,*,#954,.F.);
#1064 = ORIENTED_EDGE('',*,*,#1015,.T.);
#1065 = ORIENTED_EDGE('',*,*,#994,.T.);
#1066 = ORIENTED_EDGE('',*,*,#1037,.F.);
#1067 = PLANE('',#1068);
#1068 = AXIS2_PLACEMENT_3D('',#1069,#1070,#1071);
#1069 = CARTESIAN_POINT('',(9.,-3.6,1.05));
#1070 = DIRECTION('',(0.,0.,1.));
#1071 = DIRECTION('',(1.,0.,0.));
#1072 = ( GEOMETRIC_REPRESENTATION_CONTEXT(3)
GLOBAL_UNCERTAINTY_ASSIGNED_CONTEXT((#1076))
GLOBAL_UNIT_ASSIGNED_CONTEXT((#1073,#1074,#1075)) REPRESENTATION_CONTEXT
('Context #1','3D Context with UNIT and UNCERTAINTY') );
#1073 = ( LENGTH_UNIT() NAMED_UNIT(*) SI_UNIT(.MILLI.,.METRE.) );
#1074 = ( NAMED_UNIT(*) PLANE_ANGLE_UNIT() SI_UNIT($,.RADIAN.) );
#1075 = ( NAMED_UNIT(*) SI_UNIT($,.STERADIAN.) SOLID_ANGLE_UNIT() );
#1076 = UNCERTAINTY_MEASURE_WITH_UNIT(LENGTH_MEASURE(1.E-07),#1073,
  'distance_accuracy_value','confusion accuracy');
#1077 = CONTEXT_DEPENDENT_SHAPE_REPRESENTATION(#1078,#1080);
#1078 = ( REPRESENTATION_RELATIONSHIP('','',#921,#10)
REPRESENTATION_RELATIONSHIP_WITH_TRANSFORMATION(#1079)
SHAPE_REPRESENTATION_RELATIONSHIP() );
#1079 = ITEM_DEFINED_TRANSFORMATION('','',#11,#35);
#1080 = PRODUCT_DEFINITION_SHAPE('Placement','Placement of an item',
  #1081);
#1081 = NEXT_ASSEMBLY_USAGE_OCCURRENCE('38','pin_2_1','',#5,#916,$);
#1082 = PRODUCT_RELATED_PRODUCT_CATEGORY('part',$,(#918));
#1083 = SHAPE_DEFINITION_REPRESENTATION(#1084,#1090);
#1084 = PRODUCT_DEFINITION_SHAPE('','',#1085);
#1085 = PRODUCT_DEFINITION('design','',#1086,#1089);
#1086 = PRODUCT_DEFINITION_FORMATION('','',#1087);
#1087 = PRODUCT('clip_2_0','clip_2_0','',(#1088));
#1088 = PRODUCT_CONTEXT('',#2,'mechanical');
#1089 = PRODUCT_DEFINITION_CONTEXT('part definition',#2,'design');
#1090 = ADVANCED_BREP_SHAPE_REPRESENTATION('',(#11,#1091),#1241);
#1091 = MANIFOLD_SOLID_BREP('',#1092);
#1092 = CLOSED_SHELL('',(#1093,#1133,#1173,#1195,#1217,#1229));
#1093 = ADVANCED_FACE('',(#1094),#1128,.F.);
#1094 = FACE_BOUND('',#1095,.F.);
#1095 = EDGE_LOOP('',(#1096,#1106,#1114,#1122));
#1096 = ORIENTED_EDGE('',*,*,#1097,.F.);
#1097 = EDGE_CURVE('',#1098,#1100,#1102,.T.);
#1098 = VERTEX_POINT('',#1099);
#1099 = CARTESIAN_POINT('',(8.1,-2.5,1.05));
#1100 = VERTEX_POINT('',#1101);
#1101 = CARTESIAN_POINT('',(8.1,-2.5,6.75));
#1102 = LINE('',#1103,#1104);
#1103 = CARTESIAN_POINT('',(8.1,-2.5,1.05));
#1104 = VECTOR('',#1105,1.);
#1105 = DIRECTION('',(0.,0.,1.));
#1106 = ORIENTED_EDGE('',*,*,#1107,.T.);
#1107 = EDGE_CURVE('',#1098,#1108,#1110,.T.);
#1108 = VERTEX_POINT('',#1109);
#1109 = CARTESIAN_POINT('',(8.1,-2.1,1.05));
#1110 = LINE('',#1111,#1112);
#1111 = CARTESIAN_POINT('',(8.1,-2.5,1.05));
#1112 = VECTOR('',#1113,1.);
#1113 = DIRECTION('',(0.,1.,0.));
#1114 = ORIENTED_EDGE('',*,*,#1115,.T.);
#1115 = EDGE_CURVE('',#1108,#1116,#1118,.T.);
#1116 = VERTEX_POINT('',#1117);
#1117 = CARTESIAN_POINT('',(8.1,-2.1,6.75));
#1118 = LINE('',#1119,#1120);
#1119 = CARTESIAN_POINT('',(8.1,-2.1,1.05));
#1120 = VECTOR('',#1121,1.);
#1121 = DIRECTION('',(0.,0.,1.));
#1122 = ORIENTED_EDGE('',*,*,#1123,.F.);
#1123 = EDGE_CURVE('',#1100,#1116,#1124,.T.);
#1124 = LINE('',#1125,#1126);
#1125 = CARTESIAN_POINT('',(8.1,-2.5,6.75));
#1126 = VECTOR('',#1127,1.);
#1127 = DIRECTION('',(0.,1.,0.));
#1128 = PLANE('',#1129);
#1129 = AXIS2_PLACEMENT_3D('',#1130,#1131,#1132);
#1130 = CARTESIAN_POINT('',(8.1,-2.5,1.05));
#1131 = DIRECTION('',(1.,0.,0.));
#1132 = DIRECTION('',(0.,0.,1.));
#1133 = ADVANCED_FACE('',(#1134),#1168,.T.);
#1134 = FACE_BOUND('',#1135,.T.);
#1135 = EDGE_LOOP('',(#1136,#1146,#1154,#1162));
#1136 = ORIENTED_EDGE('',*,*,#1137,.F.);
#1137 = EDGE_CURVE('',#1138,#1140,#1142,.T.);
#1138 = VERTEX_POINT('',#1139);
#1139 = CARTESIAN_POINT('',(11.5,-2.5,1.05));
#1140 = VERTEX_POINT('',#1141);
#1141 = CARTESIAN_POINT('',(11.5,-2.5,6.75));
#1142 = LINE('',#1143,#1144);
#1143 = CARTESIAN_POINT('',(11.5,-2.5,1.05));
#1144 = VECTOR('',#1145,1.);
#1145 = DIRECTION('',(0.,0.,1.));
#1146 = ORIENTED_EDGE('',*,*,#1147,.T.);
#1147 = EDGE_CURVE('',#1138,#1148,#1150,.T.);
#1148 = VERTEX_POINT('',#1149);
#1149 = CARTESIAN_POINT('',(11.5,-2.1,1.05));
#1150 = LINE('',#1151,#1152);
#1151 = CARTESIAN_POINT('',(11.5,-2.5,1.05));
#1152 = VECTOR('',#1153,1.);
#1153 = DIRECTION('',(0.,1.,0.));
#1154 = ORIENTED_EDGE('',*,*,#1155,.T.);
#1155 = EDGE_CURVE('',#1148,#1156,#1158,.T.);
#1156 = VERTEX_POINT('',#1157);
#1157 = CARTESIAN_POINT('',(11.5,-2.1,6.75));
#1158 = LINE('',#1159,#1160);
#1159 = CARTESIAN_POINT('',(11.5,-2.1,1.05));
#1160 = VECTOR('',#1161,1.);
#1161 = DIRECTION('',(0.,0.,1.));
#1162 = ORIENTED_EDGE('',*,*,#1163,.F.);
#1163 = EDGE_CURVE('',#1140,#1156,#1164,.T.);
#1164 = LINE('',#1165,#1166);
#1165 = CARTESIAN_POINT('',(11.5,-2.5,6.75));
#1166 = VECTOR('',#1167,1.);
#1167 = DIRECTION('',(0.,1.,0.));
#1168 = PLANE('',#1169);
#1169 = AXIS2_PLACEMENT_3D('',#1170,#1171,#1172);
#1170 = CARTESIAN_POINT('',(11.5,-2.5,1.05));
#1171 = DIRECTION('',(1.,0.,0.));
#1172 = DIRECTION('',(0.,0.,1.));
#1173 = ADVANCED_FACE('',(#1174),#1190,.F.);
#1174 = FACE_BOUND('',#1175,.F.);
#1175 = EDGE_LOOP('',(#1176,#1182,#1183,#1189));
#1176 = ORIENTED_EDGE('',*,*,#1177,.F.);
#1177 = EDGE_CURVE('',#1098,#1138,#1178,.T.);
#1178 = LINE('',#1179,#1180);
#1179 = CARTESIAN_POINT('',(8.1,-2.5,1.05));
#1180 = VECTOR('',#1181,1.);
#1181 = DIRECTION('',(1.,0.,0.));
#1182 = ORIENTED_EDGE('',*,*,#1097,.T.);
#1183 = ORIENTED_EDGE('',*,*,#1184,.T.);
#1184 = EDGE_CURVE('',#1100,#1140,#1185,.T.);
#1185 = LINE('',#1186,#1187);
#1186 = CARTESIAN_POINT('',(8.1,-2.5,6.75));
#1187 = VECTOR('',#1188,1.);
#1188 = DIRECTION('',(1.,0.,0.));
#1189 = ORIENTED_EDGE('',*,*,#1137,.F.);
#1190 = PLANE('',#1191);
#1191 = AXIS2_PLACEMENT_3D('',#1192,#1193,#1194);
#1192 = CARTESIAN_POINT('',(8.1,-2.5,1.05));
#1193 = DIRECTION('',(0.,1.,0.));
#1194 = DIRECTION('',(0.,0.,1.));
#1195 = ADVANCED_FACE('',(#1196),#1212,.T.);
#1196 = FACE_BOUND('',#1197,.T.);
#1197 = EDGE_LOOP('',(#1198,#1204,#1205,#1211));
#1198 = ORIENTED_EDGE('',*,*,#1199,.F.);
#1199 = EDGE_CURVE('',#1108,#1148,#1200,.T.);
#1200 = LINE('',#1201,#1202);
#1201 = CARTESIAN_POINT('',(8.1,-2.1,1.05));
#1202 = VECTOR('',#1203,1.);
#1203 = DIRECTION('',(1.,0.,0.));
#1204 = ORIENTED_EDGE('',*,*,#1115,.T.);
#1205 = ORIENTED_EDGE('',*,*,#1206,.T.);
#1206 = EDGE_CURVE('',#1116,#1156,#1207,.T.);
#1207 = LINE('',#1208,#1209);
#1208 = CARTESIAN_POINT('',(8.1,-2.1,6.75));
#1209 = VECTOR('',#1210,1.);
#1210 = DIRECTION('',(1.,0.,0.));
#1211 = ORIENTED_EDGE('',*,*,#1155,.F.);
#1212 = PLANE('',#1213);
#1213 = AXIS2_PLACEMENT_3D('',#1214,#1215,#1216);
#1214 = CARTESIAN_POINT('',(8.1,-2.1,1.05));
#1215 = DIRECTION('',(0.,1.,0.));
#1216 = DIRECTION('',(0.,0.,1.));
#1217 = ADVANCED_FACE('',(#1218),#1224,.F.);
#1218 = FACE_BOUND('',#1219,.F.);
#1219 = EDGE_LOOP('',(#1220,#1221,#1222,#1223));
#1220 = ORIENTED_EDGE('',*,*,#1107,.F.);
#1221 = ORIENTED_EDGE('',*,*,#1177,.T.);
#1222 = ORIENTED_EDGE('',*,*,#1147,.T.);
#1223 = ORIENTED_EDGE('',*,*,#1199,.F.);
#1224 = PLANE('',#1225);
#1225 = AXIS2_PLACEMENT_3D('',#1226,#1227,#1228);
#1226 = CARTESIAN_POINT('',(8.1,-2.5,1.05));
#1227 = DIRECTION('',(0.,0.,1.));
#1228 = DIRECTION('',(1.,0.,0.));
#1229 = ADVANCED_FACE('',(#1230),#1236,.T.);
#1230 = FACE_BOUND('',#1231,.T.);
#1231 = EDGE_LOOP('',(#1232,#1233,#1234,#1235));
#1232 = ORIENTED_EDGE('',*,*,#1123,.F.);
#1233 = ORIENTED_EDGE('',*,*,#1184,.T.);
#1234 = ORIENTED_EDGE('',*,*,#1163,.T.);
#1235 = ORIENTED_EDGE('',*,*,#1206,.F.);
#1236 = PLANE('',#1237);
#1237 = AXIS2_PLACEMENT_3D('',#1238,#1239,#1240);
#1238 = CARTESIAN_POINT('',(8.1,-2.5,6.75));
#1239 = DIRECTION('',(0.,0.,1.));
#1240 = DIRECTION('',(1.,0.,0.));
#1241 = ( GEOMETRIC_REPRESENTATION_CONTEXT(3)
GLOBAL_UNCERTAINTY_ASSIGNED_CONTEXT((#1245))
GLOBAL_UNIT_ASSIGNED_CONTEXT((#1242,#1243,#1244)) REPRESENTATION_CONTEXT
('Context #1','3D Context with UNIT and UNCERTAINTY') );
#1242 = ( LENGTH_UNIT() NAMED_UNIT(*) SI_UNIT(.MILLI.,.METRE.) );
#1243 = ( NAMED_UNIT(*) PLANE_ANGLE_UNIT() SI_UNIT($,.RADIAN.) );
#1244 = ( NAMED_UNIT(*) SI_UNIT($,.STERADIAN.) SOLID_ANGLE_UNIT() );
#1245 = UNCERTAINTY_MEASURE_WITH_UNIT(LENGTH_MEASURE(1.E-07),#1242,
  'distance_accuracy_value','confusion accuracy');
#1246 = CONTEXT_DEPENDENT_SHAPE_REPRESENTATION(#1247,#1249);
#1247 = ( REPRESENTATION_RELATIONSHIP('','',#1090,#10)
REPRESENTATION_RELATIONSHIP_WITH_TRANSFORMATION(#1248)
SHAPE_REPRESENTATION_RELATIONSHIP() );
#1248 = ITEM_DEFINED_TRANSFORMATION('','',#11,#39);
#1249 = PRODUCT_DEFINITION_SHAPE('Placement','Placement of an item',
  #1250);
#1250 = NEXT_ASSEMBLY_USAGE_OCCURRENCE('39','clip_2_0','',#5,#1085,$);
#1251 = PRODUCT_RELATED_PRODUCT_CATEGORY('part',$,(#1087));
#1252 = SHAPE_DEFINITION_REPRESENTATION(#1253,#1259);
#1253 = PRODUCT_DEFINITION_SHAPE('','',#1254);
#1254 = PRODUCT_DEFINITION('design','',#1255,#1258);
#1255 = PRODUCT_DEFINITION_FORMATION('','',#1256);
#1256 = PRODUCT('clip_2_1','clip_2_1','',(#1257));
#1257 = PRODUCT_CONTEXT('',#2,'mechanical');
#1258 = PRODUCT_DEFINITION_CONTEXT('part definition',#2,'design');
#1259 = ADVANCED_BREP_SHAPE_REPRESENTATION('',(#11,#1260),#1410);
#1260 = MANIFOLD_SOLID_BREP('',#1261);
#1261 = CLOSED_SHELL('',(#1262,#1302,#1342,#1364,#1386,#1398));
#1262 = ADVANCED_FACE('',(#1263),#1297,.F.);
#1263 = FACE_BOUND('',#1264,.F.);
#1264 = EDGE_LOOP('',(#1265,#1275,#1283,#1291));
#1265 = ORIENTED_EDGE('',*,*,#1266,.F.);
#1266 = EDGE_CURVE('',#1267,#1269,#1271,.T.);
#1267 = VERTEX_POINT('',#1268);
#1268 = CARTESIAN_POINT('',(8.1,-1.1,1.05));
#1269 = VERTEX_POINT('',#1270);
#1270 = CARTESIAN_POINT('',(8.1,-1.1,6.75));
#1271 = LINE('',#1272,#1273);
#1272 = CARTESIAN_POINT('',(8.1,-1.1,1.05));
#1273 = VECTOR('',#1274,1.);
#1274 = DIRECTION('',(0.,0.,1.));
#1275 = ORIENTED_EDGE('',*,*,#1276,.T.);
#1276 = EDGE_CURVE('',#1267,#1277,#1279,.T.);
#1277 = VERTEX_POINT('',#1278);
#1278 = CARTESIAN_POINT('',(8.1,-0.7,1.05));
#1279 = LINE('',#1280,#1281);
#1280 = CARTESIAN_POINT('',(8.1,-1.1,1.05));
#1281 = VECTOR('',#1282,1.);
#1282 = DIRECTION('',(0.,1.,0.));
#1283 = ORIENTED_EDGE('',*,*,#1284,.T.);
#1284 = EDGE_CURVE('',#1277,#1285,#1287,.T.);
#1285 = VERTEX_POINT('',#1286);
#1286 = CARTESIAN_POINT('',(8.1,-0.7,6.75));
#1287 = LINE('',#1288,#1289);
#1288 = CARTESIAN_POINT('',(8.1,-0.7,1.05));
#1289 = VECTOR('',#1290,1.);
#1290 = DIRECTION('',(0.,0.,1.));
#1291 = ORIENTED_EDGE('',*,*,#1292,.F.);
#1292 = EDGE_CURVE('',#1269,#1285,#1293,.T.);
#1293 = LINE('',#1294,#1295);
#1294 = CARTESIAN_POINT('',(8.1,-1.1,6.75));
#1295 = VECTOR('',#1296,1.);
#1296 = DIRECTION('',(0.,1.,0.));
#1297 = PLANE('',#1298);
#1298 = AXIS2_PLACEMENT_3D('',#1299,#1300,#1301);
#1299 = CARTESIAN_POINT('',(8.1,-1.1,1.05));
#1300 = DIRECTION('',(1.,0.,0.));
#1301 = DIRECTION('',(0.,0.,1.));
#1302 = ADVANCED_FACE('',(#1303),#1337,.T.);
#1303 = FACE_BOUND('',#1304,.T.);
#1304 = EDGE_LOOP('',(#1305,#1315,#1323,#1331));
#1305 = ORIENTED_EDGE('',*,*,#1306,.F.);
#1306 = EDGE_CURVE('',#1307,#1309,#1311,.T.);
#1307 = VERTEX_POINT('',#1308);
#1308 = CARTESIAN_POINT('',(11.5,-1.1,1.05));
#1309 = VERTEX_POINT('',#1310);
#1310 = CARTESIAN_POINT('',(11.5,-1.1,6.75));
#1311 = LINE('',#1312,#1313);
#1312 = CARTESIAN_POINT('',(11.5,-1.1,1.05));
#1313 = VECTOR('',#1314,1.);
#1314 = DIRECTION('',(0.,0.,1.));
#1315 = ORIENTED_EDGE('',*,*,#1316,.T.);
#1316 = EDGE_CURVE('',#1307,#1317,#1319,.T.);
#1317 = VERTEX_POINT('',#1318);
#1318 = CARTESIAN_POINT('',(11.5,-0.7,1.05));
#1319 = LINE('',#1320,#1321);
#1320 = CARTESIAN_POINT('',(11.5,-1.1,1.05));
#1321 = VECTOR('',#1322,1.);
#1322 = DIRECTION('',(0.,1.,0.));
#1323 = ORIENTED_EDGE('',*,*,#1324,.T.);
#1324 = EDGE_CURVE('',#1317,#1325,#1327,.T.);
#1325 = VERTEX_POINT('',#1326);
#1326 = CARTESIAN_POINT('',(11.5,-0.7,6.75));
#1327 = LINE('',#1328,#1329);
#1328 = CARTESIAN_POINT('',(11.5,-0.7,1.05));
#1329 = VECTOR('',#1330,1.);
#1330 = DIRECTION('',(0.,0.,1.));
#1331 = ORIENTED_EDGE('',*,*,#1332,.F.);
#1332 = EDGE_CURVE('',#1309,#1325,#1333,.T.);
#1333 = LINE('',#1334,#1335);
#1334 = CARTESIAN_POINT('',(11.5,-1.1,6.75));
#1335 = VECTOR('',#1336,1.);
#1336 = DIRECTION('',(0.,1.,0.));
#1337 = PLANE('',#1338);
#1338 = AXIS2_PLACEMENT_3D('',#1339,#1340,#1341);
#1339 = CARTESIAN_POINT('',(11.5,-1.1,1.05));
#1340 = DIRECTION('',(1.,0.,0.));
#1341 = DIRECTION('',(0.,0.,1.));
#1342 = ADVANCED_FACE('',(#1343),#1359,.F.);
#1343 = FACE_BOUND('',#1344,.F.);
#1344 = EDGE_LOOP('',(#1345,#1351,#1352,#1358));
#1345 = ORIENTED_EDGE('',*,*,#1346,.F.);
#1346 = EDGE_CURVE('',#1267,#1307,#1347,.T.);
#1347 = LINE('',#1348,#1349);
#1348 = CARTESIAN_POINT('',(8.1,-1.1,1.05));
#1349 = VECTOR('',#1350,1.);
#1350 = DIRECTION('',(1.,0.,0.));
#1351 = ORIENTED_EDGE('',*,*,#1266,.T.);
#1352 = ORIENTED_EDGE('',*,*,#1353,.T.);
#1353 = EDGE_CURVE('',#1269,#1309,#1354,.T.);
#1354 = LINE('',#1355,#1356);
#1355 = CARTESIAN_POINT('',(8.1,-1.1,6.75));
#1356 = VECTOR('',#1357,1.);
#1357 = DIRECTION('',(1.,0.,0.));
#1358 = ORIENTED_EDGE('',*,*,#1306,.F.);
#1359 = PLANE('',#1360);
#1360 = AXIS2_PLACEMENT_3D('',#1361,#1362,#1363);
#1361 = CARTESIAN_POINT('',(8.1,-1.1,1.05));
#1362 = DIRECTION('',(0.,1.,0.));
#1363 = DIRECTION('',(0.,0.,1.));
#1364 = ADVANCED_FACE('',(#1365),#1381,.T.);
#1365 = FACE_BOUND('',#1366,.T.);
#1366 = EDGE_LOOP('',(#1367,#1373,#1374,#1380));
#1367 = ORIENTED_EDGE('',*,*,#1368,.F.);
#1368 = EDGE_CURVE('',#1277,#1317,#1369,.T.);
#1369 = LINE('',#1370,#1371);
#1370 = CARTESIAN_POINT('',(8.1,-0.7,1.05));
#1371 = VECTOR('',#1372,1.);
#1372 = DIRECTION('',(1.,0.,0.));
#1373 = ORIENTED_EDGE('',*,*,#1284,.T.);
#1374 = ORIENTED_EDGE('',*,*,#1375,.T.);
#1375 = EDGE_CURVE('',#1285,#1325,#1376,.T.);
#1376 = LINE('',#1377,#1378);
#1377 = CARTESIAN_POINT('',(8.1,-0.7,6.75));
#1378 = VECTOR('',#1379,1.);
#1379 = DIRECTION('',(1.,0.,0.));
#1380 = ORIENTED_EDGE('',*,*,#1324,.F.);
#1381 = PLANE('',#1382);
#1382 = AXIS2_PLACEMENT_3D('',#1383,#1384,#1385);
#1383 = CARTESIAN_POINT('',(8.1,-0.7,1.05));
#1384 = DIRECTION('',(0.,1.,0.));
#1385 = DIRECTION('',(0.,0.,1.));
#1386 = ADVANCED_FACE('',(#1387),#1393,.F.);
#1387 = FACE_BOUND('',#1388,.F.);
#1388 = EDGE_LOOP('',(#1389,#1390,#1391,#1392));
#1389 = ORIENTED_EDGE('',*,*,#1276,.F.);
#1390 = ORIENTED_EDGE('',*,*,#1346,.T.);
#1391 = ORIENTED_EDGE('',*,*,#1316,.T.);
#1392 = ORIENTED_EDGE('',*,*,#1368,.F.);
#1393 = PLANE('',#1394);
#1394 = AXIS2_PLACEMENT_3D('',#1395,#1396,#1397);
#1395 = CARTESIAN_POINT('',(8.1,-1.1,1.05));
#1396 = DIRECTION('',(0.,0.,1.));
#1397 = DIRECTION('',(1.,0.,0.));
#1398 = ADVANCED_FACE('',(#1399),#1405,.T.);
#1399 = FACE_BOUND('',#1400,.T.);
#1400 = EDGE_LOOP('',(#1401,#1402,#1403,#1404));
#1401 = ORIENTED_EDGE('',*,*,#1292,.F.);
#1402 = ORIENTED_EDGE('',*,*,#1353,.T.);
#1403 = ORIENTED_EDGE('',*,*,#1332,.T.);
#1404 = ORIENTED_EDGE('',*,*,#1375,.F.);
#1405 = PLANE('',#1406);
#1406 = AXIS2_PLACEMENT_3D('',#1407,#1408,#1409);
#1407 = CARTESIAN_POINT('',(8.1,-1.1,6.75));
#1408 = DIRECTION('',(0.,0.,1.));
#1409 = DIRECTION('',(1.,0.,0.));
#1410 = ( GEOMETRIC_REPRESENTATION_CONTEXT(3)
GLOBAL_UNCERTAINTY_ASSIGNED_CONTEXT((#1414))
GLOBAL_UNIT_ASSIGNED_CONTEXT((#1411,#1412,#1413)) REPRESENTATION_CONTEXT
('Context #1','3D Context with UNIT and UNCERTAINTY') );
#1411 = ( LENGTH_UNIT() NAMED_UNIT(*) SI_UNIT(.MILLI.,.METRE.) );
#1412 = ( NAMED_UNIT(*) PLANE_ANGLE_UNIT() SI_UNIT($,.RADIAN.) );
#1413 = ( NAMED_UNIT(*) SI_UNIT($,.STERADIAN.) SOLID_ANGLE_UNIT() );
#1414 = UNCERTAINTY_MEASURE_WITH_UNIT(LENGTH_MEASURE(1.E-07),#1411,
  'distance_accuracy_value','confusion accuracy');
#1415 = CONTEXT_DEPENDENT_SHAPE_REPRESENTATION(#1416,#1418);
#1416 = ( REPRESENTATION_RELATIONSHIP('','',#1259,#10)
REPRESENTATION_RELATIONSHIP_WITH_TRANSFORMATION(#1417)
SHAPE_REPRESENTATION_RELATIONSHIP() );
#1417 = ITEM_DEFINED_TRANSFORMATION('','',#11,#43);
#1418 = PRODUCT_DEFINITION_SHAPE('Placement','Placement of an item',
  #1419);
#1419 = NEXT_ASSEMBLY_USAGE_OCCURRENCE('40','clip_2_1','',#5,#1254,$);
#1420 = PRODUCT_RELATED_PRODUCT_CATEGORY('part',$,(#1256));
#1421 = SHAPE_DEFINITION_REPRESENTATION(#1422,#1428);
#1422 = PRODUCT_DEFINITION_SHAPE('','',#1423);
#1423 = PRODUCT_DEFINITION('design','',#1424,#1427);
#1424 = PRODUCT_DEFINITION_FORMATION('','',#1425);
#1425 = PRODUCT('holder','holder','',(#1426));
#1426 = PRODUCT_CONTEXT('',#2,'mechanical');
#1427 = PRODUCT_DEFINITION_CONTEXT('part definition',#2,'design');
#1428 = ADVANCED_BREP_SHAPE_REPRESENTATION('',(#11,#1429),#2003);
#1429 = MANIFOLD_SOLID_BREP('',#1430);
#1430 = CLOSED_SHELL('',(#1431,#1471,#1606,#1631,#1656,#1707,#1724,#1741
    ,#1758,#1775,#1787,#1818,#1842,#1866,#1883,#1914,#1938,#1962,#1979,
    #1991));
#1431 = ADVANCED_FACE('',(#1432),#1466,.F.);
#1432 = FACE_BOUND('',#1433,.F.);
#1433 = EDGE_LOOP('',(#1434,#1444,#1452,#1460));
#1434 = ORIENTED_EDGE('',*,*,#1435,.F.);
#1435 = EDGE_CURVE('',#1436,#1438,#1440,.T.);
#1436 = VERTEX_POINT('',#1437);
#1437 = CARTESIAN_POINT('',(-3.1,-4.7,7.35));
#1438 = VERTEX_POINT('',#1439);
#1439 = CARTESIAN_POINT('',(-3.1,1.3,7.35));
#1440 = LINE('',#1441,#1442);
#1441 = CARTESIAN_POINT('',(-3.1,-5.05,7.35));
#1442 = VECTOR('',#1443,1.);
#1443 = DIRECTION('',(0.,1.,0.));
#1444 = ORIENTED_EDGE('',*,*,#1445,.F.);
#1445 = EDGE_CURVE('',#1446,#1436,#1448,.T.);
#1446 = VERTEX_POINT('',#1447);
#1447 = CARTESIAN_POINT('',(-3.1,-4.7,0.));
#1448 = LINE('',#1449,#1450);
#1449 = CARTESIAN_POINT('',(-3.1,-4.7,0.));
#1450 = VECTOR('',#1451,1.);
#1451 = DIRECTION('',(0.,0.,1.));
#1452 = ORIENTED_EDGE('',*,*,#1453,.T.);
#1453 = EDGE_CURVE('',#1446,#1454,#1456,.T.);
#1454 = VERTEX_POINT('',#1455);
#1455 = CARTESIAN_POINT('',(-3.1,1.3,0.));
#1456 = LINE('',#1457,#1458);
#1457 = CARTESIAN_POINT('',(-3.1,-5.05,0.));
#1458 = VECTOR('',#1459,1.);
#1459 = DIRECTION('',(0.,1.,0.));
#1460 = ORIENTED_EDGE('',*,*,#1461,.T.);
#1461 = EDGE_CURVE('',#1454,#1438,#1462,.T.);
#1462 = LINE('',#1463,#1464);
#1463 = CARTESIAN_POINT('',(-3.1,1.3,0.));
#1464 = VECTOR('',#1465,1.);
#1465 = DIRECTION('',(0.,0.,1.));
#1466 = PLANE('',#1467);
#1467 = AXIS2_PLACEMENT_3D('',#1468,#1469,#1470);
#1468 = CARTESIAN_POINT('',(-3.1,-5.05,0.));
#1469 = DIRECTION('',(1.,0.,0.));
#1470 = DIRECTION('',(0.,0.,1.));
#1471 = ADVANCED_FACE('',(#1472,#1533,#1567),#1601,.T.);
#1472 = FACE_BOUND('',#1473,.T.);
#1473 = EDGE_LOOP('',(#1474,#1475,#1484,#1492,#1501,#1509,#1518,#1526));
#1474 = ORIENTED_EDGE('',*,*,#1435,.F.);
#1475 = ORIENTED_EDGE('',*,*,#1476,.T.);
#1476 = EDGE_CURVE('',#1436,#1477,#1479,.T.);
#1477 = VERTEX_POINT('',#1478);
#1478 = CARTESIAN_POINT('',(-2.75,-5.05,7.35));
#1479 = CIRCLE('',#1480,0.35);
#1480 = AXIS2_PLACEMENT_3D('',#1481,#1482,#1483);
#1481 = CARTESIAN_POINT('',(-2.75,-4.7,7.35));
#1482 = DIRECTION('',(0.,0.,1.));
#1483 = DIRECTION('',(0.,-1.,0.));
#1484 = ORIENTED_EDGE('',*,*,#1485,.T.);
#1485 = EDGE_CURVE('',#1477,#1486,#1488,.T.);
#1486 = VERTEX_POINT('',#1487);
#1487 = CARTESIAN_POINT('',(12.55,-5.05,7.35));
#1488 = LINE('',#1489,#1490);
#1489 = CARTESIAN_POINT('',(-3.1,-5.05,7.35));
#1490 = VECTOR('',#1491,1.);
#1491 = DIRECTION('',(1.,0.,0.));
#1492 = ORIENTED_EDGE('',*,*,#1493,.F.);
#1493 = EDGE_CURVE('',#1494,#1486,#1496,.T.);
#1494 = VERTEX_POINT('',#1495);
#1495 = CARTESIAN_POINT('',(12.9,-4.7,7.35));
#1496 = CIRCLE('',#1497,0.35);
#1497 = AXIS2_PLACEMENT_3D('',#1498,#1499,#1500);
#1498 = CARTESIAN_POINT('',(12.55,-4.7,7.35));
#1499 = DIRECTION('',(-0.,-0.,-1.));
#1500 = DIRECTION('',(0.,-1.,0.));
#1501 = ORIENTED_EDGE('',*,*,#1502,.T.);
#1502 = EDGE_CURVE('',#1494,#1503,#1505,.T.);
#1503 = VERTEX_POINT('',#1504);
#1504 = CARTESIAN_POINT('',(12.9,1.3,7.35));
#1505 = LINE('',#1506,#1507);
#1506 = CARTESIAN_POINT('',(12.9,-5.05,7.35));
#1507 = VECTOR('',#1508,1.);
#1508 = DIRECTION('',(0.,1.,0.));
#1509 = ORIENTED_EDGE('',*,*,#1510,.T.);
#1510 = EDGE_CURVE('',#1503,#1511,#1513,.T.);
#1511 = VERTEX_POINT('',#1512);
#1512 = CARTESIAN_POINT('',(12.55,1.65,7.35));
#1513 = CIRCLE('',#1514,0.35);
#1514 = AXIS2_PLACEMENT_3D('',#1515,#1516,#1517);
#1515 = CARTESIAN_POINT('',(12.55,1.3,7.35));
#1516 = DIRECTION('',(0.,0.,1.));
#1517 = DIRECTION('',(0.,-1.,0.));
#1518 = ORIENTED_EDGE('',*,*,#1519,.F.);
#1519 = EDGE_CURVE('',#1520,#1511,#1522,.T.);
#1520 = VERTEX_POINT('',#1521);
#1521 = CARTESIAN_POINT('',(-2.75,1.65,7.35));
#1522 = LINE('',#1523,#1524);
#1523 = CARTESIAN_POINT('',(-3.1,1.65,7.35));
#1524 = VECTOR('',#1525,1.);
#1525 = DIRECTION('',(1.,0.,0.));
#1526 = ORIENTED_EDGE('',*,*,#1527,.F.);
#1527 = EDGE_CURVE('',#1438,#1520,#1528,.T.);
#1528 = CIRCLE('',#1529,0.35);
#1529 = AXIS2_PLACEMENT_3D('',#1530,#1531,#1532);
#1530 = CARTESIAN_POINT('',(-2.75,1.3,7.35));
#1531 = DIRECTION('',(-0.,-0.,-1.));
#1532 = DIRECTION('',(0.,-1.,0.));
#1533 = FACE_BOUND('',#1534,.T.);
#1534 = EDGE_LOOP('',(#1535,#1545,#1553,#1561));
#1535 = ORIENTED_EDGE('',*,*,#1536,.T.);
#1536 = EDGE_CURVE('',#1537,#1539,#1541,.T.);
#1537 = VERTEX_POINT('',#1538);
#1538 = CARTESIAN_POINT('',(2.,-4.,7.35));
#1539 = VERTEX_POINT('',#1540);
#1540 = CARTESIAN_POINT('',(-2.,-4.,7.35));
#1541 = LINE('',#1542,#1543);
#1542 = CARTESIAN_POINT('',(-2.55,-4.,7.35));
#1543 = VECTOR('',#1544,1.);
#1544 = DIRECTION('',(-1.,0.,0.));
#1545 = ORIENTED_EDGE('',*,*,#1546,.T.);
#1546 = EDGE_CURVE('',#1539,#1547,#1549,.T.);
#1547 = VERTEX_POINT('',#1548);
#1548 = CARTESIAN_POINT('',(-2.,0.6,7.35));
#1549 = LINE('',#1550,#1551);
#1550 = CARTESIAN_POINT('',(-2.,-4.525,7.35));
#1551 = VECTOR('',#1552,1.);
#1552 = DIRECTION('',(0.,1.,0.));
#1553 = ORIENTED_EDGE('',*,*,#1554,.F.);
#1554 = EDGE_CURVE('',#1555,#1547,#1557,.T.);
#1555 = VERTEX_POINT('',#1556);
#1556 = CARTESIAN_POINT('',(2.,0.6,7.35));
#1557 = LINE('',#1558,#1559);
#1558 = CARTESIAN_POINT('',(-2.55,0.6,7.35));
#1559 = VECTOR('',#1560,1.);
#1560 = DIRECTION('',(-1.,0.,0.));
#1561 = ORIENTED_EDGE('',*,*,#1562,.F.);
#1562 = EDGE_CURVE('',#1537,#1555,#1563,.T.);
#1563 = LINE('',#1564,#1565);
#1564 = CARTESIAN_POINT('',(2.,-4.525,7.35));
#1565 = VECTOR('',#1566,1.);
#1566 = DIRECTION('',(0.,1.,0.));
#1567 = FACE_BOUND('',#1568,.T.);
#1568 = EDGE_LOOP('',(#1569,#1579,#1587,#1595));
#1569 = ORIENTED_EDGE('',*,*,#1570,.T.);
#1570 = EDGE_CURVE('',#1571,#1573,#1575,.T.);
#1571 = VERTEX_POINT('',#1572);
#1572 = CARTESIAN_POINT('',(11.8,-4.,7.35));
#1573 = VERTEX_POINT('',#1574);
#1574 = CARTESIAN_POINT('',(7.8,-4.,7.35));
#1575 = LINE('',#1576,#1577);
#1576 = CARTESIAN_POINT('',(2.35,-4.,7.35));
#1577 = VECTOR('',#1578,1.);
#1578 = DIRECTION('',(-1.,0.,0.));
#1579 = ORIENTED_EDGE('',*,*,#1580,.T.);
#1580 = EDGE_CURVE('',#1573,#1581,#1583,.T.);
#1581 = VERTEX_POINT('',#1582);
#1582 = CARTESIAN_POINT('',(7.8,0.6,7.35));
#1583 = LINE('',#1584,#1585);
#1584 = CARTESIAN_POINT('',(7.8,-4.525,7.35));
#1585 = VECTOR('',#1586,1.);
#1586 = DIRECTION('',(0.,1.,0.));
#1587 = ORIENTED_EDGE('',*,*,#1588,.F.);
#1588 = EDGE_CURVE('',#1589,#1581,#1591,.T.);
#1589 = VERTEX_POINT('',#1590);
#1590 = CARTESIAN_POINT('',(11.8,0.6,7.35));
#1591 = LINE('',#1592,#1593);
#1592 = CARTESIAN_POINT('',(2.35,0.6,7.35));
#1593 = VECTOR('',#1594,1.);
#1594 = DIRECTION('',(-1.,0.,0.));
#1595 = ORIENTED_EDGE('',*,*,#1596,.F.);
#1596 = EDGE_CURVE('',#1571,#1589,#1597,.T.);
#1597 = LINE('',#1598,#1599);
#1598 = CARTESIAN_POINT('',(11.8,-4.525,7.35));
#1599 = VECTOR('',#1600,1.);
#1600 = DIRECTION('',(0.,1.,0.));
#1601 = PLANE('',#1602);
#1602 = AXIS2_PLACEMENT_3D('',#1603,#1604,#1605);
#1603 = CARTESIAN_POINT('',(-3.1,-5.05,7.35));
#1604 = DIRECTION('',(0.,0.,1.));
#1605 = DIRECTION('',(1.,0.,0.));
#1606 = ADVANCED_FACE('',(#1607),#1626,.T.);
#1607 = FACE_BOUND('',#1608,.T.);
#1608 = EDGE_LOOP('',(#1609,#1618,#1624,#1625));
#1609 = ORIENTED_EDGE('',*,*,#1610,.T.);
#1610 = EDGE_CURVE('',#1446,#1611,#1613,.T.);
#1611 = VERTEX_POINT('',#1612);
#1612 = CARTESIAN_POINT('',(-2.75,-5.05,0.));
#1613 = CIRCLE('',#1614,0.35);
#1614 = AXIS2_PLACEMENT_3D('',#1615,#1616,#1617);
#1615 = CARTESIAN_POINT('',(-2.75,-4.7,0.));
#1616 = DIRECTION('',(0.,0.,1.));
#1617 = DIRECTION('',(0.,-1.,0.));
#1618 = ORIENTED_EDGE('',*,*,#1619,.T.);
#1619 = EDGE_CURVE('',#1611,#1477,#1620,.T.);
#1620 = LINE('',#1621,#1622);
#1621 = CARTESIAN_POINT('',(-2.75,-5.05,0.));
#1622 = VECTOR('',#1623,1.);
#1623 = DIRECTION('',(0.,0.,1.));
#1624 = ORIENTED_EDGE('',*,*,#1476,.F.);
#1625 = ORIENTED_EDGE('',*,*,#1445,.F.);
#1626 = CYLINDRICAL_SURFACE('',#1627,0.35);
#1627 = AXIS2_PLACEMENT_3D('',#1628,#1629,#1630);
#1628 = CARTESIAN_POINT('',(-2.75,-4.7,0.));
#1629 = DIRECTION('',(0.,0.,1.));
#1630 = DIRECTION('',(-1.,-0.,0.));
#1631 = ADVANCED_FACE('',(#1632),#1651,.T.);
#1632 = FACE_BOUND('',#1633,.F.);
#1633 = EDGE_LOOP('',(#1634,#1643,#1649,#1650));
#1634 = ORIENTED_EDGE('',*,*,#1635,.T.);
#1635 = EDGE_CURVE('',#1454,#1636,#1638,.T.);
#1636 = VERTEX_POINT('',#1637);
#1637 = CARTESIAN_POINT('',(-2.75,1.65,0.));
#1638 = CIRCLE('',#1639,0.35);
#1639 = AXIS2_PLACEMENT_3D('',#1640,#1641,#1642);
#1640 = CARTESIAN_POINT('',(-2.75,1.3,0.));
#1641 = DIRECTION('',(-0.,-0.,-1.));
#1642 = DIRECTION('',(0.,-1.,0.));
#1643 = ORIENTED_EDGE('',*,*,#1644,.T.);
#1644 = EDGE_CURVE('',#1636,#1520,#1645,.T.);
#1645 = LINE('',#1646,#1647);
#1646 = CARTESIAN_POINT('',(-2.75,1.65,0.));
#1647 = VECTOR('',#1648,1.);
#1648 = DIRECTION('',(0.,0.,1.));
#1649 = ORIENTED_EDGE('',*,*,#1527,.F.);
#1650 = ORIENTED_EDGE('',*,*,#1461,.F.);
#1651 = CYLINDRICAL_SURFACE('',#1652,0.35);
#1652 = AXIS2_PLACEMENT_3D('',#1653,#1654,#1655);
#1653 = CARTESIAN_POINT('',(-2.75,1.3,0.));
#1654 = DIRECTION('',(0.,0.,1.));
#1655 = DIRECTION('',(-1.,-0.,0.));
#1656 = ADVANCED_FACE('',(#1657),#1702,.F.);
#1657 = FACE_BOUND('',#1658,.F.);
#1658 = EDGE_LOOP('',(#1659,#1660,#1661,#1669,#1678,#1686,#1695,#1701));
#1659 = ORIENTED_EDGE('',*,*,#1453,.F.);
#1660 = ORIENTED_EDGE('',*,*,#1610,.T.);
#1661 = ORIENTED_EDGE('',*,*,#1662,.T.);
#1662 = EDGE_CURVE('',#1611,#1663,#1665,.T.);
#1663 = VERTEX_POINT('',#1664);
#1664 = CARTESIAN_POINT('',(12.55,-5.05,0.));
#1665 = LINE('',#1666,#1667);
#1666 = CARTESIAN_POINT('',(-3.1,-5.05,0.));
#1667 = VECTOR('',#1668,1.);
#1668 = DIRECTION('',(1.,0.,0.));
#1669 = ORIENTED_EDGE('',*,*,#1670,.F.);
#1670 = EDGE_CURVE('',#1671,#1663,#1673,.T.);
#1671 = VERTEX_POINT('',#1672);
#1672 = CARTESIAN_POINT('',(12.9,-4.7,0.));
#1673 = CIRCLE('',#1674,0.35);
#1674 = AXIS2_PLACEMENT_3D('',#1675,#1676,#1677);
#1675 = CARTESIAN_POINT('',(12.55,-4.7,0.));
#1676 = DIRECTION('',(-0.,-0.,-1.));
#1677 = DIRECTION('',(0.,-1.,0.));
#1678 = ORIENTED_EDGE('',*,*,#1679,.T.);
#1679 = EDGE_CURVE('',#1671,#1680,#1682,.T.);
#1680 = VERTEX_POINT('',#1681);
#1681 = CARTESIAN_POINT('',(12.9,1.3,0.));
#1682 = LINE('',#1683,#1684);
#1683 = CARTESIAN_POINT('',(12.9,-5.05,0.));
#1684 = VECTOR('',#1685,1.);
#1685 = DIRECTION('',(0.,1.,0.));
#1686 = ORIENTED_EDGE('',*,*,#1687,.T.);
#1687 = EDGE_CURVE('',#1680,#1688,#1690,.T.);
#1688 = VERTEX_POINT('',#1689);
#1689 = CARTESIAN_POINT('',(12.55,1.65,0.));
#1690 = CIRCLE('',#1691,0.35);
#1691 = AXIS2_PLACEMENT_3D('',#1692,#1693,#1694);
#1692 = CARTESIAN_POINT('',(12.55,1.3,0.));
#1693 = DIRECTION('',(0.,0.,1.));
#1694 = DIRECTION('',(0.,-1.,0.));
#1695 = ORIENTED_EDGE('',*,*,#1696,.F.);
#1696 = EDGE_CURVE('',#1636,#1688,#1697,.T.);
#1697 = LINE('',#1698,#1699);
#1698 = CARTESIAN_POINT('',(-3.1,1.65,0.));
#1699 = VECTOR('',#1700,1.);
#1700 = DIRECTION('',(1.,0.,0.));
#1701 = ORIENTED_EDGE('',*,*,#1635,.F.);
#1702 = PLANE('',#1703);
#1703 = AXIS2_PLACEMENT_3D('',#1704,#1705,#1706);
#1704 = CARTESIAN_POINT('',(-3.1,-5.05,0.));
#1705 = DIRECTION('',(0.,0.,1.));
#1706 = DIRECTION('',(1.,0.,0.));
#1707 = ADVANCED_FACE('',(#1708),#1719,.F.);
#1708 = FACE_BOUND('',#1709,.F.);
#1709 = EDGE_LOOP('',(#1710,#1711,#1712,#1713));
#1710 = ORIENTED_EDGE('',*,*,#1662,.F.);
#1711 = ORIENTED_EDGE('',*,*,#1619,.T.);
#1712 = ORIENTED_EDGE('',*,*,#1485,.T.);
#1713 = ORIENTED_EDGE('',*,*,#1714,.F.);
#1714 = EDGE_CURVE('',#1663,#1486,#1715,.T.);
#1715 = LINE('',#1716,#1717);
#1716 = CARTESIAN_POINT('',(12.55,-5.05,0.));
#1717 = VECTOR('',#1718,1.);
#1718 = DIRECTION('',(0.,0.,1.));
#1719 = PLANE('',#1720);
#1720 = AXIS2_PLACEMENT_3D('',#1721,#1722,#1723);
#1721 = CARTESIAN_POINT('',(-3.1,-5.05,0.));
#1722 = DIRECTION('',(0.,1.,0.));
#1723 = DIRECTION('',(0.,0.,1.));
#1724 = ADVANCED_FACE('',(#1725),#1736,.T.);
#1725 = FACE_BOUND('',#1726,.T.);
#1726 = EDGE_LOOP('',(#1727,#1728,#1729,#1730));
#1727 = ORIENTED_EDGE('',*,*,#1696,.F.);
#1728 = ORIENTED_EDGE('',*,*,#1644,.T.);
#1729 = ORIENTED_EDGE('',*,*,#1519,.T.);
#1730 = ORIENTED_EDGE('',*,*,#1731,.F.);
#1731 = EDGE_CURVE('',#1688,#1511,#1732,.T.);
#1732 = LINE('',#1733,#1734);
#1733 = CARTESIAN_POINT('',(12.55,1.65,0.));
#1734 = VECTOR('',#1735,1.);
#1735 = DIRECTION('',(0.,0.,1.));
#1736 = PLANE('',#1737);
#1737 = AXIS2_PLACEMENT_3D('',#1738,#1739,#1740);
#1738 = CARTESIAN_POINT('',(-3.1,1.65,0.));
#1739 = DIRECTION('',(0.,1.,0.));
#1740 = DIRECTION('',(0.,0.,1.));
#1741 = ADVANCED_FACE('',(#1742),#1753,.T.);
#1742 = FACE_BOUND('',#1743,.F.);
#1743 = EDGE_LOOP('',(#1744,#1745,#1746,#1747));
#1744 = ORIENTED_EDGE('',*,*,#1670,.T.);
#1745 = ORIENTED_EDGE('',*,*,#1714,.T.);
#1746 = ORIENTED_EDGE('',*,*,#1493,.F.);
#1747 = ORIENTED_EDGE('',*,*,#1748,.F.);
#1748 = EDGE_CURVE('',#1671,#1494,#1749,.T.);
#1749 = LINE('',#1750,#1751);
#1750 = CARTESIAN_POINT('',(12.9,-4.7,0.));
#1751 = VECTOR('',#1752,1.);
#1752 = DIRECTION('',(0.,0.,1.));
#1753 = CYLINDRICAL_SURFACE('',#1754,0.35);
#1754 = AXIS2_PLACEMENT_3D('',#1755,#1756,#1757);
#1755 = CARTESIAN_POINT('',(12.55,-4.7,0.));
#1756 = DIRECTION('',(0.,0.,1.));
#1757 = DIRECTION('',(1.,0.,-0.));
#1758 = ADVANCED_FACE('',(#1759),#1770,.T.);
#1759 = FACE_BOUND('',#1760,.T.);
#1760 = EDGE_LOOP('',(#1761,#1762,#1763,#1764));
#1761 = ORIENTED_EDGE('',*,*,#1687,.T.);
#1762 = ORIENTED_EDGE('',*,*,#1731,.T.);
#1763 = ORIENTED_EDGE('',*,*,#1510,.F.);
#1764 = ORIENTED_EDGE('',*,*,#1765,.F.);
#1765 = EDGE_CURVE('',#1680,#1503,#1766,.T.);
#1766 = LINE('',#1767,#1768);
#1767 = CARTESIAN_POINT('',(12.9,1.3,0.));
#1768 = VECTOR('',#1769,1.);
#1769 = DIRECTION('',(0.,0.,1.));
#1770 = CYLINDRICAL_SURFACE('',#1771,0.35);
#1771 = AXIS2_PLACEMENT_3D('',#1772,#1773,#1774);
#1772 = CARTESIAN_POINT('',(12.55,1.3,0.));
#1773 = DIRECTION('',(0.,0.,1.));
#1774 = DIRECTION('',(1.,0.,-0.));
#1775 = ADVANCED_FACE('',(#1776),#1782,.T.);
#1776 = FACE_BOUND('',#1777,.T.);
#1777 = EDGE_LOOP('',(#1778,#1779,#1780,#1781));
#1778 = ORIENTED_EDGE('',*,*,#1502,.F.);
#1779 = ORIENTED_EDGE('',*,*,#1748,.F.);
#1780 = ORIENTED_EDGE('',*,*,#1679,.T.);
#1781 = ORIENTED_EDGE('',*,*,#1765,.T.);
#1782 = PLANE('',#1783);
#1783 = AXIS2_PLACEMENT_3D('',#1784,#1785,#1786);
#1784 = CARTESIAN_POINT('',(12.9,-5.05,0.));
#1785 = DIRECTION('',(1.,0.,0.));
#1786 = DIRECTION('',(0.,0.,1.));
#1787 = ADVANCED_FACE('',(#1788),#1813,.T.);
#1788 = FACE_BOUND('',#1789,.T.);
#1789 = EDGE_LOOP('',(#1790,#1798,#1806,#1812));
#1790 = ORIENTED_EDGE('',*,*,#1791,.F.);
#1791 = EDGE_CURVE('',#1792,#1537,#1794,.T.);
#1792 = VERTEX_POINT('',#1793);
#1793 = CARTESIAN_POINT('',(2.,-4.,0.85));
#1794 = LINE('',#1795,#1796);
#1795 = CARTESIAN_POINT('',(2.,-4.,0.85));
#1796 = VECTOR('',#1797,1.);
#1797 = DIRECTION('',(0.,0.,1.));
#1798 = ORIENTED_EDGE('',*,*,#1799,.F.);
#1799 = EDGE_CURVE('',#1800,#1792,#1802,.T.);
#1800 = VERTEX_POINT('',#1801);
#1801 = CARTESIAN_POINT('',(-2.,-4.,0.85));
#1802 = LINE('',#1803,#1804);
#1803 = CARTESIAN_POINT('',(-2.,-4.,0.85));
#1804 = VECTOR('',#1805,1.);
#1805 = DIRECTION('',(1.,0.,0.));
#1806 = ORIENTED_EDGE('',*,*,#1807,.T.);
#1807 = EDGE_CURVE('',#1800,#1539,#1808,.T.);
#1808 = LINE('',#1809,#1810);
#1809 = CARTESIAN_POINT('',(-2.,-4.,0.85));
#1810 = VECTOR('',#1811,1.);
#1811 = DIRECTION('',(0.,0.,1.));
#1812 = ORIENTED_EDGE('',*,*,#1536,.F.);
#1813 = PLANE('',#1814);
#1814 = AXIS2_PLACEMENT_3D('',#1815,#1816,#1817);
#1815 = CARTESIAN_POINT('',(-2.,-4.,0.85));
#1816 = DIRECTION('',(0.,1.,0.));
#1817 = DIRECTION('',(0.,0.,1.));
#1818 = ADVANCED_FACE('',(#1819),#1837,.F.);
#1819 = FACE_BOUND('',#1820,.F.);
#1820 = EDGE_LOOP('',(#1821,#1822,#1830,#1836));
#1821 = ORIENTED_EDGE('',*,*,#1791,.F.);
#1822 = ORIENTED_EDGE('',*,*,#1823,.T.);
#1823 = EDGE_CURVE('',#1792,#1824,#1826,.T.);
#1824 = VERTEX_POINT('',#1825);
#1825 = CARTESIAN_POINT('',(2.,0.6,0.85));
#1826 = LINE('',#1827,#1828);
#1827 = CARTESIAN_POINT('',(2.,-4.,0.85));
#1828 = VECTOR('',#1829,1.);
#1829 = DIRECTION('',(0.,1.,0.));
#1830 = ORIENTED_EDGE('',*,*,#1831,.T.);
#1831 = EDGE_CURVE('',#1824,#1555,#1832,.T.);
#1832 = LINE('',#1833,#1834);
#1833 = CARTESIAN_POINT('',(2.,0.6,0.85));
#1834 = VECTOR('',#1835,1.);
#1835 = DIRECTION('',(0.,0.,1.));
#1836 = ORIENTED_EDGE('',*,*,#1562,.F.);
#1837 = PLANE('',#1838);
#1838 = AXIS2_PLACEMENT_3D('',#1839,#1840,#1841);
#1839 = CARTESIAN_POINT('',(2.,-4.,0.85));
#1840 = DIRECTION('',(1.,0.,0.));
#1841 = DIRECTION('',(0.,0.,1.));
#1842 = ADVANCED_FACE('',(#1843),#1861,.T.);
#1843 = FACE_BOUND('',#1844,.T.);
#1844 = EDGE_LOOP('',(#1845,#1846,#1854,#1860));
#1845 = ORIENTED_EDGE('',*,*,#1807,.F.);
#1846 = ORIENTED_EDGE('',*,*,#1847,.T.);
#1847 = EDGE_CURVE('',#1800,#1848,#1850,.T.);
#1848 = VERTEX_POINT('',#1849);
#1849 = CARTESIAN_POINT('',(-2.,0.6,0.85));
#1850 = LINE('',#1851,#1852);
#1851 = CARTESIAN_POINT('',(-2.,-4.,0.85));
#1852 = VECTOR('',#1853,1.);
#1853 = DIRECTION('',(0.,1.,0.));
#1854 = ORIENTED_EDGE('',*,*,#1855,.T.);
#1855 = EDGE_CURVE('',#1848,#1547,#1856,.T.);
#1856 = LINE('',#1857,#1858);
#1857 = CARTESIAN_POINT('',(-2.,0.6,0.85));
#1858 = VECTOR('',#1859,1.);
#1859 = DIRECTION('',(0.,0.,1.));
#1860 = ORIENTED_EDGE('',*,*,#1546,.F.);
#1861 = PLANE('',#1862);
#1862 = AXIS2_PLACEMENT_3D('',#1863,#1864,#1865);
#1863 = CARTESIAN_POINT('',(-2.,-4.,0.85));
#1864 = DIRECTION('',(1.,0.,0.));
#1865 = DIRECTION('',(0.,0.,1.));
#1866 = ADVANCED_FACE('',(#1867),#1878,.F.);
#1867 = FACE_BOUND('',#1868,.F.);
#1868 = EDGE_LOOP('',(#1869,#1870,#1876,#1877));
#1869 = ORIENTED_EDGE('',*,*,#1831,.F.);
#1870 = ORIENTED_EDGE('',*,*,#1871,.F.);
#1871 = EDGE_CURVE('',#1848,#1824,#1872,.T.);
#1872 = LINE('',#1873,#1874);
#1873 = CARTESIAN_POINT('',(-2.,0.6,0.85));
#1874 = VECTOR('',#1875,1.);
#1875 = DIRECTION('',(1.,0.,0.));
#1876 = ORIENTED_EDGE('',*,*,#1855,.T.);
#1877 = ORIENTED_EDGE('',*,*,#1554,.F.);
#1878 = PLANE('',#1879);
#1879 = AXIS2_PLACEMENT_3D('',#1880,#1881,#1882);
#1880 = CARTESIAN_POINT('',(-2.,0.6,0.85));
#1881 = DIRECTION('',(0.,1.,0.));
#1882 = DIRECTION('',(0.,0.,1.));
#1883 = ADVANCED_FACE('',(#1884),#1909,.T.);
#1884 = FACE_BOUND('',#1885,.T.);
#1885 = EDGE_LOOP('',(#1886,#1894,#1902,#1908));
#1886 = ORIENTED_EDGE('',*,*,#1887,.F.);
#1887 = EDGE_CURVE('',#1888,#1571,#1890,.T.);
#1888 = VERTEX_POINT('',#1889);
#1889 = CARTESIAN_POINT('',(11.8,-4.,0.85));
#1890 = LINE('',#1891,#1892);
#1891 = CARTESIAN_POINT('',(11.8,-4.,0.85));
#1892 = VECTOR('',#1893,1.);
#1893 = DIRECTION('',(0.,0.,1.));
#1894 = ORIENTED_EDGE('',*,*,#1895,.F.);
#1895 = EDGE_CURVE('',#1896,#1888,#1898,.T.);
#1896 = VERTEX_POINT('',#1897);
#1897 = CARTESIAN_POINT('',(7.8,-4.,0.85));
#1898 = LINE('',#1899,#1900);
#1899 = CARTESIAN_POINT('',(7.8,-4.,0.85));
#1900 = VECTOR('',#1901,1.);
#1901 = DIRECTION('',(1.,0.,0.));
#1902 = ORIENTED_EDGE('',*,*,#1903,.T.);
#1903 = EDGE_CURVE('',#1896,#1573,#1904,.T.);
#1904 = LINE('',#1905,#1906);
#1905 = CARTESIAN_POINT('',(7.8,-4.,0.85));
#1906 = VECTOR('',#1907,1.);
#1907 = DIRECTION('',(0.,0.,1.));
#1908 = ORIENTED_EDGE('',*,*,#1570,.F.);
#1909 = PLANE('',#1910);
#1910 = AXIS2_PLACEMENT_3D('',#1911,#1912,#1913);
#1911 = CARTESIAN_POINT('',(7.8,-4.,0.85));
#1912 = DIRECTION('',(0.,1.,0.));
#1913 = DIRECTION('',(0.,0.,1.));
#1914 = ADVANCED_FACE('',(#1915),#1933,.F.);
#1915 = FACE_BOUND('',#1916,.F.);
#1916 = EDGE_LOOP('',(#1917,#1918,#1926,#1932));
#1917 = ORIENTED_EDGE('',*,*,#1887,.F.);
#1918 = ORIENTED_EDGE('',*,*,#1919,.T.);
#1919 = EDGE_CURVE('',#1888,#1920,#1922,.T.);
#1920 = VERTEX_POINT('',#1921);
#1921 = CARTESIAN_POINT('',(11.8,0.6,0.85));
#1922 = LINE('',#1923,#1924);
#1923 = CARTESIAN_POINT('',(11.8,-4.,0.85));
#1924 = VECTOR('',#1925,1.);
#1925 = DIRECTION('',(0.,1.,0.));
#1926 = ORIENTED_EDGE('',*,*,#1927,.T.);
#1927 = EDGE_CURVE('',#1920,#1589,#1928,.T.);
#1928 = LINE('',#1929,#1930);
#1929 = CARTESIAN_POINT('',(11.8,0.6,0.85));
#1930 = VECTOR('',#1931,1.);
#1931 = DIRECTION('',(0.,0.,1.));
#1932 = ORIENTED_EDGE('',*,*,#1596,.F.);
#1933 = PLANE('',#1934);
#1934 = AXIS2_PLACEMENT_3D('',#1935,#1936,#1937);
#1935 = CARTESIAN_POINT('',(11.8,-4.,0.85));
#1936 = DIRECTION('',(1.,0.,0.));
#1937 = DIRECTION('',(0.,0.,1.));
#1938 = ADVANCED_FACE('',(#1939),#1957,.F.);
#1939 = FACE_BOUND('',#1940,.F.);
#1940 = EDGE_LOOP('',(#1941,#1942,#1950,#1956));
#1941 = ORIENTED_EDGE('',*,*,#1927,.F.);
#1942 = ORIENTED_EDGE('',*,*,#1943,.F.);
#1943 = EDGE_CURVE('',#1944,#1920,#1946,.T.);
#1944 = VERTEX_POINT('',#1945);
#1945 = CARTESIAN_POINT('',(7.8,0.6,0.85));
#1946 = LINE('',#1947,#1948);
#1947 = CARTESIAN_POINT('',(7.8,0.6,0.85));
#1948 = VECTOR('',#1949,1.);
#1949 = DIRECTION('',(1.,0.,0.));
#1950 = ORIENTED_EDGE('',*,*,#1951,.T.);
#1951 = EDGE_CURVE('',#1944,#1581,#1952,.T.);
#1952 = LINE('',#1953,#1954);
#1953 = CARTESIAN_POINT('',(7.8,0.6,0.85));
#1954 = VECTOR('',#1955,1.);
#1955 = DIRECTION('',(0.,0.,1.));
#1956 = ORIENTED_EDGE('',*,*,#1588,.F.);
#1957 = PLANE('',#1958);
#1958 = AXIS2_PLACEMENT_3D('',#1959,#1960,#1961);
#1959 = CARTESIAN_POINT('',(7.8,0.6,0.85));
#1960 = DIRECTION('',(0.,1.,0.));
#1961 = DIRECTION('',(0.,0.,1.));
#1962 = ADVANCED_FACE('',(#1963),#1974,.T.);
#1963 = FACE_BOUND('',#1964,.T.);
#1964 = EDGE_LOOP('',(#1965,#1966,#1972,#1973));
#1965 = ORIENTED_EDGE('',*,*,#1903,.F.);
#1966 = ORIENTED_EDGE('',*,*,#1967,.T.);
#1967 = EDGE_CURVE('',#1896,#1944,#1968,.T.);
#1968 = LINE('',#1969,#1970);
#1969 = CARTESIAN_POINT('',(7.8,-4.,0.85));
#1970 = VECTOR('',#1971,1.);
#1971 = DIRECTION('',(0.,1.,0.));
#1972 = ORIENTED_EDGE('',*,*,#1951,.T.);
#1973 = ORIENTED_EDGE('',*,*,#1580,.F.);
#1974 = PLANE('',#1975);
#1975 = AXIS2_PLACEMENT_3D('',#1976,#1977,#1978);
#1976 = CARTESIAN_POINT('',(7.8,-4.,0.85));
#1977 = DIRECTION('',(1.,0.,0.));
#1978 = DIRECTION('',(0.,0.,1.));
#1979 = ADVANCED_FACE('',(#1980),#1986,.T.);
#1980 = FACE_BOUND('',#1981,.T.);
#1981 = EDGE_LOOP('',(#1982,#1983,#1984,#1985));
#1982 = ORIENTED_EDGE('',*,*,#1847,.F.);
#1983 = ORIENTED_EDGE('',*,*,#1799,.T.);
#1984 = ORIENTED_EDGE('',*,*,#1823,.T.);
#1985 = ORIENTED_EDGE('',*,*,#1871,.F.);
#1986 = PLANE('',#1987);
#1987 = AXIS2_PLACEMENT_3D('',#1988,#1989,#1990);
#1988 = CARTESIAN_POINT('',(-2.,-4.,0.85));
#1989 = DIRECTION('',(0.,0.,1.));
#1990 = DIRECTION('',(1.,0.,0.));
#1991 = ADVANCED_FACE('',(#1992),#1998,.T.);
#1992 = FACE_BOUND('',#1993,.T.);
#1993 = EDGE_LOOP('',(#1994,#1995,#1996,#1997));
#1994 = ORIENTED_EDGE('',*,*,#1967,.F.);
#1995 = ORIENTED_EDGE('',*,*,#1895,.T.);
#1996 = ORIENTED_EDGE('',*,*,#1919,.T.);
#1997 = ORIENTED_EDGE('',*,*,#1943,.F.);
#1998 = PLANE('',#1999);
#1999 = AXIS2_PLACEMENT_3D('',#2000,#2001,#2002);
#2000 = CARTESIAN_POINT('',(7.8,-4.,0.85));
#2001 = DIRECTION('',(0.,0.,1.));
#2002 = DIRECTION('',(1.,0.,0.));
#2003 = ( GEOMETRIC_REPRESENTATION_CONTEXT(3)
GLOBAL_UNCERTAINTY_ASSIGNED_CONTEXT((#2007))
GLOBAL_UNIT_ASSIGNED_CONTEXT((#2004,#2005,#2006)) REPRESENTATION_CONTEXT
('Context #1','3D Context with UNIT and UNCERTAINTY') );
#2004 = ( LENGTH_UNIT() NAMED_UNIT(*) SI_UNIT(.MILLI.,.METRE.) );
#2005 = ( NAMED_UNIT(*) PLANE_ANGLE_UNIT() SI_UNIT($,.RADIAN.) );
#2006 = ( NAMED_UNIT(*) SI_UNIT($,.STERADIAN.) SOLID_ANGLE_UNIT() );
#2007 = UNCERTAINTY_MEASURE_WITH_UNIT(LENGTH_MEASURE(1.E-07),#2004,
  'distance_accuracy_value','confusion accuracy');
#2008 = CONTEXT_DEPENDENT_SHAPE_REPRESENTATION(#2009,#2011);
#2009 = ( REPRESENTATION_RELATIONSHIP('','',#1428,#10)
REPRESENTATION_RELATIONSHIP_WITH_TRANSFORMATION(#2010)
SHAPE_REPRESENTATION_RELATIONSHIP() );
#2010 = ITEM_DEFINED_TRANSFORMATION('','',#11,#47);
#2011 = PRODUCT_DEFINITION_SHAPE('Placement','Placement of an item',
  #2012);
#2012 = NEXT_ASSEMBLY_USAGE_OCCURRENCE('41','holder','',#5,#1423,$);
#2013 = PRODUCT_RELATED_PRODUCT_CATEGORY('part',$,(#1425));
#2014 = SHAPE_DEFINITION_REPRESENTATION(#2015,#2021);
#2015 = PRODUCT_DEFINITION_SHAPE('','',#2016);
#2016 = PRODUCT_DEFINITION('design','',#2017,#2020);
#2017 = PRODUCT_DEFINITION_FORMATION('','',#2018);
#2018 = PRODUCT('mini_10A_body','mini_10A_body','',(#2019));
#2019 = PRODUCT_CONTEXT('',#2,'mechanical');
#2020 = PRODUCT_DEFINITION_CONTEXT('part definition',#2,'design');
#2021 = ADVANCED_BREP_SHAPE_REPRESENTATION('',(#11,#2022),#2172);
#2022 = MANIFOLD_SOLID_BREP('',#2023);
#2023 = CLOSED_SHELL('',(#2024,#2064,#2104,#2126,#2148,#2160));
#2024 = ADVANCED_FACE('',(#2025),#2059,.F.);
#2025 = FACE_BOUND('',#2026,.F.);
#2026 = EDGE_LOOP('',(#2027,#2037,#2045,#2053));
#2027 = ORIENTED_EDGE('',*,*,#2028,.F.);
#2028 = EDGE_CURVE('',#2029,#2031,#2033,.T.);
#2029 = VERTEX_POINT('',#2030);
#2030 = CARTESIAN_POINT('',(-0.55,-3.6,8.35));
#2031 = VERTEX_POINT('',#2032);
#2032 = CARTESIAN_POINT('',(-0.55,-3.6,17.15));
#2033 = LINE('',#2034,#2035);
#2034 = CARTESIAN_POINT('',(-0.55,-3.6,8.35));
#2035 = VECTOR('',#2036,1.);
#2036 = DIRECTION('',(0.,0.,1.));
#2037 = ORIENTED_EDGE('',*,*,#2038,.T.);
#2038 = EDGE_CURVE('',#2029,#2039,#2041,.T.);
#2039 = VERTEX_POINT('',#2040);
#2040 = CARTESIAN_POINT('',(-0.55,0.2,8.35));
#2041 = LINE('',#2042,#2043);
#2042 = CARTESIAN_POINT('',(-0.55,-3.6,8.35));
#2043 = VECTOR('',#2044,1.);
#2044 = DIRECTION('',(0.,1.,0.));
#2045 = ORIENTED_EDGE('',*,*,#2046,.T.);
#2046 = EDGE_CURVE('',#2039,#2047,#2049,.T.);
#2047 = VERTEX_POINT('',#2048);
#2048 = CARTESIAN_POINT('',(-0.55,0.2,17.15));
#2049 = LINE('',#2050,#2051);
#2050 = CARTESIAN_POINT('',(-0.55,0.2,8.35));
#2051 = VECTOR('',#2052,1.);
#2052 = DIRECTION('',(0.,0.,1.));
#2053 = ORIENTED_EDGE('',*,*,#2054,.F.);
#2054 = EDGE_CURVE('',#2031,#2047,#2055,.T.);
#2055 = LINE('',#2056,#2057);
#2056 = CARTESIAN_POINT('',(-0.55,-3.6,17.15));
#2057 = VECTOR('',#2058,1.);
#2058 = DIRECTION('',(0.,1.,0.));
#2059 = PLANE('',#2060);
#2060 = AXIS2_PLACEMENT_3D('',#2061,#2062,#2063);
#2061 = CARTESIAN_POINT('',(-0.55,-3.6,8.35));
#2062 = DIRECTION('',(1.,0.,0.));
#2063 = DIRECTION('',(0.,0.,1.));
#2064 = ADVANCED_FACE('',(#2065),#2099,.T.);
#2065 = FACE_BOUND('',#2066,.T.);
#2066 = EDGE_LOOP('',(#2067,#2077,#2085,#2093));
#2067 = ORIENTED_EDGE('',*,*,#2068,.F.);
#2068 = EDGE_CURVE('',#2069,#2071,#2073,.T.);
#2069 = VERTEX_POINT('',#2070);
#2070 = CARTESIAN_POINT('',(10.35,-3.6,8.35));
#2071 = VERTEX_POINT('',#2072);
#2072 = CARTESIAN_POINT('',(10.35,-3.6,17.15));
#2073 = LINE('',#2074,#2075);
#2074 = CARTESIAN_POINT('',(10.35,-3.6,8.35));
#2075 = VECTOR('',#2076,1.);
#2076 = DIRECTION('',(0.,0.,1.));
#2077 = ORIENTED_EDGE('',*,*,#2078,.T.);
#2078 = EDGE_CURVE('',#2069,#2079,#2081,.T.);
#2079 = VERTEX_POINT('',#2080);
#2080 = CARTESIAN_POINT('',(10.35,0.2,8.35));
#2081 = LINE('',#2082,#2083);
#2082 = CARTESIAN_POINT('',(10.35,-3.6,8.35));
#2083 = VECTOR('',#2084,1.);
#2084 = DIRECTION('',(0.,1.,0.));
#2085 = ORIENTED_EDGE('',*,*,#2086,.T.);
#2086 = EDGE_CURVE('',#2079,#2087,#2089,.T.);
#2087 = VERTEX_POINT('',#2088);
#2088 = CARTESIAN_POINT('',(10.35,0.2,17.15));
#2089 = LINE('',#2090,#2091);
#2090 = CARTESIAN_POINT('',(10.35,0.2,8.35));
#2091 = VECTOR('',#2092,1.);
#2092 = DIRECTION('',(0.,0.,1.));
#2093 = ORIENTED_EDGE('',*,*,#2094,.F.);
#2094 = EDGE_CURVE('',#2071,#2087,#2095,.T.);
#2095 = LINE('',#2096,#2097);
#2096 = CARTESIAN_POINT('',(10.35,-3.6,17.15));
#2097 = VECTOR('',#2098,1.);
#2098 = DIRECTION('',(0.,1.,0.));
#2099 = PLANE('',#2100);
#2100 = AXIS2_PLACEMENT_3D('',#2101,#2102,#2103);
#2101 = CARTESIAN_POINT('',(10.35,-3.6,8.35));
#2102 = DIRECTION('',(1.,0.,0.));
#2103 = DIRECTION('',(0.,0.,1.));
#2104 = ADVANCED_FACE('',(#2105),#2121,.F.);
#2105 = FACE_BOUND('',#2106,.F.);
#2106 = EDGE_LOOP('',(#2107,#2113,#2114,#2120));
#2107 = ORIENTED_EDGE('',*,*,#2108,.F.);
#2108 = EDGE_CURVE('',#2029,#2069,#2109,.T.);
#2109 = LINE('',#2110,#2111);
#2110 = CARTESIAN_POINT('',(-0.55,-3.6,8.35));
#2111 = VECTOR('',#2112,1.);
#2112 = DIRECTION('',(1.,0.,0.));
#2113 = ORIENTED_EDGE('',*,*,#2028,.T.);
#2114 = ORIENTED_EDGE('',*,*,#2115,.T.);
#2115 = EDGE_CURVE('',#2031,#2071,#2116,.T.);
#2116 = LINE('',#2117,#2118);
#2117 = CARTESIAN_POINT('',(-0.55,-3.6,17.15));
#2118 = VECTOR('',#2119,1.);
#2119 = DIRECTION('',(1.,0.,0.));
#2120 = ORIENTED_EDGE('',*,*,#2068,.F.);
#2121 = PLANE('',#2122);
#2122 = AXIS2_PLACEMENT_3D('',#2123,#2124,#2125);
#2123 = CARTESIAN_POINT('',(-0.55,-3.6,8.35));
#2124 = DIRECTION('',(0.,1.,0.));
#2125 = DIRECTION('',(0.,0.,1.));
#2126 = ADVANCED_FACE('',(#2127),#2143,.T.);
#2127 = FACE_BOUND('',#2128,.T.);
#2128 = EDGE_LOOP('',(#2129,#2135,#2136,#2142));
#2129 = ORIENTED_EDGE('',*,*,#2130,.F.);
#2130 = EDGE_CURVE('',#2039,#2079,#2131,.T.);
#2131 = LINE('',#2132,#2133);
#2132 = CARTESIAN_POINT('',(-0.55,0.2,8.35));
#2133 = VECTOR('',#2134,1.);
#2134 = DIRECTION('',(1.,0.,0.));
#2135 = ORIENTED_EDGE('',*,*,#2046,.T.);
#2136 = ORIENTED_EDGE('',*,*,#2137,.T.);
#2137 = EDGE_CURVE('',#2047,#2087,#2138,.T.);
#2138 = LINE('',#2139,#2140);
#2139 = CARTESIAN_POINT('',(-0.55,0.2,17.15));
#2140 = VECTOR('',#2141,1.);
#2141 = DIRECTION('',(1.,0.,0.));
#2142 = ORIENTED_EDGE('',*,*,#2086,.F.);
#2143 = PLANE('',#2144);
#2144 = AXIS2_PLACEMENT_3D('',#2145,#2146,#2147);
#2145 = CARTESIAN_POINT('',(-0.55,0.2,8.35));
#2146 = DIRECTION('',(0.,1.,0.));
#2147 = DIRECTION('',(0.,0.,1.));
#2148 = ADVANCED_FACE('',(#2149),#2155,.F.);
#2149 = FACE_BOUND('',#2150,.F.);
#2150 = EDGE_LOOP('',(#2151,#2152,#2153,#2154));
#2151 = ORIENTED_EDGE('',*,*,#2038,.F.);
#2152 = ORIENTED_EDGE('',*,*,#2108,.T.);
#2153 = ORIENTED_EDGE('',*,*,#2078,.T.);
#2154 = ORIENTED_EDGE('',*,*,#2130,.F.);
#2155 = PLANE('',#2156);
#2156 = AXIS2_PLACEMENT_3D('',#2157,#2158,#2159);
#2157 = CARTESIAN_POINT('',(-0.55,-3.6,8.35));
#2158 = DIRECTION('',(0.,0.,1.));
#2159 = DIRECTION('',(1.,0.,0.));
#2160 = ADVANCED_FACE('',(#2161),#2167,.T.);
#2161 = FACE_BOUND('',#2162,.T.);
#2162 = EDGE_LOOP('',(#2163,#2164,#2165,#2166));
#2163 = ORIENTED_EDGE('',*,*,#2054,.F.);
#2164 = ORIENTED_EDGE('',*,*,#2115,.T.);
#2165 = ORIENTED_EDGE('',*,*,#2094,.T.);
#2166 = ORIENTED_EDGE('',*,*,#2137,.F.);
#2167 = PLANE('',#2168);
#2168 = AXIS2_PLACEMENT_3D('',#2169,#2170,#2171);
#2169 = CARTESIAN_POINT('',(-0.55,-3.6,17.15));
#2170 = DIRECTION('',(0.,0.,1.));
#2171 = DIRECTION('',(1.,0.,0.));
#2172 = ( GEOMETRIC_REPRESENTATION_CONTEXT(3)
GLOBAL_UNCERTAINTY_ASSIGNED_CONTEXT((#2176))
GLOBAL_UNIT_ASSIGNED_CONTEXT((#2173,#2174,#2175)) REPRESENTATION_CONTEXT
('Context #1','3D Context with UNIT and UNCERTAINTY') );
#2173 = ( LENGTH_UNIT() NAMED_UNIT(*) SI_UNIT(.MILLI.,.METRE.) );
#2174 = ( NAMED_UNIT(*) PLANE_ANGLE_UNIT() SI_UNIT($,.RADIAN.) );
#2175 = ( NAMED_UNIT(*) SI_UNIT($,.STERADIAN.) SOLID_ANGLE_UNIT() );
#2176 = UNCERTAINTY_MEASURE_WITH_UNIT(LENGTH_MEASURE(1.E-07),#2173,
  'distance_accuracy_value','confusion accuracy');
#2177 = CONTEXT_DEPENDENT_SHAPE_REPRESENTATION(#2178,#2180);
#2178 = ( REPRESENTATION_RELATIONSHIP('','',#2021,#10)
REPRESENTATION_RELATIONSHIP_WITH_TRANSFORMATION(#2179)
SHAPE_REPRESENTATION_RELATIONSHIP() );
#2179 = ITEM_DEFINED_TRANSFORMATION('','',#11,#51);
#2180 = PRODUCT_DEFINITION_SHAPE('Placement','Placement of an item',
  #2181);
#2181 = NEXT_ASSEMBLY_USAGE_OCCURRENCE('42','mini_10A_body','',#5,#2016,
  $);
#2182 = PRODUCT_RELATED_PRODUCT_CATEGORY('part',$,(#2018));
#2183 = SHAPE_DEFINITION_REPRESENTATION(#2184,#2190);
#2184 = PRODUCT_DEFINITION_SHAPE('','',#2185);
#2185 = PRODUCT_DEFINITION('design','',#2186,#2189);
#2186 = PRODUCT_DEFINITION_FORMATION('','',#2187);
#2187 = PRODUCT('mini_blade_1','mini_blade_1','',(#2188));
#2188 = PRODUCT_CONTEXT('',#2,'mechanical');
#2189 = PRODUCT_DEFINITION_CONTEXT('part definition',#2,'design');
#2190 = ADVANCED_BREP_SHAPE_REPRESENTATION('',(#11,#2191),#2341);
#2191 = MANIFOLD_SOLID_BREP('',#2192);
#2192 = CLOSED_SHELL('',(#2193,#2233,#2273,#2295,#2317,#2329));
#2193 = ADVANCED_FACE('',(#2194),#2228,.F.);
#2194 = FACE_BOUND('',#2195,.F.);
#2195 = EDGE_LOOP('',(#2196,#2206,#2214,#2222));
#2196 = ORIENTED_EDGE('',*,*,#2197,.F.);
#2197 = EDGE_CURVE('',#2198,#2200,#2202,.T.);
#2198 = VERTEX_POINT('',#2199);
#2199 = CARTESIAN_POINT('',(-0.55,-2.1125,0.85));
#2200 = VERTEX_POINT('',#2201);
#2201 = CARTESIAN_POINT('',(-0.55,-2.1125,8.35));
#2202 = LINE('',#2203,#2204);
#2203 = CARTESIAN_POINT('',(-0.55,-2.1125,0.85));
#2204 = VECTOR('',#2205,1.);
#2205 = DIRECTION('',(0.,0.,1.));
#2206 = ORIENTED_EDGE('',*,*,#2207,.T.);
#2207 = EDGE_CURVE('',#2198,#2208,#2210,.T.);
#2208 = VERTEX_POINT('',#2209);
#2209 = CARTESIAN_POINT('',(-0.55,-1.2875,0.85));
#2210 = LINE('',#2211,#2212);
#2211 = CARTESIAN_POINT('',(-0.55,-2.1125,0.85));
#2212 = VECTOR('',#2213,1.);
#2213 = DIRECTION('',(0.,1.,0.));
#2214 = ORIENTED_EDGE('',*,*,#2215,.T.);
#2215 = EDGE_CURVE('',#2208,#2216,#2218,.T.);
#2216 = VERTEX_POINT('',#2217);
#2217 = CARTESIAN_POINT('',(-0.55,-1.2875,8.35));
#2218 = LINE('',#2219,#2220);
#2219 = CARTESIAN_POINT('',(-0.55,-1.2875,0.85));
#2220 = VECTOR('',#2221,1.);
#2221 = DIRECTION('',(0.,0.,1.));
#2222 = ORIENTED_EDGE('',*,*,#2223,.F.);
#2223 = EDGE_CURVE('',#2200,#2216,#2224,.T.);
#2224 = LINE('',#2225,#2226);
#2225 = CARTESIAN_POINT('',(-0.55,-2.1125,8.35));
#2226 = VECTOR('',#2227,1.);
#2227 = DIRECTION('',(0.,1.,0.));
#2228 = PLANE('',#2229);
#2229 = AXIS2_PLACEMENT_3D('',#2230,#2231,#2232);
#2230 = CARTESIAN_POINT('',(-0.55,-2.1125,0.85));
#2231 = DIRECTION('',(1.,0.,0.));
#2232 = DIRECTION('',(0.,0.,1.));
#2233 = ADVANCED_FACE('',(#2234),#2268,.T.);
#2234 = FACE_BOUND('',#2235,.T.);
#2235 = EDGE_LOOP('',(#2236,#2246,#2254,#2262));
#2236 = ORIENTED_EDGE('',*,*,#2237,.F.);
#2237 = EDGE_CURVE('',#2238,#2240,#2242,.T.);
#2238 = VERTEX_POINT('',#2239);
#2239 = CARTESIAN_POINT('',(2.25,-2.1125,0.85));
#2240 = VERTEX_POINT('',#2241);
#2241 = CARTESIAN_POINT('',(2.25,-2.1125,8.35));
#2242 = LINE('',#2243,#2244);
#2243 = CARTESIAN_POINT('',(2.25,-2.1125,0.85));
#2244 = VECTOR('',#2245,1.);
#2245 = DIRECTION('',(0.,0.,1.));
#2246 = ORIENTED_EDGE('',*,*,#2247,.T.);
#2247 = EDGE_CURVE('',#2238,#2248,#2250,.T.);
#2248 = VERTEX_POINT('',#2249);
#2249 = CARTESIAN_POINT('',(2.25,-1.2875,0.85));
#2250 = LINE('',#2251,#2252);
#2251 = CARTESIAN_POINT('',(2.25,-2.1125,0.85));
#2252 = VECTOR('',#2253,1.);
#2253 = DIRECTION('',(0.,1.,0.));
#2254 = ORIENTED_EDGE('',*,*,#2255,.T.);
#2255 = EDGE_CURVE('',#2248,#2256,#2258,.T.);
#2256 = VERTEX_POINT('',#2257);
#2257 = CARTESIAN_POINT('',(2.25,-1.2875,8.35));
#2258 = LINE('',#2259,#2260);
#2259 = CARTESIAN_POINT('',(2.25,-1.2875,0.85));
#2260 = VECTOR('',#2261,1.);
#2261 = DIRECTION('',(0.,0.,1.));
#2262 = ORIENTED_EDGE('',*,*,#2263,.F.);
#2263 = EDGE_CURVE('',#2240,#2256,#2264,.T.);
#2264 = LINE('',#2265,#2266);
#2265 = CARTESIAN_POINT('',(2.25,-2.1125,8.35));
#2266 = VECTOR('',#2267,1.);
#2267 = DIRECTION('',(0.,1.,0.));
#2268 = PLANE('',#2269);
#2269 = AXIS2_PLACEMENT_3D('',#2270,#2271,#2272);
#2270 = CARTESIAN_POINT('',(2.25,-2.1125,0.85));
#2271 = DIRECTION('',(1.,0.,0.));
#2272 = DIRECTION('',(0.,0.,1.));
#2273 = ADVANCED_FACE('',(#2274),#2290,.F.);
#2274 = FACE_BOUND('',#2275,.F.);
#2275 = EDGE_LOOP('',(#2276,#2282,#2283,#2289));
#2276 = ORIENTED_EDGE('',*,*,#2277,.F.);
#2277 = EDGE_CURVE('',#2198,#2238,#2278,.T.);
#2278 = LINE('',#2279,#2280);
#2279 = CARTESIAN_POINT('',(-0.55,-2.1125,0.85));
#2280 = VECTOR('',#2281,1.);
#2281 = DIRECTION('',(1.,0.,0.));
#2282 = ORIENTED_EDGE('',*,*,#2197,.T.);
#2283 = ORIENTED_EDGE('',*,*,#2284,.T.);
#2284 = EDGE_CURVE('',#2200,#2240,#2285,.T.);
#2285 = LINE('',#2286,#2287);
#2286 = CARTESIAN_POINT('',(-0.55,-2.1125,8.35));
#2287 = VECTOR('',#2288,1.);
#2288 = DIRECTION('',(1.,0.,0.));
#2289 = ORIENTED_EDGE('',*,*,#2237,.F.);
#2290 = PLANE('',#2291);
#2291 = AXIS2_PLACEMENT_3D('',#2292,#2293,#2294);
#2292 = CARTESIAN_POINT('',(-0.55,-2.1125,0.85));
#2293 = DIRECTION('',(0.,1.,0.));
#2294 = DIRECTION('',(0.,0.,1.));
#2295 = ADVANCED_FACE('',(#2296),#2312,.T.);
#2296 = FACE_BOUND('',#2297,.T.);
#2297 = EDGE_LOOP('',(#2298,#2304,#2305,#2311));
#2298 = ORIENTED_EDGE('',*,*,#2299,.F.);
#2299 = EDGE_CURVE('',#2208,#2248,#2300,.T.);
#2300 = LINE('',#2301,#2302);
#2301 = CARTESIAN_POINT('',(-0.55,-1.2875,0.85));
#2302 = VECTOR('',#2303,1.);
#2303 = DIRECTION('',(1.,0.,0.));
#2304 = ORIENTED_EDGE('',*,*,#2215,.T.);
#2305 = ORIENTED_EDGE('',*,*,#2306,.T.);
#2306 = EDGE_CURVE('',#2216,#2256,#2307,.T.);
#2307 = LINE('',#2308,#2309);
#2308 = CARTESIAN_POINT('',(-0.55,-1.2875,8.35));
#2309 = VECTOR('',#2310,1.);
#2310 = DIRECTION('',(1.,0.,0.));
#2311 = ORIENTED_EDGE('',*,*,#2255,.F.);
#2312 = PLANE('',#2313);
#2313 = AXIS2_PLACEMENT_3D('',#2314,#2315,#2316);
#2314 = CARTESIAN_POINT('',(-0.55,-1.2875,0.85));
#2315 = DIRECTION('',(0.,1.,0.));
#2316 = DIRECTION('',(0.,0.,1.));
#2317 = ADVANCED_FACE('',(#2318),#2324,.F.);
#2318 = FACE_BOUND('',#2319,.F.);
#2319 = EDGE_LOOP('',(#2320,#2321,#2322,#2323));
#2320 = ORIENTED_EDGE('',*,*,#2207,.F.);
#2321 = ORIENTED_EDGE('',*,*,#2277,.T.);
#2322 = ORIENTED_EDGE('',*,*,#2247,.T.);
#2323 = ORIENTED_EDGE('',*,*,#2299,.F.);
#2324 = PLANE('',#2325);
#2325 = AXIS2_PLACEMENT_3D('',#2326,#2327,#2328);
#2326 = CARTESIAN_POINT('',(-0.55,-2.1125,0.85));
#2327 = DIRECTION('',(0.,0.,1.));
#2328 = DIRECTION('',(1.,0.,0.));
#2329 = ADVANCED_FACE('',(#2330),#2336,.T.);
#2330 = FACE_BOUND('',#2331,.T.);
#2331 = EDGE_LOOP('',(#2332,#2333,#2334,#2335));
#2332 = ORIENTED_EDGE('',*,*,#2223,.F.);
#2333 = ORIENTED_EDGE('',*,*,#2284,.T.);
#2334 = ORIENTED_EDGE('',*,*,#2263,.T.);
#2335 = ORIENTED_EDGE('',*,*,#2306,.F.);
#2336 = PLANE('',#2337);
#2337 = AXIS2_PLACEMENT_3D('',#2338,#2339,#2340);
#2338 = CARTESIAN_POINT('',(-0.55,-2.1125,8.35));
#2339 = DIRECTION('',(0.,0.,1.));
#2340 = DIRECTION('',(1.,0.,0.));
#2341 = ( GEOMETRIC_REPRESENTATION_CONTEXT(3)
GLOBAL_UNCERTAINTY_ASSIGNED_CONTEXT((#2345))
GLOBAL_UNIT_ASSIGNED_CONTEXT((#2342,#2343,#2344)) REPRESENTATION_CONTEXT
('Context #1','3D Context with UNIT and UNCERTAINTY') );
#2342 = ( LENGTH_UNIT() NAMED_UNIT(*) SI_UNIT(.MILLI.,.METRE.) );
#2343 = ( NAMED_UNIT(*) PLANE_ANGLE_UNIT() SI_UNIT($,.RADIAN.) );
#2344 = ( NAMED_UNIT(*) SI_UNIT($,.STERADIAN.) SOLID_ANGLE_UNIT() );
#2345 = UNCERTAINTY_MEASURE_WITH_UNIT(LENGTH_MEASURE(1.E-07),#2342,
  'distance_accuracy_value','confusion accuracy');
#2346 = CONTEXT_DEPENDENT_SHAPE_REPRESENTATION(#2347,#2349);
#2347 = ( REPRESENTATION_RELATIONSHIP('','',#2190,#10)
REPRESENTATION_RELATIONSHIP_WITH_TRANSFORMATION(#2348)
SHAPE_REPRESENTATION_RELATIONSHIP() );
#2348 = ITEM_DEFINED_TRANSFORMATION('','',#11,#55);
#2349 = PRODUCT_DEFINITION_SHAPE('Placement','Placement of an item',
  #2350);
#2350 = NEXT_ASSEMBLY_USAGE_OCCURRENCE('43','mini_blade_1','',#5,#2185,$
  );
#2351 = PRODUCT_RELATED_PRODUCT_CATEGORY('part',$,(#2187));
#2352 = SHAPE_DEFINITION_REPRESENTATION(#2353,#2359);
#2353 = PRODUCT_DEFINITION_SHAPE('','',#2354);
#2354 = PRODUCT_DEFINITION('design','',#2355,#2358);
#2355 = PRODUCT_DEFINITION_FORMATION('','',#2356);
#2356 = PRODUCT('mini_blade_2','mini_blade_2','',(#2357));
#2357 = PRODUCT_CONTEXT('',#2,'mechanical');
#2358 = PRODUCT_DEFINITION_CONTEXT('part definition',#2,'design');
#2359 = ADVANCED_BREP_SHAPE_REPRESENTATION('',(#11,#2360),#2510);
#2360 = MANIFOLD_SOLID_BREP('',#2361);
#2361 = CLOSED_SHELL('',(#2362,#2402,#2442,#2464,#2486,#2498));
#2362 = ADVANCED_FACE('',(#2363),#2397,.F.);
#2363 = FACE_BOUND('',#2364,.F.);
#2364 = EDGE_LOOP('',(#2365,#2375,#2383,#2391));
#2365 = ORIENTED_EDGE('',*,*,#2366,.F.);
#2366 = EDGE_CURVE('',#2367,#2369,#2371,.T.);
#2367 = VERTEX_POINT('',#2368);
#2368 = CARTESIAN_POINT('',(7.55,-2.1125,0.85));
#2369 = VERTEX_POINT('',#2370);
#2370 = CARTESIAN_POINT('',(7.55,-2.1125,8.35));
#2371 = LINE('',#2372,#2373);
#2372 = CARTESIAN_POINT('',(7.55,-2.1125,0.85));
#2373 = VECTOR('',#2374,1.);
#2374 = DIRECTION('',(0.,0.,1.));
#2375 = ORIENTED_EDGE('',*,*,#2376,.T.);
#2376 = EDGE_CURVE('',#2367,#2377,#2379,.T.);
#2377 = VERTEX_POINT('',#2378);
#2378 = CARTESIAN_POINT('',(7.55,-1.2875,0.85));
#2379 = LINE('',#2380,#2381);
#2380 = CARTESIAN_POINT('',(7.55,-2.1125,0.85));
#2381 = VECTOR('',#2382,1.);
#2382 = DIRECTION('',(0.,1.,0.));
#2383 = ORIENTED_EDGE('',*,*,#2384,.T.);
#2384 = EDGE_CURVE('',#2377,#2385,#2387,.T.);
#2385 = VERTEX_POINT('',#2386);
#2386 = CARTESIAN_POINT('',(7.55,-1.2875,8.35));
#2387 = LINE('',#2388,#2389);
#2388 = CARTESIAN_POINT('',(7.55,-1.2875,0.85));
#2389 = VECTOR('',#2390,1.);
#2390 = DIRECTION('',(0.,0.,1.));
#2391 = ORIENTED_EDGE('',*,*,#2392,.F.);
#2392 = EDGE_CURVE('',#2369,#2385,#2393,.T.);
#2393 = LINE('',#2394,#2395);
#2394 = CARTESIAN_POINT('',(7.55,-2.1125,8.35));
#2395 = VECTOR('',#2396,1.);
#2396 = DIRECTION('',(0.,1.,0.));
#2397 = PLANE('',#2398);
#2398 = AXIS2_PLACEMENT_3D('',#2399,#2400,#2401);
#2399 = CARTESIAN_POINT('',(7.55,-2.1125,0.85));
#2400 = DIRECTION('',(1.,0.,0.));
#2401 = DIRECTION('',(0.,0.,1.));
#2402 = ADVANCED_FACE('',(#2403),#2437,.T.);
#2403 = FACE_BOUND('',#2404,.T.);
#2404 = EDGE_LOOP('',(#2405,#2415,#2423,#2431));
#2405 = ORIENTED_EDGE('',*,*,#2406,.F.);
#2406 = EDGE_CURVE('',#2407,#2409,#2411,.T.);
#2407 = VERTEX_POINT('',#2408);
#2408 = CARTESIAN_POINT('',(10.35,-2.1125,0.85));
#2409 = VERTEX_POINT('',#2410);
#2410 = CARTESIAN_POINT('',(10.35,-2.1125,8.35));
#2411 = LINE('',#2412,#2413);
#2412 = CARTESIAN_POINT('',(10.35,-2.1125,0.85));
#2413 = VECTOR('',#2414,1.);
#2414 = DIRECTION('',(0.,0.,1.));
#2415 = ORIENTED_EDGE('',*,*,#2416,.T.);
#2416 = EDGE_CURVE('',#2407,#2417,#2419,.T.);
#2417 = VERTEX_POINT('',#2418);
#2418 = CARTESIAN_POINT('',(10.35,-1.2875,0.85));
#2419 = LINE('',#2420,#2421);
#2420 = CARTESIAN_POINT('',(10.35,-2.1125,0.85));
#2421 = VECTOR('',#2422,1.);
#2422 = DIRECTION('',(0.,1.,0.));
#2423 = ORIENTED_EDGE('',*,*,#2424,.T.);
#2424 = EDGE_CURVE('',#2417,#2425,#2427,.T.);
#2425 = VERTEX_POINT('',#2426);
#2426 = CARTESIAN_POINT('',(10.35,-1.2875,8.35));
#2427 = LINE('',#2428,#2429);
#2428 = CARTESIAN_POINT('',(10.35,-1.2875,0.85));
#2429 = VECTOR('',#2430,1.);
#2430 = DIRECTION('',(0.,0.,1.));
#2431 = ORIENTED_EDGE('',*,*,#2432,.F.);
#2432 = EDGE_CURVE('',#2409,#2425,#2433,.T.);
#2433 = LINE('',#2434,#2435);
#2434 = CARTESIAN_POINT('',(10.35,-2.1125,8.35));
#2435 = VECTOR('',#2436,1.);
#2436 = DIRECTION('',(0.,1.,0.));
#2437 = PLANE('',#2438);
#2438 = AXIS2_PLACEMENT_3D('',#2439,#2440,#2441);
#2439 = CARTESIAN_POINT('',(10.35,-2.1125,0.85));
#2440 = DIRECTION('',(1.,0.,0.));
#2441 = DIRECTION('',(0.,0.,1.));
#2442 = ADVANCED_FACE('',(#2443),#2459,.F.);
#2443 = FACE_BOUND('',#2444,.F.);
#2444 = EDGE_LOOP('',(#2445,#2451,#2452,#2458));
#2445 = ORIENTED_EDGE('',*,*,#2446,.F.);
#2446 = EDGE_CURVE('',#2367,#2407,#2447,.T.);
#2447 = LINE('',#2448,#2449);
#2448 = CARTESIAN_POINT('',(7.55,-2.1125,0.85));
#2449 = VECTOR('',#2450,1.);
#2450 = DIRECTION('',(1.,0.,0.));
#2451 = ORIENTED_EDGE('',*,*,#2366,.T.);
#2452 = ORIENTED_EDGE('',*,*,#2453,.T.);
#2453 = EDGE_CURVE('',#2369,#2409,#2454,.T.);
#2454 = LINE('',#2455,#2456);
#2455 = CARTESIAN_POINT('',(7.55,-2.1125,8.35));
#2456 = VECTOR('',#2457,1.);
#2457 = DIRECTION('',(1.,0.,0.));
#2458 = ORIENTED_EDGE('',*,*,#2406,.F.);
#2459 = PLANE('',#2460);
#2460 = AXIS2_PLACEMENT_3D('',#2461,#2462,#2463);
#2461 = CARTESIAN_POINT('',(7.55,-2.1125,0.85));
#2462 = DIRECTION('',(0.,1.,0.));
#2463 = DIRECTION('',(0.,0.,1.));
#2464 = ADVANCED_FACE('',(#2465),#2481,.T.);
#2465 = FACE_BOUND('',#2466,.T.);
#2466 = EDGE_LOOP('',(#2467,#2473,#2474,#2480));
#2467 = ORIENTED_EDGE('',*,*,#2468,.F.);
#2468 = EDGE_CURVE('',#2377,#2417,#2469,.T.);
#2469 = LINE('',#2470,#2471);
#2470 = CARTESIAN_POINT('',(7.55,-1.2875,0.85));
#2471 = VECTOR('',#2472,1.);
#2472 = DIRECTION('',(1.,0.,0.));
#2473 = ORIENTED_EDGE('',*,*,#2384,.T.);
#2474 = ORIENTED_EDGE('',*,*,#2475,.T.);
#2475 = EDGE_CURVE('',#2385,#2425,#2476,.T.);
#2476 = LINE('',#2477,#2478);
#2477 = CARTESIAN_POINT('',(7.55,-1.2875,8.35));
#2478 = VECTOR('',#2479,1.);
#2479 = DIRECTION('',(1.,0.,0.));
#2480 = ORIENTED_EDGE('',*,*,#2424,.F.);
#2481 = PLANE('',#2482);
#2482 = AXIS2_PLACEMENT_3D('',#2483,#2484,#2485);
#2483 = CARTESIAN_POINT('',(7.55,-1.2875,0.85));
#2484 = DIRECTION('',(0.,1.,0.));
#2485 = DIRECTION('',(0.,0.,1.));
#2486 = ADVANCED_FACE('',(#2487),#2493,.F.);
#2487 = FACE_BOUND('',#2488,.F.);
#2488 = EDGE_LOOP('',(#2489,#2490,#2491,#2492));
#2489 = ORIENTED_EDGE('',*,*,#2376,.F.);
#2490 = ORIENTED_EDGE('',*,*,#2446,.T.);
#2491 = ORIENTED_EDGE('',*,*,#2416,.T.);
#2492 = ORIENTED_EDGE('',*,*,#2468,.F.);
#2493 = PLANE('',#2494);
#2494 = AXIS2_PLACEMENT_3D('',#2495,#2496,#2497);
#2495 = CARTESIAN_POINT('',(7.55,-2.1125,0.85));
#2496 = DIRECTION('',(0.,0.,1.));
#2497 = DIRECTION('',(1.,0.,0.));
#2498 = ADVANCED_FACE('',(#2499),#2505,.T.);
#2499 = FACE_BOUND('',#2500,.T.);
#2500 = EDGE_LOOP('',(#2501,#2502,#2503,#2504));
#2501 = ORIENTED_EDGE('',*,*,#2392,.F.);
#2502 = ORIENTED_EDGE('',*,*,#2453,.T.);
#2503 = ORIENTED_EDGE('',*,*,#2432,.T.);
#2504 = ORIENTED_EDGE('',*,*,#2475,.F.);
#2505 = PLANE('',#2506);
#2506 = AXIS2_PLACEMENT_3D('',#2507,#2508,#2509);
#2507 = CARTESIAN_POINT('',(7.55,-2.1125,8.35));
#2508 = DIRECTION('',(0.,0.,1.));
#2509 = DIRECTION('',(1.,0.,0.));
#2510 = ( GEOMETRIC_REPRESENTATION_CONTEXT(3)
GLOBAL_UNCERTAINTY_ASSIGNED_CONTEXT((#2514))
GLOBAL_UNIT_ASSIGNED_CONTEXT((#2511,#2512,#2513)) REPRESENTATION_CONTEXT
('Context #1','3D Context with UNIT and UNCERTAINTY') );
#2511 = ( LENGTH_UNIT() NAMED_UNIT(*) SI_UNIT(.MILLI.,.METRE.) );
#2512 = ( NAMED_UNIT(*) PLANE_ANGLE_UNIT() SI_UNIT($,.RADIAN.) );
#2513 = ( NAMED_UNIT(*) SI_UNIT($,.STERADIAN.) SOLID_ANGLE_UNIT() );
#2514 = UNCERTAINTY_MEASURE_WITH_UNIT(LENGTH_MEASURE(1.E-07),#2511,
  'distance_accuracy_value','confusion accuracy');
#2515 = CONTEXT_DEPENDENT_SHAPE_REPRESENTATION(#2516,#2518);
#2516 = ( REPRESENTATION_RELATIONSHIP('','',#2359,#10)
REPRESENTATION_RELATIONSHIP_WITH_TRANSFORMATION(#2517)
SHAPE_REPRESENTATION_RELATIONSHIP() );
#2517 = ITEM_DEFINED_TRANSFORMATION('','',#11,#59);
#2518 = PRODUCT_DEFINITION_SHAPE('Placement','Placement of an item',
  #2519);
#2519 = NEXT_ASSEMBLY_USAGE_OCCURRENCE('44','mini_blade_2','',#5,#2354,$
  );
#2520 = PRODUCT_RELATED_PRODUCT_CATEGORY('part',$,(#2356));
#2521 = MECHANICAL_DESIGN_GEOMETRIC_PRESENTATION_REPRESENTATION('',(
    #2522),#2341);
#2522 = STYLED_ITEM('color',(#2523),#2191);
#2523 = PRESENTATION_STYLE_ASSIGNMENT((#2524));
#2524 = SURFACE_STYLE_USAGE(.BOTH.,#2525);
#2525 = SURFACE_SIDE_STYLE('',(#2526));
#2526 = SURFACE_STYLE_FILL_AREA(#2527);
#2527 = FILL_AREA_STYLE('',(#2528));
#2528 = FILL_AREA_STYLE_COLOUR('',#2529);
#2529 = COLOUR_RGB('',0.720000003324,0.729999995167,0.750000000934);
#2530 = MECHANICAL_DESIGN_GEOMETRIC_PRESENTATION_REPRESENTATION('',(
    #2531),#565);
#2531 = STYLED_ITEM('color',(#2532),#415);
#2532 = PRESENTATION_STYLE_ASSIGNMENT((#2533));
#2533 = SURFACE_STYLE_USAGE(.BOTH.,#2534);
#2534 = SURFACE_SIDE_STYLE('',(#2535));
#2535 = SURFACE_STYLE_FILL_AREA(#2536);
#2536 = FILL_AREA_STYLE('',(#2537));
#2537 = FILL_AREA_STYLE_COLOUR('',#2529);
#2538 = MECHANICAL_DESIGN_GEOMETRIC_PRESENTATION_REPRESENTATION('',(
    #2539),#1072);
#2539 = STYLED_ITEM('color',(#2540),#922);
#2540 = PRESENTATION_STYLE_ASSIGNMENT((#2541));
#2541 = SURFACE_STYLE_USAGE(.BOTH.,#2542);
#2542 = SURFACE_SIDE_STYLE('',(#2543));
#2543 = SURFACE_STYLE_FILL_AREA(#2544);
#2544 = FILL_AREA_STYLE('',(#2545));
#2545 = FILL_AREA_STYLE_COLOUR('',#2529);
#2546 = MECHANICAL_DESIGN_GEOMETRIC_PRESENTATION_REPRESENTATION('',(
    #2547),#396);
#2547 = STYLED_ITEM('color',(#2548),#246);
#2548 = PRESENTATION_STYLE_ASSIGNMENT((#2549));
#2549 = SURFACE_STYLE_USAGE(.BOTH.,#2550);
#2550 = SURFACE_SIDE_STYLE('',(#2551));
#2551 = SURFACE_STYLE_FILL_AREA(#2552);
#2552 = FILL_AREA_STYLE('',(#2553));
#2553 = FILL_AREA_STYLE_COLOUR('',#2529);
#2554 = MECHANICAL_DESIGN_GEOMETRIC_PRESENTATION_REPRESENTATION('',(
    #2555),#1410);
#2555 = STYLED_ITEM('color',(#2556),#1260);
#2556 = PRESENTATION_STYLE_ASSIGNMENT((#2557));
#2557 = SURFACE_STYLE_USAGE(.BOTH.,#2558);
#2558 = SURFACE_SIDE_STYLE('',(#2559));
#2559 = SURFACE_STYLE_FILL_AREA(#2560);
#2560 = FILL_AREA_STYLE('',(#2561));
#2561 = FILL_AREA_STYLE_COLOUR('',#2529);
#2562 = MECHANICAL_DESIGN_GEOMETRIC_PRESENTATION_REPRESENTATION('',(
    #2563),#903);
#2563 = STYLED_ITEM('color',(#2564),#753);
#2564 = PRESENTATION_STYLE_ASSIGNMENT((#2565));
#2565 = SURFACE_STYLE_USAGE(.BOTH.,#2566);
#2566 = SURFACE_SIDE_STYLE('',(#2567));
#2567 = SURFACE_STYLE_FILL_AREA(#2568);
#2568 = FILL_AREA_STYLE('',(#2569));
#2569 = FILL_AREA_STYLE_COLOUR('',#2529);
#2570 = MECHANICAL_DESIGN_GEOMETRIC_PRESENTATION_REPRESENTATION('',(
    #2571),#734);
#2571 = STYLED_ITEM('color',(#2572),#584);
#2572 = PRESENTATION_STYLE_ASSIGNMENT((#2573));
#2573 = SURFACE_STYLE_USAGE(.BOTH.,#2574);
#2574 = SURFACE_SIDE_STYLE('',(#2575));
#2575 = SURFACE_STYLE_FILL_AREA(#2576);
#2576 = FILL_AREA_STYLE('',(#2577));
#2577 = FILL_AREA_STYLE_COLOUR('',#2529);
#2578 = MECHANICAL_DESIGN_GEOMETRIC_PRESENTATION_REPRESENTATION('',(
    #2579),#2003);
#2579 = STYLED_ITEM('color',(#2580),#1429);
#2580 = PRESENTATION_STYLE_ASSIGNMENT((#2581));
#2581 = SURFACE_STYLE_USAGE(.BOTH.,#2582);
#2582 = SURFACE_SIDE_STYLE('',(#2583));
#2583 = SURFACE_STYLE_FILL_AREA(#2584);
#2584 = FILL_AREA_STYLE('',(#2585));
#2585 = FILL_AREA_STYLE_COLOUR('',#2586);
#2586 = COLOUR_RGB('',8.999999692505E-02,8.999999692505E-02,
  9.999999991362E-02);
#2587 = MECHANICAL_DESIGN_GEOMETRIC_PRESENTATION_REPRESENTATION('',(
    #2588),#1241);
#2588 = STYLED_ITEM('color',(#2589),#1091);
#2589 = PRESENTATION_STYLE_ASSIGNMENT((#2590));
#2590 = SURFACE_STYLE_USAGE(.BOTH.,#2591);
#2591 = SURFACE_SIDE_STYLE('',(#2592));
#2592 = SURFACE_STYLE_FILL_AREA(#2593);
#2593 = FILL_AREA_STYLE('',(#2594));
#2594 = FILL_AREA_STYLE_COLOUR('',#2529);
#2595 = MECHANICAL_DESIGN_GEOMETRIC_PRESENTATION_REPRESENTATION('',(
    #2596),#2510);
#2596 = STYLED_ITEM('color',(#2597),#2360);
#2597 = PRESENTATION_STYLE_ASSIGNMENT((#2598));
#2598 = SURFACE_STYLE_USAGE(.BOTH.,#2599);
#2599 = SURFACE_SIDE_STYLE('',(#2600));
#2600 = SURFACE_STYLE_FILL_AREA(#2601);
#2601 = FILL_AREA_STYLE('',(#2602));
#2602 = FILL_AREA_STYLE_COLOUR('',#2529);
#2603 = MECHANICAL_DESIGN_GEOMETRIC_PRESENTATION_REPRESENTATION('',(
    #2604),#227);
#2604 = STYLED_ITEM('color',(#2605),#77);
#2605 = PRESENTATION_STYLE_ASSIGNMENT((#2606));
#2606 = SURFACE_STYLE_USAGE(.BOTH.,#2607);
#2607 = SURFACE_SIDE_STYLE('',(#2608));
#2608 = SURFACE_STYLE_FILL_AREA(#2609);
#2609 = FILL_AREA_STYLE('',(#2610));
#2610 = FILL_AREA_STYLE_COLOUR('',#2529);
#2611 = MECHANICAL_DESIGN_GEOMETRIC_PRESENTATION_REPRESENTATION('',(
    #2612),#2172);
#2612 = STYLED_ITEM('color',(#2613),#2022);
#2613 = PRESENTATION_STYLE_ASSIGNMENT((#2614));
#2614 = SURFACE_STYLE_USAGE(.BOTH.,#2615);
#2615 = SURFACE_SIDE_STYLE('',(#2616));
#2616 = SURFACE_STYLE_FILL_AREA(#2617);
#2617 = FILL_AREA_STYLE('',(#2618));
#2618 = FILL_AREA_STYLE_COLOUR('',#2619);
#2619 = COLOUR_RGB('',0.899999998185,7.999999887273E-02,
  5.000000142576E-02);
ENDSEC;
END-ISO-10303-21;
