ISO-10303-21;
HEADER;
FILE_DESCRIPTION(('Open CASCADE Model'),'2;1');
FILE_NAME('TerminalBlock_DORABO_DB125-3.5_1x04_P3.50mm_Horizontal.step','2026-09-30T00:00:00',('Author'),(
    'Open CASCADE'),'Open CASCADE STEP processor 7.8','Open CASCADE 7.8'
  ,'Unknown');
FILE_SCHEMA(('AUTOMOTIVE_DESIGN { 1 0 10303 214 1 1 1 1 }'));
ENDSEC;
DATA;
#1 = APPLICATION_PROTOCOL_DEFINITION('international standard',
  'automotive_design',2000,#2);
#2 = APPLICATION_CONTEXT(
  'core data for automotive mechanical design processes');
#3 = SHAPE_DEFINITION_REPRESENTATION(#4,#10);
#4 = PRODUCT_DEFINITION_SHAPE('','',#5);
#5 = PRODUCT_DEFINITION('design','',#6,#9);
#6 = PRODUCT_DEFINITION_FORMATION('','',#7);
#7 = PRODUCT('TerminalBlock_DORABO_DB125-3.5_1x04_P3.50mm_Horizontal',
  'TerminalBlock_DORABO_DB125-3.5_1x04_P3.50mm_Horizontal','',(#8));
#8 = PRODUCT_CONTEXT('',#2,'mechanical');
#9 = PRODUCT_DEFINITION_CONTEXT('part definition',#2,'design');
#10 = SHAPE_REPRESENTATION('',(#11,#15,#19,#23,#27,#31,#35,#39,#43,#47,
    #51,#55,#59,#63),#67);
#11 = AXIS2_PLACEMENT_3D('',#12,#13,#14);
#12 = CARTESIAN_POINT('',(0.,0.,0.));
#13 = DIRECTION('',(0.,0.,1.));
#14 = DIRECTION('',(1.,0.,-0.));
#15 = AXIS2_PLACEMENT_3D('',#16,#17,#18);
#16 = CARTESIAN_POINT('',(0.,0.,0.));
#17 = DIRECTION('',(0.,0.,1.));
#18 = DIRECTION('',(1.,0.,-0.));
#19 = AXIS2_PLACEMENT_3D('',#20,#21,#22);
#20 = CARTESIAN_POINT('',(0.,0.,0.));
#21 = DIRECTION('',(0.,0.,1.));
#22 = DIRECTION('',(1.,0.,-0.));
#23 = AXIS2_PLACEMENT_3D('',#24,#25,#26);
#24 = CARTESIAN_POINT('',(0.,0.,0.));
#25 = DIRECTION('',(0.,0.,1.));
#26 = DIRECTION('',(1.,0.,-0.));
#27 = AXIS2_PLACEMENT_3D('',#28,#29,#30);
#28 = CARTESIAN_POINT('',(0.,0.,0.));
#29 = DIRECTION('',(0.,0.,1.));
#30 = DIRECTION('',(1.,0.,-0.));
#31 = AXIS2_PLACEMENT_3D('',#32,#33,#34);
#32 = CARTESIAN_POINT('',(0.,0.,0.));
#33 = DIRECTION('',(0.,0.,1.));
#34 = DIRECTION('',(1.,0.,-0.));
#35 = AXIS2_PLACEMENT_3D('',#36,#37,#38);
#36 = CARTESIAN_POINT('',(0.,0.,0.));
#37 = DIRECTION('',(0.,0.,1.));
#38 = DIRECTION('',(1.,0.,-0.));
#39 = AXIS2_PLACEMENT_3D('',#40,#41,#42);
#40 = CARTESIAN_POINT('',(0.,0.,0.));
#41 = DIRECTION('',(0.,0.,1.));
#42 = DIRECTION('',(1.,0.,-0.));
#43 = AXIS2_PLACEMENT_3D('',#44,#45,#46);
#44 = CARTESIAN_POINT('',(0.,0.,0.));
#45 = DIRECTION('',(0.,0.,1.));
#46 = DIRECTION('',(1.,0.,-0.));
#47 = AXIS2_PLACEMENT_3D('',#48,#49,#50);
#48 = CARTESIAN_POINT('',(0.,0.,0.));
#49 = DIRECTION('',(0.,0.,1.));
#50 = DIRECTION('',(1.,0.,-0.));
#51 = AXIS2_PLACEMENT_3D('',#52,#53,#54);
#52 = CARTESIAN_POINT('',(0.,0.,0.));
#53 = DIRECTION('',(0.,0.,1.));
#54 = DIRECTION('',(1.,0.,-0.));
#55 = AXIS2_PLACEMENT_3D('',#56,#57,#58);
#56 = CARTESIAN_POINT('',(0.,0.,0.));
#57 = DIRECTION('',(0.,0.,1.));
#58 = DIRECTION('',(1.,0.,-0.));
#59 = AXIS2_PLACEMENT_3D('',#60,#61,#62);
#60 = CARTESIAN_POINT('',(0.,0.,0.));
#61 = DIRECTION('',(0.,0.,1.));
#62 = DIRECTION('',(1.,0.,-0.));
#63 = AXIS2_PLACEMENT_3D('',#64,#65,#66);
#64 = CARTESIAN_POINT('',(0.,0.,0.));
#65 = DIRECTION('',(0.,0.,1.));
#66 = DIRECTION('',(1.,0.,-0.));
#67 = ( GEOMETRIC_REPRESENTATION_CONTEXT(3)
GLOBAL_UNCERTAINTY_ASSIGNED_CONTEXT((#71)) GLOBAL_UNIT_ASSIGNED_CONTEXT(
(#68,#69,#70)) REPRESENTATION_CONTEXT('Context #1',
  '3D Context with UNIT and UNCERTAINTY') );
#68 = ( LENGTH_UNIT() NAMED_UNIT(*) SI_UNIT(.MILLI.,.METRE.) );
#69 = ( NAMED_UNIT(*) PLANE_ANGLE_UNIT() SI_UNIT($,.RADIAN.) );
#70 = ( NAMED_UNIT(*) SI_UNIT($,.STERADIAN.) SOLID_ANGLE_UNIT() );
#71 = UNCERTAINTY_MEASURE_WITH_UNIT(LENGTH_MEASURE(1.E-07),#68,
  'distance_accuracy_value','confusion accuracy');
#72 = PRODUCT_RELATED_PRODUCT_CATEGORY('part',$,(#7));
#73 = SHAPE_DEFINITION_REPRESENTATION(#74,#80);
#74 = PRODUCT_DEFINITION_SHAPE('','',#75);
#75 = PRODUCT_DEFINITION('design','',#76,#79);
#76 = PRODUCT_DEFINITION_FORMATION('','',#77);
#77 = PRODUCT('screw_1','screw_1','',(#78));
#78 = PRODUCT_CONTEXT('',#2,'mechanical');
#79 = PRODUCT_DEFINITION_CONTEXT('part definition',#2,'design');
#80 = ADVANCED_BREP_SHAPE_REPRESENTATION('',(#11,#81),#270);
#81 = MANIFOLD_SOLID_BREP('',#82);
#82 = CLOSED_SHELL('',(#83,#184,#193,#216,#233,#243,#260));
#83 = ADVANCED_FACE('',(#84),#179,.T.);
#84 = FACE_BOUND('',#85,.F.);
#85 = EDGE_LOOP('',(#86,#95,#103,#112,#120,#129,#137,#146,#154,#163,#171
    ,#178));
#86 = ORIENTED_EDGE('',*,*,#87,.F.);
#87 = EDGE_CURVE('',#88,#88,#90,.T.);
#88 = VERTEX_POINT('',#89);
#89 = CARTESIAN_POINT('',(1.25,-0.1,7.45));
#90 = CIRCLE('',#91,1.25);
#91 = AXIS2_PLACEMENT_3D('',#92,#93,#94);
#92 = CARTESIAN_POINT('',(0.,-0.1,7.45));
#93 = DIRECTION('',(0.,0.,1.));
#94 = DIRECTION('',(1.,0.,0.));
#95 = ORIENTED_EDGE('',*,*,#96,.T.);
#96 = EDGE_CURVE('',#88,#97,#99,.T.);
#97 = VERTEX_POINT('',#98);
#98 = CARTESIAN_POINT('',(1.25,-0.1,7.9));
#99 = LINE('',#100,#101);
#100 = CARTESIAN_POINT('',(1.25,-0.1,7.45));
#101 = VECTOR('',#102,1.);
#102 = DIRECTION('',(0.,0.,1.));
#103 = ORIENTED_EDGE('',*,*,#104,.F.);
#104 = EDGE_CURVE('',#105,#97,#107,.T.);
#105 = VERTEX_POINT('',#106);
#106 = CARTESIAN_POINT('',(1.236972109629,8.E-02,7.9));
#107 = CIRCLE('',#108,1.25);
#108 = AXIS2_PLACEMENT_3D('',#109,#110,#111);
#109 = CARTESIAN_POINT('',(0.,-0.1,7.9));
#110 = DIRECTION('',(0.,0.,-1.));
#111 = DIRECTION('',(1.,0.,0.));
#112 = ORIENTED_EDGE('',*,*,#113,.F.);
#113 = EDGE_CURVE('',#114,#105,#116,.T.);
#114 = VERTEX_POINT('',#115);
#115 = CARTESIAN_POINT('',(1.236972109629,8.E-02,8.2));
#116 = LINE('',#117,#118);
#117 = CARTESIAN_POINT('',(1.236972109629,8.E-02,7.45));
#118 = VECTOR('',#119,1.);
#119 = DIRECTION('',(-0.,-0.,-1.));
#120 = ORIENTED_EDGE('',*,*,#121,.T.);
#121 = EDGE_CURVE('',#114,#122,#124,.T.);
#122 = VERTEX_POINT('',#123);
#123 = CARTESIAN_POINT('',(-1.236972109629,8.E-02,8.2));
#124 = CIRCLE('',#125,1.25);
#125 = AXIS2_PLACEMENT_3D('',#126,#127,#128);
#126 = CARTESIAN_POINT('',(0.,-0.1,8.2));
#127 = DIRECTION('',(0.,0.,1.));
#128 = DIRECTION('',(1.,0.,0.));
#129 = ORIENTED_EDGE('',*,*,#130,.T.);
#130 = EDGE_CURVE('',#122,#131,#133,.T.);
#131 = VERTEX_POINT('',#132);
#132 = CARTESIAN_POINT('',(-1.236972109629,8.E-02,7.9));
#133 = LINE('',#134,#135);
#134 = CARTESIAN_POINT('',(-1.236972109629,8.E-02,7.45));
#135 = VECTOR('',#136,1.);
#136 = DIRECTION('',(-0.,-0.,-1.));
#137 = ORIENTED_EDGE('',*,*,#138,.F.);
#138 = EDGE_CURVE('',#139,#131,#141,.T.);
#139 = VERTEX_POINT('',#140);
#140 = CARTESIAN_POINT('',(-1.236972109629,-0.28,7.9));
#141 = CIRCLE('',#142,1.25);
#142 = AXIS2_PLACEMENT_3D('',#143,#144,#145);
#143 = CARTESIAN_POINT('',(0.,-0.1,7.9));
#144 = DIRECTION('',(0.,0.,-1.));
#145 = DIRECTION('',(1.,0.,0.));
#146 = ORIENTED_EDGE('',*,*,#147,.F.);
#147 = EDGE_CURVE('',#148,#139,#150,.T.);
#148 = VERTEX_POINT('',#149);
#149 = CARTESIAN_POINT('',(-1.236972109629,-0.28,8.2));
#150 = LINE('',#151,#152);
#151 = CARTESIAN_POINT('',(-1.236972109629,-0.28,7.45));
#152 = VECTOR('',#153,1.);
#153 = DIRECTION('',(-0.,-0.,-1.));
#154 = ORIENTED_EDGE('',*,*,#155,.T.);
#155 = EDGE_CURVE('',#148,#156,#158,.T.);
#156 = VERTEX_POINT('',#157);
#157 = CARTESIAN_POINT('',(1.236972109629,-0.28,8.2));
#158 = CIRCLE('',#159,1.25);
#159 = AXIS2_PLACEMENT_3D('',#160,#161,#162);
#160 = CARTESIAN_POINT('',(0.,-0.1,8.2));
#161 = DIRECTION('',(0.,0.,1.));
#162 = DIRECTION('',(1.,0.,0.));
#163 = ORIENTED_EDGE('',*,*,#164,.T.);
#164 = EDGE_CURVE('',#156,#165,#167,.T.);
#165 = VERTEX_POINT('',#166);
#166 = CARTESIAN_POINT('',(1.236972109629,-0.28,7.9));
#167 = LINE('',#168,#169);
#168 = CARTESIAN_POINT('',(1.236972109629,-0.28,7.45));
#169 = VECTOR('',#170,1.);
#170 = DIRECTION('',(-0.,-0.,-1.));
#171 = ORIENTED_EDGE('',*,*,#172,.F.);
#172 = EDGE_CURVE('',#97,#165,#173,.T.);
#173 = CIRCLE('',#174,1.25);
#174 = AXIS2_PLACEMENT_3D('',#175,#176,#177);
#175 = CARTESIAN_POINT('',(0.,-0.1,7.9));
#176 = DIRECTION('',(0.,0.,-1.));
#177 = DIRECTION('',(1.,0.,0.));
#178 = ORIENTED_EDGE('',*,*,#96,.F.);
#179 = CYLINDRICAL_SURFACE('',#180,1.25);
#180 = AXIS2_PLACEMENT_3D('',#181,#182,#183);
#181 = CARTESIAN_POINT('',(0.,-0.1,7.45));
#182 = DIRECTION('',(-0.,-0.,-1.));
#183 = DIRECTION('',(1.,0.,0.));
#184 = ADVANCED_FACE('',(#185),#188,.F.);
#185 = FACE_BOUND('',#186,.F.);
#186 = EDGE_LOOP('',(#187));
#187 = ORIENTED_EDGE('',*,*,#87,.T.);
#188 = PLANE('',#189);
#189 = AXIS2_PLACEMENT_3D('',#190,#191,#192);
#190 = CARTESIAN_POINT('',(-6.837200662697E-17,-1.E-01,7.45));
#191 = DIRECTION('',(0.,0.,1.));
#192 = DIRECTION('',(1.,0.,-0.));
#193 = ADVANCED_FACE('',(#194),#211,.T.);
#194 = FACE_BOUND('',#195,.T.);
#195 = EDGE_LOOP('',(#196,#202,#203,#209,#210));
#196 = ORIENTED_EDGE('',*,*,#197,.F.);
#197 = EDGE_CURVE('',#131,#105,#198,.T.);
#198 = LINE('',#199,#200);
#199 = CARTESIAN_POINT('',(-1.35,8.E-02,7.9));
#200 = VECTOR('',#201,1.);
#201 = DIRECTION('',(1.,0.,0.));
#202 = ORIENTED_EDGE('',*,*,#138,.F.);
#203 = ORIENTED_EDGE('',*,*,#204,.T.);
#204 = EDGE_CURVE('',#139,#165,#205,.T.);
#205 = LINE('',#206,#207);
#206 = CARTESIAN_POINT('',(-1.35,-0.28,7.9));
#207 = VECTOR('',#208,1.);
#208 = DIRECTION('',(1.,0.,0.));
#209 = ORIENTED_EDGE('',*,*,#172,.F.);
#210 = ORIENTED_EDGE('',*,*,#104,.F.);
#211 = PLANE('',#212);
#212 = AXIS2_PLACEMENT_3D('',#213,#214,#215);
#213 = CARTESIAN_POINT('',(-1.35,-0.28,7.9));
#214 = DIRECTION('',(0.,0.,1.));
#215 = DIRECTION('',(1.,0.,0.));
#216 = ADVANCED_FACE('',(#217),#228,.T.);
#217 = FACE_BOUND('',#218,.T.);
#218 = EDGE_LOOP('',(#219,#220,#221,#227));
#219 = ORIENTED_EDGE('',*,*,#204,.F.);
#220 = ORIENTED_EDGE('',*,*,#147,.F.);
#221 = ORIENTED_EDGE('',*,*,#222,.F.);
#222 = EDGE_CURVE('',#156,#148,#223,.T.);
#223 = LINE('',#224,#225);
#224 = CARTESIAN_POINT('',(-0.675,-0.28,8.2));
#225 = VECTOR('',#226,1.);
#226 = DIRECTION('',(-1.,0.,0.));
#227 = ORIENTED_EDGE('',*,*,#164,.T.);
#228 = PLANE('',#229);
#229 = AXIS2_PLACEMENT_3D('',#230,#231,#232);
#230 = CARTESIAN_POINT('',(-1.35,-0.28,7.9));
#231 = DIRECTION('',(0.,1.,0.));
#232 = DIRECTION('',(0.,0.,1.));
#233 = ADVANCED_FACE('',(#234),#238,.T.);
#234 = FACE_BOUND('',#235,.T.);
#235 = EDGE_LOOP('',(#236,#237));
#236 = ORIENTED_EDGE('',*,*,#155,.T.);
#237 = ORIENTED_EDGE('',*,*,#222,.T.);
#238 = PLANE('',#239);
#239 = AXIS2_PLACEMENT_3D('',#240,#241,#242);
#240 = CARTESIAN_POINT('',(-6.837200662697E-17,-1.E-01,8.2));
#241 = DIRECTION('',(0.,0.,1.));
#242 = DIRECTION('',(1.,0.,-0.));
#243 = ADVANCED_FACE('',(#244),#255,.F.);
#244 = FACE_BOUND('',#245,.F.);
#245 = EDGE_LOOP('',(#246,#247,#248,#254));
#246 = ORIENTED_EDGE('',*,*,#197,.F.);
#247 = ORIENTED_EDGE('',*,*,#130,.F.);
#248 = ORIENTED_EDGE('',*,*,#249,.F.);
#249 = EDGE_CURVE('',#114,#122,#250,.T.);
#250 = LINE('',#251,#252);
#251 = CARTESIAN_POINT('',(-0.675,8.E-02,8.2));
#252 = VECTOR('',#253,1.);
#253 = DIRECTION('',(-1.,0.,0.));
#254 = ORIENTED_EDGE('',*,*,#113,.T.);
#255 = PLANE('',#256);
#256 = AXIS2_PLACEMENT_3D('',#257,#258,#259);
#257 = CARTESIAN_POINT('',(-1.35,8.E-02,7.9));
#258 = DIRECTION('',(0.,1.,0.));
#259 = DIRECTION('',(0.,0.,1.));
#260 = ADVANCED_FACE('',(#261),#265,.T.);
#261 = FACE_BOUND('',#262,.T.);
#262 = EDGE_LOOP('',(#263,#264));
#263 = ORIENTED_EDGE('',*,*,#249,.F.);
#264 = ORIENTED_EDGE('',*,*,#121,.T.);
#265 = PLANE('',#266);
#266 = AXIS2_PLACEMENT_3D('',#267,#268,#269);
#267 = CARTESIAN_POINT('',(-6.837200662697E-17,-1.E-01,8.2));
#268 = DIRECTION('',(0.,0.,1.));
#269 = DIRECTION('',(1.,0.,-0.));
#270 = ( GEOMETRIC_REPRESENTATION_CONTEXT(3)
GLOBAL_UNCERTAINTY_ASSIGNED_CONTEXT((#274)) GLOBAL_UNIT_ASSIGNED_CONTEXT
((#271,#272,#273)) REPRESENTATION_CONTEXT('Context #1',
  '3D Context with UNIT and UNCERTAINTY') );
#271 = ( LENGTH_UNIT() NAMED_UNIT(*) SI_UNIT(.MILLI.,.METRE.) );
#272 = ( NAMED_UNIT(*) PLANE_ANGLE_UNIT() SI_UNIT($,.RADIAN.) );
#273 = ( NAMED_UNIT(*) SI_UNIT($,.STERADIAN.) SOLID_ANGLE_UNIT() );
#274 = UNCERTAINTY_MEASURE_WITH_UNIT(LENGTH_MEASURE(1.E-07),#271,
  'distance_accuracy_value','confusion accuracy');
#275 = CONTEXT_DEPENDENT_SHAPE_REPRESENTATION(#276,#278);
#276 = ( REPRESENTATION_RELATIONSHIP('','',#80,#10)
REPRESENTATION_RELATIONSHIP_WITH_TRANSFORMATION(#277)
SHAPE_REPRESENTATION_RELATIONSHIP() );
#277 = ITEM_DEFINED_TRANSFORMATION('','',#11,#15);
#278 = PRODUCT_DEFINITION_SHAPE('Placement','Placement of an item',#279
  );
#279 = NEXT_ASSEMBLY_USAGE_OCCURRENCE('13','screw_1','',#5,#75,$);
#280 = PRODUCT_RELATED_PRODUCT_CATEGORY('part',$,(#77));
#281 = SHAPE_DEFINITION_REPRESENTATION(#282,#288);
#282 = PRODUCT_DEFINITION_SHAPE('','',#283);
#283 = PRODUCT_DEFINITION('design','',#284,#287);
#284 = PRODUCT_DEFINITION_FORMATION('','',#285);
#285 = PRODUCT('pin_1','pin_1','',(#286));
#286 = PRODUCT_CONTEXT('',#2,'mechanical');
#287 = PRODUCT_DEFINITION_CONTEXT('part definition',#2,'design');
#288 = ADVANCED_BREP_SHAPE_REPRESENTATION('',(#11,#289),#439);
#289 = MANIFOLD_SOLID_BREP('',#290);
#290 = CLOSED_SHELL('',(#291,#331,#371,#393,#415,#427));
#291 = ADVANCED_FACE('',(#292),#326,.F.);
#292 = FACE_BOUND('',#293,.F.);
#293 = EDGE_LOOP('',(#294,#304,#312,#320));
#294 = ORIENTED_EDGE('',*,*,#295,.F.);
#295 = EDGE_CURVE('',#296,#298,#300,.T.);
#296 = VERTEX_POINT('',#297);
#297 = CARTESIAN_POINT('',(-0.425,-0.25,-3.4));
#298 = VERTEX_POINT('',#299);
#299 = CARTESIAN_POINT('',(-0.425,-0.25,0.7));
#300 = LINE('',#301,#302);
#301 = CARTESIAN_POINT('',(-0.425,-0.25,-3.4));
#302 = VECTOR('',#303,1.);
#303 = DIRECTION('',(0.,0.,1.));
#304 = ORIENTED_EDGE('',*,*,#305,.T.);
#305 = EDGE_CURVE('',#296,#306,#308,.T.);
#306 = VERTEX_POINT('',#307);
#307 = CARTESIAN_POINT('',(-0.425,0.25,-3.4));
#308 = LINE('',#309,#310);
#309 = CARTESIAN_POINT('',(-0.425,-0.25,-3.4));
#310 = VECTOR('',#311,1.);
#311 = DIRECTION('',(0.,1.,0.));
#312 = ORIENTED_EDGE('',*,*,#313,.T.);
#313 = EDGE_CURVE('',#306,#314,#316,.T.);
#314 = VERTEX_POINT('',#315);
#315 = CARTESIAN_POINT('',(-0.425,0.25,0.7));
#316 = LINE('',#317,#318);
#317 = CARTESIAN_POINT('',(-0.425,0.25,-3.4));
#318 = VECTOR('',#319,1.);
#319 = DIRECTION('',(0.,0.,1.));
#320 = ORIENTED_EDGE('',*,*,#321,.F.);
#321 = EDGE_CURVE('',#298,#314,#322,.T.);
#322 = LINE('',#323,#324);
#323 = CARTESIAN_POINT('',(-0.425,-0.25,0.7));
#324 = VECTOR('',#325,1.);
#325 = DIRECTION('',(0.,1.,0.));
#326 = PLANE('',#327);
#327 = AXIS2_PLACEMENT_3D('',#328,#329,#330);
#328 = CARTESIAN_POINT('',(-0.425,-0.25,-3.4));
#329 = DIRECTION('',(1.,0.,0.));
#330 = DIRECTION('',(0.,0.,1.));
#331 = ADVANCED_FACE('',(#332),#366,.T.);
#332 = FACE_BOUND('',#333,.T.);
#333 = EDGE_LOOP('',(#334,#344,#352,#360));
#334 = ORIENTED_EDGE('',*,*,#335,.F.);
#335 = EDGE_CURVE('',#336,#338,#340,.T.);
#336 = VERTEX_POINT('',#337);
#337 = CARTESIAN_POINT('',(0.425,-0.25,-3.4));
#338 = VERTEX_POINT('',#339);
#339 = CARTESIAN_POINT('',(0.425,-0.25,0.7));
#340 = LINE('',#341,#342);
#341 = CARTESIAN_POINT('',(0.425,-0.25,-3.4));
#342 = VECTOR('',#343,1.);
#343 = DIRECTION('',(0.,0.,1.));
#344 = ORIENTED_EDGE('',*,*,#345,.T.);
#345 = EDGE_CURVE('',#336,#346,#348,.T.);
#346 = VERTEX_POINT('',#347);
#347 = CARTESIAN_POINT('',(0.425,0.25,-3.4));
#348 = LINE('',#349,#350);
#349 = CARTESIAN_POINT('',(0.425,-0.25,-3.4));
#350 = VECTOR('',#351,1.);
#351 = DIRECTION('',(0.,1.,0.));
#352 = ORIENTED_EDGE('',*,*,#353,.T.);
#353 = EDGE_CURVE('',#346,#354,#356,.T.);
#354 = VERTEX_POINT('',#355);
#355 = CARTESIAN_POINT('',(0.425,0.25,0.7));
#356 = LINE('',#357,#358);
#357 = CARTESIAN_POINT('',(0.425,0.25,-3.4));
#358 = VECTOR('',#359,1.);
#359 = DIRECTION('',(0.,0.,1.));
#360 = ORIENTED_EDGE('',*,*,#361,.F.);
#361 = EDGE_CURVE('',#338,#354,#362,.T.);
#362 = LINE('',#363,#364);
#363 = CARTESIAN_POINT('',(0.425,-0.25,0.7));
#364 = VECTOR('',#365,1.);
#365 = DIRECTION('',(0.,1.,0.));
#366 = PLANE('',#367);
#367 = AXIS2_PLACEMENT_3D('',#368,#369,#370);
#368 = CARTESIAN_POINT('',(0.425,-0.25,-3.4));
#369 = DIRECTION('',(1.,0.,0.));
#370 = DIRECTION('',(0.,0.,1.));
#371 = ADVANCED_FACE('',(#372),#388,.F.);
#372 = FACE_BOUND('',#373,.F.);
#373 = EDGE_LOOP('',(#374,#380,#381,#387));
#374 = ORIENTED_EDGE('',*,*,#375,.F.);
#375 = EDGE_CURVE('',#296,#336,#376,.T.);
#376 = LINE('',#377,#378);
#377 = CARTESIAN_POINT('',(-0.425,-0.25,-3.4));
#378 = VECTOR('',#379,1.);
#379 = DIRECTION('',(1.,0.,0.));
#380 = ORIENTED_EDGE('',*,*,#295,.T.);
#381 = ORIENTED_EDGE('',*,*,#382,.T.);
#382 = EDGE_CURVE('',#298,#338,#383,.T.);
#383 = LINE('',#384,#385);
#384 = CARTESIAN_POINT('',(-0.425,-0.25,0.7));
#385 = VECTOR('',#386,1.);
#386 = DIRECTION('',(1.,0.,0.));
#387 = ORIENTED_EDGE('',*,*,#335,.F.);
#388 = PLANE('',#389);
#389 = AXIS2_PLACEMENT_3D('',#390,#391,#392);
#390 = CARTESIAN_POINT('',(-0.425,-0.25,-3.4));
#391 = DIRECTION('',(0.,1.,0.));
#392 = DIRECTION('',(0.,0.,1.));
#393 = ADVANCED_FACE('',(#394),#410,.T.);
#394 = FACE_BOUND('',#395,.T.);
#395 = EDGE_LOOP('',(#396,#402,#403,#409));
#396 = ORIENTED_EDGE('',*,*,#397,.F.);
#397 = EDGE_CURVE('',#306,#346,#398,.T.);
#398 = LINE('',#399,#400);
#399 = CARTESIAN_POINT('',(-0.425,0.25,-3.4));
#400 = VECTOR('',#401,1.);
#401 = DIRECTION('',(1.,0.,0.));
#402 = ORIENTED_EDGE('',*,*,#313,.T.);
#403 = ORIENTED_EDGE('',*,*,#404,.T.);
#404 = EDGE_CURVE('',#314,#354,#405,.T.);
#405 = LINE('',#406,#407);
#406 = CARTESIAN_POINT('',(-0.425,0.25,0.7));
#407 = VECTOR('',#408,1.);
#408 = DIRECTION('',(1.,0.,0.));
#409 = ORIENTED_EDGE('',*,*,#353,.F.);
#410 = PLANE('',#411);
#411 = AXIS2_PLACEMENT_3D('',#412,#413,#414);
#412 = CARTESIAN_POINT('',(-0.425,0.25,-3.4));
#413 = DIRECTION('',(0.,1.,0.));
#414 = DIRECTION('',(0.,0.,1.));
#415 = ADVANCED_FACE('',(#416),#422,.F.);
#416 = FACE_BOUND('',#417,.F.);
#417 = EDGE_LOOP('',(#418,#419,#420,#421));
#418 = ORIENTED_EDGE('',*,*,#305,.F.);
#419 = ORIENTED_EDGE('',*,*,#375,.T.);
#420 = ORIENTED_EDGE('',*,*,#345,.T.);
#421 = ORIENTED_EDGE('',*,*,#397,.F.);
#422 = PLANE('',#423);
#423 = AXIS2_PLACEMENT_3D('',#424,#425,#426);
#424 = CARTESIAN_POINT('',(-0.425,-0.25,-3.4));
#425 = DIRECTION('',(0.,0.,1.));
#426 = DIRECTION('',(1.,0.,0.));
#427 = ADVANCED_FACE('',(#428),#434,.T.);
#428 = FACE_BOUND('',#429,.T.);
#429 = EDGE_LOOP('',(#430,#431,#432,#433));
#430 = ORIENTED_EDGE('',*,*,#321,.F.);
#431 = ORIENTED_EDGE('',*,*,#382,.T.);
#432 = ORIENTED_EDGE('',*,*,#361,.T.);
#433 = ORIENTED_EDGE('',*,*,#404,.F.);
#434 = PLANE('',#435);
#435 = AXIS2_PLACEMENT_3D('',#436,#437,#438);
#436 = CARTESIAN_POINT('',(-0.425,-0.25,0.7));
#437 = DIRECTION('',(0.,0.,1.));
#438 = DIRECTION('',(1.,0.,0.));
#439 = ( GEOMETRIC_REPRESENTATION_CONTEXT(3)
GLOBAL_UNCERTAINTY_ASSIGNED_CONTEXT((#443)) GLOBAL_UNIT_ASSIGNED_CONTEXT
((#440,#441,#442)) REPRESENTATION_CONTEXT('Context #1',
  '3D Context with UNIT and UNCERTAINTY') );
#440 = ( LENGTH_UNIT() NAMED_UNIT(*) SI_UNIT(.MILLI.,.METRE.) );
#441 = ( NAMED_UNIT(*) PLANE_ANGLE_UNIT() SI_UNIT($,.RADIAN.) );
#442 = ( NAMED_UNIT(*) SI_UNIT($,.STERADIAN.) SOLID_ANGLE_UNIT() );
#443 = UNCERTAINTY_MEASURE_WITH_UNIT(LENGTH_MEASURE(1.E-07),#440,
  'distance_accuracy_value','confusion accuracy');
#444 = CONTEXT_DEPENDENT_SHAPE_REPRESENTATION(#445,#447);
#445 = ( REPRESENTATION_RELATIONSHIP('','',#288,#10)
REPRESENTATION_RELATIONSHIP_WITH_TRANSFORMATION(#446)
SHAPE_REPRESENTATION_RELATIONSHIP() );
#446 = ITEM_DEFINED_TRANSFORMATION('','',#11,#19);
#447 = PRODUCT_DEFINITION_SHAPE('Placement','Placement of an item',#448
  );
#448 = NEXT_ASSEMBLY_USAGE_OCCURRENCE('14','pin_1','',#5,#283,$);
#449 = PRODUCT_RELATED_PRODUCT_CATEGORY('part',$,(#285));
#450 = SHAPE_DEFINITION_REPRESENTATION(#451,#457);
#451 = PRODUCT_DEFINITION_SHAPE('','',#452);
#452 = PRODUCT_DEFINITION('design','',#453,#456);
#453 = PRODUCT_DEFINITION_FORMATION('','',#454);
#454 = PRODUCT('cage_1','cage_1','',(#455));
#455 = PRODUCT_CONTEXT('',#2,'mechanical');
#456 = PRODUCT_DEFINITION_CONTEXT('part definition',#2,'design');
#457 = ADVANCED_BREP_SHAPE_REPRESENTATION('',(#11,#458),#608);
#458 = MANIFOLD_SOLID_BREP('',#459);
#459 = CLOSED_SHELL('',(#460,#500,#540,#562,#584,#596));
#460 = ADVANCED_FACE('',(#461),#495,.F.);
#461 = FACE_BOUND('',#462,.F.);
#462 = EDGE_LOOP('',(#463,#473,#481,#489));
#463 = ORIENTED_EDGE('',*,*,#464,.F.);
#464 = EDGE_CURVE('',#465,#467,#469,.T.);
#465 = VERTEX_POINT('',#466);
#466 = CARTESIAN_POINT('',(-0.84,-1.8,1.634));
#467 = VERTEX_POINT('',#468);
#468 = CARTESIAN_POINT('',(-0.84,-1.8,3.698));
#469 = LINE('',#470,#471);
#470 = CARTESIAN_POINT('',(-0.84,-1.8,1.634));
#471 = VECTOR('',#472,1.);
#472 = DIRECTION('',(0.,0.,1.));
#473 = ORIENTED_EDGE('',*,*,#474,.T.);
#474 = EDGE_CURVE('',#465,#475,#477,.T.);
#475 = VERTEX_POINT('',#476);
#476 = CARTESIAN_POINT('',(-0.84,-1.6,1.634));
#477 = LINE('',#478,#479);
#478 = CARTESIAN_POINT('',(-0.84,-1.8,1.634));
#479 = VECTOR('',#480,1.);
#480 = DIRECTION('',(0.,1.,0.));
#481 = ORIENTED_EDGE('',*,*,#482,.T.);
#482 = EDGE_CURVE('',#475,#483,#485,.T.);
#483 = VERTEX_POINT('',#484);
#484 = CARTESIAN_POINT('',(-0.84,-1.6,3.698));
#485 = LINE('',#486,#487);
#486 = CARTESIAN_POINT('',(-0.84,-1.6,1.634));
#487 = VECTOR('',#488,1.);
#488 = DIRECTION('',(0.,0.,1.));
#489 = ORIENTED_EDGE('',*,*,#490,.F.);
#490 = EDGE_CURVE('',#467,#483,#491,.T.);
#491 = LINE('',#492,#493);
#492 = CARTESIAN_POINT('',(-0.84,-1.8,3.698));
#493 = VECTOR('',#494,1.);
#494 = DIRECTION('',(0.,1.,0.));
#495 = PLANE('',#496);
#496 = AXIS2_PLACEMENT_3D('',#497,#498,#499);
#497 = CARTESIAN_POINT('',(-0.84,-1.8,1.634));
#498 = DIRECTION('',(1.,0.,0.));
#499 = DIRECTION('',(0.,0.,1.));
#500 = ADVANCED_FACE('',(#501),#535,.T.);
#501 = FACE_BOUND('',#502,.T.);
#502 = EDGE_LOOP('',(#503,#513,#521,#529));
#503 = ORIENTED_EDGE('',*,*,#504,.F.);
#504 = EDGE_CURVE('',#505,#507,#509,.T.);
#505 = VERTEX_POINT('',#506);
#506 = CARTESIAN_POINT('',(0.84,-1.8,1.634));
#507 = VERTEX_POINT('',#508);
#508 = CARTESIAN_POINT('',(0.84,-1.8,3.698));
#509 = LINE('',#510,#511);
#510 = CARTESIAN_POINT('',(0.84,-1.8,1.634));
#511 = VECTOR('',#512,1.);
#512 = DIRECTION('',(0.,0.,1.));
#513 = ORIENTED_EDGE('',*,*,#514,.T.);
#514 = EDGE_CURVE('',#505,#515,#517,.T.);
#515 = VERTEX_POINT('',#516);
#516 = CARTESIAN_POINT('',(0.84,-1.6,1.634));
#517 = LINE('',#518,#519);
#518 = CARTESIAN_POINT('',(0.84,-1.8,1.634));
#519 = VECTOR('',#520,1.);
#520 = DIRECTION('',(0.,1.,0.));
#521 = ORIENTED_EDGE('',*,*,#522,.T.);
#522 = EDGE_CURVE('',#515,#523,#525,.T.);
#523 = VERTEX_POINT('',#524);
#524 = CARTESIAN_POINT('',(0.84,-1.6,3.698));
#525 = LINE('',#526,#527);
#526 = CARTESIAN_POINT('',(0.84,-1.6,1.634));
#527 = VECTOR('',#528,1.);
#528 = DIRECTION('',(0.,0.,1.));
#529 = ORIENTED_EDGE('',*,*,#530,.F.);
#530 = EDGE_CURVE('',#507,#523,#531,.T.);
#531 = LINE('',#532,#533);
#532 = CARTESIAN_POINT('',(0.84,-1.8,3.698));
#533 = VECTOR('',#534,1.);
#534 = DIRECTION('',(0.,1.,0.));
#535 = PLANE('',#536);
#536 = AXIS2_PLACEMENT_3D('',#537,#538,#539);
#537 = CARTESIAN_POINT('',(0.84,-1.8,1.634));
#538 = DIRECTION('',(1.,0.,0.));
#539 = DIRECTION('',(0.,0.,1.));
#540 = ADVANCED_FACE('',(#541),#557,.F.);
#541 = FACE_BOUND('',#542,.F.);
#542 = EDGE_LOOP('',(#543,#549,#550,#556));
#543 = ORIENTED_EDGE('',*,*,#544,.F.);
#544 = EDGE_CURVE('',#465,#505,#545,.T.);
#545 = LINE('',#546,#547);
#546 = CARTESIAN_POINT('',(-0.84,-1.8,1.634));
#547 = VECTOR('',#548,1.);
#548 = DIRECTION('',(1.,0.,0.));
#549 = ORIENTED_EDGE('',*,*,#464,.T.);
#550 = ORIENTED_EDGE('',*,*,#551,.T.);
#551 = EDGE_CURVE('',#467,#507,#552,.T.);
#552 = LINE('',#553,#554);
#553 = CARTESIAN_POINT('',(-0.84,-1.8,3.698));
#554 = VECTOR('',#555,1.);
#555 = DIRECTION('',(1.,0.,0.));
#556 = ORIENTED_EDGE('',*,*,#504,.F.);
#557 = PLANE('',#558);
#558 = AXIS2_PLACEMENT_3D('',#559,#560,#561);
#559 = CARTESIAN_POINT('',(-0.84,-1.8,1.634));
#560 = DIRECTION('',(0.,1.,0.));
#561 = DIRECTION('',(0.,0.,1.));
#562 = ADVANCED_FACE('',(#563),#579,.T.);
#563 = FACE_BOUND('',#564,.T.);
#564 = EDGE_LOOP('',(#565,#571,#572,#578));
#565 = ORIENTED_EDGE('',*,*,#566,.F.);
#566 = EDGE_CURVE('',#475,#515,#567,.T.);
#567 = LINE('',#568,#569);
#568 = CARTESIAN_POINT('',(-0.84,-1.6,1.634));
#569 = VECTOR('',#570,1.);
#570 = DIRECTION('',(1.,0.,0.));
#571 = ORIENTED_EDGE('',*,*,#482,.T.);
#572 = ORIENTED_EDGE('',*,*,#573,.T.);
#573 = EDGE_CURVE('',#483,#523,#574,.T.);
#574 = LINE('',#575,#576);
#575 = CARTESIAN_POINT('',(-0.84,-1.6,3.698));
#576 = VECTOR('',#577,1.);
#577 = DIRECTION('',(1.,0.,0.));
#578 = ORIENTED_EDGE('',*,*,#522,.F.);
#579 = PLANE('',#580);
#580 = AXIS2_PLACEMENT_3D('',#581,#582,#583);
#581 = CARTESIAN_POINT('',(-0.84,-1.6,1.634));
#582 = DIRECTION('',(0.,1.,0.));
#583 = DIRECTION('',(0.,0.,1.));
#584 = ADVANCED_FACE('',(#585),#591,.F.);
#585 = FACE_BOUND('',#586,.F.);
#586 = EDGE_LOOP('',(#587,#588,#589,#590));
#587 = ORIENTED_EDGE('',*,*,#474,.F.);
#588 = ORIENTED_EDGE('',*,*,#544,.T.);
#589 = ORIENTED_EDGE('',*,*,#514,.T.);
#590 = ORIENTED_EDGE('',*,*,#566,.F.);
#591 = PLANE('',#592);
#592 = AXIS2_PLACEMENT_3D('',#593,#594,#595);
#593 = CARTESIAN_POINT('',(-0.84,-1.8,1.634));
#594 = DIRECTION('',(0.,0.,1.));
#595 = DIRECTION('',(1.,0.,0.));
#596 = ADVANCED_FACE('',(#597),#603,.T.);
#597 = FACE_BOUND('',#598,.T.);
#598 = EDGE_LOOP('',(#599,#600,#601,#602));
#599 = ORIENTED_EDGE('',*,*,#490,.F.);
#600 = ORIENTED_EDGE('',*,*,#551,.T.);
#601 = ORIENTED_EDGE('',*,*,#530,.T.);
#602 = ORIENTED_EDGE('',*,*,#573,.F.);
#603 = PLANE('',#604);
#604 = AXIS2_PLACEMENT_3D('',#605,#606,#607);
#605 = CARTESIAN_POINT('',(-0.84,-1.8,3.698));
#606 = DIRECTION('',(0.,0.,1.));
#607 = DIRECTION('',(1.,0.,0.));
#608 = ( GEOMETRIC_REPRESENTATION_CONTEXT(3)
GLOBAL_UNCERTAINTY_ASSIGNED_CONTEXT((#612)) GLOBAL_UNIT_ASSIGNED_CONTEXT
((#609,#610,#611)) REPRESENTATION_CONTEXT('Context #1',
  '3D Context with UNIT and UNCERTAINTY') );
#609 = ( LENGTH_UNIT() NAMED_UNIT(*) SI_UNIT(.MILLI.,.METRE.) );
#610 = ( NAMED_UNIT(*) PLANE_ANGLE_UNIT() SI_UNIT($,.RADIAN.) );
#611 = ( NAMED_UNIT(*) SI_UNIT($,.STERADIAN.) SOLID_ANGLE_UNIT() );
#612 = UNCERTAINTY_MEASURE_WITH_UNIT(LENGTH_MEASURE(1.E-07),#609,
  'distance_accuracy_value','confusion accuracy');
#613 = CONTEXT_DEPENDENT_SHAPE_REPRESENTATION(#614,#616);
#614 = ( REPRESENTATION_RELATIONSHIP('','',#457,#10)
REPRESENTATION_RELATIONSHIP_WITH_TRANSFORMATION(#615)
SHAPE_REPRESENTATION_RELATIONSHIP() );
#615 = ITEM_DEFINED_TRANSFORMATION('','',#11,#23);
#616 = PRODUCT_DEFINITION_SHAPE('Placement','Placement of an item',#617
  );
#617 = NEXT_ASSEMBLY_USAGE_OCCURRENCE('15','cage_1','',#5,#452,$);
#618 = PRODUCT_RELATED_PRODUCT_CATEGORY('part',$,(#454));
#619 = SHAPE_DEFINITION_REPRESENTATION(#620,#626);
#620 = PRODUCT_DEFINITION_SHAPE('','',#621);
#621 = PRODUCT_DEFINITION('design','',#622,#625);
#622 = PRODUCT_DEFINITION_FORMATION('','',#623);
#623 = PRODUCT('screw_2','screw_2','',(#624));
#624 = PRODUCT_CONTEXT('',#2,'mechanical');
#625 = PRODUCT_DEFINITION_CONTEXT('part definition',#2,'design');
#626 = ADVANCED_BREP_SHAPE_REPRESENTATION('',(#11,#627),#816);
#627 = MANIFOLD_SOLID_BREP('',#628);
#628 = CLOSED_SHELL('',(#629,#730,#739,#762,#779,#789,#806));
#629 = ADVANCED_FACE('',(#630),#725,.T.);
#630 = FACE_BOUND('',#631,.F.);
#631 = EDGE_LOOP('',(#632,#641,#649,#658,#666,#675,#683,#692,#700,#709,
    #717,#724));
#632 = ORIENTED_EDGE('',*,*,#633,.F.);
#633 = EDGE_CURVE('',#634,#634,#636,.T.);
#634 = VERTEX_POINT('',#635);
#635 = CARTESIAN_POINT('',(4.75,-0.1,7.45));
#636 = CIRCLE('',#637,1.25);
#637 = AXIS2_PLACEMENT_3D('',#638,#639,#640);
#638 = CARTESIAN_POINT('',(3.5,-0.1,7.45));
#639 = DIRECTION('',(0.,0.,1.));
#640 = DIRECTION('',(1.,0.,0.));
#641 = ORIENTED_EDGE('',*,*,#642,.T.);
#642 = EDGE_CURVE('',#634,#643,#645,.T.);
#643 = VERTEX_POINT('',#644);
#644 = CARTESIAN_POINT('',(4.75,-0.1,7.9));
#645 = LINE('',#646,#647);
#646 = CARTESIAN_POINT('',(4.75,-0.1,7.45));
#647 = VECTOR('',#648,1.);
#648 = DIRECTION('',(0.,0.,1.));
#649 = ORIENTED_EDGE('',*,*,#650,.F.);
#650 = EDGE_CURVE('',#651,#643,#653,.T.);
#651 = VERTEX_POINT('',#652);
#652 = CARTESIAN_POINT('',(4.736972109629,8.E-02,7.9));
#653 = CIRCLE('',#654,1.25);
#654 = AXIS2_PLACEMENT_3D('',#655,#656,#657);
#655 = CARTESIAN_POINT('',(3.5,-0.1,7.9));
#656 = DIRECTION('',(0.,0.,-1.));
#657 = DIRECTION('',(1.,0.,0.));
#658 = ORIENTED_EDGE('',*,*,#659,.F.);
#659 = EDGE_CURVE('',#660,#651,#662,.T.);
#660 = VERTEX_POINT('',#661);
#661 = CARTESIAN_POINT('',(4.736972109629,8.E-02,8.2));
#662 = LINE('',#663,#664);
#663 = CARTESIAN_POINT('',(4.736972109629,8.E-02,7.45));
#664 = VECTOR('',#665,1.);
#665 = DIRECTION('',(-0.,-0.,-1.));
#666 = ORIENTED_EDGE('',*,*,#667,.T.);
#667 = EDGE_CURVE('',#660,#668,#670,.T.);
#668 = VERTEX_POINT('',#669);
#669 = CARTESIAN_POINT('',(2.263027890371,8.E-02,8.2));
#670 = CIRCLE('',#671,1.25);
#671 = AXIS2_PLACEMENT_3D('',#672,#673,#674);
#672 = CARTESIAN_POINT('',(3.5,-0.1,8.2));
#673 = DIRECTION('',(0.,0.,1.));
#674 = DIRECTION('',(1.,0.,0.));
#675 = ORIENTED_EDGE('',*,*,#676,.T.);
#676 = EDGE_CURVE('',#668,#677,#679,.T.);
#677 = VERTEX_POINT('',#678);
#678 = CARTESIAN_POINT('',(2.263027890371,8.E-02,7.9));
#679 = LINE('',#680,#681);
#680 = CARTESIAN_POINT('',(2.263027890371,8.E-02,7.45));
#681 = VECTOR('',#682,1.);
#682 = DIRECTION('',(-0.,-0.,-1.));
#683 = ORIENTED_EDGE('',*,*,#684,.F.);
#684 = EDGE_CURVE('',#685,#677,#687,.T.);
#685 = VERTEX_POINT('',#686);
#686 = CARTESIAN_POINT('',(2.263027890371,-0.28,7.9));
#687 = CIRCLE('',#688,1.25);
#688 = AXIS2_PLACEMENT_3D('',#689,#690,#691);
#689 = CARTESIAN_POINT('',(3.5,-0.1,7.9));
#690 = DIRECTION('',(0.,0.,-1.));
#691 = DIRECTION('',(1.,0.,0.));
#692 = ORIENTED_EDGE('',*,*,#693,.F.);
#693 = EDGE_CURVE('',#694,#685,#696,.T.);
#694 = VERTEX_POINT('',#695);
#695 = CARTESIAN_POINT('',(2.263027890371,-0.28,8.2));
#696 = LINE('',#697,#698);
#697 = CARTESIAN_POINT('',(2.263027890371,-0.28,7.45));
#698 = VECTOR('',#699,1.);
#699 = DIRECTION('',(-0.,-0.,-1.));
#700 = ORIENTED_EDGE('',*,*,#701,.T.);
#701 = EDGE_CURVE('',#694,#702,#704,.T.);
#702 = VERTEX_POINT('',#703);
#703 = CARTESIAN_POINT('',(4.736972109629,-0.28,8.2));
#704 = CIRCLE('',#705,1.25);
#705 = AXIS2_PLACEMENT_3D('',#706,#707,#708);
#706 = CARTESIAN_POINT('',(3.5,-0.1,8.2));
#707 = DIRECTION('',(0.,0.,1.));
#708 = DIRECTION('',(1.,0.,0.));
#709 = ORIENTED_EDGE('',*,*,#710,.T.);
#710 = EDGE_CURVE('',#702,#711,#713,.T.);
#711 = VERTEX_POINT('',#712);
#712 = CARTESIAN_POINT('',(4.736972109629,-0.28,7.9));
#713 = LINE('',#714,#715);
#714 = CARTESIAN_POINT('',(4.736972109629,-0.28,7.45));
#715 = VECTOR('',#716,1.);
#716 = DIRECTION('',(-0.,-0.,-1.));
#717 = ORIENTED_EDGE('',*,*,#718,.F.);
#718 = EDGE_CURVE('',#643,#711,#719,.T.);
#719 = CIRCLE('',#720,1.25);
#720 = AXIS2_PLACEMENT_3D('',#721,#722,#723);
#721 = CARTESIAN_POINT('',(3.5,-0.1,7.9));
#722 = DIRECTION('',(0.,0.,-1.));
#723 = DIRECTION('',(1.,0.,0.));
#724 = ORIENTED_EDGE('',*,*,#642,.F.);
#725 = CYLINDRICAL_SURFACE('',#726,1.25);
#726 = AXIS2_PLACEMENT_3D('',#727,#728,#729);
#727 = CARTESIAN_POINT('',(3.5,-0.1,7.45));
#728 = DIRECTION('',(-0.,-0.,-1.));
#729 = DIRECTION('',(1.,0.,0.));
#730 = ADVANCED_FACE('',(#731),#734,.F.);
#731 = FACE_BOUND('',#732,.F.);
#732 = EDGE_LOOP('',(#733));
#733 = ORIENTED_EDGE('',*,*,#633,.T.);
#734 = PLANE('',#735);
#735 = AXIS2_PLACEMENT_3D('',#736,#737,#738);
#736 = CARTESIAN_POINT('',(3.5,-1.E-01,7.45));
#737 = DIRECTION('',(0.,0.,1.));
#738 = DIRECTION('',(1.,0.,-0.));
#739 = ADVANCED_FACE('',(#740),#757,.T.);
#740 = FACE_BOUND('',#741,.T.);
#741 = EDGE_LOOP('',(#742,#748,#749,#755,#756));
#742 = ORIENTED_EDGE('',*,*,#743,.F.);
#743 = EDGE_CURVE('',#677,#651,#744,.T.);
#744 = LINE('',#745,#746);
#745 = CARTESIAN_POINT('',(2.15,8.E-02,7.9));
#746 = VECTOR('',#747,1.);
#747 = DIRECTION('',(1.,0.,0.));
#748 = ORIENTED_EDGE('',*,*,#684,.F.);
#749 = ORIENTED_EDGE('',*,*,#750,.T.);
#750 = EDGE_CURVE('',#685,#711,#751,.T.);
#751 = LINE('',#752,#753);
#752 = CARTESIAN_POINT('',(2.15,-0.28,7.9));
#753 = VECTOR('',#754,1.);
#754 = DIRECTION('',(1.,0.,0.));
#755 = ORIENTED_EDGE('',*,*,#718,.F.);
#756 = ORIENTED_EDGE('',*,*,#650,.F.);
#757 = PLANE('',#758);
#758 = AXIS2_PLACEMENT_3D('',#759,#760,#761);
#759 = CARTESIAN_POINT('',(2.15,-0.28,7.9));
#760 = DIRECTION('',(0.,0.,1.));
#761 = DIRECTION('',(1.,0.,0.));
#762 = ADVANCED_FACE('',(#763),#774,.T.);
#763 = FACE_BOUND('',#764,.T.);
#764 = EDGE_LOOP('',(#765,#766,#767,#773));
#765 = ORIENTED_EDGE('',*,*,#750,.F.);
#766 = ORIENTED_EDGE('',*,*,#693,.F.);
#767 = ORIENTED_EDGE('',*,*,#768,.F.);
#768 = EDGE_CURVE('',#702,#694,#769,.T.);
#769 = LINE('',#770,#771);
#770 = CARTESIAN_POINT('',(2.825,-0.28,8.2));
#771 = VECTOR('',#772,1.);
#772 = DIRECTION('',(-1.,0.,0.));
#773 = ORIENTED_EDGE('',*,*,#710,.T.);
#774 = PLANE('',#775);
#775 = AXIS2_PLACEMENT_3D('',#776,#777,#778);
#776 = CARTESIAN_POINT('',(2.15,-0.28,7.9));
#777 = DIRECTION('',(0.,1.,0.));
#778 = DIRECTION('',(0.,0.,1.));
#779 = ADVANCED_FACE('',(#780),#784,.T.);
#780 = FACE_BOUND('',#781,.T.);
#781 = EDGE_LOOP('',(#782,#783));
#782 = ORIENTED_EDGE('',*,*,#701,.T.);
#783 = ORIENTED_EDGE('',*,*,#768,.T.);
#784 = PLANE('',#785);
#785 = AXIS2_PLACEMENT_3D('',#786,#787,#788);
#786 = CARTESIAN_POINT('',(3.5,-1.E-01,8.2));
#787 = DIRECTION('',(0.,0.,1.));
#788 = DIRECTION('',(1.,0.,-0.));
#789 = ADVANCED_FACE('',(#790),#801,.F.);
#790 = FACE_BOUND('',#791,.F.);
#791 = EDGE_LOOP('',(#792,#793,#794,#800));
#792 = ORIENTED_EDGE('',*,*,#743,.F.);
#793 = ORIENTED_EDGE('',*,*,#676,.F.);
#794 = ORIENTED_EDGE('',*,*,#795,.F.);
#795 = EDGE_CURVE('',#660,#668,#796,.T.);
#796 = LINE('',#797,#798);
#797 = CARTESIAN_POINT('',(2.825,8.E-02,8.2));
#798 = VECTOR('',#799,1.);
#799 = DIRECTION('',(-1.,0.,0.));
#800 = ORIENTED_EDGE('',*,*,#659,.T.);
#801 = PLANE('',#802);
#802 = AXIS2_PLACEMENT_3D('',#803,#804,#805);
#803 = CARTESIAN_POINT('',(2.15,8.E-02,7.9));
#804 = DIRECTION('',(0.,1.,0.));
#805 = DIRECTION('',(0.,0.,1.));
#806 = ADVANCED_FACE('',(#807),#811,.T.);
#807 = FACE_BOUND('',#808,.T.);
#808 = EDGE_LOOP('',(#809,#810));
#809 = ORIENTED_EDGE('',*,*,#795,.F.);
#810 = ORIENTED_EDGE('',*,*,#667,.T.);
#811 = PLANE('',#812);
#812 = AXIS2_PLACEMENT_3D('',#813,#814,#815);
#813 = CARTESIAN_POINT('',(3.5,-1.E-01,8.2));
#814 = DIRECTION('',(0.,0.,1.));
#815 = DIRECTION('',(1.,0.,-0.));
#816 = ( GEOMETRIC_REPRESENTATION_CONTEXT(3)
GLOBAL_UNCERTAINTY_ASSIGNED_CONTEXT((#820)) GLOBAL_UNIT_ASSIGNED_CONTEXT
((#817,#818,#819)) REPRESENTATION_CONTEXT('Context #1',
  '3D Context with UNIT and UNCERTAINTY') );
#817 = ( LENGTH_UNIT() NAMED_UNIT(*) SI_UNIT(.MILLI.,.METRE.) );
#818 = ( NAMED_UNIT(*) PLANE_ANGLE_UNIT() SI_UNIT($,.RADIAN.) );
#819 = ( NAMED_UNIT(*) SI_UNIT($,.STERADIAN.) SOLID_ANGLE_UNIT() );
#820 = UNCERTAINTY_MEASURE_WITH_UNIT(LENGTH_MEASURE(1.E-07),#817,
  'distance_accuracy_value','confusion accuracy');
#821 = CONTEXT_DEPENDENT_SHAPE_REPRESENTATION(#822,#824);
#822 = ( REPRESENTATION_RELATIONSHIP('','',#626,#10)
REPRESENTATION_RELATIONSHIP_WITH_TRANSFORMATION(#823)
SHAPE_REPRESENTATION_RELATIONSHIP() );
#823 = ITEM_DEFINED_TRANSFORMATION('','',#11,#27);
#824 = PRODUCT_DEFINITION_SHAPE('Placement','Placement of an item',#825
  );
#825 = NEXT_ASSEMBLY_USAGE_OCCURRENCE('16','screw_2','',#5,#621,$);
#826 = PRODUCT_RELATED_PRODUCT_CATEGORY('part',$,(#623));
#827 = SHAPE_DEFINITION_REPRESENTATION(#828,#834);
#828 = PRODUCT_DEFINITION_SHAPE('','',#829);
#829 = PRODUCT_DEFINITION('design','',#830,#833);
#830 = PRODUCT_DEFINITION_FORMATION('','',#831);
#831 = PRODUCT('pin_2','pin_2','',(#832));
#832 = PRODUCT_CONTEXT('',#2,'mechanical');
#833 = PRODUCT_DEFINITION_CONTEXT('part definition',#2,'design');
#834 = ADVANCED_BREP_SHAPE_REPRESENTATION('',(#11,#835),#985);
#835 = MANIFOLD_SOLID_BREP('',#836);
#836 = CLOSED_SHELL('',(#837,#877,#917,#939,#961,#973));
#837 = ADVANCED_FACE('',(#838),#872,.F.);
#838 = FACE_BOUND('',#839,.F.);
#839 = EDGE_LOOP('',(#840,#850,#858,#866));
#840 = ORIENTED_EDGE('',*,*,#841,.F.);
#841 = EDGE_CURVE('',#842,#844,#846,.T.);
#842 = VERTEX_POINT('',#843);
#843 = CARTESIAN_POINT('',(3.075,-0.25,-3.4));
#844 = VERTEX_POINT('',#845);
#845 = CARTESIAN_POINT('',(3.075,-0.25,0.7));
#846 = LINE('',#847,#848);
#847 = CARTESIAN_POINT('',(3.075,-0.25,-3.4));
#848 = VECTOR('',#849,1.);
#849 = DIRECTION('',(0.,0.,1.));
#850 = ORIENTED_EDGE('',*,*,#851,.T.);
#851 = EDGE_CURVE('',#842,#852,#854,.T.);
#852 = VERTEX_POINT('',#853);
#853 = CARTESIAN_POINT('',(3.075,0.25,-3.4));
#854 = LINE('',#855,#856);
#855 = CARTESIAN_POINT('',(3.075,-0.25,-3.4));
#856 = VECTOR('',#857,1.);
#857 = DIRECTION('',(0.,1.,0.));
#858 = ORIENTED_EDGE('',*,*,#859,.T.);
#859 = EDGE_CURVE('',#852,#860,#862,.T.);
#860 = VERTEX_POINT('',#861);
#861 = CARTESIAN_POINT('',(3.075,0.25,0.7));
#862 = LINE('',#863,#864);
#863 = CARTESIAN_POINT('',(3.075,0.25,-3.4));
#864 = VECTOR('',#865,1.);
#865 = DIRECTION('',(0.,0.,1.));
#866 = ORIENTED_EDGE('',*,*,#867,.F.);
#867 = EDGE_CURVE('',#844,#860,#868,.T.);
#868 = LINE('',#869,#870);
#869 = CARTESIAN_POINT('',(3.075,-0.25,0.7));
#870 = VECTOR('',#871,1.);
#871 = DIRECTION('',(0.,1.,0.));
#872 = PLANE('',#873);
#873 = AXIS2_PLACEMENT_3D('',#874,#875,#876);
#874 = CARTESIAN_POINT('',(3.075,-0.25,-3.4));
#875 = DIRECTION('',(1.,0.,0.));
#876 = DIRECTION('',(0.,0.,1.));
#877 = ADVANCED_FACE('',(#878),#912,.T.);
#878 = FACE_BOUND('',#879,.T.);
#879 = EDGE_LOOP('',(#880,#890,#898,#906));
#880 = ORIENTED_EDGE('',*,*,#881,.F.);
#881 = EDGE_CURVE('',#882,#884,#886,.T.);
#882 = VERTEX_POINT('',#883);
#883 = CARTESIAN_POINT('',(3.925,-0.25,-3.4));
#884 = VERTEX_POINT('',#885);
#885 = CARTESIAN_POINT('',(3.925,-0.25,0.7));
#886 = LINE('',#887,#888);
#887 = CARTESIAN_POINT('',(3.925,-0.25,-3.4));
#888 = VECTOR('',#889,1.);
#889 = DIRECTION('',(0.,0.,1.));
#890 = ORIENTED_EDGE('',*,*,#891,.T.);
#891 = EDGE_CURVE('',#882,#892,#894,.T.);
#892 = VERTEX_POINT('',#893);
#893 = CARTESIAN_POINT('',(3.925,0.25,-3.4));
#894 = LINE('',#895,#896);
#895 = CARTESIAN_POINT('',(3.925,-0.25,-3.4));
#896 = VECTOR('',#897,1.);
#897 = DIRECTION('',(0.,1.,0.));
#898 = ORIENTED_EDGE('',*,*,#899,.T.);
#899 = EDGE_CURVE('',#892,#900,#902,.T.);
#900 = VERTEX_POINT('',#901);
#901 = CARTESIAN_POINT('',(3.925,0.25,0.7));
#902 = LINE('',#903,#904);
#903 = CARTESIAN_POINT('',(3.925,0.25,-3.4));
#904 = VECTOR('',#905,1.);
#905 = DIRECTION('',(0.,0.,1.));
#906 = ORIENTED_EDGE('',*,*,#907,.F.);
#907 = EDGE_CURVE('',#884,#900,#908,.T.);
#908 = LINE('',#909,#910);
#909 = CARTESIAN_POINT('',(3.925,-0.25,0.7));
#910 = VECTOR('',#911,1.);
#911 = DIRECTION('',(0.,1.,0.));
#912 = PLANE('',#913);
#913 = AXIS2_PLACEMENT_3D('',#914,#915,#916);
#914 = CARTESIAN_POINT('',(3.925,-0.25,-3.4));
#915 = DIRECTION('',(1.,0.,0.));
#916 = DIRECTION('',(0.,0.,1.));
#917 = ADVANCED_FACE('',(#918),#934,.F.);
#918 = FACE_BOUND('',#919,.F.);
#919 = EDGE_LOOP('',(#920,#926,#927,#933));
#920 = ORIENTED_EDGE('',*,*,#921,.F.);
#921 = EDGE_CURVE('',#842,#882,#922,.T.);
#922 = LINE('',#923,#924);
#923 = CARTESIAN_POINT('',(3.075,-0.25,-3.4));
#924 = VECTOR('',#925,1.);
#925 = DIRECTION('',(1.,0.,0.));
#926 = ORIENTED_EDGE('',*,*,#841,.T.);
#927 = ORIENTED_EDGE('',*,*,#928,.T.);
#928 = EDGE_CURVE('',#844,#884,#929,.T.);
#929 = LINE('',#930,#931);
#930 = CARTESIAN_POINT('',(3.075,-0.25,0.7));
#931 = VECTOR('',#932,1.);
#932 = DIRECTION('',(1.,0.,0.));
#933 = ORIENTED_EDGE('',*,*,#881,.F.);
#934 = PLANE('',#935);
#935 = AXIS2_PLACEMENT_3D('',#936,#937,#938);
#936 = CARTESIAN_POINT('',(3.075,-0.25,-3.4));
#937 = DIRECTION('',(0.,1.,0.));
#938 = DIRECTION('',(0.,0.,1.));
#939 = ADVANCED_FACE('',(#940),#956,.T.);
#940 = FACE_BOUND('',#941,.T.);
#941 = EDGE_LOOP('',(#942,#948,#949,#955));
#942 = ORIENTED_EDGE('',*,*,#943,.F.);
#943 = EDGE_CURVE('',#852,#892,#944,.T.);
#944 = LINE('',#945,#946);
#945 = CARTESIAN_POINT('',(3.075,0.25,-3.4));
#946 = VECTOR('',#947,1.);
#947 = DIRECTION('',(1.,0.,0.));
#948 = ORIENTED_EDGE('',*,*,#859,.T.);
#949 = ORIENTED_EDGE('',*,*,#950,.T.);
#950 = EDGE_CURVE('',#860,#900,#951,.T.);
#951 = LINE('',#952,#953);
#952 = CARTESIAN_POINT('',(3.075,0.25,0.7));
#953 = VECTOR('',#954,1.);
#954 = DIRECTION('',(1.,0.,0.));
#955 = ORIENTED_EDGE('',*,*,#899,.F.);
#956 = PLANE('',#957);
#957 = AXIS2_PLACEMENT_3D('',#958,#959,#960);
#958 = CARTESIAN_POINT('',(3.075,0.25,-3.4));
#959 = DIRECTION('',(0.,1.,0.));
#960 = DIRECTION('',(0.,0.,1.));
#961 = ADVANCED_FACE('',(#962),#968,.F.);
#962 = FACE_BOUND('',#963,.F.);
#963 = EDGE_LOOP('',(#964,#965,#966,#967));
#964 = ORIENTED_EDGE('',*,*,#851,.F.);
#965 = ORIENTED_EDGE('',*,*,#921,.T.);
#966 = ORIENTED_EDGE('',*,*,#891,.T.);
#967 = ORIENTED_EDGE('',*,*,#943,.F.);
#968 = PLANE('',#969);
#969 = AXIS2_PLACEMENT_3D('',#970,#971,#972);
#970 = CARTESIAN_POINT('',(3.075,-0.25,-3.4));
#971 = DIRECTION('',(0.,0.,1.));
#972 = DIRECTION('',(1.,0.,0.));
#973 = ADVANCED_FACE('',(#974),#980,.T.);
#974 = FACE_BOUND('',#975,.T.);
#975 = EDGE_LOOP('',(#976,#977,#978,#979));
#976 = ORIENTED_EDGE('',*,*,#867,.F.);
#977 = ORIENTED_EDGE('',*,*,#928,.T.);
#978 = ORIENTED_EDGE('',*,*,#907,.T.);
#979 = ORIENTED_EDGE('',*,*,#950,.F.);
#980 = PLANE('',#981);
#981 = AXIS2_PLACEMENT_3D('',#982,#983,#984);
#982 = CARTESIAN_POINT('',(3.075,-0.25,0.7));
#983 = DIRECTION('',(0.,0.,1.));
#984 = DIRECTION('',(1.,0.,0.));
#985 = ( GEOMETRIC_REPRESENTATION_CONTEXT(3)
GLOBAL_UNCERTAINTY_ASSIGNED_CONTEXT((#989)) GLOBAL_UNIT_ASSIGNED_CONTEXT
((#986,#987,#988)) REPRESENTATION_CONTEXT('Context #1',
  '3D Context with UNIT and UNCERTAINTY') );
#986 = ( LENGTH_UNIT() NAMED_UNIT(*) SI_UNIT(.MILLI.,.METRE.) );
#987 = ( NAMED_UNIT(*) PLANE_ANGLE_UNIT() SI_UNIT($,.RADIAN.) );
#988 = ( NAMED_UNIT(*) SI_UNIT($,.STERADIAN.) SOLID_ANGLE_UNIT() );
#989 = UNCERTAINTY_MEASURE_WITH_UNIT(LENGTH_MEASURE(1.E-07),#986,
  'distance_accuracy_value','confusion accuracy');
#990 = CONTEXT_DEPENDENT_SHAPE_REPRESENTATION(#991,#993);
#991 = ( REPRESENTATION_RELATIONSHIP('','',#834,#10)
REPRESENTATION_RELATIONSHIP_WITH_TRANSFORMATION(#992)
SHAPE_REPRESENTATION_RELATIONSHIP() );
#992 = ITEM_DEFINED_TRANSFORMATION('','',#11,#31);
#993 = PRODUCT_DEFINITION_SHAPE('Placement','Placement of an item',#994
  );
#994 = NEXT_ASSEMBLY_USAGE_OCCURRENCE('17','pin_2','',#5,#829,$);
#995 = PRODUCT_RELATED_PRODUCT_CATEGORY('part',$,(#831));
#996 = SHAPE_DEFINITION_REPRESENTATION(#997,#1003);
#997 = PRODUCT_DEFINITION_SHAPE('','',#998);
#998 = PRODUCT_DEFINITION('design','',#999,#1002);
#999 = PRODUCT_DEFINITION_FORMATION('','',#1000);
#1000 = PRODUCT('cage_2','cage_2','',(#1001));
#1001 = PRODUCT_CONTEXT('',#2,'mechanical');
#1002 = PRODUCT_DEFINITION_CONTEXT('part definition',#2,'design');
#1003 = ADVANCED_BREP_SHAPE_REPRESENTATION('',(#11,#1004),#1154);
#1004 = MANIFOLD_SOLID_BREP('',#1005);
#1005 = CLOSED_SHELL('',(#1006,#1046,#1086,#1108,#1130,#1142));
#1006 = ADVANCED_FACE('',(#1007),#1041,.F.);
#1007 = FACE_BOUND('',#1008,.F.);
#1008 = EDGE_LOOP('',(#1009,#1019,#1027,#1035));
#1009 = ORIENTED_EDGE('',*,*,#1010,.F.);
#1010 = EDGE_CURVE('',#1011,#1013,#1015,.T.);
#1011 = VERTEX_POINT('',#1012);
#1012 = CARTESIAN_POINT('',(2.66,-1.8,1.634));
#1013 = VERTEX_POINT('',#1014);
#1014 = CARTESIAN_POINT('',(2.66,-1.8,3.698));
#1015 = LINE('',#1016,#1017);
#1016 = CARTESIAN_POINT('',(2.66,-1.8,1.634));
#1017 = VECTOR('',#1018,1.);
#1018 = DIRECTION('',(0.,0.,1.));
#1019 = ORIENTED_EDGE('',*,*,#1020,.T.);
#1020 = EDGE_CURVE('',#1011,#1021,#1023,.T.);
#1021 = VERTEX_POINT('',#1022);
#1022 = CARTESIAN_POINT('',(2.66,-1.6,1.634));
#1023 = LINE('',#1024,#1025);
#1024 = CARTESIAN_POINT('',(2.66,-1.8,1.634));
#1025 = VECTOR('',#1026,1.);
#1026 = DIRECTION('',(0.,1.,0.));
#1027 = ORIENTED_EDGE('',*,*,#1028,.T.);
#1028 = EDGE_CURVE('',#1021,#1029,#1031,.T.);
#1029 = VERTEX_POINT('',#1030);
#1030 = CARTESIAN_POINT('',(2.66,-1.6,3.698));
#1031 = LINE('',#1032,#1033);
#1032 = CARTESIAN_POINT('',(2.66,-1.6,1.634));
#1033 = VECTOR('',#1034,1.);
#1034 = DIRECTION('',(0.,0.,1.));
#1035 = ORIENTED_EDGE('',*,*,#1036,.F.);
#1036 = EDGE_CURVE('',#1013,#1029,#1037,.T.);
#1037 = LINE('',#1038,#1039);
#1038 = CARTESIAN_POINT('',(2.66,-1.8,3.698));
#1039 = VECTOR('',#1040,1.);
#1040 = DIRECTION('',(0.,1.,0.));
#1041 = PLANE('',#1042);
#1042 = AXIS2_PLACEMENT_3D('',#1043,#1044,#1045);
#1043 = CARTESIAN_POINT('',(2.66,-1.8,1.634));
#1044 = DIRECTION('',(1.,0.,0.));
#1045 = DIRECTION('',(0.,0.,1.));
#1046 = ADVANCED_FACE('',(#1047),#1081,.T.);
#1047 = FACE_BOUND('',#1048,.T.);
#1048 = EDGE_LOOP('',(#1049,#1059,#1067,#1075));
#1049 = ORIENTED_EDGE('',*,*,#1050,.F.);
#1050 = EDGE_CURVE('',#1051,#1053,#1055,.T.);
#1051 = VERTEX_POINT('',#1052);
#1052 = CARTESIAN_POINT('',(4.34,-1.8,1.634));
#1053 = VERTEX_POINT('',#1054);
#1054 = CARTESIAN_POINT('',(4.34,-1.8,3.698));
#1055 = LINE('',#1056,#1057);
#1056 = CARTESIAN_POINT('',(4.34,-1.8,1.634));
#1057 = VECTOR('',#1058,1.);
#1058 = DIRECTION('',(0.,0.,1.));
#1059 = ORIENTED_EDGE('',*,*,#1060,.T.);
#1060 = EDGE_CURVE('',#1051,#1061,#1063,.T.);
#1061 = VERTEX_POINT('',#1062);
#1062 = CARTESIAN_POINT('',(4.34,-1.6,1.634));
#1063 = LINE('',#1064,#1065);
#1064 = CARTESIAN_POINT('',(4.34,-1.8,1.634));
#1065 = VECTOR('',#1066,1.);
#1066 = DIRECTION('',(0.,1.,0.));
#1067 = ORIENTED_EDGE('',*,*,#1068,.T.);
#1068 = EDGE_CURVE('',#1061,#1069,#1071,.T.);
#1069 = VERTEX_POINT('',#1070);
#1070 = CARTESIAN_POINT('',(4.34,-1.6,3.698));
#1071 = LINE('',#1072,#1073);
#1072 = CARTESIAN_POINT('',(4.34,-1.6,1.634));
#1073 = VECTOR('',#1074,1.);
#1074 = DIRECTION('',(0.,0.,1.));
#1075 = ORIENTED_EDGE('',*,*,#1076,.F.);
#1076 = EDGE_CURVE('',#1053,#1069,#1077,.T.);
#1077 = LINE('',#1078,#1079);
#1078 = CARTESIAN_POINT('',(4.34,-1.8,3.698));
#1079 = VECTOR('',#1080,1.);
#1080 = DIRECTION('',(0.,1.,0.));
#1081 = PLANE('',#1082);
#1082 = AXIS2_PLACEMENT_3D('',#1083,#1084,#1085);
#1083 = CARTESIAN_POINT('',(4.34,-1.8,1.634));
#1084 = DIRECTION('',(1.,0.,0.));
#1085 = DIRECTION('',(0.,0.,1.));
#1086 = ADVANCED_FACE('',(#1087),#1103,.F.);
#1087 = FACE_BOUND('',#1088,.F.);
#1088 = EDGE_LOOP('',(#1089,#1095,#1096,#1102));
#1089 = ORIENTED_EDGE('',*,*,#1090,.F.);
#1090 = EDGE_CURVE('',#1011,#1051,#1091,.T.);
#1091 = LINE('',#1092,#1093);
#1092 = CARTESIAN_POINT('',(2.66,-1.8,1.634));
#1093 = VECTOR('',#1094,1.);
#1094 = DIRECTION('',(1.,0.,0.));
#1095 = ORIENTED_EDGE('',*,*,#1010,.T.);
#1096 = ORIENTED_EDGE('',*,*,#1097,.T.);
#1097 = EDGE_CURVE('',#1013,#1053,#1098,.T.);
#1098 = LINE('',#1099,#1100);
#1099 = CARTESIAN_POINT('',(2.66,-1.8,3.698));
#1100 = VECTOR('',#1101,1.);
#1101 = DIRECTION('',(1.,0.,0.));
#1102 = ORIENTED_EDGE('',*,*,#1050,.F.);
#1103 = PLANE('',#1104);
#1104 = AXIS2_PLACEMENT_3D('',#1105,#1106,#1107);
#1105 = CARTESIAN_POINT('',(2.66,-1.8,1.634));
#1106 = DIRECTION('',(0.,1.,0.));
#1107 = DIRECTION('',(0.,0.,1.));
#1108 = ADVANCED_FACE('',(#1109),#1125,.T.);
#1109 = FACE_BOUND('',#1110,.T.);
#1110 = EDGE_LOOP('',(#1111,#1117,#1118,#1124));
#1111 = ORIENTED_EDGE('',*,*,#1112,.F.);
#1112 = EDGE_CURVE('',#1021,#1061,#1113,.T.);
#1113 = LINE('',#1114,#1115);
#1114 = CARTESIAN_POINT('',(2.66,-1.6,1.634));
#1115 = VECTOR('',#1116,1.);
#1116 = DIRECTION('',(1.,0.,0.));
#1117 = ORIENTED_EDGE('',*,*,#1028,.T.);
#1118 = ORIENTED_EDGE('',*,*,#1119,.T.);
#1119 = EDGE_CURVE('',#1029,#1069,#1120,.T.);
#1120 = LINE('',#1121,#1122);
#1121 = CARTESIAN_POINT('',(2.66,-1.6,3.698));
#1122 = VECTOR('',#1123,1.);
#1123 = DIRECTION('',(1.,0.,0.));
#1124 = ORIENTED_EDGE('',*,*,#1068,.F.);
#1125 = PLANE('',#1126);
#1126 = AXIS2_PLACEMENT_3D('',#1127,#1128,#1129);
#1127 = CARTESIAN_POINT('',(2.66,-1.6,1.634));
#1128 = DIRECTION('',(0.,1.,0.));
#1129 = DIRECTION('',(0.,0.,1.));
#1130 = ADVANCED_FACE('',(#1131),#1137,.F.);
#1131 = FACE_BOUND('',#1132,.F.);
#1132 = EDGE_LOOP('',(#1133,#1134,#1135,#1136));
#1133 = ORIENTED_EDGE('',*,*,#1020,.F.);
#1134 = ORIENTED_EDGE('',*,*,#1090,.T.);
#1135 = ORIENTED_EDGE('',*,*,#1060,.T.);
#1136 = ORIENTED_EDGE('',*,*,#1112,.F.);
#1137 = PLANE('',#1138);
#1138 = AXIS2_PLACEMENT_3D('',#1139,#1140,#1141);
#1139 = CARTESIAN_POINT('',(2.66,-1.8,1.634));
#1140 = DIRECTION('',(0.,0.,1.));
#1141 = DIRECTION('',(1.,0.,0.));
#1142 = ADVANCED_FACE('',(#1143),#1149,.T.);
#1143 = FACE_BOUND('',#1144,.T.);
#1144 = EDGE_LOOP('',(#1145,#1146,#1147,#1148));
#1145 = ORIENTED_EDGE('',*,*,#1036,.F.);
#1146 = ORIENTED_EDGE('',*,*,#1097,.T.);
#1147 = ORIENTED_EDGE('',*,*,#1076,.T.);
#1148 = ORIENTED_EDGE('',*,*,#1119,.F.);
#1149 = PLANE('',#1150);
#1150 = AXIS2_PLACEMENT_3D('',#1151,#1152,#1153);
#1151 = CARTESIAN_POINT('',(2.66,-1.8,3.698));
#1152 = DIRECTION('',(0.,0.,1.));
#1153 = DIRECTION('',(1.,0.,0.));
#1154 = ( GEOMETRIC_REPRESENTATION_CONTEXT(3)
GLOBAL_UNCERTAINTY_ASSIGNED_CONTEXT((#1158))
GLOBAL_UNIT_ASSIGNED_CONTEXT((#1155,#1156,#1157)) REPRESENTATION_CONTEXT
('Context #1','3D Context with UNIT and UNCERTAINTY') );
#1155 = ( LENGTH_UNIT() NAMED_UNIT(*) SI_UNIT(.MILLI.,.METRE.) );
#1156 = ( NAMED_UNIT(*) PLANE_ANGLE_UNIT() SI_UNIT($,.RADIAN.) );
#1157 = ( NAMED_UNIT(*) SI_UNIT($,.STERADIAN.) SOLID_ANGLE_UNIT() );
#1158 = UNCERTAINTY_MEASURE_WITH_UNIT(LENGTH_MEASURE(1.E-07),#1155,
  'distance_accuracy_value','confusion accuracy');
#1159 = CONTEXT_DEPENDENT_SHAPE_REPRESENTATION(#1160,#1162);
#1160 = ( REPRESENTATION_RELATIONSHIP('','',#1003,#10)
REPRESENTATION_RELATIONSHIP_WITH_TRANSFORMATION(#1161)
SHAPE_REPRESENTATION_RELATIONSHIP() );
#1161 = ITEM_DEFINED_TRANSFORMATION('','',#11,#35);
#1162 = PRODUCT_DEFINITION_SHAPE('Placement','Placement of an item',
  #1163);
#1163 = NEXT_ASSEMBLY_USAGE_OCCURRENCE('18','cage_2','',#5,#998,$);
#1164 = PRODUCT_RELATED_PRODUCT_CATEGORY('part',$,(#1000));
#1165 = SHAPE_DEFINITION_REPRESENTATION(#1166,#1172);
#1166 = PRODUCT_DEFINITION_SHAPE('','',#1167);
#1167 = PRODUCT_DEFINITION('design','',#1168,#1171);
#1168 = PRODUCT_DEFINITION_FORMATION('','',#1169);
#1169 = PRODUCT('screw_3','screw_3','',(#1170));
#1170 = PRODUCT_CONTEXT('',#2,'mechanical');
#1171 = PRODUCT_DEFINITION_CONTEXT('part definition',#2,'design');
#1172 = ADVANCED_BREP_SHAPE_REPRESENTATION('',(#11,#1173),#1362);
#1173 = MANIFOLD_SOLID_BREP('',#1174);
#1174 = CLOSED_SHELL('',(#1175,#1276,#1285,#1308,#1325,#1335,#1352));
#1175 = ADVANCED_FACE('',(#1176),#1271,.T.);
#1176 = FACE_BOUND('',#1177,.F.);
#1177 = EDGE_LOOP('',(#1178,#1187,#1195,#1204,#1212,#1221,#1229,#1238,
    #1246,#1255,#1263,#1270));
#1178 = ORIENTED_EDGE('',*,*,#1179,.F.);
#1179 = EDGE_CURVE('',#1180,#1180,#1182,.T.);
#1180 = VERTEX_POINT('',#1181);
#1181 = CARTESIAN_POINT('',(8.25,-0.1,7.45));
#1182 = CIRCLE('',#1183,1.25);
#1183 = AXIS2_PLACEMENT_3D('',#1184,#1185,#1186);
#1184 = CARTESIAN_POINT('',(7.,-0.1,7.45));
#1185 = DIRECTION('',(0.,0.,1.));
#1186 = DIRECTION('',(1.,0.,0.));
#1187 = ORIENTED_EDGE('',*,*,#1188,.T.);
#1188 = EDGE_CURVE('',#1180,#1189,#1191,.T.);
#1189 = VERTEX_POINT('',#1190);
#1190 = CARTESIAN_POINT('',(8.25,-0.1,7.9));
#1191 = LINE('',#1192,#1193);
#1192 = CARTESIAN_POINT('',(8.25,-0.1,7.45));
#1193 = VECTOR('',#1194,1.);
#1194 = DIRECTION('',(0.,0.,1.));
#1195 = ORIENTED_EDGE('',*,*,#1196,.F.);
#1196 = EDGE_CURVE('',#1197,#1189,#1199,.T.);
#1197 = VERTEX_POINT('',#1198);
#1198 = CARTESIAN_POINT('',(8.236972109629,8.E-02,7.9));
#1199 = CIRCLE('',#1200,1.25);
#1200 = AXIS2_PLACEMENT_3D('',#1201,#1202,#1203);
#1201 = CARTESIAN_POINT('',(7.,-0.1,7.9));
#1202 = DIRECTION('',(0.,0.,-1.));
#1203 = DIRECTION('',(1.,0.,0.));
#1204 = ORIENTED_EDGE('',*,*,#1205,.F.);
#1205 = EDGE_CURVE('',#1206,#1197,#1208,.T.);
#1206 = VERTEX_POINT('',#1207);
#1207 = CARTESIAN_POINT('',(8.236972109629,8.E-02,8.2));
#1208 = LINE('',#1209,#1210);
#1209 = CARTESIAN_POINT('',(8.236972109629,8.E-02,7.45));
#1210 = VECTOR('',#1211,1.);
#1211 = DIRECTION('',(-0.,-0.,-1.));
#1212 = ORIENTED_EDGE('',*,*,#1213,.T.);
#1213 = EDGE_CURVE('',#1206,#1214,#1216,.T.);
#1214 = VERTEX_POINT('',#1215);
#1215 = CARTESIAN_POINT('',(5.763027890371,8.E-02,8.2));
#1216 = CIRCLE('',#1217,1.25);
#1217 = AXIS2_PLACEMENT_3D('',#1218,#1219,#1220);
#1218 = CARTESIAN_POINT('',(7.,-0.1,8.2));
#1219 = DIRECTION('',(0.,0.,1.));
#1220 = DIRECTION('',(1.,0.,0.));
#1221 = ORIENTED_EDGE('',*,*,#1222,.T.);
#1222 = EDGE_CURVE('',#1214,#1223,#1225,.T.);
#1223 = VERTEX_POINT('',#1224);
#1224 = CARTESIAN_POINT('',(5.763027890371,8.E-02,7.9));
#1225 = LINE('',#1226,#1227);
#1226 = CARTESIAN_POINT('',(5.763027890371,8.E-02,7.45));
#1227 = VECTOR('',#1228,1.);
#1228 = DIRECTION('',(-0.,-0.,-1.));
#1229 = ORIENTED_EDGE('',*,*,#1230,.F.);
#1230 = EDGE_CURVE('',#1231,#1223,#1233,.T.);
#1231 = VERTEX_POINT('',#1232);
#1232 = CARTESIAN_POINT('',(5.763027890371,-0.28,7.9));
#1233 = CIRCLE('',#1234,1.25);
#1234 = AXIS2_PLACEMENT_3D('',#1235,#1236,#1237);
#1235 = CARTESIAN_POINT('',(7.,-0.1,7.9));
#1236 = DIRECTION('',(0.,0.,-1.));
#1237 = DIRECTION('',(1.,0.,0.));
#1238 = ORIENTED_EDGE('',*,*,#1239,.F.);
#1239 = EDGE_CURVE('',#1240,#1231,#1242,.T.);
#1240 = VERTEX_POINT('',#1241);
#1241 = CARTESIAN_POINT('',(5.763027890371,-0.28,8.2));
#1242 = LINE('',#1243,#1244);
#1243 = CARTESIAN_POINT('',(5.763027890371,-0.28,7.45));
#1244 = VECTOR('',#1245,1.);
#1245 = DIRECTION('',(-0.,-0.,-1.));
#1246 = ORIENTED_EDGE('',*,*,#1247,.T.);
#1247 = EDGE_CURVE('',#1240,#1248,#1250,.T.);
#1248 = VERTEX_POINT('',#1249);
#1249 = CARTESIAN_POINT('',(8.236972109629,-0.28,8.2));
#1250 = CIRCLE('',#1251,1.25);
#1251 = AXIS2_PLACEMENT_3D('',#1252,#1253,#1254);
#1252 = CARTESIAN_POINT('',(7.,-0.1,8.2));
#1253 = DIRECTION('',(0.,0.,1.));
#1254 = DIRECTION('',(1.,0.,0.));
#1255 = ORIENTED_EDGE('',*,*,#1256,.T.);
#1256 = EDGE_CURVE('',#1248,#1257,#1259,.T.);
#1257 = VERTEX_POINT('',#1258);
#1258 = CARTESIAN_POINT('',(8.236972109629,-0.28,7.9));
#1259 = LINE('',#1260,#1261);
#1260 = CARTESIAN_POINT('',(8.236972109629,-0.28,7.45));
#1261 = VECTOR('',#1262,1.);
#1262 = DIRECTION('',(-0.,-0.,-1.));
#1263 = ORIENTED_EDGE('',*,*,#1264,.F.);
#1264 = EDGE_CURVE('',#1189,#1257,#1265,.T.);
#1265 = CIRCLE('',#1266,1.25);
#1266 = AXIS2_PLACEMENT_3D('',#1267,#1268,#1269);
#1267 = CARTESIAN_POINT('',(7.,-0.1,7.9));
#1268 = DIRECTION('',(0.,0.,-1.));
#1269 = DIRECTION('',(1.,0.,0.));
#1270 = ORIENTED_EDGE('',*,*,#1188,.F.);
#1271 = CYLINDRICAL_SURFACE('',#1272,1.25);
#1272 = AXIS2_PLACEMENT_3D('',#1273,#1274,#1275);
#1273 = CARTESIAN_POINT('',(7.,-0.1,7.45));
#1274 = DIRECTION('',(-0.,-0.,-1.));
#1275 = DIRECTION('',(1.,0.,0.));
#1276 = ADVANCED_FACE('',(#1277),#1280,.F.);
#1277 = FACE_BOUND('',#1278,.F.);
#1278 = EDGE_LOOP('',(#1279));
#1279 = ORIENTED_EDGE('',*,*,#1179,.T.);
#1280 = PLANE('',#1281);
#1281 = AXIS2_PLACEMENT_3D('',#1282,#1283,#1284);
#1282 = CARTESIAN_POINT('',(7.,-1.E-01,7.45));
#1283 = DIRECTION('',(0.,0.,1.));
#1284 = DIRECTION('',(1.,0.,-0.));
#1285 = ADVANCED_FACE('',(#1286),#1303,.T.);
#1286 = FACE_BOUND('',#1287,.T.);
#1287 = EDGE_LOOP('',(#1288,#1294,#1295,#1301,#1302));
#1288 = ORIENTED_EDGE('',*,*,#1289,.F.);
#1289 = EDGE_CURVE('',#1223,#1197,#1290,.T.);
#1290 = LINE('',#1291,#1292);
#1291 = CARTESIAN_POINT('',(5.65,8.E-02,7.9));
#1292 = VECTOR('',#1293,1.);
#1293 = DIRECTION('',(1.,0.,0.));
#1294 = ORIENTED_EDGE('',*,*,#1230,.F.);
#1295 = ORIENTED_EDGE('',*,*,#1296,.T.);
#1296 = EDGE_CURVE('',#1231,#1257,#1297,.T.);
#1297 = LINE('',#1298,#1299);
#1298 = CARTESIAN_POINT('',(5.65,-0.28,7.9));
#1299 = VECTOR('',#1300,1.);
#1300 = DIRECTION('',(1.,0.,0.));
#1301 = ORIENTED_EDGE('',*,*,#1264,.F.);
#1302 = ORIENTED_EDGE('',*,*,#1196,.F.);
#1303 = PLANE('',#1304);
#1304 = AXIS2_PLACEMENT_3D('',#1305,#1306,#1307);
#1305 = CARTESIAN_POINT('',(5.65,-0.28,7.9));
#1306 = DIRECTION('',(0.,0.,1.));
#1307 = DIRECTION('',(1.,0.,0.));
#1308 = ADVANCED_FACE('',(#1309),#1320,.T.);
#1309 = FACE_BOUND('',#1310,.T.);
#1310 = EDGE_LOOP('',(#1311,#1312,#1313,#1319));
#1311 = ORIENTED_EDGE('',*,*,#1296,.F.);
#1312 = ORIENTED_EDGE('',*,*,#1239,.F.);
#1313 = ORIENTED_EDGE('',*,*,#1314,.F.);
#1314 = EDGE_CURVE('',#1248,#1240,#1315,.T.);
#1315 = LINE('',#1316,#1317);
#1316 = CARTESIAN_POINT('',(6.325,-0.28,8.2));
#1317 = VECTOR('',#1318,1.);
#1318 = DIRECTION('',(-1.,0.,0.));
#1319 = ORIENTED_EDGE('',*,*,#1256,.T.);
#1320 = PLANE('',#1321);
#1321 = AXIS2_PLACEMENT_3D('',#1322,#1323,#1324);
#1322 = CARTESIAN_POINT('',(5.65,-0.28,7.9));
#1323 = DIRECTION('',(0.,1.,0.));
#1324 = DIRECTION('',(0.,0.,1.));
#1325 = ADVANCED_FACE('',(#1326),#1330,.T.);
#1326 = FACE_BOUND('',#1327,.T.);
#1327 = EDGE_LOOP('',(#1328,#1329));
#1328 = ORIENTED_EDGE('',*,*,#1247,.T.);
#1329 = ORIENTED_EDGE('',*,*,#1314,.T.);
#1330 = PLANE('',#1331);
#1331 = AXIS2_PLACEMENT_3D('',#1332,#1333,#1334);
#1332 = CARTESIAN_POINT('',(7.,-1.E-01,8.2));
#1333 = DIRECTION('',(0.,0.,1.));
#1334 = DIRECTION('',(1.,0.,-0.));
#1335 = ADVANCED_FACE('',(#1336),#1347,.F.);
#1336 = FACE_BOUND('',#1337,.F.);
#1337 = EDGE_LOOP('',(#1338,#1339,#1340,#1346));
#1338 = ORIENTED_EDGE('',*,*,#1289,.F.);
#1339 = ORIENTED_EDGE('',*,*,#1222,.F.);
#1340 = ORIENTED_EDGE('',*,*,#1341,.F.);
#1341 = EDGE_CURVE('',#1206,#1214,#1342,.T.);
#1342 = LINE('',#1343,#1344);
#1343 = CARTESIAN_POINT('',(6.325,8.E-02,8.2));
#1344 = VECTOR('',#1345,1.);
#1345 = DIRECTION('',(-1.,0.,0.));
#1346 = ORIENTED_EDGE('',*,*,#1205,.T.);
#1347 = PLANE('',#1348);
#1348 = AXIS2_PLACEMENT_3D('',#1349,#1350,#1351);
#1349 = CARTESIAN_POINT('',(5.65,8.E-02,7.9));
#1350 = DIRECTION('',(0.,1.,0.));
#1351 = DIRECTION('',(0.,0.,1.));
#1352 = ADVANCED_FACE('',(#1353),#1357,.T.);
#1353 = FACE_BOUND('',#1354,.T.);
#1354 = EDGE_LOOP('',(#1355,#1356));
#1355 = ORIENTED_EDGE('',*,*,#1341,.F.);
#1356 = ORIENTED_EDGE('',*,*,#1213,.T.);
#1357 = PLANE('',#1358);
#1358 = AXIS2_PLACEMENT_3D('',#1359,#1360,#1361);
#1359 = CARTESIAN_POINT('',(7.,-1.E-01,8.2));
#1360 = DIRECTION('',(0.,0.,1.));
#1361 = DIRECTION('',(1.,0.,-0.));
#1362 = ( GEOMETRIC_REPRESENTATION_CONTEXT(3)
GLOBAL_UNCERTAINTY_ASSIGNED_CONTEXT((#1366))
GLOBAL_UNIT_ASSIGNED_CONTEXT((#1363,#1364,#1365)) REPRESENTATION_CONTEXT
('Context #1','3D Context with UNIT and UNCERTAINTY') );
#1363 = ( LENGTH_UNIT() NAMED_UNIT(*) SI_UNIT(.MILLI.,.METRE.) );
#1364 = ( NAMED_UNIT(*) PLANE_ANGLE_UNIT() SI_UNIT($,.RADIAN.) );
#1365 = ( NAMED_UNIT(*) SI_UNIT($,.STERADIAN.) SOLID_ANGLE_UNIT() );
#1366 = UNCERTAINTY_MEASURE_WITH_UNIT(LENGTH_MEASURE(1.E-07),#1363,
  'distance_accuracy_value','confusion accuracy');
#1367 = CONTEXT_DEPENDENT_SHAPE_REPRESENTATION(#1368,#1370);
#1368 = ( REPRESENTATION_RELATIONSHIP('','',#1172,#10)
REPRESENTATION_RELATIONSHIP_WITH_TRANSFORMATION(#1369)
SHAPE_REPRESENTATION_RELATIONSHIP() );
#1369 = ITEM_DEFINED_TRANSFORMATION('','',#11,#39);
#1370 = PRODUCT_DEFINITION_SHAPE('Placement','Placement of an item',
  #1371);
#1371 = NEXT_ASSEMBLY_USAGE_OCCURRENCE('19','screw_3','',#5,#1167,$);
#1372 = PRODUCT_RELATED_PRODUCT_CATEGORY('part',$,(#1169));
#1373 = SHAPE_DEFINITION_REPRESENTATION(#1374,#1380);
#1374 = PRODUCT_DEFINITION_SHAPE('','',#1375);
#1375 = PRODUCT_DEFINITION('design','',#1376,#1379);
#1376 = PRODUCT_DEFINITION_FORMATION('','',#1377);
#1377 = PRODUCT('pin_3','pin_3','',(#1378));
#1378 = PRODUCT_CONTEXT('',#2,'mechanical');
#1379 = PRODUCT_DEFINITION_CONTEXT('part definition',#2,'design');
#1380 = ADVANCED_BREP_SHAPE_REPRESENTATION('',(#11,#1381),#1531);
#1381 = MANIFOLD_SOLID_BREP('',#1382);
#1382 = CLOSED_SHELL('',(#1383,#1423,#1463,#1485,#1507,#1519));
#1383 = ADVANCED_FACE('',(#1384),#1418,.F.);
#1384 = FACE_BOUND('',#1385,.F.);
#1385 = EDGE_LOOP('',(#1386,#1396,#1404,#1412));
#1386 = ORIENTED_EDGE('',*,*,#1387,.F.);
#1387 = EDGE_CURVE('',#1388,#1390,#1392,.T.);
#1388 = VERTEX_POINT('',#1389);
#1389 = CARTESIAN_POINT('',(6.575,-0.25,-3.4));
#1390 = VERTEX_POINT('',#1391);
#1391 = CARTESIAN_POINT('',(6.575,-0.25,0.7));
#1392 = LINE('',#1393,#1394);
#1393 = CARTESIAN_POINT('',(6.575,-0.25,-3.4));
#1394 = VECTOR('',#1395,1.);
#1395 = DIRECTION('',(0.,0.,1.));
#1396 = ORIENTED_EDGE('',*,*,#1397,.T.);
#1397 = EDGE_CURVE('',#1388,#1398,#1400,.T.);
#1398 = VERTEX_POINT('',#1399);
#1399 = CARTESIAN_POINT('',(6.575,0.25,-3.4));
#1400 = LINE('',#1401,#1402);
#1401 = CARTESIAN_POINT('',(6.575,-0.25,-3.4));
#1402 = VECTOR('',#1403,1.);
#1403 = DIRECTION('',(0.,1.,0.));
#1404 = ORIENTED_EDGE('',*,*,#1405,.T.);
#1405 = EDGE_CURVE('',#1398,#1406,#1408,.T.);
#1406 = VERTEX_POINT('',#1407);
#1407 = CARTESIAN_POINT('',(6.575,0.25,0.7));
#1408 = LINE('',#1409,#1410);
#1409 = CARTESIAN_POINT('',(6.575,0.25,-3.4));
#1410 = VECTOR('',#1411,1.);
#1411 = DIRECTION('',(0.,0.,1.));
#1412 = ORIENTED_EDGE('',*,*,#1413,.F.);
#1413 = EDGE_CURVE('',#1390,#1406,#1414,.T.);
#1414 = LINE('',#1415,#1416);
#1415 = CARTESIAN_POINT('',(6.575,-0.25,0.7));
#1416 = VECTOR('',#1417,1.);
#1417 = DIRECTION('',(0.,1.,0.));
#1418 = PLANE('',#1419);
#1419 = AXIS2_PLACEMENT_3D('',#1420,#1421,#1422);
#1420 = CARTESIAN_POINT('',(6.575,-0.25,-3.4));
#1421 = DIRECTION('',(1.,0.,0.));
#1422 = DIRECTION('',(0.,0.,1.));
#1423 = ADVANCED_FACE('',(#1424),#1458,.T.);
#1424 = FACE_BOUND('',#1425,.T.);
#1425 = EDGE_LOOP('',(#1426,#1436,#1444,#1452));
#1426 = ORIENTED_EDGE('',*,*,#1427,.F.);
#1427 = EDGE_CURVE('',#1428,#1430,#1432,.T.);
#1428 = VERTEX_POINT('',#1429);
#1429 = CARTESIAN_POINT('',(7.425,-0.25,-3.4));
#1430 = VERTEX_POINT('',#1431);
#1431 = CARTESIAN_POINT('',(7.425,-0.25,0.7));
#1432 = LINE('',#1433,#1434);
#1433 = CARTESIAN_POINT('',(7.425,-0.25,-3.4));
#1434 = VECTOR('',#1435,1.);
#1435 = DIRECTION('',(0.,0.,1.));
#1436 = ORIENTED_EDGE('',*,*,#1437,.T.);
#1437 = EDGE_CURVE('',#1428,#1438,#1440,.T.);
#1438 = VERTEX_POINT('',#1439);
#1439 = CARTESIAN_POINT('',(7.425,0.25,-3.4));
#1440 = LINE('',#1441,#1442);
#1441 = CARTESIAN_POINT('',(7.425,-0.25,-3.4));
#1442 = VECTOR('',#1443,1.);
#1443 = DIRECTION('',(0.,1.,0.));
#1444 = ORIENTED_EDGE('',*,*,#1445,.T.);
#1445 = EDGE_CURVE('',#1438,#1446,#1448,.T.);
#1446 = VERTEX_POINT('',#1447);
#1447 = CARTESIAN_POINT('',(7.425,0.25,0.7));
#1448 = LINE('',#1449,#1450);
#1449 = CARTESIAN_POINT('',(7.425,0.25,-3.4));
#1450 = VECTOR('',#1451,1.);
#1451 = DIRECTION('',(0.,0.,1.));
#1452 = ORIENTED_EDGE('',*,*,#1453,.F.);
#1453 = EDGE_CURVE('',#1430,#1446,#1454,.T.);
#1454 = LINE('',#1455,#1456);
#1455 = CARTESIAN_POINT('',(7.425,-0.25,0.7));
#1456 = VECTOR('',#1457,1.);
#1457 = DIRECTION('',(0.,1.,0.));
#1458 = PLANE('',#1459);
#1459 = AXIS2_PLACEMENT_3D('',#1460,#1461,#1462);
#1460 = CARTESIAN_POINT('',(7.425,-0.25,-3.4));
#1461 = DIRECTION('',(1.,0.,0.));
#1462 = DIRECTION('',(0.,0.,1.));
#1463 = ADVANCED_FACE('',(#1464),#1480,.F.);
#1464 = FACE_BOUND('',#1465,.F.);
#1465 = EDGE_LOOP('',(#1466,#1472,#1473,#1479));
#1466 = ORIENTED_EDGE('',*,*,#1467,.F.);
#1467 = EDGE_CURVE('',#1388,#1428,#1468,.T.);
#1468 = LINE('',#1469,#1470);
#1469 = CARTESIAN_POINT('',(6.575,-0.25,-3.4));
#1470 = VECTOR('',#1471,1.);
#1471 = DIRECTION('',(1.,0.,0.));
#1472 = ORIENTED_EDGE('',*,*,#1387,.T.);
#1473 = ORIENTED_EDGE('',*,*,#1474,.T.);
#1474 = EDGE_CURVE('',#1390,#1430,#1475,.T.);
#1475 = LINE('',#1476,#1477);
#1476 = CARTESIAN_POINT('',(6.575,-0.25,0.7));
#1477 = VECTOR('',#1478,1.);
#1478 = DIRECTION('',(1.,0.,0.));
#1479 = ORIENTED_EDGE('',*,*,#1427,.F.);
#1480 = PLANE('',#1481);
#1481 = AXIS2_PLACEMENT_3D('',#1482,#1483,#1484);
#1482 = CARTESIAN_POINT('',(6.575,-0.25,-3.4));
#1483 = DIRECTION('',(0.,1.,0.));
#1484 = DIRECTION('',(0.,0.,1.));
#1485 = ADVANCED_FACE('',(#1486),#1502,.T.);
#1486 = FACE_BOUND('',#1487,.T.);
#1487 = EDGE_LOOP('',(#1488,#1494,#1495,#1501));
#1488 = ORIENTED_EDGE('',*,*,#1489,.F.);
#1489 = EDGE_CURVE('',#1398,#1438,#1490,.T.);
#1490 = LINE('',#1491,#1492);
#1491 = CARTESIAN_POINT('',(6.575,0.25,-3.4));
#1492 = VECTOR('',#1493,1.);
#1493 = DIRECTION('',(1.,0.,0.));
#1494 = ORIENTED_EDGE('',*,*,#1405,.T.);
#1495 = ORIENTED_EDGE('',*,*,#1496,.T.);
#1496 = EDGE_CURVE('',#1406,#1446,#1497,.T.);
#1497 = LINE('',#1498,#1499);
#1498 = CARTESIAN_POINT('',(6.575,0.25,0.7));
#1499 = VECTOR('',#1500,1.);
#1500 = DIRECTION('',(1.,0.,0.));
#1501 = ORIENTED_EDGE('',*,*,#1445,.F.);
#1502 = PLANE('',#1503);
#1503 = AXIS2_PLACEMENT_3D('',#1504,#1505,#1506);
#1504 = CARTESIAN_POINT('',(6.575,0.25,-3.4));
#1505 = DIRECTION('',(0.,1.,0.));
#1506 = DIRECTION('',(0.,0.,1.));
#1507 = ADVANCED_FACE('',(#1508),#1514,.F.);
#1508 = FACE_BOUND('',#1509,.F.);
#1509 = EDGE_LOOP('',(#1510,#1511,#1512,#1513));
#1510 = ORIENTED_EDGE('',*,*,#1397,.F.);
#1511 = ORIENTED_EDGE('',*,*,#1467,.T.);
#1512 = ORIENTED_EDGE('',*,*,#1437,.T.);
#1513 = ORIENTED_EDGE('',*,*,#1489,.F.);
#1514 = PLANE('',#1515);
#1515 = AXIS2_PLACEMENT_3D('',#1516,#1517,#1518);
#1516 = CARTESIAN_POINT('',(6.575,-0.25,-3.4));
#1517 = DIRECTION('',(0.,0.,1.));
#1518 = DIRECTION('',(1.,0.,0.));
#1519 = ADVANCED_FACE('',(#1520),#1526,.T.);
#1520 = FACE_BOUND('',#1521,.T.);
#1521 = EDGE_LOOP('',(#1522,#1523,#1524,#1525));
#1522 = ORIENTED_EDGE('',*,*,#1413,.F.);
#1523 = ORIENTED_EDGE('',*,*,#1474,.T.);
#1524 = ORIENTED_EDGE('',*,*,#1453,.T.);
#1525 = ORIENTED_EDGE('',*,*,#1496,.F.);
#1526 = PLANE('',#1527);
#1527 = AXIS2_PLACEMENT_3D('',#1528,#1529,#1530);
#1528 = CARTESIAN_POINT('',(6.575,-0.25,0.7));
#1529 = DIRECTION('',(0.,0.,1.));
#1530 = DIRECTION('',(1.,0.,0.));
#1531 = ( GEOMETRIC_REPRESENTATION_CONTEXT(3)
GLOBAL_UNCERTAINTY_ASSIGNED_CONTEXT((#1535))
GLOBAL_UNIT_ASSIGNED_CONTEXT((#1532,#1533,#1534)) REPRESENTATION_CONTEXT
('Context #1','3D Context with UNIT and UNCERTAINTY') );
#1532 = ( LENGTH_UNIT() NAMED_UNIT(*) SI_UNIT(.MILLI.,.METRE.) );
#1533 = ( NAMED_UNIT(*) PLANE_ANGLE_UNIT() SI_UNIT($,.RADIAN.) );
#1534 = ( NAMED_UNIT(*) SI_UNIT($,.STERADIAN.) SOLID_ANGLE_UNIT() );
#1535 = UNCERTAINTY_MEASURE_WITH_UNIT(LENGTH_MEASURE(1.E-07),#1532,
  'distance_accuracy_value','confusion accuracy');
#1536 = CONTEXT_DEPENDENT_SHAPE_REPRESENTATION(#1537,#1539);
#1537 = ( REPRESENTATION_RELATIONSHIP('','',#1380,#10)
REPRESENTATION_RELATIONSHIP_WITH_TRANSFORMATION(#1538)
SHAPE_REPRESENTATION_RELATIONSHIP() );
#1538 = ITEM_DEFINED_TRANSFORMATION('','',#11,#43);
#1539 = PRODUCT_DEFINITION_SHAPE('Placement','Placement of an item',
  #1540);
#1540 = NEXT_ASSEMBLY_USAGE_OCCURRENCE('20','pin_3','',#5,#1375,$);
#1541 = PRODUCT_RELATED_PRODUCT_CATEGORY('part',$,(#1377));
#1542 = SHAPE_DEFINITION_REPRESENTATION(#1543,#1549);
#1543 = PRODUCT_DEFINITION_SHAPE('','',#1544);
#1544 = PRODUCT_DEFINITION('design','',#1545,#1548);
#1545 = PRODUCT_DEFINITION_FORMATION('','',#1546);
#1546 = PRODUCT('cage_3','cage_3','',(#1547));
#1547 = PRODUCT_CONTEXT('',#2,'mechanical');
#1548 = PRODUCT_DEFINITION_CONTEXT('part definition',#2,'design');
#1549 = ADVANCED_BREP_SHAPE_REPRESENTATION('',(#11,#1550),#1700);
#1550 = MANIFOLD_SOLID_BREP('',#1551);
#1551 = CLOSED_SHELL('',(#1552,#1592,#1632,#1654,#1676,#1688));
#1552 = ADVANCED_FACE('',(#1553),#1587,.F.);
#1553 = FACE_BOUND('',#1554,.F.);
#1554 = EDGE_LOOP('',(#1555,#1565,#1573,#1581));
#1555 = ORIENTED_EDGE('',*,*,#1556,.F.);
#1556 = EDGE_CURVE('',#1557,#1559,#1561,.T.);
#1557 = VERTEX_POINT('',#1558);
#1558 = CARTESIAN_POINT('',(6.16,-1.8,1.634));
#1559 = VERTEX_POINT('',#1560);
#1560 = CARTESIAN_POINT('',(6.16,-1.8,3.698));
#1561 = LINE('',#1562,#1563);
#1562 = CARTESIAN_POINT('',(6.16,-1.8,1.634));
#1563 = VECTOR('',#1564,1.);
#1564 = DIRECTION('',(0.,0.,1.));
#1565 = ORIENTED_EDGE('',*,*,#1566,.T.);
#1566 = EDGE_CURVE('',#1557,#1567,#1569,.T.);
#1567 = VERTEX_POINT('',#1568);
#1568 = CARTESIAN_POINT('',(6.16,-1.6,1.634));
#1569 = LINE('',#1570,#1571);
#1570 = CARTESIAN_POINT('',(6.16,-1.8,1.634));
#1571 = VECTOR('',#1572,1.);
#1572 = DIRECTION('',(0.,1.,0.));
#1573 = ORIENTED_EDGE('',*,*,#1574,.T.);
#1574 = EDGE_CURVE('',#1567,#1575,#1577,.T.);
#1575 = VERTEX_POINT('',#1576);
#1576 = CARTESIAN_POINT('',(6.16,-1.6,3.698));
#1577 = LINE('',#1578,#1579);
#1578 = CARTESIAN_POINT('',(6.16,-1.6,1.634));
#1579 = VECTOR('',#1580,1.);
#1580 = DIRECTION('',(0.,0.,1.));
#1581 = ORIENTED_EDGE('',*,*,#1582,.F.);
#1582 = EDGE_CURVE('',#1559,#1575,#1583,.T.);
#1583 = LINE('',#1584,#1585);
#1584 = CARTESIAN_POINT('',(6.16,-1.8,3.698));
#1585 = VECTOR('',#1586,1.);
#1586 = DIRECTION('',(0.,1.,0.));
#1587 = PLANE('',#1588);
#1588 = AXIS2_PLACEMENT_3D('',#1589,#1590,#1591);
#1589 = CARTESIAN_POINT('',(6.16,-1.8,1.634));
#1590 = DIRECTION('',(1.,0.,0.));
#1591 = DIRECTION('',(0.,0.,1.));
#1592 = ADVANCED_FACE('',(#1593),#1627,.T.);
#1593 = FACE_BOUND('',#1594,.T.);
#1594 = EDGE_LOOP('',(#1595,#1605,#1613,#1621));
#1595 = ORIENTED_EDGE('',*,*,#1596,.F.);
#1596 = EDGE_CURVE('',#1597,#1599,#1601,.T.);
#1597 = VERTEX_POINT('',#1598);
#1598 = CARTESIAN_POINT('',(7.84,-1.8,1.634));
#1599 = VERTEX_POINT('',#1600);
#1600 = CARTESIAN_POINT('',(7.84,-1.8,3.698));
#1601 = LINE('',#1602,#1603);
#1602 = CARTESIAN_POINT('',(7.84,-1.8,1.634));
#1603 = VECTOR('',#1604,1.);
#1604 = DIRECTION('',(0.,0.,1.));
#1605 = ORIENTED_EDGE('',*,*,#1606,.T.);
#1606 = EDGE_CURVE('',#1597,#1607,#1609,.T.);
#1607 = VERTEX_POINT('',#1608);
#1608 = CARTESIAN_POINT('',(7.84,-1.6,1.634));
#1609 = LINE('',#1610,#1611);
#1610 = CARTESIAN_POINT('',(7.84,-1.8,1.634));
#1611 = VECTOR('',#1612,1.);
#1612 = DIRECTION('',(0.,1.,0.));
#1613 = ORIENTED_EDGE('',*,*,#1614,.T.);
#1614 = EDGE_CURVE('',#1607,#1615,#1617,.T.);
#1615 = VERTEX_POINT('',#1616);
#1616 = CARTESIAN_POINT('',(7.84,-1.6,3.698));
#1617 = LINE('',#1618,#1619);
#1618 = CARTESIAN_POINT('',(7.84,-1.6,1.634));
#1619 = VECTOR('',#1620,1.);
#1620 = DIRECTION('',(0.,0.,1.));
#1621 = ORIENTED_EDGE('',*,*,#1622,.F.);
#1622 = EDGE_CURVE('',#1599,#1615,#1623,.T.);
#1623 = LINE('',#1624,#1625);
#1624 = CARTESIAN_POINT('',(7.84,-1.8,3.698));
#1625 = VECTOR('',#1626,1.);
#1626 = DIRECTION('',(0.,1.,0.));
#1627 = PLANE('',#1628);
#1628 = AXIS2_PLACEMENT_3D('',#1629,#1630,#1631);
#1629 = CARTESIAN_POINT('',(7.84,-1.8,1.634));
#1630 = DIRECTION('',(1.,0.,0.));
#1631 = DIRECTION('',(0.,0.,1.));
#1632 = ADVANCED_FACE('',(#1633),#1649,.F.);
#1633 = FACE_BOUND('',#1634,.F.);
#1634 = EDGE_LOOP('',(#1635,#1641,#1642,#1648));
#1635 = ORIENTED_EDGE('',*,*,#1636,.F.);
#1636 = EDGE_CURVE('',#1557,#1597,#1637,.T.);
#1637 = LINE('',#1638,#1639);
#1638 = CARTESIAN_POINT('',(6.16,-1.8,1.634));
#1639 = VECTOR('',#1640,1.);
#1640 = DIRECTION('',(1.,0.,0.));
#1641 = ORIENTED_EDGE('',*,*,#1556,.T.);
#1642 = ORIENTED_EDGE('',*,*,#1643,.T.);
#1643 = EDGE_CURVE('',#1559,#1599,#1644,.T.);
#1644 = LINE('',#1645,#1646);
#1645 = CARTESIAN_POINT('',(6.16,-1.8,3.698));
#1646 = VECTOR('',#1647,1.);
#1647 = DIRECTION('',(1.,0.,0.));
#1648 = ORIENTED_EDGE('',*,*,#1596,.F.);
#1649 = PLANE('',#1650);
#1650 = AXIS2_PLACEMENT_3D('',#1651,#1652,#1653);
#1651 = CARTESIAN_POINT('',(6.16,-1.8,1.634));
#1652 = DIRECTION('',(0.,1.,0.));
#1653 = DIRECTION('',(0.,0.,1.));
#1654 = ADVANCED_FACE('',(#1655),#1671,.T.);
#1655 = FACE_BOUND('',#1656,.T.);
#1656 = EDGE_LOOP('',(#1657,#1663,#1664,#1670));
#1657 = ORIENTED_EDGE('',*,*,#1658,.F.);
#1658 = EDGE_CURVE('',#1567,#1607,#1659,.T.);
#1659 = LINE('',#1660,#1661);
#1660 = CARTESIAN_POINT('',(6.16,-1.6,1.634));
#1661 = VECTOR('',#1662,1.);
#1662 = DIRECTION('',(1.,0.,0.));
#1663 = ORIENTED_EDGE('',*,*,#1574,.T.);
#1664 = ORIENTED_EDGE('',*,*,#1665,.T.);
#1665 = EDGE_CURVE('',#1575,#1615,#1666,.T.);
#1666 = LINE('',#1667,#1668);
#1667 = CARTESIAN_POINT('',(6.16,-1.6,3.698));
#1668 = VECTOR('',#1669,1.);
#1669 = DIRECTION('',(1.,0.,0.));
#1670 = ORIENTED_EDGE('',*,*,#1614,.F.);
#1671 = PLANE('',#1672);
#1672 = AXIS2_PLACEMENT_3D('',#1673,#1674,#1675);
#1673 = CARTESIAN_POINT('',(6.16,-1.6,1.634));
#1674 = DIRECTION('',(0.,1.,0.));
#1675 = DIRECTION('',(0.,0.,1.));
#1676 = ADVANCED_FACE('',(#1677),#1683,.F.);
#1677 = FACE_BOUND('',#1678,.F.);
#1678 = EDGE_LOOP('',(#1679,#1680,#1681,#1682));
#1679 = ORIENTED_EDGE('',*,*,#1566,.F.);
#1680 = ORIENTED_EDGE('',*,*,#1636,.T.);
#1681 = ORIENTED_EDGE('',*,*,#1606,.T.);
#1682 = ORIENTED_EDGE('',*,*,#1658,.F.);
#1683 = PLANE('',#1684);
#1684 = AXIS2_PLACEMENT_3D('',#1685,#1686,#1687);
#1685 = CARTESIAN_POINT('',(6.16,-1.8,1.634));
#1686 = DIRECTION('',(0.,0.,1.));
#1687 = DIRECTION('',(1.,0.,0.));
#1688 = ADVANCED_FACE('',(#1689),#1695,.T.);
#1689 = FACE_BOUND('',#1690,.T.);
#1690 = EDGE_LOOP('',(#1691,#1692,#1693,#1694));
#1691 = ORIENTED_EDGE('',*,*,#1582,.F.);
#1692 = ORIENTED_EDGE('',*,*,#1643,.T.);
#1693 = ORIENTED_EDGE('',*,*,#1622,.T.);
#1694 = ORIENTED_EDGE('',*,*,#1665,.F.);
#1695 = PLANE('',#1696);
#1696 = AXIS2_PLACEMENT_3D('',#1697,#1698,#1699);
#1697 = CARTESIAN_POINT('',(6.16,-1.8,3.698));
#1698 = DIRECTION('',(0.,0.,1.));
#1699 = DIRECTION('',(1.,0.,0.));
#1700 = ( GEOMETRIC_REPRESENTATION_CONTEXT(3)
GLOBAL_UNCERTAINTY_ASSIGNED_CONTEXT((#1704))
GLOBAL_UNIT_ASSIGNED_CONTEXT((#1701,#1702,#1703)) REPRESENTATION_CONTEXT
('Context #1','3D Context with UNIT and UNCERTAINTY') );
#1701 = ( LENGTH_UNIT() NAMED_UNIT(*) SI_UNIT(.MILLI.,.METRE.) );
#1702 = ( NAMED_UNIT(*) PLANE_ANGLE_UNIT() SI_UNIT($,.RADIAN.) );
#1703 = ( NAMED_UNIT(*) SI_UNIT($,.STERADIAN.) SOLID_ANGLE_UNIT() );
#1704 = UNCERTAINTY_MEASURE_WITH_UNIT(LENGTH_MEASURE(1.E-07),#1701,
  'distance_accuracy_value','confusion accuracy');
#1705 = CONTEXT_DEPENDENT_SHAPE_REPRESENTATION(#1706,#1708);
#1706 = ( REPRESENTATION_RELATIONSHIP('','',#1549,#10)
REPRESENTATION_RELATIONSHIP_WITH_TRANSFORMATION(#1707)
SHAPE_REPRESENTATION_RELATIONSHIP() );
#1707 = ITEM_DEFINED_TRANSFORMATION('','',#11,#47);
#1708 = PRODUCT_DEFINITION_SHAPE('Placement','Placement of an item',
  #1709);
#1709 = NEXT_ASSEMBLY_USAGE_OCCURRENCE('21','cage_3','',#5,#1544,$);
#1710 = PRODUCT_RELATED_PRODUCT_CATEGORY('part',$,(#1546));
#1711 = SHAPE_DEFINITION_REPRESENTATION(#1712,#1718);
#1712 = PRODUCT_DEFINITION_SHAPE('','',#1713);
#1713 = PRODUCT_DEFINITION('design','',#1714,#1717);
#1714 = PRODUCT_DEFINITION_FORMATION('','',#1715);
#1715 = PRODUCT('screw_4','screw_4','',(#1716));
#1716 = PRODUCT_CONTEXT('',#2,'mechanical');
#1717 = PRODUCT_DEFINITION_CONTEXT('part definition',#2,'design');
#1718 = ADVANCED_BREP_SHAPE_REPRESENTATION('',(#11,#1719),#1908);
#1719 = MANIFOLD_SOLID_BREP('',#1720);
#1720 = CLOSED_SHELL('',(#1721,#1822,#1831,#1854,#1871,#1881,#1898));
#1721 = ADVANCED_FACE('',(#1722),#1817,.T.);
#1722 = FACE_BOUND('',#1723,.F.);
#1723 = EDGE_LOOP('',(#1724,#1733,#1741,#1750,#1758,#1767,#1775,#1784,
    #1792,#1801,#1809,#1816));
#1724 = ORIENTED_EDGE('',*,*,#1725,.F.);
#1725 = EDGE_CURVE('',#1726,#1726,#1728,.T.);
#1726 = VERTEX_POINT('',#1727);
#1727 = CARTESIAN_POINT('',(11.75,-0.1,7.45));
#1728 = CIRCLE('',#1729,1.25);
#1729 = AXIS2_PLACEMENT_3D('',#1730,#1731,#1732);
#1730 = CARTESIAN_POINT('',(10.5,-0.1,7.45));
#1731 = DIRECTION('',(0.,0.,1.));
#1732 = DIRECTION('',(1.,0.,0.));
#1733 = ORIENTED_EDGE('',*,*,#1734,.T.);
#1734 = EDGE_CURVE('',#1726,#1735,#1737,.T.);
#1735 = VERTEX_POINT('',#1736);
#1736 = CARTESIAN_POINT('',(11.75,-0.1,7.9));
#1737 = LINE('',#1738,#1739);
#1738 = CARTESIAN_POINT('',(11.75,-0.1,7.45));
#1739 = VECTOR('',#1740,1.);
#1740 = DIRECTION('',(0.,0.,1.));
#1741 = ORIENTED_EDGE('',*,*,#1742,.F.);
#1742 = EDGE_CURVE('',#1743,#1735,#1745,.T.);
#1743 = VERTEX_POINT('',#1744);
#1744 = CARTESIAN_POINT('',(11.736972109629,8.E-02,7.9));
#1745 = CIRCLE('',#1746,1.25);
#1746 = AXIS2_PLACEMENT_3D('',#1747,#1748,#1749);
#1747 = CARTESIAN_POINT('',(10.5,-0.1,7.9));
#1748 = DIRECTION('',(0.,0.,-1.));
#1749 = DIRECTION('',(1.,0.,0.));
#1750 = ORIENTED_EDGE('',*,*,#1751,.F.);
#1751 = EDGE_CURVE('',#1752,#1743,#1754,.T.);
#1752 = VERTEX_POINT('',#1753);
#1753 = CARTESIAN_POINT('',(11.736972109629,8.E-02,8.2));
#1754 = LINE('',#1755,#1756);
#1755 = CARTESIAN_POINT('',(11.736972109629,8.E-02,7.45));
#1756 = VECTOR('',#1757,1.);
#1757 = DIRECTION('',(-0.,-0.,-1.));
#1758 = ORIENTED_EDGE('',*,*,#1759,.T.);
#1759 = EDGE_CURVE('',#1752,#1760,#1762,.T.);
#1760 = VERTEX_POINT('',#1761);
#1761 = CARTESIAN_POINT('',(9.263027890371,8.E-02,8.2));
#1762 = CIRCLE('',#1763,1.25);
#1763 = AXIS2_PLACEMENT_3D('',#1764,#1765,#1766);
#1764 = CARTESIAN_POINT('',(10.5,-0.1,8.2));
#1765 = DIRECTION('',(0.,0.,1.));
#1766 = DIRECTION('',(1.,0.,0.));
#1767 = ORIENTED_EDGE('',*,*,#1768,.T.);
#1768 = EDGE_CURVE('',#1760,#1769,#1771,.T.);
#1769 = VERTEX_POINT('',#1770);
#1770 = CARTESIAN_POINT('',(9.263027890371,8.E-02,7.9));
#1771 = LINE('',#1772,#1773);
#1772 = CARTESIAN_POINT('',(9.263027890371,8.E-02,7.45));
#1773 = VECTOR('',#1774,1.);
#1774 = DIRECTION('',(-0.,-0.,-1.));
#1775 = ORIENTED_EDGE('',*,*,#1776,.F.);
#1776 = EDGE_CURVE('',#1777,#1769,#1779,.T.);
#1777 = VERTEX_POINT('',#1778);
#1778 = CARTESIAN_POINT('',(9.263027890371,-0.28,7.9));
#1779 = CIRCLE('',#1780,1.25);
#1780 = AXIS2_PLACEMENT_3D('',#1781,#1782,#1783);
#1781 = CARTESIAN_POINT('',(10.5,-0.1,7.9));
#1782 = DIRECTION('',(0.,0.,-1.));
#1783 = DIRECTION('',(1.,0.,0.));
#1784 = ORIENTED_EDGE('',*,*,#1785,.F.);
#1785 = EDGE_CURVE('',#1786,#1777,#1788,.T.);
#1786 = VERTEX_POINT('',#1787);
#1787 = CARTESIAN_POINT('',(9.263027890371,-0.28,8.2));
#1788 = LINE('',#1789,#1790);
#1789 = CARTESIAN_POINT('',(9.263027890371,-0.28,7.45));
#1790 = VECTOR('',#1791,1.);
#1791 = DIRECTION('',(-0.,-0.,-1.));
#1792 = ORIENTED_EDGE('',*,*,#1793,.T.);
#1793 = EDGE_CURVE('',#1786,#1794,#1796,.T.);
#1794 = VERTEX_POINT('',#1795);
#1795 = CARTESIAN_POINT('',(11.736972109629,-0.28,8.2));
#1796 = CIRCLE('',#1797,1.25);
#1797 = AXIS2_PLACEMENT_3D('',#1798,#1799,#1800);
#1798 = CARTESIAN_POINT('',(10.5,-0.1,8.2));
#1799 = DIRECTION('',(0.,0.,1.));
#1800 = DIRECTION('',(1.,0.,0.));
#1801 = ORIENTED_EDGE('',*,*,#1802,.T.);
#1802 = EDGE_CURVE('',#1794,#1803,#1805,.T.);
#1803 = VERTEX_POINT('',#1804);
#1804 = CARTESIAN_POINT('',(11.736972109629,-0.28,7.9));
#1805 = LINE('',#1806,#1807);
#1806 = CARTESIAN_POINT('',(11.736972109629,-0.28,7.45));
#1807 = VECTOR('',#1808,1.);
#1808 = DIRECTION('',(-0.,-0.,-1.));
#1809 = ORIENTED_EDGE('',*,*,#1810,.F.);
#1810 = EDGE_CURVE('',#1735,#1803,#1811,.T.);
#1811 = CIRCLE('',#1812,1.25);
#1812 = AXIS2_PLACEMENT_3D('',#1813,#1814,#1815);
#1813 = CARTESIAN_POINT('',(10.5,-0.1,7.9));
#1814 = DIRECTION('',(0.,0.,-1.));
#1815 = DIRECTION('',(1.,0.,0.));
#1816 = ORIENTED_EDGE('',*,*,#1734,.F.);
#1817 = CYLINDRICAL_SURFACE('',#1818,1.25);
#1818 = AXIS2_PLACEMENT_3D('',#1819,#1820,#1821);
#1819 = CARTESIAN_POINT('',(10.5,-0.1,7.45));
#1820 = DIRECTION('',(-0.,-0.,-1.));
#1821 = DIRECTION('',(1.,0.,0.));
#1822 = ADVANCED_FACE('',(#1823),#1826,.F.);
#1823 = FACE_BOUND('',#1824,.F.);
#1824 = EDGE_LOOP('',(#1825));
#1825 = ORIENTED_EDGE('',*,*,#1725,.T.);
#1826 = PLANE('',#1827);
#1827 = AXIS2_PLACEMENT_3D('',#1828,#1829,#1830);
#1828 = CARTESIAN_POINT('',(10.5,-1.E-01,7.45));
#1829 = DIRECTION('',(0.,0.,1.));
#1830 = DIRECTION('',(1.,0.,-0.));
#1831 = ADVANCED_FACE('',(#1832),#1849,.T.);
#1832 = FACE_BOUND('',#1833,.T.);
#1833 = EDGE_LOOP('',(#1834,#1840,#1841,#1847,#1848));
#1834 = ORIENTED_EDGE('',*,*,#1835,.F.);
#1835 = EDGE_CURVE('',#1769,#1743,#1836,.T.);
#1836 = LINE('',#1837,#1838);
#1837 = CARTESIAN_POINT('',(9.15,8.E-02,7.9));
#1838 = VECTOR('',#1839,1.);
#1839 = DIRECTION('',(1.,0.,0.));
#1840 = ORIENTED_EDGE('',*,*,#1776,.F.);
#1841 = ORIENTED_EDGE('',*,*,#1842,.T.);
#1842 = EDGE_CURVE('',#1777,#1803,#1843,.T.);
#1843 = LINE('',#1844,#1845);
#1844 = CARTESIAN_POINT('',(9.15,-0.28,7.9));
#1845 = VECTOR('',#1846,1.);
#1846 = DIRECTION('',(1.,0.,0.));
#1847 = ORIENTED_EDGE('',*,*,#1810,.F.);
#1848 = ORIENTED_EDGE('',*,*,#1742,.F.);
#1849 = PLANE('',#1850);
#1850 = AXIS2_PLACEMENT_3D('',#1851,#1852,#1853);
#1851 = CARTESIAN_POINT('',(9.15,-0.28,7.9));
#1852 = DIRECTION('',(0.,0.,1.));
#1853 = DIRECTION('',(1.,0.,0.));
#1854 = ADVANCED_FACE('',(#1855),#1866,.T.);
#1855 = FACE_BOUND('',#1856,.T.);
#1856 = EDGE_LOOP('',(#1857,#1858,#1859,#1865));
#1857 = ORIENTED_EDGE('',*,*,#1842,.F.);
#1858 = ORIENTED_EDGE('',*,*,#1785,.F.);
#1859 = ORIENTED_EDGE('',*,*,#1860,.F.);
#1860 = EDGE_CURVE('',#1794,#1786,#1861,.T.);
#1861 = LINE('',#1862,#1863);
#1862 = CARTESIAN_POINT('',(9.825,-0.28,8.2));
#1863 = VECTOR('',#1864,1.);
#1864 = DIRECTION('',(-1.,0.,0.));
#1865 = ORIENTED_EDGE('',*,*,#1802,.T.);
#1866 = PLANE('',#1867);
#1867 = AXIS2_PLACEMENT_3D('',#1868,#1869,#1870);
#1868 = CARTESIAN_POINT('',(9.15,-0.28,7.9));
#1869 = DIRECTION('',(0.,1.,0.));
#1870 = DIRECTION('',(0.,0.,1.));
#1871 = ADVANCED_FACE('',(#1872),#1876,.T.);
#1872 = FACE_BOUND('',#1873,.T.);
#1873 = EDGE_LOOP('',(#1874,#1875));
#1874 = ORIENTED_EDGE('',*,*,#1793,.T.);
#1875 = ORIENTED_EDGE('',*,*,#1860,.T.);
#1876 = PLANE('',#1877);
#1877 = AXIS2_PLACEMENT_3D('',#1878,#1879,#1880);
#1878 = CARTESIAN_POINT('',(10.5,-1.E-01,8.2));
#1879 = DIRECTION('',(0.,0.,1.));
#1880 = DIRECTION('',(1.,0.,-0.));
#1881 = ADVANCED_FACE('',(#1882),#1893,.F.);
#1882 = FACE_BOUND('',#1883,.F.);
#1883 = EDGE_LOOP('',(#1884,#1885,#1886,#1892));
#1884 = ORIENTED_EDGE('',*,*,#1835,.F.);
#1885 = ORIENTED_EDGE('',*,*,#1768,.F.);
#1886 = ORIENTED_EDGE('',*,*,#1887,.F.);
#1887 = EDGE_CURVE('',#1752,#1760,#1888,.T.);
#1888 = LINE('',#1889,#1890);
#1889 = CARTESIAN_POINT('',(9.825,8.E-02,8.2));
#1890 = VECTOR('',#1891,1.);
#1891 = DIRECTION('',(-1.,0.,0.));
#1892 = ORIENTED_EDGE('',*,*,#1751,.T.);
#1893 = PLANE('',#1894);
#1894 = AXIS2_PLACEMENT_3D('',#1895,#1896,#1897);
#1895 = CARTESIAN_POINT('',(9.15,8.E-02,7.9));
#1896 = DIRECTION('',(0.,1.,0.));
#1897 = DIRECTION('',(0.,0.,1.));
#1898 = ADVANCED_FACE('',(#1899),#1903,.T.);
#1899 = FACE_BOUND('',#1900,.T.);
#1900 = EDGE_LOOP('',(#1901,#1902));
#1901 = ORIENTED_EDGE('',*,*,#1887,.F.);
#1902 = ORIENTED_EDGE('',*,*,#1759,.T.);
#1903 = PLANE('',#1904);
#1904 = AXIS2_PLACEMENT_3D('',#1905,#1906,#1907);
#1905 = CARTESIAN_POINT('',(10.5,-1.E-01,8.2));
#1906 = DIRECTION('',(0.,0.,1.));
#1907 = DIRECTION('',(1.,0.,-0.));
#1908 = ( GEOMETRIC_REPRESENTATION_CONTEXT(3)
GLOBAL_UNCERTAINTY_ASSIGNED_CONTEXT((#1912))
GLOBAL_UNIT_ASSIGNED_CONTEXT((#1909,#1910,#1911)) REPRESENTATION_CONTEXT
('Context #1','3D Context with UNIT and UNCERTAINTY') );
#1909 = ( LENGTH_UNIT() NAMED_UNIT(*) SI_UNIT(.MILLI.,.METRE.) );
#1910 = ( NAMED_UNIT(*) PLANE_ANGLE_UNIT() SI_UNIT($,.RADIAN.) );
#1911 = ( NAMED_UNIT(*) SI_UNIT($,.STERADIAN.) SOLID_ANGLE_UNIT() );
#1912 = UNCERTAINTY_MEASURE_WITH_UNIT(LENGTH_MEASURE(1.E-07),#1909,
  'distance_accuracy_value','confusion accuracy');
#1913 = CONTEXT_DEPENDENT_SHAPE_REPRESENTATION(#1914,#1916);
#1914 = ( REPRESENTATION_RELATIONSHIP('','',#1718,#10)
REPRESENTATION_RELATIONSHIP_WITH_TRANSFORMATION(#1915)
SHAPE_REPRESENTATION_RELATIONSHIP() );
#1915 = ITEM_DEFINED_TRANSFORMATION('','',#11,#51);
#1916 = PRODUCT_DEFINITION_SHAPE('Placement','Placement of an item',
  #1917);
#1917 = NEXT_ASSEMBLY_USAGE_OCCURRENCE('22','screw_4','',#5,#1713,$);
#1918 = PRODUCT_RELATED_PRODUCT_CATEGORY('part',$,(#1715));
#1919 = SHAPE_DEFINITION_REPRESENTATION(#1920,#1926);
#1920 = PRODUCT_DEFINITION_SHAPE('','',#1921);
#1921 = PRODUCT_DEFINITION('design','',#1922,#1925);
#1922 = PRODUCT_DEFINITION_FORMATION('','',#1923);
#1923 = PRODUCT('pin_4','pin_4','',(#1924));
#1924 = PRODUCT_CONTEXT('',#2,'mechanical');
#1925 = PRODUCT_DEFINITION_CONTEXT('part definition',#2,'design');
#1926 = ADVANCED_BREP_SHAPE_REPRESENTATION('',(#11,#1927),#2077);
#1927 = MANIFOLD_SOLID_BREP('',#1928);
#1928 = CLOSED_SHELL('',(#1929,#1969,#2009,#2031,#2053,#2065));
#1929 = ADVANCED_FACE('',(#1930),#1964,.F.);
#1930 = FACE_BOUND('',#1931,.F.);
#1931 = EDGE_LOOP('',(#1932,#1942,#1950,#1958));
#1932 = ORIENTED_EDGE('',*,*,#1933,.F.);
#1933 = EDGE_CURVE('',#1934,#1936,#1938,.T.);
#1934 = VERTEX_POINT('',#1935);
#1935 = CARTESIAN_POINT('',(10.075,-0.25,-3.4));
#1936 = VERTEX_POINT('',#1937);
#1937 = CARTESIAN_POINT('',(10.075,-0.25,0.7));
#1938 = LINE('',#1939,#1940);
#1939 = CARTESIAN_POINT('',(10.075,-0.25,-3.4));
#1940 = VECTOR('',#1941,1.);
#1941 = DIRECTION('',(0.,0.,1.));
#1942 = ORIENTED_EDGE('',*,*,#1943,.T.);
#1943 = EDGE_CURVE('',#1934,#1944,#1946,.T.);
#1944 = VERTEX_POINT('',#1945);
#1945 = CARTESIAN_POINT('',(10.075,0.25,-3.4));
#1946 = LINE('',#1947,#1948);
#1947 = CARTESIAN_POINT('',(10.075,-0.25,-3.4));
#1948 = VECTOR('',#1949,1.);
#1949 = DIRECTION('',(0.,1.,0.));
#1950 = ORIENTED_EDGE('',*,*,#1951,.T.);
#1951 = EDGE_CURVE('',#1944,#1952,#1954,.T.);
#1952 = VERTEX_POINT('',#1953);
#1953 = CARTESIAN_POINT('',(10.075,0.25,0.7));
#1954 = LINE('',#1955,#1956);
#1955 = CARTESIAN_POINT('',(10.075,0.25,-3.4));
#1956 = VECTOR('',#1957,1.);
#1957 = DIRECTION('',(0.,0.,1.));
#1958 = ORIENTED_EDGE('',*,*,#1959,.F.);
#1959 = EDGE_CURVE('',#1936,#1952,#1960,.T.);
#1960 = LINE('',#1961,#1962);
#1961 = CARTESIAN_POINT('',(10.075,-0.25,0.7));
#1962 = VECTOR('',#1963,1.);
#1963 = DIRECTION('',(0.,1.,0.));
#1964 = PLANE('',#1965);
#1965 = AXIS2_PLACEMENT_3D('',#1966,#1967,#1968);
#1966 = CARTESIAN_POINT('',(10.075,-0.25,-3.4));
#1967 = DIRECTION('',(1.,0.,0.));
#1968 = DIRECTION('',(0.,0.,1.));
#1969 = ADVANCED_FACE('',(#1970),#2004,.T.);
#1970 = FACE_BOUND('',#1971,.T.);
#1971 = EDGE_LOOP('',(#1972,#1982,#1990,#1998));
#1972 = ORIENTED_EDGE('',*,*,#1973,.F.);
#1973 = EDGE_CURVE('',#1974,#1976,#1978,.T.);
#1974 = VERTEX_POINT('',#1975);
#1975 = CARTESIAN_POINT('',(10.925,-0.25,-3.4));
#1976 = VERTEX_POINT('',#1977);
#1977 = CARTESIAN_POINT('',(10.925,-0.25,0.7));
#1978 = LINE('',#1979,#1980);
#1979 = CARTESIAN_POINT('',(10.925,-0.25,-3.4));
#1980 = VECTOR('',#1981,1.);
#1981 = DIRECTION('',(0.,0.,1.));
#1982 = ORIENTED_EDGE('',*,*,#1983,.T.);
#1983 = EDGE_CURVE('',#1974,#1984,#1986,.T.);
#1984 = VERTEX_POINT('',#1985);
#1985 = CARTESIAN_POINT('',(10.925,0.25,-3.4));
#1986 = LINE('',#1987,#1988);
#1987 = CARTESIAN_POINT('',(10.925,-0.25,-3.4));
#1988 = VECTOR('',#1989,1.);
#1989 = DIRECTION('',(0.,1.,0.));
#1990 = ORIENTED_EDGE('',*,*,#1991,.T.);
#1991 = EDGE_CURVE('',#1984,#1992,#1994,.T.);
#1992 = VERTEX_POINT('',#1993);
#1993 = CARTESIAN_POINT('',(10.925,0.25,0.7));
#1994 = LINE('',#1995,#1996);
#1995 = CARTESIAN_POINT('',(10.925,0.25,-3.4));
#1996 = VECTOR('',#1997,1.);
#1997 = DIRECTION('',(0.,0.,1.));
#1998 = ORIENTED_EDGE('',*,*,#1999,.F.);
#1999 = EDGE_CURVE('',#1976,#1992,#2000,.T.);
#2000 = LINE('',#2001,#2002);
#2001 = CARTESIAN_POINT('',(10.925,-0.25,0.7));
#2002 = VECTOR('',#2003,1.);
#2003 = DIRECTION('',(0.,1.,0.));
#2004 = PLANE('',#2005);
#2005 = AXIS2_PLACEMENT_3D('',#2006,#2007,#2008);
#2006 = CARTESIAN_POINT('',(10.925,-0.25,-3.4));
#2007 = DIRECTION('',(1.,0.,0.));
#2008 = DIRECTION('',(0.,0.,1.));
#2009 = ADVANCED_FACE('',(#2010),#2026,.F.);
#2010 = FACE_BOUND('',#2011,.F.);
#2011 = EDGE_LOOP('',(#2012,#2018,#2019,#2025));
#2012 = ORIENTED_EDGE('',*,*,#2013,.F.);
#2013 = EDGE_CURVE('',#1934,#1974,#2014,.T.);
#2014 = LINE('',#2015,#2016);
#2015 = CARTESIAN_POINT('',(10.075,-0.25,-3.4));
#2016 = VECTOR('',#2017,1.);
#2017 = DIRECTION('',(1.,0.,0.));
#2018 = ORIENTED_EDGE('',*,*,#1933,.T.);
#2019 = ORIENTED_EDGE('',*,*,#2020,.T.);
#2020 = EDGE_CURVE('',#1936,#1976,#2021,.T.);
#2021 = LINE('',#2022,#2023);
#2022 = CARTESIAN_POINT('',(10.075,-0.25,0.7));
#2023 = VECTOR('',#2024,1.);
#2024 = DIRECTION('',(1.,0.,0.));
#2025 = ORIENTED_EDGE('',*,*,#1973,.F.);
#2026 = PLANE('',#2027);
#2027 = AXIS2_PLACEMENT_3D('',#2028,#2029,#2030);
#2028 = CARTESIAN_POINT('',(10.075,-0.25,-3.4));
#2029 = DIRECTION('',(0.,1.,0.));
#2030 = DIRECTION('',(0.,0.,1.));
#2031 = ADVANCED_FACE('',(#2032),#2048,.T.);
#2032 = FACE_BOUND('',#2033,.T.);
#2033 = EDGE_LOOP('',(#2034,#2040,#2041,#2047));
#2034 = ORIENTED_EDGE('',*,*,#2035,.F.);
#2035 = EDGE_CURVE('',#1944,#1984,#2036,.T.);
#2036 = LINE('',#2037,#2038);
#2037 = CARTESIAN_POINT('',(10.075,0.25,-3.4));
#2038 = VECTOR('',#2039,1.);
#2039 = DIRECTION('',(1.,0.,0.));
#2040 = ORIENTED_EDGE('',*,*,#1951,.T.);
#2041 = ORIENTED_EDGE('',*,*,#2042,.T.);
#2042 = EDGE_CURVE('',#1952,#1992,#2043,.T.);
#2043 = LINE('',#2044,#2045);
#2044 = CARTESIAN_POINT('',(10.075,0.25,0.7));
#2045 = VECTOR('',#2046,1.);
#2046 = DIRECTION('',(1.,0.,0.));
#2047 = ORIENTED_EDGE('',*,*,#1991,.F.);
#2048 = PLANE('',#2049);
#2049 = AXIS2_PLACEMENT_3D('',#2050,#2051,#2052);
#2050 = CARTESIAN_POINT('',(10.075,0.25,-3.4));
#2051 = DIRECTION('',(0.,1.,0.));
#2052 = DIRECTION('',(0.,0.,1.));
#2053 = ADVANCED_FACE('',(#2054),#2060,.F.);
#2054 = FACE_BOUND('',#2055,.F.);
#2055 = EDGE_LOOP('',(#2056,#2057,#2058,#2059));
#2056 = ORIENTED_EDGE('',*,*,#1943,.F.);
#2057 = ORIENTED_EDGE('',*,*,#2013,.T.);
#2058 = ORIENTED_EDGE('',*,*,#1983,.T.);
#2059 = ORIENTED_EDGE('',*,*,#2035,.F.);
#2060 = PLANE('',#2061);
#2061 = AXIS2_PLACEMENT_3D('',#2062,#2063,#2064);
#2062 = CARTESIAN_POINT('',(10.075,-0.25,-3.4));
#2063 = DIRECTION('',(0.,0.,1.));
#2064 = DIRECTION('',(1.,0.,0.));
#2065 = ADVANCED_FACE('',(#2066),#2072,.T.);
#2066 = FACE_BOUND('',#2067,.T.);
#2067 = EDGE_LOOP('',(#2068,#2069,#2070,#2071));
#2068 = ORIENTED_EDGE('',*,*,#1959,.F.);
#2069 = ORIENTED_EDGE('',*,*,#2020,.T.);
#2070 = ORIENTED_EDGE('',*,*,#1999,.T.);
#2071 = ORIENTED_EDGE('',*,*,#2042,.F.);
#2072 = PLANE('',#2073);
#2073 = AXIS2_PLACEMENT_3D('',#2074,#2075,#2076);
#2074 = CARTESIAN_POINT('',(10.075,-0.25,0.7));
#2075 = DIRECTION('',(0.,0.,1.));
#2076 = DIRECTION('',(1.,0.,0.));
#2077 = ( GEOMETRIC_REPRESENTATION_CONTEXT(3)
GLOBAL_UNCERTAINTY_ASSIGNED_CONTEXT((#2081))
GLOBAL_UNIT_ASSIGNED_CONTEXT((#2078,#2079,#2080)) REPRESENTATION_CONTEXT
('Context #1','3D Context with UNIT and UNCERTAINTY') );
#2078 = ( LENGTH_UNIT() NAMED_UNIT(*) SI_UNIT(.MILLI.,.METRE.) );
#2079 = ( NAMED_UNIT(*) PLANE_ANGLE_UNIT() SI_UNIT($,.RADIAN.) );
#2080 = ( NAMED_UNIT(*) SI_UNIT($,.STERADIAN.) SOLID_ANGLE_UNIT() );
#2081 = UNCERTAINTY_MEASURE_WITH_UNIT(LENGTH_MEASURE(1.E-07),#2078,
  'distance_accuracy_value','confusion accuracy');
#2082 = CONTEXT_DEPENDENT_SHAPE_REPRESENTATION(#2083,#2085);
#2083 = ( REPRESENTATION_RELATIONSHIP('','',#1926,#10)
REPRESENTATION_RELATIONSHIP_WITH_TRANSFORMATION(#2084)
SHAPE_REPRESENTATION_RELATIONSHIP() );
#2084 = ITEM_DEFINED_TRANSFORMATION('','',#11,#55);
#2085 = PRODUCT_DEFINITION_SHAPE('Placement','Placement of an item',
  #2086);
#2086 = NEXT_ASSEMBLY_USAGE_OCCURRENCE('23','pin_4','',#5,#1921,$);
#2087 = PRODUCT_RELATED_PRODUCT_CATEGORY('part',$,(#1923));
#2088 = SHAPE_DEFINITION_REPRESENTATION(#2089,#2095);
#2089 = PRODUCT_DEFINITION_SHAPE('','',#2090);
#2090 = PRODUCT_DEFINITION('design','',#2091,#2094);
#2091 = PRODUCT_DEFINITION_FORMATION('','',#2092);
#2092 = PRODUCT('cage_4','cage_4','',(#2093));
#2093 = PRODUCT_CONTEXT('',#2,'mechanical');
#2094 = PRODUCT_DEFINITION_CONTEXT('part definition',#2,'design');
#2095 = ADVANCED_BREP_SHAPE_REPRESENTATION('',(#11,#2096),#2246);
#2096 = MANIFOLD_SOLID_BREP('',#2097);
#2097 = CLOSED_SHELL('',(#2098,#2138,#2178,#2200,#2222,#2234));
#2098 = ADVANCED_FACE('',(#2099),#2133,.F.);
#2099 = FACE_BOUND('',#2100,.F.);
#2100 = EDGE_LOOP('',(#2101,#2111,#2119,#2127));
#2101 = ORIENTED_EDGE('',*,*,#2102,.F.);
#2102 = EDGE_CURVE('',#2103,#2105,#2107,.T.);
#2103 = VERTEX_POINT('',#2104);
#2104 = CARTESIAN_POINT('',(9.66,-1.8,1.634));
#2105 = VERTEX_POINT('',#2106);
#2106 = CARTESIAN_POINT('',(9.66,-1.8,3.698));
#2107 = LINE('',#2108,#2109);
#2108 = CARTESIAN_POINT('',(9.66,-1.8,1.634));
#2109 = VECTOR('',#2110,1.);
#2110 = DIRECTION('',(0.,0.,1.));
#2111 = ORIENTED_EDGE('',*,*,#2112,.T.);
#2112 = EDGE_CURVE('',#2103,#2113,#2115,.T.);
#2113 = VERTEX_POINT('',#2114);
#2114 = CARTESIAN_POINT('',(9.66,-1.6,1.634));
#2115 = LINE('',#2116,#2117);
#2116 = CARTESIAN_POINT('',(9.66,-1.8,1.634));
#2117 = VECTOR('',#2118,1.);
#2118 = DIRECTION('',(0.,1.,0.));
#2119 = ORIENTED_EDGE('',*,*,#2120,.T.);
#2120 = EDGE_CURVE('',#2113,#2121,#2123,.T.);
#2121 = VERTEX_POINT('',#2122);
#2122 = CARTESIAN_POINT('',(9.66,-1.6,3.698));
#2123 = LINE('',#2124,#2125);
#2124 = CARTESIAN_POINT('',(9.66,-1.6,1.634));
#2125 = VECTOR('',#2126,1.);
#2126 = DIRECTION('',(0.,0.,1.));
#2127 = ORIENTED_EDGE('',*,*,#2128,.F.);
#2128 = EDGE_CURVE('',#2105,#2121,#2129,.T.);
#2129 = LINE('',#2130,#2131);
#2130 = CARTESIAN_POINT('',(9.66,-1.8,3.698));
#2131 = VECTOR('',#2132,1.);
#2132 = DIRECTION('',(0.,1.,0.));
#2133 = PLANE('',#2134);
#2134 = AXIS2_PLACEMENT_3D('',#2135,#2136,#2137);
#2135 = CARTESIAN_POINT('',(9.66,-1.8,1.634));
#2136 = DIRECTION('',(1.,0.,0.));
#2137 = DIRECTION('',(0.,0.,1.));
#2138 = ADVANCED_FACE('',(#2139),#2173,.T.);
#2139 = FACE_BOUND('',#2140,.T.);
#2140 = EDGE_LOOP('',(#2141,#2151,#2159,#2167));
#2141 = ORIENTED_EDGE('',*,*,#2142,.F.);
#2142 = EDGE_CURVE('',#2143,#2145,#2147,.T.);
#2143 = VERTEX_POINT('',#2144);
#2144 = CARTESIAN_POINT('',(11.34,-1.8,1.634));
#2145 = VERTEX_POINT('',#2146);
#2146 = CARTESIAN_POINT('',(11.34,-1.8,3.698));
#2147 = LINE('',#2148,#2149);
#2148 = CARTESIAN_POINT('',(11.34,-1.8,1.634));
#2149 = VECTOR('',#2150,1.);
#2150 = DIRECTION('',(0.,0.,1.));
#2151 = ORIENTED_EDGE('',*,*,#2152,.T.);
#2152 = EDGE_CURVE('',#2143,#2153,#2155,.T.);
#2153 = VERTEX_POINT('',#2154);
#2154 = CARTESIAN_POINT('',(11.34,-1.6,1.634));
#2155 = LINE('',#2156,#2157);
#2156 = CARTESIAN_POINT('',(11.34,-1.8,1.634));
#2157 = VECTOR('',#2158,1.);
#2158 = DIRECTION('',(0.,1.,0.));
#2159 = ORIENTED_EDGE('',*,*,#2160,.T.);
#2160 = EDGE_CURVE('',#2153,#2161,#2163,.T.);
#2161 = VERTEX_POINT('',#2162);
#2162 = CARTESIAN_POINT('',(11.34,-1.6,3.698));
#2163 = LINE('',#2164,#2165);
#2164 = CARTESIAN_POINT('',(11.34,-1.6,1.634));
#2165 = VECTOR('',#2166,1.);
#2166 = DIRECTION('',(0.,0.,1.));
#2167 = ORIENTED_EDGE('',*,*,#2168,.F.);
#2168 = EDGE_CURVE('',#2145,#2161,#2169,.T.);
#2169 = LINE('',#2170,#2171);
#2170 = CARTESIAN_POINT('',(11.34,-1.8,3.698));
#2171 = VECTOR('',#2172,1.);
#2172 = DIRECTION('',(0.,1.,0.));
#2173 = PLANE('',#2174);
#2174 = AXIS2_PLACEMENT_3D('',#2175,#2176,#2177);
#2175 = CARTESIAN_POINT('',(11.34,-1.8,1.634));
#2176 = DIRECTION('',(1.,0.,0.));
#2177 = DIRECTION('',(0.,0.,1.));
#2178 = ADVANCED_FACE('',(#2179),#2195,.F.);
#2179 = FACE_BOUND('',#2180,.F.);
#2180 = EDGE_LOOP('',(#2181,#2187,#2188,#2194));
#2181 = ORIENTED_EDGE('',*,*,#2182,.F.);
#2182 = EDGE_CURVE('',#2103,#2143,#2183,.T.);
#2183 = LINE('',#2184,#2185);
#2184 = CARTESIAN_POINT('',(9.66,-1.8,1.634));
#2185 = VECTOR('',#2186,1.);
#2186 = DIRECTION('',(1.,0.,0.));
#2187 = ORIENTED_EDGE('',*,*,#2102,.T.);
#2188 = ORIENTED_EDGE('',*,*,#2189,.T.);
#2189 = EDGE_CURVE('',#2105,#2145,#2190,.T.);
#2190 = LINE('',#2191,#2192);
#2191 = CARTESIAN_POINT('',(9.66,-1.8,3.698));
#2192 = VECTOR('',#2193,1.);
#2193 = DIRECTION('',(1.,0.,0.));
#2194 = ORIENTED_EDGE('',*,*,#2142,.F.);
#2195 = PLANE('',#2196);
#2196 = AXIS2_PLACEMENT_3D('',#2197,#2198,#2199);
#2197 = CARTESIAN_POINT('',(9.66,-1.8,1.634));
#2198 = DIRECTION('',(0.,1.,0.));
#2199 = DIRECTION('',(0.,0.,1.));
#2200 = ADVANCED_FACE('',(#2201),#2217,.T.);
#2201 = FACE_BOUND('',#2202,.T.);
#2202 = EDGE_LOOP('',(#2203,#2209,#2210,#2216));
#2203 = ORIENTED_EDGE('',*,*,#2204,.F.);
#2204 = EDGE_CURVE('',#2113,#2153,#2205,.T.);
#2205 = LINE('',#2206,#2207);
#2206 = CARTESIAN_POINT('',(9.66,-1.6,1.634));
#2207 = VECTOR('',#2208,1.);
#2208 = DIRECTION('',(1.,0.,0.));
#2209 = ORIENTED_EDGE('',*,*,#2120,.T.);
#2210 = ORIENTED_EDGE('',*,*,#2211,.T.);
#2211 = EDGE_CURVE('',#2121,#2161,#2212,.T.);
#2212 = LINE('',#2213,#2214);
#2213 = CARTESIAN_POINT('',(9.66,-1.6,3.698));
#2214 = VECTOR('',#2215,1.);
#2215 = DIRECTION('',(1.,0.,0.));
#2216 = ORIENTED_EDGE('',*,*,#2160,.F.);
#2217 = PLANE('',#2218);
#2218 = AXIS2_PLACEMENT_3D('',#2219,#2220,#2221);
#2219 = CARTESIAN_POINT('',(9.66,-1.6,1.634));
#2220 = DIRECTION('',(0.,1.,0.));
#2221 = DIRECTION('',(0.,0.,1.));
#2222 = ADVANCED_FACE('',(#2223),#2229,.F.);
#2223 = FACE_BOUND('',#2224,.F.);
#2224 = EDGE_LOOP('',(#2225,#2226,#2227,#2228));
#2225 = ORIENTED_EDGE('',*,*,#2112,.F.);
#2226 = ORIENTED_EDGE('',*,*,#2182,.T.);
#2227 = ORIENTED_EDGE('',*,*,#2152,.T.);
#2228 = ORIENTED_EDGE('',*,*,#2204,.F.);
#2229 = PLANE('',#2230);
#2230 = AXIS2_PLACEMENT_3D('',#2231,#2232,#2233);
#2231 = CARTESIAN_POINT('',(9.66,-1.8,1.634));
#2232 = DIRECTION('',(0.,0.,1.));
#2233 = DIRECTION('',(1.,0.,0.));
#2234 = ADVANCED_FACE('',(#2235),#2241,.T.);
#2235 = FACE_BOUND('',#2236,.T.);
#2236 = EDGE_LOOP('',(#2237,#2238,#2239,#2240));
#2237 = ORIENTED_EDGE('',*,*,#2128,.F.);
#2238 = ORIENTED_EDGE('',*,*,#2189,.T.);
#2239 = ORIENTED_EDGE('',*,*,#2168,.T.);
#2240 = ORIENTED_EDGE('',*,*,#2211,.F.);
#2241 = PLANE('',#2242);
#2242 = AXIS2_PLACEMENT_3D('',#2243,#2244,#2245);
#2243 = CARTESIAN_POINT('',(9.66,-1.8,3.698));
#2244 = DIRECTION('',(0.,0.,1.));
#2245 = DIRECTION('',(1.,0.,0.));
#2246 = ( GEOMETRIC_REPRESENTATION_CONTEXT(3)
GLOBAL_UNCERTAINTY_ASSIGNED_CONTEXT((#2250))
GLOBAL_UNIT_ASSIGNED_CONTEXT((#2247,#2248,#2249)) REPRESENTATION_CONTEXT
('Context #1','3D Context with UNIT and UNCERTAINTY') );
#2247 = ( LENGTH_UNIT() NAMED_UNIT(*) SI_UNIT(.MILLI.,.METRE.) );
#2248 = ( NAMED_UNIT(*) PLANE_ANGLE_UNIT() SI_UNIT($,.RADIAN.) );
#2249 = ( NAMED_UNIT(*) SI_UNIT($,.STERADIAN.) SOLID_ANGLE_UNIT() );
#2250 = UNCERTAINTY_MEASURE_WITH_UNIT(LENGTH_MEASURE(1.E-07),#2247,
  'distance_accuracy_value','confusion accuracy');
#2251 = CONTEXT_DEPENDENT_SHAPE_REPRESENTATION(#2252,#2254);
#2252 = ( REPRESENTATION_RELATIONSHIP('','',#2095,#10)
REPRESENTATION_RELATIONSHIP_WITH_TRANSFORMATION(#2253)
SHAPE_REPRESENTATION_RELATIONSHIP() );
#2253 = ITEM_DEFINED_TRANSFORMATION('','',#11,#59);
#2254 = PRODUCT_DEFINITION_SHAPE('Placement','Placement of an item',
  #2255);
#2255 = NEXT_ASSEMBLY_USAGE_OCCURRENCE('24','cage_4','',#5,#2090,$);
#2256 = PRODUCT_RELATED_PRODUCT_CATEGORY('part',$,(#2092));
#2257 = SHAPE_DEFINITION_REPRESENTATION(#2258,#2264);
#2258 = PRODUCT_DEFINITION_SHAPE('','',#2259);
#2259 = PRODUCT_DEFINITION('design','',#2260,#2263);
#2260 = PRODUCT_DEFINITION_FORMATION('','',#2261);
#2261 = PRODUCT('housing','housing','',(#2262));
#2262 = PRODUCT_CONTEXT('',#2,'mechanical');
#2263 = PRODUCT_DEFINITION_CONTEXT('part definition',#2,'design');
#2264 = ADVANCED_BREP_SHAPE_REPRESENTATION('',(#11,#2265),#3655);
#2265 = MANIFOLD_SOLID_BREP('',#2266);
#2266 = CLOSED_SHELL('',(#2267,#2307,#2474,#2505,#2618,#2667,#2684,#2715
    ,#2739,#2763,#2780,#2811,#2835,#2859,#2876,#2907,#2931,#2955,#2972,
    #3003,#3027,#3051,#3068,#3093,#3117,#3156,#3180,#3204,#3227,#3288,
    #3306,#3345,#3369,#3401,#3413,#3425,#3437,#3449,#3467,#3478,#3490,
    #3515,#3540,#3565,#3590,#3607,#3619,#3628,#3637,#3646));
#2267 = ADVANCED_FACE('',(#2268),#2302,.F.);
#2268 = FACE_BOUND('',#2269,.F.);
#2269 = EDGE_LOOP('',(#2270,#2280,#2288,#2296));
#2270 = ORIENTED_EDGE('',*,*,#2271,.T.);
#2271 = EDGE_CURVE('',#2272,#2274,#2276,.T.);
#2272 = VERTEX_POINT('',#2273);
#2273 = CARTESIAN_POINT('',(-1.75,-3.5,0.));
#2274 = VERTEX_POINT('',#2275);
#2275 = CARTESIAN_POINT('',(12.25,-3.5,0.));
#2276 = LINE('',#2277,#2278);
#2277 = CARTESIAN_POINT('',(-1.75,-3.5,0.));
#2278 = VECTOR('',#2279,1.);
#2279 = DIRECTION('',(1.,0.,0.));
#2280 = ORIENTED_EDGE('',*,*,#2281,.T.);
#2281 = EDGE_CURVE('',#2274,#2282,#2284,.T.);
#2282 = VERTEX_POINT('',#2283);
#2283 = CARTESIAN_POINT('',(12.25,3.9,0.));
#2284 = LINE('',#2285,#2286);
#2285 = CARTESIAN_POINT('',(12.25,-3.5,0.));
#2286 = VECTOR('',#2287,1.);
#2287 = DIRECTION('',(0.,1.,0.));
#2288 = ORIENTED_EDGE('',*,*,#2289,.F.);
#2289 = EDGE_CURVE('',#2290,#2282,#2292,.T.);
#2290 = VERTEX_POINT('',#2291);
#2291 = CARTESIAN_POINT('',(-1.75,3.9,0.));
#2292 = LINE('',#2293,#2294);
#2293 = CARTESIAN_POINT('',(-1.75,3.9,0.));
#2294 = VECTOR('',#2295,1.);
#2295 = DIRECTION('',(1.,0.,0.));
#2296 = ORIENTED_EDGE('',*,*,#2297,.F.);
#2297 = EDGE_CURVE('',#2272,#2290,#2298,.T.);
#2298 = LINE('',#2299,#2300);
#2299 = CARTESIAN_POINT('',(-1.75,-3.5,0.));
#2300 = VECTOR('',#2301,1.);
#2301 = DIRECTION('',(0.,1.,0.));
#2302 = PLANE('',#2303);
#2303 = AXIS2_PLACEMENT_3D('',#2304,#2305,#2306);
#2304 = CARTESIAN_POINT('',(-1.75,-3.5,0.));
#2305 = DIRECTION('',(0.,0.,1.));
#2306 = DIRECTION('',(0.,1.,0.));
#2307 = ADVANCED_FACE('',(#2308,#2333,#2367,#2401,#2435),#2469,.F.);
#2308 = FACE_BOUND('',#2309,.F.);
#2309 = EDGE_LOOP('',(#2310,#2320,#2326,#2327));
#2310 = ORIENTED_EDGE('',*,*,#2311,.T.);
#2311 = EDGE_CURVE('',#2312,#2314,#2316,.T.);
#2312 = VERTEX_POINT('',#2313);
#2313 = CARTESIAN_POINT('',(-1.75,-3.5,4.816));
#2314 = VERTEX_POINT('',#2315);
#2315 = CARTESIAN_POINT('',(12.25,-3.5,4.816));
#2316 = LINE('',#2317,#2318);
#2317 = CARTESIAN_POINT('',(-1.75,-3.5,4.816));
#2318 = VECTOR('',#2319,1.);
#2319 = DIRECTION('',(1.,0.,0.));
#2320 = ORIENTED_EDGE('',*,*,#2321,.T.);
#2321 = EDGE_CURVE('',#2314,#2274,#2322,.T.);
#2322 = LINE('',#2323,#2324);
#2323 = CARTESIAN_POINT('',(12.25,-3.5,4.816));
#2324 = VECTOR('',#2325,1.);
#2325 = DIRECTION('',(0.,0.,-1.));
#2326 = ORIENTED_EDGE('',*,*,#2271,.F.);
#2327 = ORIENTED_EDGE('',*,*,#2328,.F.);
#2328 = EDGE_CURVE('',#2312,#2272,#2329,.T.);
#2329 = LINE('',#2330,#2331);
#2330 = CARTESIAN_POINT('',(-1.75,-3.5,4.816));
#2331 = VECTOR('',#2332,1.);
#2332 = DIRECTION('',(0.,0.,-1.));
#2333 = FACE_BOUND('',#2334,.F.);
#2334 = EDGE_LOOP('',(#2335,#2345,#2353,#2361));
#2335 = ORIENTED_EDGE('',*,*,#2336,.F.);
#2336 = EDGE_CURVE('',#2337,#2339,#2341,.T.);
#2337 = VERTEX_POINT('',#2338);
#2338 = CARTESIAN_POINT('',(9.415,-3.5,4.386));
#2339 = VERTEX_POINT('',#2340);
#2340 = CARTESIAN_POINT('',(11.585,-3.5,4.386));
#2341 = LINE('',#2342,#2343);
#2342 = CARTESIAN_POINT('',(3.8325,-3.5,4.386));
#2343 = VECTOR('',#2344,1.);
#2344 = DIRECTION('',(1.,0.,-0.));
#2345 = ORIENTED_EDGE('',*,*,#2346,.T.);
#2346 = EDGE_CURVE('',#2337,#2347,#2349,.T.);
#2347 = VERTEX_POINT('',#2348);
#2348 = CARTESIAN_POINT('',(9.415,-3.5,1.29));
#2349 = LINE('',#2350,#2351);
#2350 = CARTESIAN_POINT('',(9.415,-3.5,3.053));
#2351 = VECTOR('',#2352,1.);
#2352 = DIRECTION('',(0.,0.,-1.));
#2353 = ORIENTED_EDGE('',*,*,#2354,.T.);
#2354 = EDGE_CURVE('',#2347,#2355,#2357,.T.);
#2355 = VERTEX_POINT('',#2356);
#2356 = CARTESIAN_POINT('',(11.585,-3.5,1.29));
#2357 = LINE('',#2358,#2359);
#2358 = CARTESIAN_POINT('',(3.8325,-3.5,1.29));
#2359 = VECTOR('',#2360,1.);
#2360 = DIRECTION('',(1.,0.,-0.));
#2361 = ORIENTED_EDGE('',*,*,#2362,.F.);
#2362 = EDGE_CURVE('',#2339,#2355,#2363,.T.);
#2363 = LINE('',#2364,#2365);
#2364 = CARTESIAN_POINT('',(11.585,-3.5,3.053));
#2365 = VECTOR('',#2366,1.);
#2366 = DIRECTION('',(0.,0.,-1.));
#2367 = FACE_BOUND('',#2368,.F.);
#2368 = EDGE_LOOP('',(#2369,#2379,#2387,#2395));
#2369 = ORIENTED_EDGE('',*,*,#2370,.F.);
#2370 = EDGE_CURVE('',#2371,#2373,#2375,.T.);
#2371 = VERTEX_POINT('',#2372);
#2372 = CARTESIAN_POINT('',(5.915,-3.5,4.386));
#2373 = VERTEX_POINT('',#2374);
#2374 = CARTESIAN_POINT('',(8.085,-3.5,4.386));
#2375 = LINE('',#2376,#2377);
#2376 = CARTESIAN_POINT('',(2.0825,-3.5,4.386));
#2377 = VECTOR('',#2378,1.);
#2378 = DIRECTION('',(1.,0.,-0.));
#2379 = ORIENTED_EDGE('',*,*,#2380,.T.);
#2380 = EDGE_CURVE('',#2371,#2381,#2383,.T.);
#2381 = VERTEX_POINT('',#2382);
#2382 = CARTESIAN_POINT('',(5.915,-3.5,1.29));
#2383 = LINE('',#2384,#2385);
#2384 = CARTESIAN_POINT('',(5.915,-3.5,3.053));
#2385 = VECTOR('',#2386,1.);
#2386 = DIRECTION('',(0.,0.,-1.));
#2387 = ORIENTED_EDGE('',*,*,#2388,.T.);
#2388 = EDGE_CURVE('',#2381,#2389,#2391,.T.);
#2389 = VERTEX_POINT('',#2390);
#2390 = CARTESIAN_POINT('',(8.085,-3.5,1.29));
#2391 = LINE('',#2392,#2393);
#2392 = CARTESIAN_POINT('',(2.0825,-3.5,1.29));
#2393 = VECTOR('',#2394,1.);
#2394 = DIRECTION('',(1.,0.,-0.));
#2395 = ORIENTED_EDGE('',*,*,#2396,.F.);
#2396 = EDGE_CURVE('',#2373,#2389,#2397,.T.);
#2397 = LINE('',#2398,#2399);
#2398 = CARTESIAN_POINT('',(8.085,-3.5,3.053));
#2399 = VECTOR('',#2400,1.);
#2400 = DIRECTION('',(0.,0.,-1.));
#2401 = FACE_BOUND('',#2402,.F.);
#2402 = EDGE_LOOP('',(#2403,#2413,#2421,#2429));
#2403 = ORIENTED_EDGE('',*,*,#2404,.F.);
#2404 = EDGE_CURVE('',#2405,#2407,#2409,.T.);
#2405 = VERTEX_POINT('',#2406);
#2406 = CARTESIAN_POINT('',(2.415,-3.5,4.386));
#2407 = VERTEX_POINT('',#2408);
#2408 = CARTESIAN_POINT('',(4.585,-3.5,4.386));
#2409 = LINE('',#2410,#2411);
#2410 = CARTESIAN_POINT('',(0.3325,-3.5,4.386));
#2411 = VECTOR('',#2412,1.);
#2412 = DIRECTION('',(1.,0.,-0.));
#2413 = ORIENTED_EDGE('',*,*,#2414,.T.);
#2414 = EDGE_CURVE('',#2405,#2415,#2417,.T.);
#2415 = VERTEX_POINT('',#2416);
#2416 = CARTESIAN_POINT('',(2.415,-3.5,1.29));
#2417 = LINE('',#2418,#2419);
#2418 = CARTESIAN_POINT('',(2.415,-3.5,3.053));
#2419 = VECTOR('',#2420,1.);
#2420 = DIRECTION('',(0.,0.,-1.));
#2421 = ORIENTED_EDGE('',*,*,#2422,.T.);
#2422 = EDGE_CURVE('',#2415,#2423,#2425,.T.);
#2423 = VERTEX_POINT('',#2424);
#2424 = CARTESIAN_POINT('',(4.585,-3.5,1.29));
#2425 = LINE('',#2426,#2427);
#2426 = CARTESIAN_POINT('',(0.3325,-3.5,1.29));
#2427 = VECTOR('',#2428,1.);
#2428 = DIRECTION('',(1.,0.,-0.));
#2429 = ORIENTED_EDGE('',*,*,#2430,.F.);
#2430 = EDGE_CURVE('',#2407,#2423,#2431,.T.);
#2431 = LINE('',#2432,#2433);
#2432 = CARTESIAN_POINT('',(4.585,-3.5,3.053));
#2433 = VECTOR('',#2434,1.);
#2434 = DIRECTION('',(0.,0.,-1.));
#2435 = FACE_BOUND('',#2436,.F.);
#2436 = EDGE_LOOP('',(#2437,#2447,#2455,#2463));
#2437 = ORIENTED_EDGE('',*,*,#2438,.F.);
#2438 = EDGE_CURVE('',#2439,#2441,#2443,.T.);
#2439 = VERTEX_POINT('',#2440);
#2440 = CARTESIAN_POINT('',(-1.085,-3.5,4.386));
#2441 = VERTEX_POINT('',#2442);
#2442 = CARTESIAN_POINT('',(1.085,-3.5,4.386));
#2443 = LINE('',#2444,#2445);
#2444 = CARTESIAN_POINT('',(-1.4175,-3.5,4.386));
#2445 = VECTOR('',#2446,1.);
#2446 = DIRECTION('',(1.,0.,-0.));
#2447 = ORIENTED_EDGE('',*,*,#2448,.T.);
#2448 = EDGE_CURVE('',#2439,#2449,#2451,.T.);
#2449 = VERTEX_POINT('',#2450);
#2450 = CARTESIAN_POINT('',(-1.085,-3.5,1.29));
#2451 = LINE('',#2452,#2453);
#2452 = CARTESIAN_POINT('',(-1.085,-3.5,3.053));
#2453 = VECTOR('',#2454,1.);
#2454 = DIRECTION('',(0.,0.,-1.));
#2455 = ORIENTED_EDGE('',*,*,#2456,.T.);
#2456 = EDGE_CURVE('',#2449,#2457,#2459,.T.);
#2457 = VERTEX_POINT('',#2458);
#2458 = CARTESIAN_POINT('',(1.085,-3.5,1.29));
#2459 = LINE('',#2460,#2461);
#2460 = CARTESIAN_POINT('',(-1.4175,-3.5,1.29));
#2461 = VECTOR('',#2462,1.);
#2462 = DIRECTION('',(1.,0.,-0.));
#2463 = ORIENTED_EDGE('',*,*,#2464,.F.);
#2464 = EDGE_CURVE('',#2441,#2457,#2465,.T.);
#2465 = LINE('',#2466,#2467);
#2466 = CARTESIAN_POINT('',(1.085,-3.5,3.053));
#2467 = VECTOR('',#2468,1.);
#2468 = DIRECTION('',(0.,0.,-1.));
#2469 = PLANE('',#2470);
#2470 = AXIS2_PLACEMENT_3D('',#2471,#2472,#2473);
#2471 = CARTESIAN_POINT('',(-1.75,-3.5,4.816));
#2472 = DIRECTION('',(-0.,1.,0.));
#2473 = DIRECTION('',(0.,0.,-1.));
#2474 = ADVANCED_FACE('',(#2475),#2500,.F.);
#2475 = FACE_BOUND('',#2476,.F.);
#2476 = EDGE_LOOP('',(#2477,#2478,#2486,#2494));
#2477 = ORIENTED_EDGE('',*,*,#2289,.T.);
#2478 = ORIENTED_EDGE('',*,*,#2479,.T.);
#2479 = EDGE_CURVE('',#2282,#2480,#2482,.T.);
#2480 = VERTEX_POINT('',#2481);
#2481 = CARTESIAN_POINT('',(12.25,3.9,5.504));
#2482 = LINE('',#2483,#2484);
#2483 = CARTESIAN_POINT('',(12.25,3.9,0.));
#2484 = VECTOR('',#2485,1.);
#2485 = DIRECTION('',(0.,0.,1.));
#2486 = ORIENTED_EDGE('',*,*,#2487,.F.);
#2487 = EDGE_CURVE('',#2488,#2480,#2490,.T.);
#2488 = VERTEX_POINT('',#2489);
#2489 = CARTESIAN_POINT('',(-1.75,3.9,5.504));
#2490 = LINE('',#2491,#2492);
#2491 = CARTESIAN_POINT('',(-1.75,3.9,5.504));
#2492 = VECTOR('',#2493,1.);
#2493 = DIRECTION('',(1.,0.,0.));
#2494 = ORIENTED_EDGE('',*,*,#2495,.F.);
#2495 = EDGE_CURVE('',#2290,#2488,#2496,.T.);
#2496 = LINE('',#2497,#2498);
#2497 = CARTESIAN_POINT('',(-1.75,3.9,0.));
#2498 = VECTOR('',#2499,1.);
#2499 = DIRECTION('',(0.,0.,1.));
#2500 = PLANE('',#2501);
#2501 = AXIS2_PLACEMENT_3D('',#2502,#2503,#2504);
#2502 = CARTESIAN_POINT('',(-1.75,3.9,0.));
#2503 = DIRECTION('',(0.,-1.,0.));
#2504 = DIRECTION('',(0.,0.,1.));
#2505 = ADVANCED_FACE('',(#2506),#2613,.F.);
#2506 = FACE_BOUND('',#2507,.F.);
#2507 = EDGE_LOOP('',(#2508,#2516,#2517,#2518,#2519,#2527,#2535,#2543,
    #2551,#2559,#2567,#2575,#2583,#2591,#2599,#2607));
#2508 = ORIENTED_EDGE('',*,*,#2509,.T.);
#2509 = EDGE_CURVE('',#2510,#2312,#2512,.T.);
#2510 = VERTEX_POINT('',#2511);
#2511 = CARTESIAN_POINT('',(-1.75,-3.05,5.16));
#2512 = LINE('',#2513,#2514);
#2513 = CARTESIAN_POINT('',(-1.75,-3.05,5.16));
#2514 = VECTOR('',#2515,1.);
#2515 = DIRECTION('',(0.,-0.794458044917,-0.607319038781));
#2516 = ORIENTED_EDGE('',*,*,#2328,.T.);
#2517 = ORIENTED_EDGE('',*,*,#2297,.T.);
#2518 = ORIENTED_EDGE('',*,*,#2495,.T.);
#2519 = ORIENTED_EDGE('',*,*,#2520,.T.);
#2520 = EDGE_CURVE('',#2488,#2521,#2523,.T.);
#2521 = VERTEX_POINT('',#2522);
#2522 = CARTESIAN_POINT('',(-1.75,3.6,5.504));
#2523 = LINE('',#2524,#2525);
#2524 = CARTESIAN_POINT('',(-1.75,3.9,5.504));
#2525 = VECTOR('',#2526,1.);
#2526 = DIRECTION('',(0.,-1.,0.));
#2527 = ORIENTED_EDGE('',*,*,#2528,.F.);
#2528 = EDGE_CURVE('',#2529,#2521,#2531,.T.);
#2529 = VERTEX_POINT('',#2530);
#2530 = CARTESIAN_POINT('',(-1.75,3.6,3.44));
#2531 = LINE('',#2532,#2533);
#2532 = CARTESIAN_POINT('',(-1.75,3.6,3.44));
#2533 = VECTOR('',#2534,1.);
#2534 = DIRECTION('',(0.,0.,1.));
#2535 = ORIENTED_EDGE('',*,*,#2536,.F.);
#2536 = EDGE_CURVE('',#2537,#2529,#2539,.T.);
#2537 = VERTEX_POINT('',#2538);
#2538 = CARTESIAN_POINT('',(-1.75,3.1,3.44));
#2539 = LINE('',#2540,#2541);
#2540 = CARTESIAN_POINT('',(-1.75,3.1,3.44));
#2541 = VECTOR('',#2542,1.);
#2542 = DIRECTION('',(0.,1.,0.));
#2543 = ORIENTED_EDGE('',*,*,#2544,.T.);
#2544 = EDGE_CURVE('',#2537,#2545,#2547,.T.);
#2545 = VERTEX_POINT('',#2546);
#2546 = CARTESIAN_POINT('',(-1.75,3.1,5.686117647059));
#2547 = LINE('',#2548,#2549);
#2548 = CARTESIAN_POINT('',(-1.75,3.1,3.44));
#2549 = VECTOR('',#2550,1.);
#2550 = DIRECTION('',(0.,0.,1.));
#2551 = ORIENTED_EDGE('',*,*,#2552,.T.);
#2552 = EDGE_CURVE('',#2545,#2553,#2555,.T.);
#2553 = VERTEX_POINT('',#2554);
#2554 = CARTESIAN_POINT('',(-1.75,2.3,8.6));
#2555 = LINE('',#2556,#2557);
#2556 = CARTESIAN_POINT('',(-1.75,3.15,5.504));
#2557 = VECTOR('',#2558,1.);
#2558 = DIRECTION('',(0.,-0.264751057548,0.964316793138));
#2559 = ORIENTED_EDGE('',*,*,#2560,.T.);
#2560 = EDGE_CURVE('',#2553,#2561,#2563,.T.);
#2561 = VERTEX_POINT('',#2562);
#2562 = CARTESIAN_POINT('',(-1.75,-2.2,8.6));
#2563 = LINE('',#2564,#2565);
#2564 = CARTESIAN_POINT('',(-1.75,2.3,8.6));
#2565 = VECTOR('',#2566,1.);
#2566 = DIRECTION('',(0.,-1.,0.));
#2567 = ORIENTED_EDGE('',*,*,#2568,.T.);
#2568 = EDGE_CURVE('',#2561,#2569,#2571,.T.);
#2569 = VERTEX_POINT('',#2570);
#2570 = CARTESIAN_POINT('',(-1.75,-2.8375,6.02));
#2571 = LINE('',#2572,#2573);
#2572 = CARTESIAN_POINT('',(-1.75,-2.2,8.6));
#2573 = VECTOR('',#2574,1.);
#2574 = DIRECTION('',(0.,-0.239878620586,-0.970802888019));
#2575 = ORIENTED_EDGE('',*,*,#2576,.T.);
#2576 = EDGE_CURVE('',#2569,#2577,#2579,.T.);
#2577 = VERTEX_POINT('',#2578);
#2578 = CARTESIAN_POINT('',(-1.75,-2.5,6.02));
#2579 = LINE('',#2580,#2581);
#2580 = CARTESIAN_POINT('',(-1.75,-3.,6.02));
#2581 = VECTOR('',#2582,1.);
#2582 = DIRECTION('',(0.,1.,0.));
#2583 = ORIENTED_EDGE('',*,*,#2584,.F.);
#2584 = EDGE_CURVE('',#2585,#2577,#2587,.T.);
#2585 = VERTEX_POINT('',#2586);
#2586 = CARTESIAN_POINT('',(-1.75,-2.5,3.44));
#2587 = LINE('',#2588,#2589);
#2588 = CARTESIAN_POINT('',(-1.75,-2.5,3.44));
#2589 = VECTOR('',#2590,1.);
#2590 = DIRECTION('',(0.,0.,1.));
#2591 = ORIENTED_EDGE('',*,*,#2592,.F.);
#2592 = EDGE_CURVE('',#2593,#2585,#2595,.T.);
#2593 = VERTEX_POINT('',#2594);
#2594 = CARTESIAN_POINT('',(-1.75,-3.,3.44));
#2595 = LINE('',#2596,#2597);
#2596 = CARTESIAN_POINT('',(-1.75,-3.,3.44));
#2597 = VECTOR('',#2598,1.);
#2598 = DIRECTION('',(0.,1.,0.));
#2599 = ORIENTED_EDGE('',*,*,#2600,.T.);
#2600 = EDGE_CURVE('',#2593,#2601,#2603,.T.);
#2601 = VERTEX_POINT('',#2602);
#2602 = CARTESIAN_POINT('',(-1.75,-3.,5.362352941176));
#2603 = LINE('',#2604,#2605);
#2604 = CARTESIAN_POINT('',(-1.75,-3.,3.44));
#2605 = VECTOR('',#2606,1.);
#2606 = DIRECTION('',(0.,0.,1.));
#2607 = ORIENTED_EDGE('',*,*,#2608,.T.);
#2608 = EDGE_CURVE('',#2601,#2510,#2609,.T.);
#2609 = LINE('',#2610,#2611);
#2610 = CARTESIAN_POINT('',(-1.75,-2.2,8.6));
#2611 = VECTOR('',#2612,1.);
#2612 = DIRECTION('',(0.,-0.239878620586,-0.970802888019));
#2613 = PLANE('',#2614);
#2614 = AXIS2_PLACEMENT_3D('',#2615,#2616,#2617);
#2615 = CARTESIAN_POINT('',(-1.75,0.216256878775,3.94240305559));
#2616 = DIRECTION('',(1.,0.,0.));
#2617 = DIRECTION('',(-0.,0.,1.));
#2618 = ADVANCED_FACE('',(#2619),#2662,.T.);
#2619 = FACE_BOUND('',#2620,.T.);
#2620 = EDGE_LOOP('',(#2621,#2622,#2623,#2631,#2639,#2647,#2655,#2661));
#2621 = ORIENTED_EDGE('',*,*,#2281,.T.);
#2622 = ORIENTED_EDGE('',*,*,#2479,.T.);
#2623 = ORIENTED_EDGE('',*,*,#2624,.T.);
#2624 = EDGE_CURVE('',#2480,#2625,#2627,.T.);
#2625 = VERTEX_POINT('',#2626);
#2626 = CARTESIAN_POINT('',(12.25,3.15,5.504));
#2627 = LINE('',#2628,#2629);
#2628 = CARTESIAN_POINT('',(12.25,3.9,5.504));
#2629 = VECTOR('',#2630,1.);
#2630 = DIRECTION('',(0.,-1.,0.));
#2631 = ORIENTED_EDGE('',*,*,#2632,.T.);
#2632 = EDGE_CURVE('',#2625,#2633,#2635,.T.);
#2633 = VERTEX_POINT('',#2634);
#2634 = CARTESIAN_POINT('',(12.25,2.3,8.6));
#2635 = LINE('',#2636,#2637);
#2636 = CARTESIAN_POINT('',(12.25,3.15,5.504));
#2637 = VECTOR('',#2638,1.);
#2638 = DIRECTION('',(0.,-0.264751057548,0.964316793138));
#2639 = ORIENTED_EDGE('',*,*,#2640,.T.);
#2640 = EDGE_CURVE('',#2633,#2641,#2643,.T.);
#2641 = VERTEX_POINT('',#2642);
#2642 = CARTESIAN_POINT('',(12.25,-2.2,8.6));
#2643 = LINE('',#2644,#2645);
#2644 = CARTESIAN_POINT('',(12.25,2.3,8.6));
#2645 = VECTOR('',#2646,1.);
#2646 = DIRECTION('',(0.,-1.,0.));
#2647 = ORIENTED_EDGE('',*,*,#2648,.T.);
#2648 = EDGE_CURVE('',#2641,#2649,#2651,.T.);
#2649 = VERTEX_POINT('',#2650);
#2650 = CARTESIAN_POINT('',(12.25,-3.05,5.16));
#2651 = LINE('',#2652,#2653);
#2652 = CARTESIAN_POINT('',(12.25,-2.2,8.6));
#2653 = VECTOR('',#2654,1.);
#2654 = DIRECTION('',(0.,-0.239878620586,-0.970802888019));
#2655 = ORIENTED_EDGE('',*,*,#2656,.T.);
#2656 = EDGE_CURVE('',#2649,#2314,#2657,.T.);
#2657 = LINE('',#2658,#2659);
#2658 = CARTESIAN_POINT('',(12.25,-3.05,5.16));
#2659 = VECTOR('',#2660,1.);
#2660 = DIRECTION('',(0.,-0.794458044917,-0.607319038781));
#2661 = ORIENTED_EDGE('',*,*,#2321,.T.);
#2662 = PLANE('',#2663);
#2663 = AXIS2_PLACEMENT_3D('',#2664,#2665,#2666);
#2664 = CARTESIAN_POINT('',(12.25,0.216256878775,3.94240305559));
#2665 = DIRECTION('',(1.,0.,0.));
#2666 = DIRECTION('',(-0.,0.,1.));
#2667 = ADVANCED_FACE('',(#2668),#2679,.F.);
#2668 = FACE_BOUND('',#2669,.F.);
#2669 = EDGE_LOOP('',(#2670,#2676,#2677,#2678));
#2670 = ORIENTED_EDGE('',*,*,#2671,.T.);
#2671 = EDGE_CURVE('',#2510,#2649,#2672,.T.);
#2672 = LINE('',#2673,#2674);
#2673 = CARTESIAN_POINT('',(-1.75,-3.05,5.16));
#2674 = VECTOR('',#2675,1.);
#2675 = DIRECTION('',(1.,0.,0.));
#2676 = ORIENTED_EDGE('',*,*,#2656,.T.);
#2677 = ORIENTED_EDGE('',*,*,#2311,.F.);
#2678 = ORIENTED_EDGE('',*,*,#2509,.F.);
#2679 = PLANE('',#2680);
#2680 = AXIS2_PLACEMENT_3D('',#2681,#2682,#2683);
#2681 = CARTESIAN_POINT('',(-1.75,-3.05,5.16));
#2682 = DIRECTION('',(0.,0.607319038781,-0.794458044917));
#2683 = DIRECTION('',(0.,-0.794458044917,-0.607319038781));
#2684 = ADVANCED_FACE('',(#2685),#2710,.F.);
#2685 = FACE_BOUND('',#2686,.F.);
#2686 = EDGE_LOOP('',(#2687,#2695,#2696,#2704));
#2687 = ORIENTED_EDGE('',*,*,#2688,.F.);
#2688 = EDGE_CURVE('',#2337,#2689,#2691,.T.);
#2689 = VERTEX_POINT('',#2690);
#2690 = CARTESIAN_POINT('',(9.415,-1.6,4.386));
#2691 = LINE('',#2692,#2693);
#2692 = CARTESIAN_POINT('',(9.415,-3.6,4.386));
#2693 = VECTOR('',#2694,1.);
#2694 = DIRECTION('',(0.,1.,0.));
#2695 = ORIENTED_EDGE('',*,*,#2336,.T.);
#2696 = ORIENTED_EDGE('',*,*,#2697,.T.);
#2697 = EDGE_CURVE('',#2339,#2698,#2700,.T.);
#2698 = VERTEX_POINT('',#2699);
#2699 = CARTESIAN_POINT('',(11.585,-1.6,4.386));
#2700 = LINE('',#2701,#2702);
#2701 = CARTESIAN_POINT('',(11.585,-3.6,4.386));
#2702 = VECTOR('',#2703,1.);
#2703 = DIRECTION('',(0.,1.,0.));
#2704 = ORIENTED_EDGE('',*,*,#2705,.F.);
#2705 = EDGE_CURVE('',#2689,#2698,#2706,.T.);
#2706 = LINE('',#2707,#2708);
#2707 = CARTESIAN_POINT('',(9.415,-1.6,4.386));
#2708 = VECTOR('',#2709,1.);
#2709 = DIRECTION('',(1.,0.,0.));
#2710 = PLANE('',#2711);
#2711 = AXIS2_PLACEMENT_3D('',#2712,#2713,#2714);
#2712 = CARTESIAN_POINT('',(9.415,-3.6,4.386));
#2713 = DIRECTION('',(0.,0.,1.));
#2714 = DIRECTION('',(1.,0.,0.));
#2715 = ADVANCED_FACE('',(#2716),#2734,.F.);
#2716 = FACE_BOUND('',#2717,.F.);
#2717 = EDGE_LOOP('',(#2718,#2719,#2720,#2728));
#2718 = ORIENTED_EDGE('',*,*,#2697,.F.);
#2719 = ORIENTED_EDGE('',*,*,#2362,.T.);
#2720 = ORIENTED_EDGE('',*,*,#2721,.T.);
#2721 = EDGE_CURVE('',#2355,#2722,#2724,.T.);
#2722 = VERTEX_POINT('',#2723);
#2723 = CARTESIAN_POINT('',(11.585,-1.6,1.29));
#2724 = LINE('',#2725,#2726);
#2725 = CARTESIAN_POINT('',(11.585,-3.6,1.29));
#2726 = VECTOR('',#2727,1.);
#2727 = DIRECTION('',(0.,1.,0.));
#2728 = ORIENTED_EDGE('',*,*,#2729,.T.);
#2729 = EDGE_CURVE('',#2722,#2698,#2730,.T.);
#2730 = LINE('',#2731,#2732);
#2731 = CARTESIAN_POINT('',(11.585,-1.6,1.29));
#2732 = VECTOR('',#2733,1.);
#2733 = DIRECTION('',(0.,0.,1.));
#2734 = PLANE('',#2735);
#2735 = AXIS2_PLACEMENT_3D('',#2736,#2737,#2738);
#2736 = CARTESIAN_POINT('',(11.585,-3.6,1.29));
#2737 = DIRECTION('',(1.,0.,0.));
#2738 = DIRECTION('',(0.,0.,1.));
#2739 = ADVANCED_FACE('',(#2740),#2758,.T.);
#2740 = FACE_BOUND('',#2741,.T.);
#2741 = EDGE_LOOP('',(#2742,#2750,#2751,#2752));
#2742 = ORIENTED_EDGE('',*,*,#2743,.F.);
#2743 = EDGE_CURVE('',#2347,#2744,#2746,.T.);
#2744 = VERTEX_POINT('',#2745);
#2745 = CARTESIAN_POINT('',(9.415,-1.6,1.29));
#2746 = LINE('',#2747,#2748);
#2747 = CARTESIAN_POINT('',(9.415,-3.6,1.29));
#2748 = VECTOR('',#2749,1.);
#2749 = DIRECTION('',(0.,1.,0.));
#2750 = ORIENTED_EDGE('',*,*,#2354,.T.);
#2751 = ORIENTED_EDGE('',*,*,#2721,.T.);
#2752 = ORIENTED_EDGE('',*,*,#2753,.F.);
#2753 = EDGE_CURVE('',#2744,#2722,#2754,.T.);
#2754 = LINE('',#2755,#2756);
#2755 = CARTESIAN_POINT('',(9.415,-1.6,1.29));
#2756 = VECTOR('',#2757,1.);
#2757 = DIRECTION('',(1.,0.,0.));
#2758 = PLANE('',#2759);
#2759 = AXIS2_PLACEMENT_3D('',#2760,#2761,#2762);
#2760 = CARTESIAN_POINT('',(9.415,-3.6,1.29));
#2761 = DIRECTION('',(0.,0.,1.));
#2762 = DIRECTION('',(1.,0.,0.));
#2763 = ADVANCED_FACE('',(#2764),#2775,.T.);
#2764 = FACE_BOUND('',#2765,.T.);
#2765 = EDGE_LOOP('',(#2766,#2767,#2768,#2769));
#2766 = ORIENTED_EDGE('',*,*,#2688,.F.);
#2767 = ORIENTED_EDGE('',*,*,#2346,.T.);
#2768 = ORIENTED_EDGE('',*,*,#2743,.T.);
#2769 = ORIENTED_EDGE('',*,*,#2770,.T.);
#2770 = EDGE_CURVE('',#2744,#2689,#2771,.T.);
#2771 = LINE('',#2772,#2773);
#2772 = CARTESIAN_POINT('',(9.415,-1.6,1.29));
#2773 = VECTOR('',#2774,1.);
#2774 = DIRECTION('',(0.,0.,1.));
#2775 = PLANE('',#2776);
#2776 = AXIS2_PLACEMENT_3D('',#2777,#2778,#2779);
#2777 = CARTESIAN_POINT('',(9.415,-3.6,1.29));
#2778 = DIRECTION('',(1.,0.,0.));
#2779 = DIRECTION('',(0.,0.,1.));
#2780 = ADVANCED_FACE('',(#2781),#2806,.F.);
#2781 = FACE_BOUND('',#2782,.F.);
#2782 = EDGE_LOOP('',(#2783,#2791,#2792,#2800));
#2783 = ORIENTED_EDGE('',*,*,#2784,.F.);
#2784 = EDGE_CURVE('',#2371,#2785,#2787,.T.);
#2785 = VERTEX_POINT('',#2786);
#2786 = CARTESIAN_POINT('',(5.915,-1.6,4.386));
#2787 = LINE('',#2788,#2789);
#2788 = CARTESIAN_POINT('',(5.915,-3.6,4.386));
#2789 = VECTOR('',#2790,1.);
#2790 = DIRECTION('',(0.,1.,0.));
#2791 = ORIENTED_EDGE('',*,*,#2370,.T.);
#2792 = ORIENTED_EDGE('',*,*,#2793,.T.);
#2793 = EDGE_CURVE('',#2373,#2794,#2796,.T.);
#2794 = VERTEX_POINT('',#2795);
#2795 = CARTESIAN_POINT('',(8.085,-1.6,4.386));
#2796 = LINE('',#2797,#2798);
#2797 = CARTESIAN_POINT('',(8.085,-3.6,4.386));
#2798 = VECTOR('',#2799,1.);
#2799 = DIRECTION('',(0.,1.,0.));
#2800 = ORIENTED_EDGE('',*,*,#2801,.F.);
#2801 = EDGE_CURVE('',#2785,#2794,#2802,.T.);
#2802 = LINE('',#2803,#2804);
#2803 = CARTESIAN_POINT('',(5.915,-1.6,4.386));
#2804 = VECTOR('',#2805,1.);
#2805 = DIRECTION('',(1.,0.,0.));
#2806 = PLANE('',#2807);
#2807 = AXIS2_PLACEMENT_3D('',#2808,#2809,#2810);
#2808 = CARTESIAN_POINT('',(5.915,-3.6,4.386));
#2809 = DIRECTION('',(0.,0.,1.));
#2810 = DIRECTION('',(1.,0.,0.));
#2811 = ADVANCED_FACE('',(#2812),#2830,.T.);
#2812 = FACE_BOUND('',#2813,.T.);
#2813 = EDGE_LOOP('',(#2814,#2815,#2816,#2824));
#2814 = ORIENTED_EDGE('',*,*,#2784,.F.);
#2815 = ORIENTED_EDGE('',*,*,#2380,.T.);
#2816 = ORIENTED_EDGE('',*,*,#2817,.T.);
#2817 = EDGE_CURVE('',#2381,#2818,#2820,.T.);
#2818 = VERTEX_POINT('',#2819);
#2819 = CARTESIAN_POINT('',(5.915,-1.6,1.29));
#2820 = LINE('',#2821,#2822);
#2821 = CARTESIAN_POINT('',(5.915,-3.6,1.29));
#2822 = VECTOR('',#2823,1.);
#2823 = DIRECTION('',(0.,1.,0.));
#2824 = ORIENTED_EDGE('',*,*,#2825,.T.);
#2825 = EDGE_CURVE('',#2818,#2785,#2826,.T.);
#2826 = LINE('',#2827,#2828);
#2827 = CARTESIAN_POINT('',(5.915,-1.6,1.29));
#2828 = VECTOR('',#2829,1.);
#2829 = DIRECTION('',(0.,0.,1.));
#2830 = PLANE('',#2831);
#2831 = AXIS2_PLACEMENT_3D('',#2832,#2833,#2834);
#2832 = CARTESIAN_POINT('',(5.915,-3.6,1.29));
#2833 = DIRECTION('',(1.,0.,0.));
#2834 = DIRECTION('',(0.,0.,1.));
#2835 = ADVANCED_FACE('',(#2836),#2854,.F.);
#2836 = FACE_BOUND('',#2837,.F.);
#2837 = EDGE_LOOP('',(#2838,#2839,#2840,#2848));
#2838 = ORIENTED_EDGE('',*,*,#2793,.F.);
#2839 = ORIENTED_EDGE('',*,*,#2396,.T.);
#2840 = ORIENTED_EDGE('',*,*,#2841,.T.);
#2841 = EDGE_CURVE('',#2389,#2842,#2844,.T.);
#2842 = VERTEX_POINT('',#2843);
#2843 = CARTESIAN_POINT('',(8.085,-1.6,1.29));
#2844 = LINE('',#2845,#2846);
#2845 = CARTESIAN_POINT('',(8.085,-3.6,1.29));
#2846 = VECTOR('',#2847,1.);
#2847 = DIRECTION('',(0.,1.,0.));
#2848 = ORIENTED_EDGE('',*,*,#2849,.T.);
#2849 = EDGE_CURVE('',#2842,#2794,#2850,.T.);
#2850 = LINE('',#2851,#2852);
#2851 = CARTESIAN_POINT('',(8.085,-1.6,1.29));
#2852 = VECTOR('',#2853,1.);
#2853 = DIRECTION('',(0.,0.,1.));
#2854 = PLANE('',#2855);
#2855 = AXIS2_PLACEMENT_3D('',#2856,#2857,#2858);
#2856 = CARTESIAN_POINT('',(8.085,-3.6,1.29));
#2857 = DIRECTION('',(1.,0.,0.));
#2858 = DIRECTION('',(0.,0.,1.));
#2859 = ADVANCED_FACE('',(#2860),#2871,.T.);
#2860 = FACE_BOUND('',#2861,.T.);
#2861 = EDGE_LOOP('',(#2862,#2863,#2864,#2865));
#2862 = ORIENTED_EDGE('',*,*,#2817,.F.);
#2863 = ORIENTED_EDGE('',*,*,#2388,.T.);
#2864 = ORIENTED_EDGE('',*,*,#2841,.T.);
#2865 = ORIENTED_EDGE('',*,*,#2866,.F.);
#2866 = EDGE_CURVE('',#2818,#2842,#2867,.T.);
#2867 = LINE('',#2868,#2869);
#2868 = CARTESIAN_POINT('',(5.915,-1.6,1.29));
#2869 = VECTOR('',#2870,1.);
#2870 = DIRECTION('',(1.,0.,0.));
#2871 = PLANE('',#2872);
#2872 = AXIS2_PLACEMENT_3D('',#2873,#2874,#2875);
#2873 = CARTESIAN_POINT('',(5.915,-3.6,1.29));
#2874 = DIRECTION('',(0.,0.,1.));
#2875 = DIRECTION('',(1.,0.,0.));
#2876 = ADVANCED_FACE('',(#2877),#2902,.F.);
#2877 = FACE_BOUND('',#2878,.F.);
#2878 = EDGE_LOOP('',(#2879,#2887,#2888,#2896));
#2879 = ORIENTED_EDGE('',*,*,#2880,.F.);
#2880 = EDGE_CURVE('',#2405,#2881,#2883,.T.);
#2881 = VERTEX_POINT('',#2882);
#2882 = CARTESIAN_POINT('',(2.415,-1.6,4.386));
#2883 = LINE('',#2884,#2885);
#2884 = CARTESIAN_POINT('',(2.415,-3.6,4.386));
#2885 = VECTOR('',#2886,1.);
#2886 = DIRECTION('',(0.,1.,0.));
#2887 = ORIENTED_EDGE('',*,*,#2404,.T.);
#2888 = ORIENTED_EDGE('',*,*,#2889,.T.);
#2889 = EDGE_CURVE('',#2407,#2890,#2892,.T.);
#2890 = VERTEX_POINT('',#2891);
#2891 = CARTESIAN_POINT('',(4.585,-1.6,4.386));
#2892 = LINE('',#2893,#2894);
#2893 = CARTESIAN_POINT('',(4.585,-3.6,4.386));
#2894 = VECTOR('',#2895,1.);
#2895 = DIRECTION('',(0.,1.,0.));
#2896 = ORIENTED_EDGE('',*,*,#2897,.F.);
#2897 = EDGE_CURVE('',#2881,#2890,#2898,.T.);
#2898 = LINE('',#2899,#2900);
#2899 = CARTESIAN_POINT('',(2.415,-1.6,4.386));
#2900 = VECTOR('',#2901,1.);
#2901 = DIRECTION('',(1.,0.,0.));
#2902 = PLANE('',#2903);
#2903 = AXIS2_PLACEMENT_3D('',#2904,#2905,#2906);
#2904 = CARTESIAN_POINT('',(2.415,-3.6,4.386));
#2905 = DIRECTION('',(0.,0.,1.));
#2906 = DIRECTION('',(1.,0.,0.));
#2907 = ADVANCED_FACE('',(#2908),#2926,.T.);
#2908 = FACE_BOUND('',#2909,.T.);
#2909 = EDGE_LOOP('',(#2910,#2911,#2912,#2920));
#2910 = ORIENTED_EDGE('',*,*,#2880,.F.);
#2911 = ORIENTED_EDGE('',*,*,#2414,.T.);
#2912 = ORIENTED_EDGE('',*,*,#2913,.T.);
#2913 = EDGE_CURVE('',#2415,#2914,#2916,.T.);
#2914 = VERTEX_POINT('',#2915);
#2915 = CARTESIAN_POINT('',(2.415,-1.6,1.29));
#2916 = LINE('',#2917,#2918);
#2917 = CARTESIAN_POINT('',(2.415,-3.6,1.29));
#2918 = VECTOR('',#2919,1.);
#2919 = DIRECTION('',(0.,1.,0.));
#2920 = ORIENTED_EDGE('',*,*,#2921,.T.);
#2921 = EDGE_CURVE('',#2914,#2881,#2922,.T.);
#2922 = LINE('',#2923,#2924);
#2923 = CARTESIAN_POINT('',(2.415,-1.6,1.29));
#2924 = VECTOR('',#2925,1.);
#2925 = DIRECTION('',(0.,0.,1.));
#2926 = PLANE('',#2927);
#2927 = AXIS2_PLACEMENT_3D('',#2928,#2929,#2930);
#2928 = CARTESIAN_POINT('',(2.415,-3.6,1.29));
#2929 = DIRECTION('',(1.,0.,0.));
#2930 = DIRECTION('',(0.,0.,1.));
#2931 = ADVANCED_FACE('',(#2932),#2950,.F.);
#2932 = FACE_BOUND('',#2933,.F.);
#2933 = EDGE_LOOP('',(#2934,#2935,#2936,#2944));
#2934 = ORIENTED_EDGE('',*,*,#2889,.F.);
#2935 = ORIENTED_EDGE('',*,*,#2430,.T.);
#2936 = ORIENTED_EDGE('',*,*,#2937,.T.);
#2937 = EDGE_CURVE('',#2423,#2938,#2940,.T.);
#2938 = VERTEX_POINT('',#2939);
#2939 = CARTESIAN_POINT('',(4.585,-1.6,1.29));
#2940 = LINE('',#2941,#2942);
#2941 = CARTESIAN_POINT('',(4.585,-3.6,1.29));
#2942 = VECTOR('',#2943,1.);
#2943 = DIRECTION('',(0.,1.,0.));
#2944 = ORIENTED_EDGE('',*,*,#2945,.T.);
#2945 = EDGE_CURVE('',#2938,#2890,#2946,.T.);
#2946 = LINE('',#2947,#2948);
#2947 = CARTESIAN_POINT('',(4.585,-1.6,1.29));
#2948 = VECTOR('',#2949,1.);
#2949 = DIRECTION('',(0.,0.,1.));
#2950 = PLANE('',#2951);
#2951 = AXIS2_PLACEMENT_3D('',#2952,#2953,#2954);
#2952 = CARTESIAN_POINT('',(4.585,-3.6,1.29));
#2953 = DIRECTION('',(1.,0.,0.));
#2954 = DIRECTION('',(0.,0.,1.));
#2955 = ADVANCED_FACE('',(#2956),#2967,.T.);
#2956 = FACE_BOUND('',#2957,.T.);
#2957 = EDGE_LOOP('',(#2958,#2959,#2960,#2961));
#2958 = ORIENTED_EDGE('',*,*,#2913,.F.);
#2959 = ORIENTED_EDGE('',*,*,#2422,.T.);
#2960 = ORIENTED_EDGE('',*,*,#2937,.T.);
#2961 = ORIENTED_EDGE('',*,*,#2962,.F.);
#2962 = EDGE_CURVE('',#2914,#2938,#2963,.T.);
#2963 = LINE('',#2964,#2965);
#2964 = CARTESIAN_POINT('',(2.415,-1.6,1.29));
#2965 = VECTOR('',#2966,1.);
#2966 = DIRECTION('',(1.,0.,0.));
#2967 = PLANE('',#2968);
#2968 = AXIS2_PLACEMENT_3D('',#2969,#2970,#2971);
#2969 = CARTESIAN_POINT('',(2.415,-3.6,1.29));
#2970 = DIRECTION('',(0.,0.,1.));
#2971 = DIRECTION('',(1.,0.,0.));
#2972 = ADVANCED_FACE('',(#2973),#2998,.F.);
#2973 = FACE_BOUND('',#2974,.F.);
#2974 = EDGE_LOOP('',(#2975,#2983,#2984,#2992));
#2975 = ORIENTED_EDGE('',*,*,#2976,.F.);
#2976 = EDGE_CURVE('',#2439,#2977,#2979,.T.);
#2977 = VERTEX_POINT('',#2978);
#2978 = CARTESIAN_POINT('',(-1.085,-1.6,4.386));
#2979 = LINE('',#2980,#2981);
#2980 = CARTESIAN_POINT('',(-1.085,-3.6,4.386));
#2981 = VECTOR('',#2982,1.);
#2982 = DIRECTION('',(0.,1.,0.));
#2983 = ORIENTED_EDGE('',*,*,#2438,.T.);
#2984 = ORIENTED_EDGE('',*,*,#2985,.T.);
#2985 = EDGE_CURVE('',#2441,#2986,#2988,.T.);
#2986 = VERTEX_POINT('',#2987);
#2987 = CARTESIAN_POINT('',(1.085,-1.6,4.386));
#2988 = LINE('',#2989,#2990);
#2989 = CARTESIAN_POINT('',(1.085,-3.6,4.386));
#2990 = VECTOR('',#2991,1.);
#2991 = DIRECTION('',(0.,1.,0.));
#2992 = ORIENTED_EDGE('',*,*,#2993,.F.);
#2993 = EDGE_CURVE('',#2977,#2986,#2994,.T.);
#2994 = LINE('',#2995,#2996);
#2995 = CARTESIAN_POINT('',(-1.085,-1.6,4.386));
#2996 = VECTOR('',#2997,1.);
#2997 = DIRECTION('',(1.,0.,0.));
#2998 = PLANE('',#2999);
#2999 = AXIS2_PLACEMENT_3D('',#3000,#3001,#3002);
#3000 = CARTESIAN_POINT('',(-1.085,-3.6,4.386));
#3001 = DIRECTION('',(0.,0.,1.));
#3002 = DIRECTION('',(1.,0.,0.));
#3003 = ADVANCED_FACE('',(#3004),#3022,.T.);
#3004 = FACE_BOUND('',#3005,.T.);
#3005 = EDGE_LOOP('',(#3006,#3007,#3008,#3016));
#3006 = ORIENTED_EDGE('',*,*,#2976,.F.);
#3007 = ORIENTED_EDGE('',*,*,#2448,.T.);
#3008 = ORIENTED_EDGE('',*,*,#3009,.T.);
#3009 = EDGE_CURVE('',#2449,#3010,#3012,.T.);
#3010 = VERTEX_POINT('',#3011);
#3011 = CARTESIAN_POINT('',(-1.085,-1.6,1.29));
#3012 = LINE('',#3013,#3014);
#3013 = CARTESIAN_POINT('',(-1.085,-3.6,1.29));
#3014 = VECTOR('',#3015,1.);
#3015 = DIRECTION('',(0.,1.,0.));
#3016 = ORIENTED_EDGE('',*,*,#3017,.T.);
#3017 = EDGE_CURVE('',#3010,#2977,#3018,.T.);
#3018 = LINE('',#3019,#3020);
#3019 = CARTESIAN_POINT('',(-1.085,-1.6,1.29));
#3020 = VECTOR('',#3021,1.);
#3021 = DIRECTION('',(0.,0.,1.));
#3022 = PLANE('',#3023);
#3023 = AXIS2_PLACEMENT_3D('',#3024,#3025,#3026);
#3024 = CARTESIAN_POINT('',(-1.085,-3.6,1.29));
#3025 = DIRECTION('',(1.,0.,0.));
#3026 = DIRECTION('',(0.,0.,1.));
#3027 = ADVANCED_FACE('',(#3028),#3046,.F.);
#3028 = FACE_BOUND('',#3029,.F.);
#3029 = EDGE_LOOP('',(#3030,#3031,#3032,#3040));
#3030 = ORIENTED_EDGE('',*,*,#2985,.F.);
#3031 = ORIENTED_EDGE('',*,*,#2464,.T.);
#3032 = ORIENTED_EDGE('',*,*,#3033,.T.);
#3033 = EDGE_CURVE('',#2457,#3034,#3036,.T.);
#3034 = VERTEX_POINT('',#3035);
#3035 = CARTESIAN_POINT('',(1.085,-1.6,1.29));
#3036 = LINE('',#3037,#3038);
#3037 = CARTESIAN_POINT('',(1.085,-3.6,1.29));
#3038 = VECTOR('',#3039,1.);
#3039 = DIRECTION('',(0.,1.,0.));
#3040 = ORIENTED_EDGE('',*,*,#3041,.T.);
#3041 = EDGE_CURVE('',#3034,#2986,#3042,.T.);
#3042 = LINE('',#3043,#3044);
#3043 = CARTESIAN_POINT('',(1.085,-1.6,1.29));
#3044 = VECTOR('',#3045,1.);
#3045 = DIRECTION('',(0.,0.,1.));
#3046 = PLANE('',#3047);
#3047 = AXIS2_PLACEMENT_3D('',#3048,#3049,#3050);
#3048 = CARTESIAN_POINT('',(1.085,-3.6,1.29));
#3049 = DIRECTION('',(1.,0.,0.));
#3050 = DIRECTION('',(0.,0.,1.));
#3051 = ADVANCED_FACE('',(#3052),#3063,.T.);
#3052 = FACE_BOUND('',#3053,.T.);
#3053 = EDGE_LOOP('',(#3054,#3055,#3056,#3057));
#3054 = ORIENTED_EDGE('',*,*,#3009,.F.);
#3055 = ORIENTED_EDGE('',*,*,#2456,.T.);
#3056 = ORIENTED_EDGE('',*,*,#3033,.T.);
#3057 = ORIENTED_EDGE('',*,*,#3058,.F.);
#3058 = EDGE_CURVE('',#3010,#3034,#3059,.T.);
#3059 = LINE('',#3060,#3061);
#3060 = CARTESIAN_POINT('',(-1.085,-1.6,1.29));
#3061 = VECTOR('',#3062,1.);
#3062 = DIRECTION('',(1.,0.,0.));
#3063 = PLANE('',#3064);
#3064 = AXIS2_PLACEMENT_3D('',#3065,#3066,#3067);
#3065 = CARTESIAN_POINT('',(-1.085,-3.6,1.29));
#3066 = DIRECTION('',(0.,0.,1.));
#3067 = DIRECTION('',(1.,0.,0.));
#3068 = ADVANCED_FACE('',(#3069),#3088,.F.);
#3069 = FACE_BOUND('',#3070,.F.);
#3070 = EDGE_LOOP('',(#3071,#3072,#3073,#3081,#3087));
#3071 = ORIENTED_EDGE('',*,*,#2487,.T.);
#3072 = ORIENTED_EDGE('',*,*,#2624,.T.);
#3073 = ORIENTED_EDGE('',*,*,#3074,.F.);
#3074 = EDGE_CURVE('',#3075,#2625,#3077,.T.);
#3075 = VERTEX_POINT('',#3076);
#3076 = CARTESIAN_POINT('',(-1.75,3.15,5.504));
#3077 = LINE('',#3078,#3079);
#3078 = CARTESIAN_POINT('',(-1.75,3.15,5.504));
#3079 = VECTOR('',#3080,1.);
#3080 = DIRECTION('',(1.,0.,0.));
#3081 = ORIENTED_EDGE('',*,*,#3082,.F.);
#3082 = EDGE_CURVE('',#2521,#3075,#3083,.T.);
#3083 = LINE('',#3084,#3085);
#3084 = CARTESIAN_POINT('',(-1.75,3.9,5.504));
#3085 = VECTOR('',#3086,1.);
#3086 = DIRECTION('',(0.,-1.,0.));
#3087 = ORIENTED_EDGE('',*,*,#2520,.F.);
#3088 = PLANE('',#3089);
#3089 = AXIS2_PLACEMENT_3D('',#3090,#3091,#3092);
#3090 = CARTESIAN_POINT('',(-1.75,3.9,5.504));
#3091 = DIRECTION('',(0.,0.,-1.));
#3092 = DIRECTION('',(0.,-1.,0.));
#3093 = ADVANCED_FACE('',(#3094),#3112,.F.);
#3094 = FACE_BOUND('',#3095,.F.);
#3095 = EDGE_LOOP('',(#3096,#3102,#3103,#3104,#3105,#3111));
#3096 = ORIENTED_EDGE('',*,*,#3097,.T.);
#3097 = EDGE_CURVE('',#2561,#2641,#3098,.T.);
#3098 = LINE('',#3099,#3100);
#3099 = CARTESIAN_POINT('',(-1.75,-2.2,8.6));
#3100 = VECTOR('',#3101,1.);
#3101 = DIRECTION('',(1.,0.,0.));
#3102 = ORIENTED_EDGE('',*,*,#2648,.T.);
#3103 = ORIENTED_EDGE('',*,*,#2671,.F.);
#3104 = ORIENTED_EDGE('',*,*,#2608,.F.);
#3105 = ORIENTED_EDGE('',*,*,#3106,.F.);
#3106 = EDGE_CURVE('',#2569,#2601,#3107,.T.);
#3107 = LINE('',#3108,#3109);
#3108 = CARTESIAN_POINT('',(-1.75,-2.2,8.6));
#3109 = VECTOR('',#3110,1.);
#3110 = DIRECTION('',(0.,-0.239878620586,-0.970802888019));
#3111 = ORIENTED_EDGE('',*,*,#2568,.F.);
#3112 = PLANE('',#3113);
#3113 = AXIS2_PLACEMENT_3D('',#3114,#3115,#3116);
#3114 = CARTESIAN_POINT('',(-1.75,-2.2,8.6));
#3115 = DIRECTION('',(0.,0.970802888019,-0.239878620586));
#3116 = DIRECTION('',(0.,-0.239878620586,-0.970802888019));
#3117 = ADVANCED_FACE('',(#3118),#3151,.F.);
#3118 = FACE_BOUND('',#3119,.F.);
#3119 = EDGE_LOOP('',(#3120,#3128,#3136,#3144,#3150));
#3120 = ORIENTED_EDGE('',*,*,#3121,.F.);
#3121 = EDGE_CURVE('',#3122,#2593,#3124,.T.);
#3122 = VERTEX_POINT('',#3123);
#3123 = CARTESIAN_POINT('',(-2.17,-3.,3.44));
#3124 = LINE('',#3125,#3126);
#3125 = CARTESIAN_POINT('',(-2.17,-3.,3.44));
#3126 = VECTOR('',#3127,1.);
#3127 = DIRECTION('',(1.,0.,0.));
#3128 = ORIENTED_EDGE('',*,*,#3129,.T.);
#3129 = EDGE_CURVE('',#3122,#3130,#3132,.T.);
#3130 = VERTEX_POINT('',#3131);
#3131 = CARTESIAN_POINT('',(-2.17,-3.,6.02));
#3132 = LINE('',#3133,#3134);
#3133 = CARTESIAN_POINT('',(-2.17,-3.,3.44));
#3134 = VECTOR('',#3135,1.);
#3135 = DIRECTION('',(0.,0.,1.));
#3136 = ORIENTED_EDGE('',*,*,#3137,.T.);
#3137 = EDGE_CURVE('',#3130,#3138,#3140,.T.);
#3138 = VERTEX_POINT('',#3139);
#3139 = CARTESIAN_POINT('',(-1.75,-3.,6.02));
#3140 = LINE('',#3141,#3142);
#3141 = CARTESIAN_POINT('',(-2.17,-3.,6.02));
#3142 = VECTOR('',#3143,1.);
#3143 = DIRECTION('',(1.,0.,0.));
#3144 = ORIENTED_EDGE('',*,*,#3145,.F.);
#3145 = EDGE_CURVE('',#2601,#3138,#3146,.T.);
#3146 = LINE('',#3147,#3148);
#3147 = CARTESIAN_POINT('',(-1.75,-3.,3.44));
#3148 = VECTOR('',#3149,1.);
#3149 = DIRECTION('',(0.,0.,1.));
#3150 = ORIENTED_EDGE('',*,*,#2600,.F.);
#3151 = PLANE('',#3152);
#3152 = AXIS2_PLACEMENT_3D('',#3153,#3154,#3155);
#3153 = CARTESIAN_POINT('',(-2.17,-3.,3.44));
#3154 = DIRECTION('',(0.,1.,0.));
#3155 = DIRECTION('',(0.,0.,1.));
#3156 = ADVANCED_FACE('',(#3157),#3175,.F.);
#3157 = FACE_BOUND('',#3158,.F.);
#3158 = EDGE_LOOP('',(#3159,#3167,#3168,#3169));
#3159 = ORIENTED_EDGE('',*,*,#3160,.F.);
#3160 = EDGE_CURVE('',#3122,#3161,#3163,.T.);
#3161 = VERTEX_POINT('',#3162);
#3162 = CARTESIAN_POINT('',(-2.17,-2.5,3.44));
#3163 = LINE('',#3164,#3165);
#3164 = CARTESIAN_POINT('',(-2.17,-3.,3.44));
#3165 = VECTOR('',#3166,1.);
#3166 = DIRECTION('',(0.,1.,0.));
#3167 = ORIENTED_EDGE('',*,*,#3121,.T.);
#3168 = ORIENTED_EDGE('',*,*,#2592,.T.);
#3169 = ORIENTED_EDGE('',*,*,#3170,.F.);
#3170 = EDGE_CURVE('',#3161,#2585,#3171,.T.);
#3171 = LINE('',#3172,#3173);
#3172 = CARTESIAN_POINT('',(-2.17,-2.5,3.44));
#3173 = VECTOR('',#3174,1.);
#3174 = DIRECTION('',(1.,0.,0.));
#3175 = PLANE('',#3176);
#3176 = AXIS2_PLACEMENT_3D('',#3177,#3178,#3179);
#3177 = CARTESIAN_POINT('',(-2.17,-3.,3.44));
#3178 = DIRECTION('',(0.,0.,1.));
#3179 = DIRECTION('',(1.,0.,0.));
#3180 = ADVANCED_FACE('',(#3181),#3199,.T.);
#3181 = FACE_BOUND('',#3182,.T.);
#3182 = EDGE_LOOP('',(#3183,#3184,#3192,#3198));
#3183 = ORIENTED_EDGE('',*,*,#3170,.F.);
#3184 = ORIENTED_EDGE('',*,*,#3185,.T.);
#3185 = EDGE_CURVE('',#3161,#3186,#3188,.T.);
#3186 = VERTEX_POINT('',#3187);
#3187 = CARTESIAN_POINT('',(-2.17,-2.5,6.02));
#3188 = LINE('',#3189,#3190);
#3189 = CARTESIAN_POINT('',(-2.17,-2.5,3.44));
#3190 = VECTOR('',#3191,1.);
#3191 = DIRECTION('',(0.,0.,1.));
#3192 = ORIENTED_EDGE('',*,*,#3193,.T.);
#3193 = EDGE_CURVE('',#3186,#2577,#3194,.T.);
#3194 = LINE('',#3195,#3196);
#3195 = CARTESIAN_POINT('',(-2.17,-2.5,6.02));
#3196 = VECTOR('',#3197,1.);
#3197 = DIRECTION('',(1.,0.,0.));
#3198 = ORIENTED_EDGE('',*,*,#2584,.F.);
#3199 = PLANE('',#3200);
#3200 = AXIS2_PLACEMENT_3D('',#3201,#3202,#3203);
#3201 = CARTESIAN_POINT('',(-2.17,-2.5,3.44));
#3202 = DIRECTION('',(0.,1.,0.));
#3203 = DIRECTION('',(0.,0.,1.));
#3204 = ADVANCED_FACE('',(#3205),#3222,.T.);
#3205 = FACE_BOUND('',#3206,.T.);
#3206 = EDGE_LOOP('',(#3207,#3213,#3214,#3220,#3221));
#3207 = ORIENTED_EDGE('',*,*,#3208,.F.);
#3208 = EDGE_CURVE('',#3130,#3186,#3209,.T.);
#3209 = LINE('',#3210,#3211);
#3210 = CARTESIAN_POINT('',(-2.17,-3.,6.02));
#3211 = VECTOR('',#3212,1.);
#3212 = DIRECTION('',(0.,1.,0.));
#3213 = ORIENTED_EDGE('',*,*,#3137,.T.);
#3214 = ORIENTED_EDGE('',*,*,#3215,.T.);
#3215 = EDGE_CURVE('',#3138,#2569,#3216,.T.);
#3216 = LINE('',#3217,#3218);
#3217 = CARTESIAN_POINT('',(-1.75,-3.,6.02));
#3218 = VECTOR('',#3219,1.);
#3219 = DIRECTION('',(0.,1.,0.));
#3220 = ORIENTED_EDGE('',*,*,#2576,.T.);
#3221 = ORIENTED_EDGE('',*,*,#3193,.F.);
#3222 = PLANE('',#3223);
#3223 = AXIS2_PLACEMENT_3D('',#3224,#3225,#3226);
#3224 = CARTESIAN_POINT('',(-2.17,-3.,6.02));
#3225 = DIRECTION('',(0.,0.,1.));
#3226 = DIRECTION('',(1.,0.,0.));
#3227 = ADVANCED_FACE('',(#3228,#3239,#3250,#3261,#3272),#3283,.F.);
#3228 = FACE_BOUND('',#3229,.F.);
#3229 = EDGE_LOOP('',(#3230,#3236,#3237,#3238));
#3230 = ORIENTED_EDGE('',*,*,#3231,.T.);
#3231 = EDGE_CURVE('',#2553,#2633,#3232,.T.);
#3232 = LINE('',#3233,#3234);
#3233 = CARTESIAN_POINT('',(-1.75,2.3,8.6));
#3234 = VECTOR('',#3235,1.);
#3235 = DIRECTION('',(1.,0.,0.));
#3236 = ORIENTED_EDGE('',*,*,#2640,.T.);
#3237 = ORIENTED_EDGE('',*,*,#3097,.F.);
#3238 = ORIENTED_EDGE('',*,*,#2560,.F.);
#3239 = FACE_BOUND('',#3240,.F.);
#3240 = EDGE_LOOP('',(#3241));
#3241 = ORIENTED_EDGE('',*,*,#3242,.F.);
#3242 = EDGE_CURVE('',#3243,#3243,#3245,.T.);
#3243 = VERTEX_POINT('',#3244);
#3244 = CARTESIAN_POINT('',(11.87,-0.1,8.6));
#3245 = CIRCLE('',#3246,1.37);
#3246 = AXIS2_PLACEMENT_3D('',#3247,#3248,#3249);
#3247 = CARTESIAN_POINT('',(10.5,-0.1,8.6));
#3248 = DIRECTION('',(0.,0.,-1.));
#3249 = DIRECTION('',(1.,0.,0.));
#3250 = FACE_BOUND('',#3251,.F.);
#3251 = EDGE_LOOP('',(#3252));
#3252 = ORIENTED_EDGE('',*,*,#3253,.F.);
#3253 = EDGE_CURVE('',#3254,#3254,#3256,.T.);
#3254 = VERTEX_POINT('',#3255);
#3255 = CARTESIAN_POINT('',(8.37,-0.1,8.6));
#3256 = CIRCLE('',#3257,1.37);
#3257 = AXIS2_PLACEMENT_3D('',#3258,#3259,#3260);
#3258 = CARTESIAN_POINT('',(7.,-0.1,8.6));
#3259 = DIRECTION('',(0.,0.,-1.));
#3260 = DIRECTION('',(1.,0.,0.));
#3261 = FACE_BOUND('',#3262,.F.);
#3262 = EDGE_LOOP('',(#3263));
#3263 = ORIENTED_EDGE('',*,*,#3264,.F.);
#3264 = EDGE_CURVE('',#3265,#3265,#3267,.T.);
#3265 = VERTEX_POINT('',#3266);
#3266 = CARTESIAN_POINT('',(4.87,-0.1,8.6));
#3267 = CIRCLE('',#3268,1.37);
#3268 = AXIS2_PLACEMENT_3D('',#3269,#3270,#3271);
#3269 = CARTESIAN_POINT('',(3.5,-0.1,8.6));
#3270 = DIRECTION('',(0.,0.,-1.));
#3271 = DIRECTION('',(1.,0.,0.));
#3272 = FACE_BOUND('',#3273,.F.);
#3273 = EDGE_LOOP('',(#3274));
#3274 = ORIENTED_EDGE('',*,*,#3275,.F.);
#3275 = EDGE_CURVE('',#3276,#3276,#3278,.T.);
#3276 = VERTEX_POINT('',#3277);
#3277 = CARTESIAN_POINT('',(1.37,-0.1,8.6));
#3278 = CIRCLE('',#3279,1.37);
#3279 = AXIS2_PLACEMENT_3D('',#3280,#3281,#3282);
#3280 = CARTESIAN_POINT('',(0.,-0.1,8.6));
#3281 = DIRECTION('',(0.,0.,-1.));
#3282 = DIRECTION('',(1.,0.,0.));
#3283 = PLANE('',#3284);
#3284 = AXIS2_PLACEMENT_3D('',#3285,#3286,#3287);
#3285 = CARTESIAN_POINT('',(-1.75,2.3,8.6));
#3286 = DIRECTION('',(0.,0.,-1.));
#3287 = DIRECTION('',(0.,-1.,0.));
#3288 = ADVANCED_FACE('',(#3289),#3301,.F.);
#3289 = FACE_BOUND('',#3290,.F.);
#3290 = EDGE_LOOP('',(#3291,#3292,#3293,#3294,#3295));
#3291 = ORIENTED_EDGE('',*,*,#3074,.T.);
#3292 = ORIENTED_EDGE('',*,*,#2632,.T.);
#3293 = ORIENTED_EDGE('',*,*,#3231,.F.);
#3294 = ORIENTED_EDGE('',*,*,#2552,.F.);
#3295 = ORIENTED_EDGE('',*,*,#3296,.F.);
#3296 = EDGE_CURVE('',#3075,#2545,#3297,.T.);
#3297 = LINE('',#3298,#3299);
#3298 = CARTESIAN_POINT('',(-1.75,3.15,5.504));
#3299 = VECTOR('',#3300,1.);
#3300 = DIRECTION('',(0.,-0.264751057548,0.964316793138));
#3301 = PLANE('',#3302);
#3302 = AXIS2_PLACEMENT_3D('',#3303,#3304,#3305);
#3303 = CARTESIAN_POINT('',(-1.75,3.15,5.504));
#3304 = DIRECTION('',(0.,-0.964316793138,-0.264751057548));
#3305 = DIRECTION('',(0.,-0.264751057548,0.964316793138));
#3306 = ADVANCED_FACE('',(#3307),#3340,.F.);
#3307 = FACE_BOUND('',#3308,.F.);
#3308 = EDGE_LOOP('',(#3309,#3317,#3325,#3333,#3339));
#3309 = ORIENTED_EDGE('',*,*,#3310,.F.);
#3310 = EDGE_CURVE('',#3311,#2537,#3313,.T.);
#3311 = VERTEX_POINT('',#3312);
#3312 = CARTESIAN_POINT('',(-2.17,3.1,3.44));
#3313 = LINE('',#3314,#3315);
#3314 = CARTESIAN_POINT('',(-2.17,3.1,3.44));
#3315 = VECTOR('',#3316,1.);
#3316 = DIRECTION('',(1.,0.,0.));
#3317 = ORIENTED_EDGE('',*,*,#3318,.T.);
#3318 = EDGE_CURVE('',#3311,#3319,#3321,.T.);
#3319 = VERTEX_POINT('',#3320);
#3320 = CARTESIAN_POINT('',(-2.17,3.1,6.02));
#3321 = LINE('',#3322,#3323);
#3322 = CARTESIAN_POINT('',(-2.17,3.1,3.44));
#3323 = VECTOR('',#3324,1.);
#3324 = DIRECTION('',(0.,0.,1.));
#3325 = ORIENTED_EDGE('',*,*,#3326,.T.);
#3326 = EDGE_CURVE('',#3319,#3327,#3329,.T.);
#3327 = VERTEX_POINT('',#3328);
#3328 = CARTESIAN_POINT('',(-1.75,3.1,6.02));
#3329 = LINE('',#3330,#3331);
#3330 = CARTESIAN_POINT('',(-2.17,3.1,6.02));
#3331 = VECTOR('',#3332,1.);
#3332 = DIRECTION('',(1.,0.,0.));
#3333 = ORIENTED_EDGE('',*,*,#3334,.F.);
#3334 = EDGE_CURVE('',#2545,#3327,#3335,.T.);
#3335 = LINE('',#3336,#3337);
#3336 = CARTESIAN_POINT('',(-1.75,3.1,3.44));
#3337 = VECTOR('',#3338,1.);
#3338 = DIRECTION('',(0.,0.,1.));
#3339 = ORIENTED_EDGE('',*,*,#2544,.F.);
#3340 = PLANE('',#3341);
#3341 = AXIS2_PLACEMENT_3D('',#3342,#3343,#3344);
#3342 = CARTESIAN_POINT('',(-2.17,3.1,3.44));
#3343 = DIRECTION('',(0.,1.,0.));
#3344 = DIRECTION('',(0.,0.,1.));
#3345 = ADVANCED_FACE('',(#3346),#3364,.F.);
#3346 = FACE_BOUND('',#3347,.F.);
#3347 = EDGE_LOOP('',(#3348,#3356,#3357,#3358));
#3348 = ORIENTED_EDGE('',*,*,#3349,.F.);
#3349 = EDGE_CURVE('',#3311,#3350,#3352,.T.);
#3350 = VERTEX_POINT('',#3351);
#3351 = CARTESIAN_POINT('',(-2.17,3.6,3.44));
#3352 = LINE('',#3353,#3354);
#3353 = CARTESIAN_POINT('',(-2.17,3.1,3.44));
#3354 = VECTOR('',#3355,1.);
#3355 = DIRECTION('',(0.,1.,0.));
#3356 = ORIENTED_EDGE('',*,*,#3310,.T.);
#3357 = ORIENTED_EDGE('',*,*,#2536,.T.);
#3358 = ORIENTED_EDGE('',*,*,#3359,.F.);
#3359 = EDGE_CURVE('',#3350,#2529,#3360,.T.);
#3360 = LINE('',#3361,#3362);
#3361 = CARTESIAN_POINT('',(-2.17,3.6,3.44));
#3362 = VECTOR('',#3363,1.);
#3363 = DIRECTION('',(1.,0.,0.));
#3364 = PLANE('',#3365);
#3365 = AXIS2_PLACEMENT_3D('',#3366,#3367,#3368);
#3366 = CARTESIAN_POINT('',(-2.17,3.1,3.44));
#3367 = DIRECTION('',(0.,0.,1.));
#3368 = DIRECTION('',(1.,0.,0.));
#3369 = ADVANCED_FACE('',(#3370),#3396,.T.);
#3370 = FACE_BOUND('',#3371,.T.);
#3371 = EDGE_LOOP('',(#3372,#3373,#3381,#3389,#3395));
#3372 = ORIENTED_EDGE('',*,*,#3359,.F.);
#3373 = ORIENTED_EDGE('',*,*,#3374,.T.);
#3374 = EDGE_CURVE('',#3350,#3375,#3377,.T.);
#3375 = VERTEX_POINT('',#3376);
#3376 = CARTESIAN_POINT('',(-2.17,3.6,6.02));
#3377 = LINE('',#3378,#3379);
#3378 = CARTESIAN_POINT('',(-2.17,3.6,3.44));
#3379 = VECTOR('',#3380,1.);
#3380 = DIRECTION('',(0.,0.,1.));
#3381 = ORIENTED_EDGE('',*,*,#3382,.T.);
#3382 = EDGE_CURVE('',#3375,#3383,#3385,.T.);
#3383 = VERTEX_POINT('',#3384);
#3384 = CARTESIAN_POINT('',(-1.75,3.6,6.02));
#3385 = LINE('',#3386,#3387);
#3386 = CARTESIAN_POINT('',(-2.17,3.6,6.02));
#3387 = VECTOR('',#3388,1.);
#3388 = DIRECTION('',(1.,0.,0.));
#3389 = ORIENTED_EDGE('',*,*,#3390,.F.);
#3390 = EDGE_CURVE('',#2521,#3383,#3391,.T.);
#3391 = LINE('',#3392,#3393);
#3392 = CARTESIAN_POINT('',(-1.75,3.6,3.44));
#3393 = VECTOR('',#3394,1.);
#3394 = DIRECTION('',(0.,0.,1.));
#3395 = ORIENTED_EDGE('',*,*,#2528,.F.);
#3396 = PLANE('',#3397);
#3397 = AXIS2_PLACEMENT_3D('',#3398,#3399,#3400);
#3398 = CARTESIAN_POINT('',(-2.17,3.6,3.44));
#3399 = DIRECTION('',(0.,1.,0.));
#3400 = DIRECTION('',(0.,0.,1.));
#3401 = ADVANCED_FACE('',(#3402),#3408,.F.);
#3402 = FACE_BOUND('',#3403,.F.);
#3403 = EDGE_LOOP('',(#3404,#3405,#3406,#3407));
#3404 = ORIENTED_EDGE('',*,*,#2753,.F.);
#3405 = ORIENTED_EDGE('',*,*,#2770,.T.);
#3406 = ORIENTED_EDGE('',*,*,#2705,.T.);
#3407 = ORIENTED_EDGE('',*,*,#2729,.F.);
#3408 = PLANE('',#3409);
#3409 = AXIS2_PLACEMENT_3D('',#3410,#3411,#3412);
#3410 = CARTESIAN_POINT('',(9.415,-1.6,1.29));
#3411 = DIRECTION('',(0.,1.,0.));
#3412 = DIRECTION('',(0.,0.,1.));
#3413 = ADVANCED_FACE('',(#3414),#3420,.F.);
#3414 = FACE_BOUND('',#3415,.F.);
#3415 = EDGE_LOOP('',(#3416,#3417,#3418,#3419));
#3416 = ORIENTED_EDGE('',*,*,#2866,.F.);
#3417 = ORIENTED_EDGE('',*,*,#2825,.T.);
#3418 = ORIENTED_EDGE('',*,*,#2801,.T.);
#3419 = ORIENTED_EDGE('',*,*,#2849,.F.);
#3420 = PLANE('',#3421);
#3421 = AXIS2_PLACEMENT_3D('',#3422,#3423,#3424);
#3422 = CARTESIAN_POINT('',(5.915,-1.6,1.29));
#3423 = DIRECTION('',(0.,1.,0.));
#3424 = DIRECTION('',(0.,0.,1.));
#3425 = ADVANCED_FACE('',(#3426),#3432,.F.);
#3426 = FACE_BOUND('',#3427,.F.);
#3427 = EDGE_LOOP('',(#3428,#3429,#3430,#3431));
#3428 = ORIENTED_EDGE('',*,*,#2962,.F.);
#3429 = ORIENTED_EDGE('',*,*,#2921,.T.);
#3430 = ORIENTED_EDGE('',*,*,#2897,.T.);
#3431 = ORIENTED_EDGE('',*,*,#2945,.F.);
#3432 = PLANE('',#3433);
#3433 = AXIS2_PLACEMENT_3D('',#3434,#3435,#3436);
#3434 = CARTESIAN_POINT('',(2.415,-1.6,1.29));
#3435 = DIRECTION('',(0.,1.,0.));
#3436 = DIRECTION('',(0.,0.,1.));
#3437 = ADVANCED_FACE('',(#3438),#3444,.F.);
#3438 = FACE_BOUND('',#3439,.F.);
#3439 = EDGE_LOOP('',(#3440,#3441,#3442,#3443));
#3440 = ORIENTED_EDGE('',*,*,#3058,.F.);
#3441 = ORIENTED_EDGE('',*,*,#3017,.T.);
#3442 = ORIENTED_EDGE('',*,*,#2993,.T.);
#3443 = ORIENTED_EDGE('',*,*,#3041,.F.);
#3444 = PLANE('',#3445);
#3445 = AXIS2_PLACEMENT_3D('',#3446,#3447,#3448);
#3446 = CARTESIAN_POINT('',(-1.085,-1.6,1.29));
#3447 = DIRECTION('',(0.,1.,0.));
#3448 = DIRECTION('',(0.,0.,1.));
#3449 = ADVANCED_FACE('',(#3450),#3462,.T.);
#3450 = FACE_BOUND('',#3451,.T.);
#3451 = EDGE_LOOP('',(#3452,#3453,#3454,#3455,#3456));
#3452 = ORIENTED_EDGE('',*,*,#3334,.F.);
#3453 = ORIENTED_EDGE('',*,*,#3296,.F.);
#3454 = ORIENTED_EDGE('',*,*,#3082,.F.);
#3455 = ORIENTED_EDGE('',*,*,#3390,.T.);
#3456 = ORIENTED_EDGE('',*,*,#3457,.F.);
#3457 = EDGE_CURVE('',#3327,#3383,#3458,.T.);
#3458 = LINE('',#3459,#3460);
#3459 = CARTESIAN_POINT('',(-1.75,3.1,6.02));
#3460 = VECTOR('',#3461,1.);
#3461 = DIRECTION('',(0.,1.,0.));
#3462 = PLANE('',#3463);
#3463 = AXIS2_PLACEMENT_3D('',#3464,#3465,#3466);
#3464 = CARTESIAN_POINT('',(-1.75,3.1,3.44));
#3465 = DIRECTION('',(1.,0.,0.));
#3466 = DIRECTION('',(0.,0.,1.));
#3467 = ADVANCED_FACE('',(#3468),#3473,.T.);
#3468 = FACE_BOUND('',#3469,.T.);
#3469 = EDGE_LOOP('',(#3470,#3471,#3472));
#3470 = ORIENTED_EDGE('',*,*,#3145,.F.);
#3471 = ORIENTED_EDGE('',*,*,#3106,.F.);
#3472 = ORIENTED_EDGE('',*,*,#3215,.F.);
#3473 = PLANE('',#3474);
#3474 = AXIS2_PLACEMENT_3D('',#3475,#3476,#3477);
#3475 = CARTESIAN_POINT('',(-1.75,-3.,3.44));
#3476 = DIRECTION('',(1.,0.,0.));
#3477 = DIRECTION('',(0.,0.,1.));
#3478 = ADVANCED_FACE('',(#3479),#3485,.F.);
#3479 = FACE_BOUND('',#3480,.F.);
#3480 = EDGE_LOOP('',(#3481,#3482,#3483,#3484));
#3481 = ORIENTED_EDGE('',*,*,#3129,.F.);
#3482 = ORIENTED_EDGE('',*,*,#3160,.T.);
#3483 = ORIENTED_EDGE('',*,*,#3185,.T.);
#3484 = ORIENTED_EDGE('',*,*,#3208,.F.);
#3485 = PLANE('',#3486);
#3486 = AXIS2_PLACEMENT_3D('',#3487,#3488,#3489);
#3487 = CARTESIAN_POINT('',(-2.17,-3.,3.44));
#3488 = DIRECTION('',(1.,0.,0.));
#3489 = DIRECTION('',(0.,0.,1.));
#3490 = ADVANCED_FACE('',(#3491),#3510,.F.);
#3491 = FACE_BOUND('',#3492,.T.);
#3492 = EDGE_LOOP('',(#3493,#3502,#3508,#3509));
#3493 = ORIENTED_EDGE('',*,*,#3494,.F.);
#3494 = EDGE_CURVE('',#3495,#3495,#3497,.T.);
#3495 = VERTEX_POINT('',#3496);
#3496 = CARTESIAN_POINT('',(11.87,-0.1,7.45));
#3497 = CIRCLE('',#3498,1.37);
#3498 = AXIS2_PLACEMENT_3D('',#3499,#3500,#3501);
#3499 = CARTESIAN_POINT('',(10.5,-0.1,7.45));
#3500 = DIRECTION('',(0.,0.,1.));
#3501 = DIRECTION('',(1.,0.,0.));
#3502 = ORIENTED_EDGE('',*,*,#3503,.T.);
#3503 = EDGE_CURVE('',#3495,#3243,#3504,.T.);
#3504 = LINE('',#3505,#3506);
#3505 = CARTESIAN_POINT('',(11.87,-0.1,7.45));
#3506 = VECTOR('',#3507,1.);
#3507 = DIRECTION('',(0.,0.,1.));
#3508 = ORIENTED_EDGE('',*,*,#3242,.F.);
#3509 = ORIENTED_EDGE('',*,*,#3503,.F.);
#3510 = CYLINDRICAL_SURFACE('',#3511,1.37);
#3511 = AXIS2_PLACEMENT_3D('',#3512,#3513,#3514);
#3512 = CARTESIAN_POINT('',(10.5,-0.1,7.45));
#3513 = DIRECTION('',(-0.,-0.,-1.));
#3514 = DIRECTION('',(1.,0.,0.));
#3515 = ADVANCED_FACE('',(#3516),#3535,.F.);
#3516 = FACE_BOUND('',#3517,.T.);
#3517 = EDGE_LOOP('',(#3518,#3527,#3533,#3534));
#3518 = ORIENTED_EDGE('',*,*,#3519,.F.);
#3519 = EDGE_CURVE('',#3520,#3520,#3522,.T.);
#3520 = VERTEX_POINT('',#3521);
#3521 = CARTESIAN_POINT('',(8.37,-0.1,7.45));
#3522 = CIRCLE('',#3523,1.37);
#3523 = AXIS2_PLACEMENT_3D('',#3524,#3525,#3526);
#3524 = CARTESIAN_POINT('',(7.,-0.1,7.45));
#3525 = DIRECTION('',(0.,0.,1.));
#3526 = DIRECTION('',(1.,0.,0.));
#3527 = ORIENTED_EDGE('',*,*,#3528,.T.);
#3528 = EDGE_CURVE('',#3520,#3254,#3529,.T.);
#3529 = LINE('',#3530,#3531);
#3530 = CARTESIAN_POINT('',(8.37,-0.1,7.45));
#3531 = VECTOR('',#3532,1.);
#3532 = DIRECTION('',(0.,0.,1.));
#3533 = ORIENTED_EDGE('',*,*,#3253,.F.);
#3534 = ORIENTED_EDGE('',*,*,#3528,.F.);
#3535 = CYLINDRICAL_SURFACE('',#3536,1.37);
#3536 = AXIS2_PLACEMENT_3D('',#3537,#3538,#3539);
#3537 = CARTESIAN_POINT('',(7.,-0.1,7.45));
#3538 = DIRECTION('',(-0.,-0.,-1.));
#3539 = DIRECTION('',(1.,0.,0.));
#3540 = ADVANCED_FACE('',(#3541),#3560,.F.);
#3541 = FACE_BOUND('',#3542,.T.);
#3542 = EDGE_LOOP('',(#3543,#3552,#3558,#3559));
#3543 = ORIENTED_EDGE('',*,*,#3544,.F.);
#3544 = EDGE_CURVE('',#3545,#3545,#3547,.T.);
#3545 = VERTEX_POINT('',#3546);
#3546 = CARTESIAN_POINT('',(4.87,-0.1,7.45));
#3547 = CIRCLE('',#3548,1.37);
#3548 = AXIS2_PLACEMENT_3D('',#3549,#3550,#3551);
#3549 = CARTESIAN_POINT('',(3.5,-0.1,7.45));
#3550 = DIRECTION('',(0.,0.,1.));
#3551 = DIRECTION('',(1.,0.,0.));
#3552 = ORIENTED_EDGE('',*,*,#3553,.T.);
#3553 = EDGE_CURVE('',#3545,#3265,#3554,.T.);
#3554 = LINE('',#3555,#3556);
#3555 = CARTESIAN_POINT('',(4.87,-0.1,7.45));
#3556 = VECTOR('',#3557,1.);
#3557 = DIRECTION('',(0.,0.,1.));
#3558 = ORIENTED_EDGE('',*,*,#3264,.F.);
#3559 = ORIENTED_EDGE('',*,*,#3553,.F.);
#3560 = CYLINDRICAL_SURFACE('',#3561,1.37);
#3561 = AXIS2_PLACEMENT_3D('',#3562,#3563,#3564);
#3562 = CARTESIAN_POINT('',(3.5,-0.1,7.45));
#3563 = DIRECTION('',(-0.,-0.,-1.));
#3564 = DIRECTION('',(1.,0.,0.));
#3565 = ADVANCED_FACE('',(#3566),#3585,.F.);
#3566 = FACE_BOUND('',#3567,.T.);
#3567 = EDGE_LOOP('',(#3568,#3577,#3583,#3584));
#3568 = ORIENTED_EDGE('',*,*,#3569,.F.);
#3569 = EDGE_CURVE('',#3570,#3570,#3572,.T.);
#3570 = VERTEX_POINT('',#3571);
#3571 = CARTESIAN_POINT('',(1.37,-0.1,7.45));
#3572 = CIRCLE('',#3573,1.37);
#3573 = AXIS2_PLACEMENT_3D('',#3574,#3575,#3576);
#3574 = CARTESIAN_POINT('',(0.,-0.1,7.45));
#3575 = DIRECTION('',(0.,0.,1.));
#3576 = DIRECTION('',(1.,0.,0.));
#3577 = ORIENTED_EDGE('',*,*,#3578,.T.);
#3578 = EDGE_CURVE('',#3570,#3276,#3579,.T.);
#3579 = LINE('',#3580,#3581);
#3580 = CARTESIAN_POINT('',(1.37,-0.1,7.45));
#3581 = VECTOR('',#3582,1.);
#3582 = DIRECTION('',(0.,0.,1.));
#3583 = ORIENTED_EDGE('',*,*,#3275,.F.);
#3584 = ORIENTED_EDGE('',*,*,#3578,.F.);
#3585 = CYLINDRICAL_SURFACE('',#3586,1.37);
#3586 = AXIS2_PLACEMENT_3D('',#3587,#3588,#3589);
#3587 = CARTESIAN_POINT('',(0.,-0.1,7.45));
#3588 = DIRECTION('',(-0.,-0.,-1.));
#3589 = DIRECTION('',(1.,0.,0.));
#3590 = ADVANCED_FACE('',(#3591),#3602,.T.);
#3591 = FACE_BOUND('',#3592,.T.);
#3592 = EDGE_LOOP('',(#3593,#3599,#3600,#3601));
#3593 = ORIENTED_EDGE('',*,*,#3594,.F.);
#3594 = EDGE_CURVE('',#3319,#3375,#3595,.T.);
#3595 = LINE('',#3596,#3597);
#3596 = CARTESIAN_POINT('',(-2.17,3.1,6.02));
#3597 = VECTOR('',#3598,1.);
#3598 = DIRECTION('',(0.,1.,0.));
#3599 = ORIENTED_EDGE('',*,*,#3326,.T.);
#3600 = ORIENTED_EDGE('',*,*,#3457,.T.);
#3601 = ORIENTED_EDGE('',*,*,#3382,.F.);
#3602 = PLANE('',#3603);
#3603 = AXIS2_PLACEMENT_3D('',#3604,#3605,#3606);
#3604 = CARTESIAN_POINT('',(-2.17,3.1,6.02));
#3605 = DIRECTION('',(0.,0.,1.));
#3606 = DIRECTION('',(1.,0.,0.));
#3607 = ADVANCED_FACE('',(#3608),#3614,.F.);
#3608 = FACE_BOUND('',#3609,.F.);
#3609 = EDGE_LOOP('',(#3610,#3611,#3612,#3613));
#3610 = ORIENTED_EDGE('',*,*,#3318,.F.);
#3611 = ORIENTED_EDGE('',*,*,#3349,.T.);
#3612 = ORIENTED_EDGE('',*,*,#3374,.T.);
#3613 = ORIENTED_EDGE('',*,*,#3594,.F.);
#3614 = PLANE('',#3615);
#3615 = AXIS2_PLACEMENT_3D('',#3616,#3617,#3618);
#3616 = CARTESIAN_POINT('',(-2.17,3.1,3.44));
#3617 = DIRECTION('',(1.,0.,0.));
#3618 = DIRECTION('',(0.,0.,1.));
#3619 = ADVANCED_FACE('',(#3620),#3623,.T.);
#3620 = FACE_BOUND('',#3621,.T.);
#3621 = EDGE_LOOP('',(#3622));
#3622 = ORIENTED_EDGE('',*,*,#3494,.T.);
#3623 = PLANE('',#3624);
#3624 = AXIS2_PLACEMENT_3D('',#3625,#3626,#3627);
#3625 = CARTESIAN_POINT('',(10.5,-0.1,7.45));
#3626 = DIRECTION('',(0.,0.,1.));
#3627 = DIRECTION('',(1.,0.,-0.));
#3628 = ADVANCED_FACE('',(#3629),#3632,.T.);
#3629 = FACE_BOUND('',#3630,.T.);
#3630 = EDGE_LOOP('',(#3631));
#3631 = ORIENTED_EDGE('',*,*,#3519,.T.);
#3632 = PLANE('',#3633);
#3633 = AXIS2_PLACEMENT_3D('',#3634,#3635,#3636);
#3634 = CARTESIAN_POINT('',(7.,-0.1,7.45));
#3635 = DIRECTION('',(0.,0.,1.));
#3636 = DIRECTION('',(1.,0.,-0.));
#3637 = ADVANCED_FACE('',(#3638),#3641,.T.);
#3638 = FACE_BOUND('',#3639,.T.);
#3639 = EDGE_LOOP('',(#3640));
#3640 = ORIENTED_EDGE('',*,*,#3544,.T.);
#3641 = PLANE('',#3642);
#3642 = AXIS2_PLACEMENT_3D('',#3643,#3644,#3645);
#3643 = CARTESIAN_POINT('',(3.5,-0.1,7.45));
#3644 = DIRECTION('',(0.,0.,1.));
#3645 = DIRECTION('',(1.,0.,-0.));
#3646 = ADVANCED_FACE('',(#3647),#3650,.T.);
#3647 = FACE_BOUND('',#3648,.T.);
#3648 = EDGE_LOOP('',(#3649));
#3649 = ORIENTED_EDGE('',*,*,#3569,.T.);
#3650 = PLANE('',#3651);
#3651 = AXIS2_PLACEMENT_3D('',#3652,#3653,#3654);
#3652 = CARTESIAN_POINT('',(-3.119160886267E-17,-0.1,7.45));
#3653 = DIRECTION('',(0.,0.,1.));
#3654 = DIRECTION('',(1.,0.,-0.));
#3655 = ( GEOMETRIC_REPRESENTATION_CONTEXT(3)
GLOBAL_UNCERTAINTY_ASSIGNED_CONTEXT((#3659))
GLOBAL_UNIT_ASSIGNED_CONTEXT((#3656,#3657,#3658)) REPRESENTATION_CONTEXT
('Context #1','3D Context with UNIT and UNCERTAINTY') );
#3656 = ( LENGTH_UNIT() NAMED_UNIT(*) SI_UNIT(.MILLI.,.METRE.) );
#3657 = ( NAMED_UNIT(*) PLANE_ANGLE_UNIT() SI_UNIT($,.RADIAN.) );
#3658 = ( NAMED_UNIT(*) SI_UNIT($,.STERADIAN.) SOLID_ANGLE_UNIT() );
#3659 = UNCERTAINTY_MEASURE_WITH_UNIT(LENGTH_MEASURE(1.E-07),#3656,
  'distance_accuracy_value','confusion accuracy');
#3660 = CONTEXT_DEPENDENT_SHAPE_REPRESENTATION(#3661,#3663);
#3661 = ( REPRESENTATION_RELATIONSHIP('','',#2264,#10)
REPRESENTATION_RELATIONSHIP_WITH_TRANSFORMATION(#3662)
SHAPE_REPRESENTATION_RELATIONSHIP() );
#3662 = ITEM_DEFINED_TRANSFORMATION('','',#11,#63);
#3663 = PRODUCT_DEFINITION_SHAPE('Placement','Placement of an item',
  #3664);
#3664 = NEXT_ASSEMBLY_USAGE_OCCURRENCE('25','housing','',#5,#2259,$);
#3665 = PRODUCT_RELATED_PRODUCT_CATEGORY('part',$,(#2261));
#3666 = MECHANICAL_DESIGN_GEOMETRIC_PRESENTATION_REPRESENTATION('',(
    #3667),#1154);
#3667 = STYLED_ITEM('color',(#3668),#1004);
#3668 = PRESENTATION_STYLE_ASSIGNMENT((#3669));
#3669 = SURFACE_STYLE_USAGE(.BOTH.,#3670);
#3670 = SURFACE_SIDE_STYLE('',(#3671));
#3671 = SURFACE_STYLE_FILL_AREA(#3672);
#3672 = FILL_AREA_STYLE('',(#3673));
#3673 = FILL_AREA_STYLE_COLOUR('',#3674);
#3674 = COLOUR_RGB('',0.720000003324,0.729999995167,0.750000000934);
#3675 = MECHANICAL_DESIGN_GEOMETRIC_PRESENTATION_REPRESENTATION('',(
    #3676),#985);
#3676 = STYLED_ITEM('color',(#3677),#835);
#3677 = PRESENTATION_STYLE_ASSIGNMENT((#3678));
#3678 = SURFACE_STYLE_USAGE(.BOTH.,#3679);
#3679 = SURFACE_SIDE_STYLE('',(#3680));
#3680 = SURFACE_STYLE_FILL_AREA(#3681);
#3681 = FILL_AREA_STYLE('',(#3682));
#3682 = FILL_AREA_STYLE_COLOUR('',#3674);
#3683 = MECHANICAL_DESIGN_GEOMETRIC_PRESENTATION_REPRESENTATION('',(
    #3684),#608);
#3684 = STYLED_ITEM('color',(#3685),#458);
#3685 = PRESENTATION_STYLE_ASSIGNMENT((#3686));
#3686 = SURFACE_STYLE_USAGE(.BOTH.,#3687);
#3687 = SURFACE_SIDE_STYLE('',(#3688));
#3688 = SURFACE_STYLE_FILL_AREA(#3689);
#3689 = FILL_AREA_STYLE('',(#3690));
#3690 = FILL_AREA_STYLE_COLOUR('',#3674);
#3691 = MECHANICAL_DESIGN_GEOMETRIC_PRESENTATION_REPRESENTATION('',(
    #3692),#1362);
#3692 = STYLED_ITEM('color',(#3693),#1173);
#3693 = PRESENTATION_STYLE_ASSIGNMENT((#3694));
#3694 = SURFACE_STYLE_USAGE(.BOTH.,#3695);
#3695 = SURFACE_SIDE_STYLE('',(#3696));
#3696 = SURFACE_STYLE_FILL_AREA(#3697);
#3697 = FILL_AREA_STYLE('',(#3698));
#3698 = FILL_AREA_STYLE_COLOUR('',#3674);
#3699 = MECHANICAL_DESIGN_GEOMETRIC_PRESENTATION_REPRESENTATION('',(
    #3700),#270);
#3700 = STYLED_ITEM('color',(#3701),#81);
#3701 = PRESENTATION_STYLE_ASSIGNMENT((#3702));
#3702 = SURFACE_STYLE_USAGE(.BOTH.,#3703);
#3703 = SURFACE_SIDE_STYLE('',(#3704));
#3704 = SURFACE_STYLE_FILL_AREA(#3705);
#3705 = FILL_AREA_STYLE('',(#3706));
#3706 = FILL_AREA_STYLE_COLOUR('',#3674);
#3707 = MECHANICAL_DESIGN_GEOMETRIC_PRESENTATION_REPRESENTATION('',(
    #3708),#2246);
#3708 = STYLED_ITEM('color',(#3709),#2096);
#3709 = PRESENTATION_STYLE_ASSIGNMENT((#3710));
#3710 = SURFACE_STYLE_USAGE(.BOTH.,#3711);
#3711 = SURFACE_SIDE_STYLE('',(#3712));
#3712 = SURFACE_STYLE_FILL_AREA(#3713);
#3713 = FILL_AREA_STYLE('',(#3714));
#3714 = FILL_AREA_STYLE_COLOUR('',#3674);
#3715 = MECHANICAL_DESIGN_GEOMETRIC_PRESENTATION_REPRESENTATION('',(
    #3716),#439);
#3716 = STYLED_ITEM('color',(#3717),#289);
#3717 = PRESENTATION_STYLE_ASSIGNMENT((#3718));
#3718 = SURFACE_STYLE_USAGE(.BOTH.,#3719);
#3719 = SURFACE_SIDE_STYLE('',(#3720));
#3720 = SURFACE_STYLE_FILL_AREA(#3721);
#3721 = FILL_AREA_STYLE('',(#3722));
#3722 = FILL_AREA_STYLE_COLOUR('',#3674);
#3723 = MECHANICAL_DESIGN_GEOMETRIC_PRESENTATION_REPRESENTATION('',(
    #3724),#1908);
#3724 = STYLED_ITEM('color',(#3725),#1719);
#3725 = PRESENTATION_STYLE_ASSIGNMENT((#3726));
#3726 = SURFACE_STYLE_USAGE(.BOTH.,#3727);
#3727 = SURFACE_SIDE_STYLE('',(#3728));
#3728 = SURFACE_STYLE_FILL_AREA(#3729);
#3729 = FILL_AREA_STYLE('',(#3730));
#3730 = FILL_AREA_STYLE_COLOUR('',#3674);
#3731 = MECHANICAL_DESIGN_GEOMETRIC_PRESENTATION_REPRESENTATION('',(
    #3732),#1531);
#3732 = STYLED_ITEM('color',(#3733),#1381);
#3733 = PRESENTATION_STYLE_ASSIGNMENT((#3734));
#3734 = SURFACE_STYLE_USAGE(.BOTH.,#3735);
#3735 = SURFACE_SIDE_STYLE('',(#3736));
#3736 = SURFACE_STYLE_FILL_AREA(#3737);
#3737 = FILL_AREA_STYLE('',(#3738));
#3738 = FILL_AREA_STYLE_COLOUR('',#3674);
#3739 = MECHANICAL_DESIGN_GEOMETRIC_PRESENTATION_REPRESENTATION('',(
    #3740),#816);
#3740 = STYLED_ITEM('color',(#3741),#627);
#3741 = PRESENTATION_STYLE_ASSIGNMENT((#3742));
#3742 = SURFACE_STYLE_USAGE(.BOTH.,#3743);
#3743 = SURFACE_SIDE_STYLE('',(#3744));
#3744 = SURFACE_STYLE_FILL_AREA(#3745);
#3745 = FILL_AREA_STYLE('',(#3746));
#3746 = FILL_AREA_STYLE_COLOUR('',#3674);
#3747 = MECHANICAL_DESIGN_GEOMETRIC_PRESENTATION_REPRESENTATION('',(
    #3748),#1700);
#3748 = STYLED_ITEM('color',(#3749),#1550);
#3749 = PRESENTATION_STYLE_ASSIGNMENT((#3750));
#3750 = SURFACE_STYLE_USAGE(.BOTH.,#3751);
#3751 = SURFACE_SIDE_STYLE('',(#3752));
#3752 = SURFACE_STYLE_FILL_AREA(#3753);
#3753 = FILL_AREA_STYLE('',(#3754));
#3754 = FILL_AREA_STYLE_COLOUR('',#3674);
#3755 = MECHANICAL_DESIGN_GEOMETRIC_PRESENTATION_REPRESENTATION('',(
    #3756),#3655);
#3756 = STYLED_ITEM('color',(#3757),#2265);
#3757 = PRESENTATION_STYLE_ASSIGNMENT((#3758));
#3758 = SURFACE_STYLE_USAGE(.BOTH.,#3759);
#3759 = SURFACE_SIDE_STYLE('',(#3760));
#3760 = SURFACE_STYLE_FILL_AREA(#3761);
#3761 = FILL_AREA_STYLE('',(#3762));
#3762 = FILL_AREA_STYLE_COLOUR('',#3763);
#3763 = COLOUR_RGB('',7.999999887273E-02,0.399999997426,0.199999998682);
#3764 = MECHANICAL_DESIGN_GEOMETRIC_PRESENTATION_REPRESENTATION('',(
    #3765),#2077);
#3765 = STYLED_ITEM('color',(#3766),#1927);
#3766 = PRESENTATION_STYLE_ASSIGNMENT((#3767));
#3767 = SURFACE_STYLE_USAGE(.BOTH.,#3768);
#3768 = SURFACE_SIDE_STYLE('',(#3769));
#3769 = SURFACE_STYLE_FILL_AREA(#3770);
#3770 = FILL_AREA_STYLE('',(#3771));
#3771 = FILL_AREA_STYLE_COLOUR('',#3674);
ENDSEC;
END-ISO-10303-21;
